customer_id,signup_date,channel,country,total_orders,total_revenue,total_gross_margin,first_order_date,last_order_date,avg_order_value,recency_days,tenure_days,clv,rfm_r,rfm_f,rfm_m,rfm_score,rfm_segment
1,2024-02-02,organic,CA,3.0,875.5899999999999,384.62,2024-02-03 09:29:32,2024-11-21 12:33:07,291.8633333333333,40.0,333,875.5899999999999,2.0,2.0,2.0,6.0,Lost
2,2024-10-10,paid_search,DE,9.0,3404.12,1659.34,2024-10-13 15:34:29,2024-12-24 15:50:49,378.23555555555555,7.0,82,3404.12,4.0,5.0,5.0,14.0,Champions
3,2024-08-27,organic,US,9.0,3396.4700000000003,1546.3100000000002,2024-09-08 12:28:28,2024-12-20 16:11:02,377.3855555555556,11.0,126,3396.4700000000003,4.0,5.0,5.0,14.0,Champions
4,2024-06-09,organic,CA,8.0,3521.37,1773.94,2024-06-16 03:47:47,2024-11-16 10:06:35,440.17125,45.0,205,3521.37,2.0,5.0,5.0,12.0,At Risk
5,2024-06-07,social,US,5.0,1224.25,536.85,2024-06-18 01:37:57,2024-11-17 12:49:57,244.85,44.0,207,1224.25,2.0,3.0,3.0,8.0,At Risk
6,2024-11-10,paid_search,CA,2.0,505.59000000000003,232.47,2024-11-10 17:29:47,2024-12-02 09:15:31,252.79500000000002,29.0,51,505.59000000000003,3.0,1.0,2.0,6.0,Others
7,2024-02-01,referral,DE,5.0,1850.85,696.48,2024-02-15 21:35:08,2024-11-08 04:34:19,370.16999999999996,53.0,334,1850.85,2.0,3.0,4.0,9.0,At Risk
8,2024-09-12,organic,US,7.0,2393.13,1141.2199999999998,2024-09-18 07:49:15,2024-12-29 05:19:13,341.8757142857143,2.0,110,2393.13,5.0,4.0,5.0,14.0,Champions
9,2024-03-14,social,US,11.0,3820.7,1846.59,2024-03-17 20:16:16,2024-10-15 08:21:45,347.3363636363636,77.0,292,3820.7,2.0,5.0,5.0,12.0,At Risk
10,2024-02-04,paid_search,CA,2.0,593.24,276.85,2024-08-17 13:55:13,2024-11-26 07:07:21,296.62,35.0,331,593.24,3.0,1.0,2.0,6.0,Others
11,2024-07-11,social,US,1.0,721.0,385.65999999999997,2024-09-18 11:16:27,2024-09-18 11:16:27,721.0,104.0,173,721.0,1.0,1.0,2.0,4.0,Lost
12,2024-12-23,social,AU,2.0,337.19,127.79,2024-12-23 13:48:26,2024-12-27 00:45:11,168.595,4.0,8,337.19,5.0,1.0,1.0,7.0,New Customers
13,2024-09-26,paid_search,CA,7.0,1827.67,973.9599999999999,2024-10-13 19:27:34,2024-12-31 06:53:53,261.0957142857143,0.0,96,1827.67,5.0,4.0,4.0,13.0,Champions
14,2024-10-05,affiliate,FR,1.0,409.15999999999997,179.57999999999998,2024-11-28 09:49:21,2024-11-28 09:49:21,409.15999999999997,33.0,87,409.15999999999997,3.0,1.0,1.0,5.0,Others
15,2024-09-19,paid_search,US,4.0,1307.47,697.2599999999999,2024-10-26 22:36:34,2024-12-07 02:29:59,326.8675,24.0,103,1307.47,3.0,3.0,3.0,9.0,Loyal Customers
16,2024-10-14,organic,FR,5.0,1459.54,710.87,2024-10-30 10:12:05,2024-12-29 21:25:23,291.908,2.0,78,1459.54,5.0,3.0,4.0,12.0,Loyal Customers
17,2024-07-06,social,NL,12.0,3739.58,1717.3,2024-07-10 20:19:10,2024-12-09 02:02:42,311.63166666666666,22.0,178,3739.58,3.0,5.0,5.0,13.0,Loyal Customers
18,2024-02-16,email,US,2.0,770.16,398.2,2024-02-24 06:11:21,2024-08-07 01:46:03,385.08,146.0,319,770.16,1.0,1.0,2.0,4.0,Lost
19,2024-11-03,organic,US,6.0,1661.06,822.91,2024-11-03 22:47:54,2024-12-26 13:54:12,276.8433333333333,5.0,58,1661.06,5.0,4.0,4.0,13.0,Champions
20,2024-06-13,paid_search,US,7.0,1960.9900000000002,925.2600000000001,2024-08-18 21:07:47,2024-12-07 04:50:28,280.1414285714286,24.0,201,1960.9900000000002,3.0,4.0,4.0,11.0,Loyal Customers
21,2024-07-02,referral,US,3.0,668.27,357.34,2024-07-23 05:26:19,2024-12-03 21:35:45,222.75666666666666,28.0,182,668.27,3.0,2.0,2.0,7.0,Potential Loyalists
22,2024-05-15,email,CA,0.0,0.0,0.0,,,0.0,230.0,230,0.0,,,,,No Orders
23,2024-03-07,affiliate,GB,1.0,103.61000000000001,50.56,2024-08-12 16:05:48,2024-08-12 16:05:48,103.61000000000001,141.0,299,103.61000000000001,1.0,1.0,1.0,3.0,Lost
24,2024-12-05,paid_search,DE,10.0,3348.1,1570.57,2024-12-06 07:44:44,2024-12-30 08:55:57,334.81,1.0,26,3348.1,5.0,5.0,5.0,15.0,Champions
25,2024-10-13,social,US,1.0,342.6,167.47000000000003,2024-10-19 18:53:51,2024-10-19 18:53:51,342.6,73.0,79,342.6,2.0,1.0,1.0,4.0,Lost
26,2024-08-23,organic,US,5.0,2479.4399999999996,1091.5,2024-09-23 03:01:54,2024-12-15 18:31:32,495.8879999999999,16.0,130,2479.4399999999996,4.0,3.0,5.0,12.0,Loyal Customers
27,2024-05-27,referral,US,4.0,369.21,177.74,2024-06-21 07:06:25,2024-12-13 13:35:24,92.3025,18.0,218,369.21,3.0,3.0,1.0,7.0,Others
28,2024-10-28,paid_search,AU,7.0,3346.95,1532.14,2024-11-19 17:02:05,2024-12-28 09:19:48,478.13571428571424,3.0,64,3346.95,5.0,4.0,5.0,14.0,Champions
29,2024-07-18,social,DE,2.0,509.01000000000005,203.19,2024-07-24 19:55:39,2024-08-24 05:30:12,254.50500000000002,129.0,166,509.01000000000005,1.0,1.0,2.0,4.0,Lost
30,2024-06-11,paid_search,US,5.0,1265.4,569.75,2024-06-19 17:07:10,2024-12-05 17:28:55,253.08,26.0,203,1265.4,3.0,3.0,3.0,9.0,Loyal Customers
31,2024-06-13,social,CA,2.0,899.6199999999999,483.93000000000006,2024-08-07 13:54:21,2024-09-19 22:16:17,449.80999999999995,103.0,201,899.6199999999999,1.0,1.0,3.0,5.0,Lost
32,2024-03-24,social,US,3.0,1176.14,570.5400000000001,2024-03-31 16:38:47,2024-10-17 09:22:39,392.0466666666667,75.0,282,1176.14,2.0,2.0,3.0,7.0,Lost
33,2024-02-03,paid_search,US,7.0,1376.6100000000001,727.21,2024-03-10 00:53:25,2024-12-09 02:29:42,196.65857142857143,22.0,332,1376.6100000000001,3.0,4.0,3.0,10.0,Loyal Customers
34,2024-07-21,referral,US,9.0,2684.19,1241.78,2024-08-04 08:39:07,2024-12-19 14:26:25,298.24333333333334,12.0,163,2684.19,4.0,5.0,5.0,14.0,Champions
35,2024-11-20,paid_search,SE,14.0,4598.74,2286.21,2024-11-22 16:04:51,2024-12-28 17:38:23,328.4814285714286,3.0,41,4598.74,5.0,5.0,5.0,15.0,Champions
36,2024-01-24,social,FR,2.0,264.19,146.89,2024-08-29 08:39:37,2024-10-14 07:34:29,132.095,78.0,342,264.19,2.0,1.0,1.0,4.0,Lost
37,2024-11-10,paid_search,DE,3.0,506.30000000000007,250.60000000000002,2024-11-17 06:07:36,2024-12-10 18:28:26,168.76666666666668,21.0,51,506.30000000000007,3.0,2.0,2.0,7.0,Potential Loyalists
38,2024-10-29,paid_search,US,8.0,2093.18,930.21,2024-11-15 21:54:35,2024-12-14 16:45:10,261.6475,17.0,63,2093.18,3.0,5.0,4.0,12.0,Loyal Customers
39,2024-04-11,paid_search,US,1.0,759.79,376.40000000000003,2024-07-05 05:53:37,2024-07-05 05:53:37,759.79,179.0,264,759.79,1.0,1.0,2.0,4.0,Lost
40,2024-08-19,organic,DE,8.0,1223.21,567.7,2024-08-24 03:19:57,2024-12-19 12:35:42,152.90125,12.0,134,1223.21,4.0,5.0,3.0,12.0,Loyal Customers
41,2024-03-01,organic,US,0.0,0.0,0.0,,,0.0,305.0,305,0.0,,,,,No Orders
42,2024-10-04,social,NL,2.0,775.98,342.20000000000005,2024-11-25 03:58:29,2024-12-18 12:35:16,387.99,13.0,88,775.98,4.0,1.0,2.0,7.0,New Customers
43,2024-09-13,social,CA,7.0,2605.68,1276.18,2024-10-29 21:39:20,2024-12-27 09:22:38,372.23999999999995,4.0,109,2605.68,5.0,4.0,5.0,14.0,Champions
44,2024-05-09,social,GB,3.0,818.82,421.81999999999994,2024-06-23 05:51:48,2024-07-07 04:44:35,272.94,177.0,236,818.82,1.0,2.0,2.0,5.0,Lost
45,2024-01-25,organic,CA,4.0,1357.5,712.5400000000001,2024-02-05 00:12:26,2024-08-07 22:36:58,339.375,146.0,341,1357.5,1.0,3.0,3.0,7.0,At Risk
46,2024-12-21,organic,SE,2.0,597.89,345.30999999999995,2024-12-22 07:51:45,2024-12-22 23:55:30,298.945,8.0,10,597.89,4.0,1.0,2.0,7.0,New Customers
47,2024-06-12,organic,GB,1.0,432.15,206.19,2024-10-08 20:03:03,2024-10-08 20:03:03,432.15,84.0,202,432.15,1.0,1.0,1.0,3.0,Lost
48,2024-11-22,email,DE,0.0,0.0,0.0,,,0.0,39.0,39,0.0,,,,,No Orders
49,2024-09-05,referral,NL,6.0,1479.73,729.44,2024-09-13 07:26:13,2024-12-04 23:00:16,246.62166666666667,27.0,117,1479.73,3.0,4.0,4.0,11.0,Loyal Customers
50,2024-10-11,organic,US,3.0,914.53,464.44000000000005,2024-12-12 13:57:38,2024-12-23 15:55:19,304.8433333333333,8.0,81,914.53,4.0,2.0,3.0,9.0,New Customers
51,2024-10-05,social,AU,0.0,0.0,0.0,,,0.0,87.0,87,0.0,,,,,No Orders
52,2024-03-12,organic,US,3.0,297.2,148.52,2024-10-02 21:20:49,2024-12-26 02:25:31,99.06666666666666,5.0,294,297.2,5.0,2.0,1.0,8.0,New Customers
53,2024-05-13,organic,DE,0.0,0.0,0.0,,,0.0,232.0,232,0.0,,,,,No Orders
54,2024-06-19,organic,CA,1.0,485.61,160.81000000000006,2024-10-16 17:54:18,2024-10-16 17:54:18,485.61,76.0,195,485.61,2.0,1.0,2.0,5.0,Lost
55,2024-07-01,organic,DE,1.0,310.96,160.18,2024-07-29 02:42:11,2024-07-29 02:42:11,310.96,155.0,183,310.96,1.0,1.0,1.0,3.0,Lost
56,2024-01-17,social,GB,1.0,550.9599999999999,241.73999999999995,2024-02-02 02:54:37,2024-02-02 02:54:37,550.9599999999999,333.0,349,550.9599999999999,1.0,1.0,2.0,4.0,Lost
57,2024-07-19,referral,DE,4.0,1441.9699999999998,753.51,2024-07-19 10:03:08,2024-11-17 10:57:29,360.49249999999995,44.0,165,1441.9699999999998,2.0,3.0,4.0,9.0,At Risk
58,2024-02-26,organic,US,1.0,192.83,81.53999999999999,2024-10-27 17:32:07,2024-10-27 17:32:07,192.83,65.0,309,192.83,2.0,1.0,1.0,4.0,Lost
59,2024-09-29,paid_search,US,10.0,3225.38,1489.9,2024-10-12 05:27:23,2024-12-24 22:39:41,322.538,7.0,93,3225.38,4.0,5.0,5.0,14.0,Champions
60,2024-09-06,social,US,4.0,873.4,411.83000000000004,2024-09-28 20:42:35,2024-10-31 12:17:59,218.35,61.0,116,873.4,2.0,3.0,2.0,7.0,At Risk
61,2024-12-03,affiliate,DE,1.0,197.35000000000002,109.96,2024-12-14 09:55:14,2024-12-14 09:55:14,197.35000000000002,17.0,28,197.35000000000002,3.0,1.0,1.0,5.0,Others
62,2024-09-29,social,GB,6.0,1184.95,515.78,2024-10-01 22:26:23,2024-12-24 05:27:54,197.49166666666667,7.0,93,1184.95,4.0,4.0,3.0,11.0,Loyal Customers
63,2024-05-14,organic,US,2.0,420.28,191.70999999999998,2024-07-21 13:20:42,2024-11-23 07:11:34,210.14,38.0,231,420.28,2.0,1.0,1.0,4.0,Lost
64,2024-12-20,social,AU,4.0,1196.38,564.6700000000001,2024-12-20 00:22:33,2024-12-30 03:07:20,299.095,1.0,11,1196.38,5.0,3.0,3.0,11.0,Loyal Customers
65,2024-05-30,organic,US,4.0,695.22,340.71,2024-07-28 05:46:00,2024-12-25 14:57:19,173.805,6.0,215,695.22,4.0,3.0,2.0,9.0,Potential Loyalists
66,2024-04-29,affiliate,GB,10.0,2543.09,1151.3899999999999,2024-05-02 18:12:10,2024-10-06 18:27:56,254.30900000000003,86.0,246,2543.09,1.0,5.0,5.0,11.0,At Risk
67,2024-11-27,paid_search,US,0.0,0.0,0.0,,,0.0,34.0,34,0.0,,,,,No Orders
68,2024-05-15,social,US,0.0,0.0,0.0,,,0.0,230.0,230,0.0,,,,,No Orders
69,2024-01-28,organic,FR,0.0,0.0,0.0,,,0.0,338.0,338,0.0,,,,,No Orders
70,2024-06-20,paid_search,GB,3.0,665.29,300.17999999999995,2024-09-15 19:50:21,2024-12-21 08:21:19,221.76333333333332,10.0,194,665.29,4.0,2.0,2.0,8.0,New Customers
71,2024-10-18,referral,US,1.0,499.49,200.81999999999996,2024-12-13 04:09:53,2024-12-13 04:09:53,499.49,18.0,74,499.49,3.0,1.0,2.0,6.0,Others
72,2024-03-10,social,SE,5.0,1098.04,536.02,2024-04-12 08:52:50,2024-11-30 13:23:12,219.608,31.0,296,1098.04,3.0,3.0,3.0,9.0,Loyal Customers
73,2024-06-18,paid_search,CA,9.0,2247.57,1041.1599999999999,2024-06-22 07:18:28,2024-12-14 13:29:26,249.73000000000002,17.0,196,2247.57,3.0,5.0,5.0,13.0,Loyal Customers
74,2024-02-17,referral,FR,6.0,2187.21,1137.9099999999999,2024-03-20 22:31:19,2024-09-09 15:44:53,364.535,113.0,318,2187.21,1.0,4.0,4.0,9.0,At Risk
75,2024-09-08,email,AU,1.0,307.44,169.84999999999997,2024-10-27 13:56:09,2024-10-27 13:56:09,307.44,65.0,114,307.44,2.0,1.0,1.0,4.0,Lost
76,2024-06-23,organic,NL,5.0,787.9599999999999,435.4,2024-06-23 02:53:04,2024-10-19 10:15:10,157.59199999999998,73.0,191,787.9599999999999,2.0,3.0,2.0,7.0,At Risk
77,2024-04-30,paid_search,US,2.0,643.19,271.97,2024-07-28 18:09:26,2024-11-29 13:15:22,321.595,32.0,245,643.19,3.0,1.0,2.0,6.0,Others
78,2024-03-24,paid_search,DE,9.0,1513.6200000000001,787.6,2024-05-04 14:46:21,2024-12-18 18:40:46,168.18,13.0,282,1513.6200000000001,4.0,5.0,4.0,13.0,Champions
79,2024-07-25,social,DE,2.0,258.41999999999996,127.71,2024-09-13 22:36:16,2024-12-30 03:07:24,129.20999999999998,1.0,159,258.41999999999996,5.0,1.0,1.0,7.0,New Customers
80,2024-09-02,organic,US,0.0,0.0,0.0,,,0.0,120.0,120,0.0,,,,,No Orders
81,2024-12-10,organic,US,4.0,1198.29,657.68,2024-12-11 19:54:20,2024-12-24 13:00:50,299.5725,7.0,21,1198.29,4.0,3.0,3.0,10.0,Loyal Customers
82,2024-06-08,referral,US,4.0,1625.5300000000002,747.7600000000001,2024-08-10 06:47:41,2024-11-12 05:16:36,406.38250000000005,49.0,206,1625.5300000000002,2.0,3.0,4.0,9.0,At Risk
83,2024-02-28,referral,DE,2.0,874.51,429.18000000000006,2024-03-03 12:30:45,2024-07-28 20:08:22,437.255,156.0,307,874.51,1.0,1.0,2.0,4.0,Lost
84,2024-10-31,email,CA,0.0,0.0,0.0,,,0.0,61.0,61,0.0,,,,,No Orders
85,2024-08-18,affiliate,CA,4.0,634.39,301.28999999999996,2024-09-05 22:00:35,2024-10-13 08:26:44,158.5975,79.0,135,634.39,2.0,3.0,2.0,7.0,At Risk
86,2024-09-13,email,US,3.0,897.6399999999999,473.03999999999996,2024-10-20 05:18:48,2024-11-27 08:50:42,299.2133333333333,34.0,109,897.6399999999999,3.0,2.0,3.0,8.0,Potential Loyalists
87,2024-02-05,email,US,0.0,0.0,0.0,,,0.0,330.0,330,0.0,,,,,No Orders
88,2024-04-24,email,GB,7.0,2564.3,1306.3200000000002,2024-06-24 21:46:43,2024-12-26 13:29:08,366.3285714285715,5.0,251,2564.3,5.0,4.0,5.0,14.0,Champions
89,2024-10-08,paid_search,GB,1.0,77.45,37.150000000000006,2024-10-14 21:11:46,2024-10-14 21:11:46,77.45,78.0,84,77.45,2.0,1.0,1.0,4.0,Lost
90,2024-10-31,paid_search,NL,1.0,23.91,10.68,2024-11-10 19:59:05,2024-11-10 19:59:05,23.91,51.0,61,23.91,2.0,1.0,1.0,4.0,Lost
91,2024-06-08,organic,AU,10.0,3073.4700000000003,1490.68,2024-07-19 17:05:53,2024-12-23 20:46:41,307.34700000000004,8.0,206,3073.4700000000003,4.0,5.0,5.0,14.0,Champions
92,2024-10-21,social,NL,1.0,59.67,36.24,2024-12-04 13:05:42,2024-12-04 13:05:42,59.67,27.0,71,59.67,3.0,1.0,1.0,5.0,Others
93,2024-11-04,organic,AU,4.0,1156.84,519.76,2024-11-05 05:22:16,2024-12-12 12:01:17,289.21,19.0,57,1156.84,3.0,3.0,3.0,9.0,Loyal Customers
94,2024-05-21,organic,SE,11.0,3917.09,1875.42,2024-05-28 13:51:30,2024-12-24 16:53:57,356.09909090909093,7.0,224,3917.09,4.0,5.0,5.0,14.0,Champions
95,2024-11-24,social,GB,12.0,2906.73,1308.39,2024-11-27 17:25:32,2024-12-29 02:05:32,242.2275,2.0,37,2906.73,5.0,5.0,5.0,15.0,Champions
96,2024-04-15,paid_search,US,0.0,0.0,0.0,,,0.0,260.0,260,0.0,,,,,No Orders
97,2024-03-28,organic,US,1.0,336.96000000000004,140.21,2024-04-09 10:06:22,2024-04-09 10:06:22,336.96000000000004,266.0,278,336.96000000000004,1.0,1.0,1.0,3.0,Lost
98,2024-09-06,email,US,2.0,519.84,266.81999999999994,2024-09-28 23:21:41,2024-11-14 07:12:45,259.92,47.0,116,519.84,2.0,1.0,2.0,5.0,Lost
99,2024-08-21,referral,US,9.0,2997.8,1472.89,2024-09-08 04:40:55,2024-12-22 11:28:57,333.0888888888889,9.0,132,2997.8,4.0,5.0,5.0,14.0,Champions
100,2024-02-21,organic,US,2.0,940.37,521.75,2024-08-08 04:04:35,2024-10-09 03:14:01,470.185,83.0,314,940.37,1.0,1.0,3.0,5.0,Lost
101,2024-10-31,organic,NL,5.0,1704.88,742.1800000000002,2024-10-31 10:53:07,2024-12-30 03:12:50,340.976,1.0,61,1704.88,5.0,3.0,4.0,12.0,Loyal Customers
102,2024-03-14,organic,US,2.0,299.23,148.17999999999998,2024-04-30 10:53:36,2024-12-08 12:25:28,149.615,23.0,292,299.23,3.0,1.0,1.0,5.0,Others
103,2024-10-21,email,NL,1.0,657.26,369.12,2024-10-31 02:42:18,2024-10-31 02:42:18,657.26,61.0,71,657.26,2.0,1.0,2.0,5.0,Lost
104,2024-01-03,email,CA,3.0,1261.62,594.95,2024-06-23 22:12:12,2024-07-17 03:13:45,420.53999999999996,167.0,363,1261.62,1.0,2.0,3.0,6.0,Lost
105,2024-10-18,organic,DE,4.0,1668.45,765.77,2024-10-29 08:14:34,2024-12-18 04:16:34,417.1125,13.0,74,1668.45,4.0,3.0,4.0,11.0,Loyal Customers
106,2024-10-15,email,FR,7.0,2394.2,1186.81,2024-10-23 08:24:46,2024-12-18 17:44:47,342.0285714285714,13.0,77,2394.2,4.0,4.0,5.0,13.0,Champions
107,2024-10-12,organic,US,3.0,650.39,254.33999999999997,2024-10-18 04:11:14,2024-12-03 19:09:51,216.79666666666665,28.0,80,650.39,3.0,2.0,2.0,7.0,Potential Loyalists
108,2024-08-31,paid_search,DE,0.0,0.0,0.0,,,0.0,122.0,122,0.0,,,,,No Orders
109,2024-06-21,affiliate,US,5.0,774.47,425.89,2024-07-13 12:13:15,2024-11-05 00:01:22,154.894,56.0,193,774.47,2.0,3.0,2.0,7.0,At Risk
110,2024-09-15,organic,NL,2.0,981.6500000000001,553.04,2024-09-22 05:08:11,2024-12-22 10:38:20,490.82500000000005,9.0,107,981.6500000000001,4.0,1.0,3.0,8.0,New Customers
111,2024-04-11,organic,US,7.0,2485.73,1227.1799999999998,2024-04-16 15:26:29,2024-11-30 22:06:58,355.1042857142857,31.0,264,2485.73,3.0,4.0,5.0,12.0,Loyal Customers
112,2024-10-12,paid_search,US,3.0,345.59,156.98,2024-11-05 23:15:21,2024-12-11 18:21:26,115.19666666666666,20.0,80,345.59,3.0,2.0,1.0,6.0,Others
113,2024-07-22,social,FR,2.0,501.40999999999997,255.79999999999995,2024-08-01 10:28:29,2024-08-16 18:42:00,250.70499999999998,137.0,162,501.40999999999997,1.0,1.0,2.0,4.0,Lost
114,2024-06-16,referral,DE,0.0,0.0,0.0,,,0.0,198.0,198,0.0,,,,,No Orders
115,2024-07-04,affiliate,GB,4.0,1242.24,615.4000000000001,2024-09-02 18:33:22,2024-12-29 10:58:38,310.56,2.0,180,1242.24,5.0,3.0,3.0,11.0,Loyal Customers
116,2024-07-27,organic,DE,3.0,950.39,463.24,2024-08-17 08:58:34,2024-12-08 17:52:39,316.7966666666667,23.0,157,950.39,3.0,2.0,3.0,8.0,Potential Loyalists
117,2024-01-14,organic,US,2.0,308.21,157.89,2024-08-31 11:43:11,2024-11-04 03:56:54,154.105,57.0,352,308.21,2.0,1.0,1.0,4.0,Lost
118,2024-02-21,email,FR,4.0,1411.32,665.3100000000001,2024-02-23 11:45:09,2024-12-11 08:35:43,352.83,20.0,314,1411.32,3.0,3.0,4.0,10.0,Loyal Customers
119,2024-03-30,organic,US,8.0,2495.37,1223.98,2024-06-26 02:19:31,2024-12-31 20:09:55,311.92125,0.0,276,2495.37,5.0,5.0,5.0,15.0,Champions
120,2024-02-11,referral,US,0.0,0.0,0.0,,,0.0,324.0,324,0.0,,,,,No Orders
121,2024-06-09,social,US,5.0,2275.39,1251.36,2024-06-30 09:17:25,2024-12-23 11:04:20,455.078,8.0,205,2275.39,4.0,3.0,5.0,12.0,Loyal Customers
122,2024-09-01,organic,US,3.0,653.36,361.29999999999995,2024-09-25 01:35:53,2024-11-26 07:26:54,217.78666666666666,35.0,121,653.36,3.0,2.0,2.0,7.0,Potential Loyalists
123,2024-08-27,email,US,7.0,2611.59,1107.74,2024-08-31 01:02:18,2024-12-04 10:15:21,373.0842857142857,27.0,126,2611.59,3.0,4.0,5.0,12.0,Loyal Customers
124,2024-06-21,organic,GB,4.0,1109.52,445.68999999999994,2024-07-11 19:19:14,2024-12-17 15:03:44,277.38,14.0,193,1109.52,4.0,3.0,3.0,10.0,Loyal Customers
125,2024-11-08,paid_search,US,6.0,2089.7599999999998,916.9,2024-11-09 23:01:05,2024-12-28 01:33:32,348.2933333333333,3.0,53,2089.7599999999998,5.0,4.0,4.0,13.0,Champions
126,2024-07-25,paid_search,US,4.0,777.74,408.01,2024-08-03 23:42:01,2024-12-25 09:33:14,194.435,6.0,159,777.74,4.0,3.0,2.0,9.0,Potential Loyalists
127,2024-01-29,paid_search,GB,5.0,932.0,513.52,2024-02-16 04:17:27,2024-07-26 16:51:48,186.4,158.0,337,932.0,1.0,3.0,3.0,7.0,At Risk
128,2024-10-06,social,US,3.0,422.15999999999997,217.32,2024-12-18 03:48:48,2024-12-25 22:54:37,140.72,6.0,86,422.15999999999997,4.0,2.0,1.0,7.0,New Customers
129,2024-07-29,social,FR,2.0,298.74,157.2,2024-11-04 04:13:54,2024-12-29 16:23:01,149.37,2.0,155,298.74,5.0,1.0,1.0,7.0,New Customers
130,2024-08-20,affiliate,NL,4.0,1328.16,679.6800000000001,2024-09-07 04:44:46,2024-12-26 08:22:50,332.04,5.0,133,1328.16,5.0,3.0,3.0,11.0,Loyal Customers
131,2024-07-25,affiliate,GB,3.0,331.35,154.65000000000003,2024-08-11 10:34:59,2024-12-13 05:13:05,110.45,18.0,159,331.35,3.0,2.0,1.0,6.0,Others
132,2024-07-21,paid_search,NL,8.0,2185.2599999999998,1149.73,2024-07-25 00:58:55,2024-12-31 22:37:35,273.15749999999997,0.0,163,2185.2599999999998,5.0,5.0,4.0,14.0,Champions
133,2024-02-03,organic,US,3.0,659.95,333.47,2024-02-20 20:06:05,2024-11-27 12:49:53,219.98333333333335,34.0,332,659.95,3.0,2.0,2.0,7.0,Potential Loyalists
134,2024-07-23,social,US,2.0,534.99,274.16,2024-08-26 22:54:48,2024-12-10 14:24:47,267.495,21.0,161,534.99,3.0,1.0,2.0,6.0,Others
135,2024-10-17,affiliate,FR,6.0,1864.8200000000002,870.97,2024-10-31 05:56:10,2024-12-17 00:06:23,310.80333333333334,14.0,75,1864.8200000000002,4.0,4.0,4.0,12.0,Champions
136,2024-04-21,organic,CA,2.0,514.26,265.64,2024-05-05 14:21:06,2024-06-01 08:15:39,257.13,213.0,254,514.26,1.0,1.0,2.0,4.0,Lost
137,2024-08-08,paid_search,AU,6.0,1248.76,607.9699999999999,2024-10-06 10:58:37,2024-12-14 07:12:16,208.12666666666667,17.0,145,1248.76,3.0,4.0,3.0,10.0,Loyal Customers
138,2024-01-12,paid_search,US,1.0,650.3499999999999,263.38,2024-06-03 07:10:26,2024-06-03 07:10:26,650.3499999999999,211.0,354,650.3499999999999,1.0,1.0,2.0,4.0,Lost
139,2024-05-07,organic,CA,10.0,2585.78,1262.64,2024-05-12 14:04:26,2024-11-22 03:57:02,258.57800000000003,39.0,238,2585.78,2.0,5.0,5.0,12.0,At Risk
140,2024-06-08,social,US,2.0,1109.23,556.71,2024-10-10 10:17:34,2024-11-23 05:25:37,554.615,38.0,206,1109.23,2.0,1.0,3.0,6.0,Lost
141,2024-12-25,paid_search,US,1.0,214.98,109.11999999999999,2024-12-27 07:10:54,2024-12-27 07:10:54,214.98,4.0,6,214.98,5.0,1.0,1.0,7.0,New Customers
142,2024-03-19,email,US,3.0,507.1,293.02,2024-06-05 09:16:11,2024-12-12 13:54:14,169.03333333333333,19.0,287,507.1,3.0,2.0,2.0,7.0,Potential Loyalists
143,2024-04-11,email,SE,7.0,2133.43,941.99,2024-05-30 19:16:01,2024-11-16 18:25:09,304.7757142857143,45.0,264,2133.43,2.0,4.0,4.0,10.0,At Risk
144,2024-05-29,email,US,0.0,0.0,0.0,,,0.0,216.0,216,0.0,,,,,No Orders
145,2024-12-29,paid_search,CA,1.0,214.8,105.56000000000002,2024-12-30 04:49:12,2024-12-30 04:49:12,214.8,1.0,2,214.8,5.0,1.0,1.0,7.0,New Customers
146,2024-11-08,organic,DE,1.0,591.86,320.12,2024-11-27 03:06:26,2024-11-27 03:06:26,591.86,34.0,53,591.86,3.0,1.0,2.0,6.0,Others
147,2024-01-13,email,FR,3.0,1209.75,623.53,2024-05-26 12:56:00,2024-09-01 10:28:20,403.25,121.0,353,1209.75,1.0,2.0,3.0,6.0,Lost
148,2024-03-26,email,FR,3.0,587.71,271.73,2024-05-06 17:13:37,2024-10-02 12:26:21,195.90333333333334,90.0,280,587.71,1.0,2.0,2.0,5.0,Lost
149,2024-10-27,paid_search,AU,4.0,1385.71,667.7700000000001,2024-11-09 21:10:23,2024-12-12 03:55:38,346.4275,19.0,65,1385.71,3.0,3.0,3.0,9.0,Loyal Customers
150,2024-01-22,referral,US,3.0,963.0400000000001,407.73,2024-03-04 23:26:07,2024-07-22 05:04:05,321.0133333333334,162.0,344,963.0400000000001,1.0,2.0,3.0,6.0,Lost
151,2024-11-09,organic,US,8.0,2093.93,1053.05,2024-11-15 14:13:36,2024-12-25 17:58:32,261.74125,6.0,52,2093.93,4.0,5.0,4.0,13.0,Champions
152,2024-04-12,referral,DE,7.0,2614.66,1233.52,2024-04-17 20:23:21,2024-11-22 08:57:08,373.5228571428571,39.0,263,2614.66,2.0,4.0,5.0,11.0,At Risk
153,2024-12-01,organic,US,2.0,251.66000000000003,115.94,2024-12-05 21:23:54,2024-12-16 14:09:23,125.83000000000001,15.0,30,251.66000000000003,4.0,1.0,1.0,6.0,New Customers
154,2024-04-17,organic,US,3.0,701.28,357.22999999999996,2024-04-19 02:21:06,2024-10-19 08:21:59,233.76,73.0,258,701.28,2.0,2.0,2.0,6.0,Lost
155,2024-06-07,paid_search,US,1.0,68.61,36.78,2024-06-22 20:48:15,2024-06-22 20:48:15,68.61,192.0,207,68.61,1.0,1.0,1.0,3.0,Lost
156,2024-08-30,organic,US,5.0,1380.8899999999999,626.39,2024-09-08 07:37:29,2024-11-21 14:31:37,276.178,40.0,123,1380.8899999999999,2.0,3.0,3.0,8.0,At Risk
157,2024-02-16,organic,US,5.0,702.33,334.47,2024-04-05 23:56:28,2024-12-29 14:33:14,140.466,2.0,319,702.33,5.0,3.0,2.0,10.0,Potential Loyalists
158,2024-07-22,organic,US,2.0,631.83,260.47,2024-08-19 13:02:38,2024-09-15 09:58:31,315.915,107.0,162,631.83,1.0,1.0,2.0,4.0,Lost
159,2024-07-03,paid_search,NL,3.0,474.67999999999995,268.89,2024-09-12 01:03:28,2024-12-19 04:03:35,158.22666666666666,12.0,181,474.67999999999995,4.0,2.0,2.0,8.0,New Customers
160,2024-10-13,email,US,2.0,1072.69,511.65,2024-10-27 22:40:38,2024-10-29 07:54:42,536.345,63.0,79,1072.69,2.0,1.0,3.0,6.0,Lost
161,2024-12-30,organic,SE,4.0,953.45,466.12,2024-12-30 20:47:25,2024-12-31 07:40:57,238.3625,0.0,1,953.45,5.0,3.0,3.0,11.0,Loyal Customers
162,2024-08-31,social,SE,16.0,5592.54,2756.23,2024-09-03 01:11:58,2024-12-30 19:17:04,349.53375,1.0,122,5592.54,5.0,5.0,5.0,15.0,Champions
163,2024-05-29,email,US,6.0,2711.52,1306.38,2024-06-25 19:37:06,2024-12-22 03:37:46,451.92,9.0,216,2711.52,4.0,4.0,5.0,13.0,Champions
164,2024-05-28,organic,FR,3.0,363.87,179.93,2024-07-15 12:46:31,2024-11-22 02:36:59,121.29,39.0,217,363.87,2.0,2.0,1.0,5.0,Lost
165,2024-06-01,organic,DE,2.0,365.79,158.89,2024-10-11 22:18:57,2024-11-07 03:45:27,182.895,54.0,213,365.79,2.0,1.0,1.0,4.0,Lost
166,2024-10-24,referral,FR,7.0,2911.88,1457.5,2024-11-09 20:56:22,2024-12-23 11:42:03,415.98285714285714,8.0,68,2911.88,4.0,4.0,5.0,13.0,Champions
167,2024-04-27,email,US,7.0,2130.39,1049.11,2024-06-15 11:55:36,2024-12-05 01:49:35,304.34142857142854,26.0,248,2130.39,3.0,4.0,4.0,11.0,Loyal Customers
168,2024-03-02,paid_search,US,0.0,0.0,0.0,,,0.0,304.0,304,0.0,,,,,No Orders
169,2024-05-02,email,US,2.0,599.73,318.18999999999994,2024-05-04 10:38:21,2024-12-26 15:51:37,299.865,5.0,243,599.73,5.0,1.0,2.0,8.0,New Customers
170,2024-01-09,organic,DE,8.0,3175.09,1542.67,2024-01-17 07:35:49,2024-08-27 01:44:31,396.88625,126.0,357,3175.09,1.0,5.0,5.0,11.0,At Risk
171,2024-02-08,paid_search,SE,4.0,1378.65,671.47,2024-03-06 01:01:25,2024-12-08 05:58:06,344.6625,23.0,327,1378.65,3.0,3.0,3.0,9.0,Loyal Customers
172,2024-02-02,social,FR,1.0,54.54,17.28,2024-07-25 14:34:22,2024-07-25 14:34:22,54.54,159.0,333,54.54,1.0,1.0,1.0,3.0,Lost
173,2024-10-09,organic,FR,4.0,1193.3400000000001,563.66,2024-11-20 01:10:08,2024-12-15 16:41:30,298.33500000000004,16.0,83,1193.3400000000001,4.0,3.0,3.0,10.0,Loyal Customers
174,2024-09-21,email,SE,10.0,2873.67,1392.29,2024-09-28 17:39:28,2024-12-20 02:32:15,287.367,11.0,101,2873.67,4.0,5.0,5.0,14.0,Champions
175,2024-09-12,paid_search,FR,1.0,325.28,129.14,2024-09-20 13:34:33,2024-09-20 13:34:33,325.28,102.0,110,325.28,1.0,1.0,1.0,3.0,Lost
176,2024-06-18,email,US,0.0,0.0,0.0,,,0.0,196.0,196,0.0,,,,,No Orders
177,2024-09-19,paid_search,AU,2.0,249.07,102.10000000000001,2024-09-22 11:38:53,2024-10-26 07:16:59,124.535,66.0,103,249.07,2.0,1.0,1.0,4.0,Lost
178,2024-02-29,paid_search,US,3.0,1062.55,537.3399999999999,2024-06-10 11:07:53,2024-11-16 17:00:36,354.18333333333334,45.0,306,1062.55,2.0,2.0,3.0,7.0,Lost
179,2024-11-25,organic,US,2.0,772.78,347.98,2024-12-07 01:11:27,2024-12-20 23:08:31,386.39,11.0,36,772.78,4.0,1.0,2.0,7.0,New Customers
180,2024-07-02,organic,GB,0.0,0.0,0.0,,,0.0,182.0,182,0.0,,,,,No Orders
181,2024-12-09,email,NL,3.0,1031.4299999999998,523.43,2024-12-09 20:49:07,2024-12-31 15:28:11,343.80999999999995,0.0,22,1031.4299999999998,5.0,2.0,3.0,10.0,New Customers
182,2024-02-25,organic,US,6.0,1919.67,946.71,2024-04-18 21:30:37,2024-12-15 22:09:29,319.945,16.0,310,1919.67,4.0,4.0,4.0,12.0,Champions
183,2024-07-01,organic,GB,3.0,1271.29,639.3100000000001,2024-08-17 06:53:11,2024-10-26 09:19:39,423.7633333333333,66.0,183,1271.29,2.0,2.0,3.0,7.0,Lost
184,2024-09-11,organic,US,11.0,3901.52,1874.96,2024-09-19 15:02:29,2024-12-30 12:26:38,354.68363636363637,1.0,111,3901.52,5.0,5.0,5.0,15.0,Champions
185,2024-06-30,organic,US,4.0,1303.6499999999999,611.28,2024-07-18 12:09:42,2024-12-16 20:46:14,325.91249999999997,15.0,184,1303.6499999999999,4.0,3.0,3.0,10.0,Loyal Customers
186,2024-06-12,email,US,3.0,1040.95,510.66,2024-06-25 08:48:40,2024-11-24 07:24:41,346.98333333333335,37.0,202,1040.95,3.0,2.0,3.0,8.0,Potential Loyalists
187,2024-03-01,paid_search,FR,2.0,1040.66,530.01,2024-03-26 02:47:36,2024-07-02 22:03:27,520.33,182.0,305,1040.66,1.0,1.0,3.0,5.0,Lost
188,2024-05-19,affiliate,AU,3.0,1252.46,609.26,2024-06-14 01:40:36,2024-12-30 17:27:01,417.4866666666667,1.0,226,1252.46,5.0,2.0,3.0,10.0,New Customers
189,2024-03-28,organic,US,4.0,597.85,315.52,2024-04-20 12:16:38,2024-06-17 09:23:17,149.4625,197.0,278,597.85,1.0,3.0,2.0,6.0,At Risk
190,2024-04-20,social,US,0.0,0.0,0.0,,,0.0,255.0,255,0.0,,,,,No Orders
191,2024-09-07,paid_search,US,7.0,2604.5299999999997,1184.6100000000001,2024-09-07 11:38:11,2024-12-20 17:11:15,372.07571428571424,11.0,115,2604.5299999999997,4.0,4.0,5.0,13.0,Champions
192,2024-08-18,paid_search,US,2.0,309.83000000000004,145.45000000000002,2024-12-07 06:55:38,2024-12-13 04:21:00,154.91500000000002,18.0,135,309.83000000000004,3.0,1.0,1.0,5.0,Others
193,2024-08-10,referral,GB,2.0,357.15999999999997,146.15,2024-10-27 21:40:14,2024-12-01 00:41:10,178.57999999999998,30.0,143,357.15999999999997,3.0,1.0,1.0,5.0,Others
194,2024-05-12,affiliate,FR,0.0,0.0,0.0,,,0.0,233.0,233,0.0,,,,,No Orders
195,2024-12-17,referral,DE,6.0,2217.31,1114.9399999999998,2024-12-20 01:10:54,2024-12-31 11:40:32,369.5516666666667,0.0,14,2217.31,5.0,4.0,4.0,13.0,Champions
196,2024-02-02,organic,US,5.0,1078.26,466.18000000000006,2024-04-02 18:44:52,2024-11-09 16:12:22,215.652,52.0,333,1078.26,2.0,3.0,3.0,8.0,At Risk
197,2024-05-05,organic,GB,18.0,6342.0,3128.21,2024-05-24 18:27:59,2024-12-17 02:27:04,352.3333333333333,14.0,240,6342.0,4.0,5.0,5.0,14.0,Champions
198,2024-02-13,social,US,7.0,1878.33,972.13,2024-04-26 16:53:43,2024-12-06 18:46:54,268.3328571428571,25.0,322,1878.33,3.0,4.0,4.0,11.0,Loyal Customers
199,2024-05-04,organic,US,5.0,849.53,436.65,2024-05-09 14:43:26,2024-12-21 09:22:55,169.906,10.0,241,849.53,4.0,3.0,2.0,9.0,Potential Loyalists
200,2024-12-18,social,NL,7.0,1559.12,725.09,2024-12-22 10:19:35,2024-12-29 20:12:28,222.73142857142855,2.0,13,1559.12,5.0,4.0,4.0,13.0,Champions
201,2024-05-14,social,CA,3.0,546.98,230.34,2024-06-06 16:17:32,2024-09-03 16:03:40,182.32666666666668,119.0,231,546.98,1.0,2.0,2.0,5.0,Lost
202,2024-11-28,paid_search,NL,3.0,753.31,358.74,2024-12-01 10:39:49,2024-12-18 08:51:19,251.10333333333332,13.0,33,753.31,4.0,2.0,2.0,8.0,New Customers
203,2024-06-30,email,NL,9.0,1859.72,862.69,2024-07-01 14:12:30,2024-11-29 08:06:48,206.63555555555556,32.0,184,1859.72,3.0,5.0,4.0,12.0,Loyal Customers
204,2024-09-13,social,DE,0.0,0.0,0.0,,,0.0,109.0,109,0.0,,,,,No Orders
205,2024-06-16,organic,NL,8.0,4067.33,1928.89,2024-06-30 21:18:50,2024-11-11 07:55:45,508.41625,50.0,198,4067.33,2.0,5.0,5.0,12.0,At Risk
206,2024-04-07,organic,US,3.0,645.78,281.10999999999996,2024-06-05 20:05:25,2024-12-19 14:53:21,215.26,12.0,268,645.78,4.0,2.0,2.0,8.0,New Customers
207,2024-10-06,social,US,5.0,1281.8600000000001,628.0899999999999,2024-10-08 10:12:53,2024-12-14 08:54:26,256.372,17.0,86,1281.8600000000001,3.0,3.0,3.0,9.0,Loyal Customers
208,2024-12-20,paid_search,US,5.0,1994.87,993.73,2024-12-20 00:00:13,2024-12-31 13:50:52,398.974,0.0,11,1994.87,5.0,3.0,4.0,12.0,Loyal Customers
209,2024-04-06,organic,US,1.0,541.0400000000001,250.98000000000005,2024-12-27 06:47:25,2024-12-27 06:47:25,541.0400000000001,4.0,269,541.0400000000001,5.0,1.0,2.0,8.0,New Customers
210,2024-10-12,paid_search,US,5.0,647.76,322.91,2024-10-27 08:28:40,2024-12-24 19:59:31,129.552,7.0,80,647.76,4.0,3.0,2.0,9.0,Potential Loyalists
211,2024-04-05,email,US,8.0,1699.0,786.65,2024-04-07 11:53:11,2024-09-22 20:37:02,212.375,100.0,270,1699.0,1.0,5.0,4.0,10.0,At Risk
212,2024-09-19,email,FR,1.0,338.57,159.15,2024-11-02 00:43:26,2024-11-02 00:43:26,338.57,59.0,103,338.57,2.0,1.0,1.0,4.0,Lost
213,2024-10-15,social,CA,3.0,1225.63,671.02,2024-10-15 15:38:33,2024-11-21 21:16:04,408.54333333333335,40.0,77,1225.63,2.0,2.0,3.0,7.0,Lost
214,2024-06-13,paid_search,DE,6.0,1743.8200000000002,761.9100000000001,2024-07-01 13:36:15,2024-11-30 23:01:02,290.6366666666667,31.0,201,1743.8200000000002,3.0,4.0,4.0,11.0,Loyal Customers
215,2024-09-26,organic,US,0.0,0.0,0.0,,,0.0,96.0,96,0.0,,,,,No Orders
216,2024-04-09,paid_search,CA,11.0,3789.54,1779.6299999999999,2024-05-22 11:35:19,2024-11-02 09:33:27,344.50363636363636,59.0,266,3789.54,2.0,5.0,5.0,12.0,At Risk
217,2024-01-30,organic,US,0.0,0.0,0.0,,,0.0,336.0,336,0.0,,,,,No Orders
218,2024-02-05,social,US,10.0,2796.98,1170.29,2024-03-18 15:30:38,2024-12-30 02:37:56,279.698,1.0,330,2796.98,5.0,5.0,5.0,15.0,Champions
219,2024-06-12,social,US,1.0,243.66,125.27,2024-08-22 14:48:32,2024-08-22 14:48:32,243.66,131.0,202,243.66,1.0,1.0,1.0,3.0,Lost
220,2024-11-26,organic,US,7.0,3072.14,1345.06,2024-11-28 21:32:12,2024-12-25 10:06:52,438.8771428571428,6.0,35,3072.14,4.0,4.0,5.0,13.0,Champions
221,2024-02-16,organic,US,0.0,0.0,0.0,,,0.0,319.0,319,0.0,,,,,No Orders
222,2024-06-15,organic,CA,9.0,3180.4500000000003,1245.5500000000002,2024-06-19 17:22:37,2024-12-27 03:00:40,353.3833333333334,4.0,199,3180.4500000000003,5.0,5.0,5.0,15.0,Champions
223,2024-09-14,referral,CA,2.0,563.8,313.41,2024-11-02 16:31:13,2024-12-23 05:59:39,281.9,8.0,108,563.8,4.0,1.0,2.0,7.0,New Customers
224,2024-03-15,social,FR,6.0,1574.4499999999998,684.1899999999999,2024-04-19 19:06:15,2024-12-26 04:42:41,262.4083333333333,5.0,291,1574.4499999999998,5.0,4.0,4.0,13.0,Champions
225,2024-09-21,organic,US,0.0,0.0,0.0,,,0.0,101.0,101,0.0,,,,,No Orders
226,2024-04-21,referral,CA,1.0,386.22,167.29,2024-11-05 08:43:14,2024-11-05 08:43:14,386.22,56.0,254,386.22,2.0,1.0,1.0,4.0,Lost
227,2024-10-22,paid_search,FR,3.0,322.51,140.22000000000003,2024-11-08 10:14:26,2024-12-23 10:14:47,107.50333333333333,8.0,70,322.51,4.0,2.0,1.0,7.0,New Customers
228,2024-07-30,paid_search,US,4.0,935.94,486.78999999999996,2024-08-03 11:49:37,2024-10-27 09:04:01,233.985,65.0,154,935.94,2.0,3.0,3.0,8.0,At Risk
229,2024-07-19,referral,DE,2.0,536.1800000000001,279.29,2024-08-18 03:05:06,2024-10-18 10:40:42,268.09000000000003,74.0,165,536.1800000000001,2.0,1.0,2.0,5.0,Lost
230,2024-03-05,organic,GB,1.0,357.95000000000005,138.25000000000006,2024-09-23 10:39:44,2024-09-23 10:39:44,357.95000000000005,99.0,301,357.95000000000005,1.0,1.0,1.0,3.0,Lost
231,2024-06-18,organic,GB,0.0,0.0,0.0,,,0.0,196.0,196,0.0,,,,,No Orders
232,2024-11-09,social,US,18.0,6855.28,3134.75,2024-11-09 03:46:14,2024-12-27 13:03:04,380.8488888888889,4.0,52,6855.28,5.0,5.0,5.0,15.0,Champions
233,2024-01-08,organic,GB,1.0,365.35999999999996,183.17999999999998,2024-12-13 20:54:01,2024-12-13 20:54:01,365.35999999999996,18.0,358,365.35999999999996,3.0,1.0,1.0,5.0,Others
234,2024-10-04,social,US,0.0,0.0,0.0,,,0.0,88.0,88,0.0,,,,,No Orders
235,2024-06-29,organic,US,4.0,1369.32,612.07,2024-09-06 04:41:05,2024-12-28 21:18:32,342.33,3.0,185,1369.32,5.0,3.0,3.0,11.0,Loyal Customers
236,2024-09-20,organic,US,3.0,1744.39,854.1099999999999,2024-10-03 08:51:45,2024-12-04 03:04:05,581.4633333333334,27.0,102,1744.39,3.0,2.0,4.0,9.0,Potential Loyalists
237,2024-08-30,organic,NL,4.0,822.4100000000001,428.59000000000003,2024-09-20 01:36:54,2024-11-26 14:12:31,205.60250000000002,35.0,123,822.4100000000001,3.0,3.0,2.0,8.0,Potential Loyalists
238,2024-06-07,paid_search,US,1.0,90.25,36.699999999999996,2024-09-11 14:02:16,2024-09-11 14:02:16,90.25,111.0,207,90.25,1.0,1.0,1.0,3.0,Lost
239,2024-04-22,organic,US,12.0,2789.43,1346.98,2024-04-30 00:18:57,2024-12-20 00:04:48,232.4525,11.0,253,2789.43,4.0,5.0,5.0,14.0,Champions
240,2024-08-17,organic,US,4.0,1032.87,472.53999999999996,2024-09-07 06:09:48,2024-11-27 12:30:05,258.2175,34.0,136,1032.87,3.0,3.0,3.0,9.0,Loyal Customers
241,2024-02-21,referral,AU,9.0,2559.4500000000003,1287.93,2024-03-13 13:24:40,2024-11-24 12:25:25,284.3833333333334,37.0,314,2559.4500000000003,3.0,5.0,5.0,13.0,Loyal Customers
242,2024-08-01,organic,DE,2.0,146.35000000000002,62.57000000000001,2024-08-14 12:20:44,2024-10-05 12:59:43,73.17500000000001,87.0,152,146.35000000000002,1.0,1.0,1.0,3.0,Lost
243,2024-02-04,paid_search,NL,0.0,0.0,0.0,,,0.0,331.0,331,0.0,,,,,No Orders
244,2024-08-25,organic,US,3.0,1077.8500000000001,535.61,2024-09-16 07:18:30,2024-10-07 14:28:04,359.28333333333336,85.0,128,1077.8500000000001,1.0,2.0,3.0,6.0,Lost
245,2024-08-18,paid_search,US,7.0,2462.15,1270.37,2024-09-17 09:05:05,2024-12-28 20:00:18,351.7357142857143,3.0,135,2462.15,5.0,4.0,5.0,14.0,Champions
246,2024-01-31,organic,GB,2.0,375.16999999999996,192.49,2024-07-09 05:32:17,2024-11-04 20:13:05,187.58499999999998,57.0,335,375.16999999999996,2.0,1.0,1.0,4.0,Lost
247,2024-10-04,social,US,13.0,3595.9,1640.89,2024-10-12 01:57:51,2024-12-30 20:15:04,276.60769230769233,1.0,88,3595.9,5.0,5.0,5.0,15.0,Champions
248,2024-06-01,organic,CA,1.0,287.08,149.64000000000001,2024-08-08 00:37:50,2024-08-08 00:37:50,287.08,145.0,213,287.08,1.0,1.0,1.0,3.0,Lost
249,2024-10-15,referral,AU,0.0,0.0,0.0,,,0.0,77.0,77,0.0,,,,,No Orders
250,2024-01-16,referral,GB,10.0,3556.96,1658.42,2024-02-21 00:55:02,2024-12-17 12:03:03,355.696,14.0,350,3556.96,4.0,5.0,5.0,14.0,Champions
251,2024-03-06,organic,SE,0.0,0.0,0.0,,,0.0,300.0,300,0.0,,,,,No Orders
252,2024-06-29,organic,GB,0.0,0.0,0.0,,,0.0,185.0,185,0.0,,,,,No Orders
253,2024-03-09,organic,US,9.0,2403.55,1094.71,2024-03-25 22:14:10,2024-12-29 02:39:07,267.06111111111113,2.0,297,2403.55,5.0,5.0,5.0,15.0,Champions
254,2024-04-30,social,GB,0.0,0.0,0.0,,,0.0,245.0,245,0.0,,,,,No Orders
255,2024-08-29,organic,US,0.0,0.0,0.0,,,0.0,124.0,124,0.0,,,,,No Orders
256,2024-02-22,email,CA,1.0,833.11,477.62,2024-05-25 12:38:35,2024-05-25 12:38:35,833.11,220.0,313,833.11,1.0,1.0,2.0,4.0,Lost
257,2024-09-05,email,US,10.0,2090.66,992.2700000000001,2024-09-11 01:55:15,2024-12-28 05:47:35,209.06599999999997,3.0,117,2090.66,5.0,5.0,4.0,14.0,Champions
258,2024-02-07,email,US,5.0,1392.85,636.76,2024-04-06 13:22:44,2024-10-25 01:35:03,278.57,67.0,328,1392.85,2.0,3.0,4.0,9.0,At Risk
259,2024-03-05,paid_search,DE,7.0,1817.52,831.88,2024-04-27 01:35:29,2024-12-17 23:11:11,259.6457142857143,14.0,301,1817.52,4.0,4.0,4.0,12.0,Champions
260,2024-08-03,affiliate,US,4.0,1449.23,723.7799999999999,2024-08-11 18:15:10,2024-12-27 03:08:27,362.3075,4.0,150,1449.23,5.0,3.0,4.0,12.0,Loyal Customers
261,2024-10-17,organic,US,2.0,1105.05,558.0699999999999,2024-11-06 01:34:57,2024-11-10 06:56:42,552.525,51.0,75,1105.05,2.0,1.0,3.0,6.0,Lost
262,2024-03-03,paid_search,FR,1.0,350.11,200.89,2024-08-17 05:58:14,2024-08-17 05:58:14,350.11,136.0,303,350.11,1.0,1.0,1.0,3.0,Lost
263,2024-04-19,organic,US,4.0,957.8800000000001,432.13,2024-05-07 06:30:08,2024-12-21 02:06:40,239.47000000000003,10.0,256,957.8800000000001,4.0,3.0,3.0,10.0,Loyal Customers
264,2024-12-04,referral,GB,1.0,263.04,137.57000000000002,2024-12-31 18:43:04,2024-12-31 18:43:04,263.04,0.0,27,263.04,5.0,1.0,1.0,7.0,New Customers
265,2024-12-28,social,US,3.0,1489.3700000000001,600.0,2024-12-29 11:17:57,2024-12-31 05:29:58,496.4566666666667,0.0,3,1489.3700000000001,5.0,2.0,4.0,11.0,New Customers
266,2024-07-31,email,US,1.0,735.24,302.11999999999995,2024-10-04 19:44:43,2024-10-04 19:44:43,735.24,88.0,153,735.24,1.0,1.0,2.0,4.0,Lost
267,2024-06-12,organic,US,1.0,94.66,50.06999999999999,2024-08-10 20:55:37,2024-08-10 20:55:37,94.66,143.0,202,94.66,1.0,1.0,1.0,3.0,Lost
268,2024-05-06,affiliate,CA,5.0,1119.6599999999999,505.83000000000004,2024-05-31 00:45:46,2024-12-25 17:14:51,223.93199999999996,6.0,239,1119.6599999999999,4.0,3.0,3.0,10.0,Loyal Customers
269,2024-08-12,paid_search,NL,0.0,0.0,0.0,,,0.0,141.0,141,0.0,,,,,No Orders
270,2024-08-04,paid_search,US,7.0,2187.88,1136.02,2024-09-05 07:00:14,2024-12-17 20:57:15,312.55428571428575,14.0,149,2187.88,4.0,4.0,4.0,12.0,Champions
271,2024-04-17,affiliate,NL,5.0,1587.75,716.0,2024-05-10 15:10:12,2024-09-16 23:41:53,317.55,106.0,258,1587.75,1.0,3.0,4.0,8.0,At Risk
272,2024-01-09,paid_search,DE,2.0,499.66,275.48,2024-11-08 12:01:30,2024-12-18 21:14:25,249.83,13.0,357,499.66,4.0,1.0,2.0,7.0,New Customers
273,2024-02-25,paid_search,DE,3.0,403.5,213.39000000000001,2024-05-31 04:05:50,2024-10-09 05:26:43,134.5,83.0,310,403.5,1.0,2.0,1.0,4.0,Lost
274,2024-12-16,social,FR,8.0,1498.6200000000001,667.38,2024-12-16 02:28:07,2024-12-28 19:35:20,187.32750000000001,3.0,15,1498.6200000000001,5.0,5.0,4.0,14.0,Champions
275,2024-06-02,organic,FR,10.0,4143.360000000001,1878.2800000000002,2024-06-04 22:09:18,2024-12-06 22:07:23,414.33600000000007,25.0,212,4143.360000000001,3.0,5.0,5.0,13.0,Loyal Customers
276,2024-06-25,organic,CA,1.0,245.01,124.98999999999998,2024-08-25 21:07:16,2024-08-25 21:07:16,245.01,128.0,189,245.01,1.0,1.0,1.0,3.0,Lost
277,2024-06-19,organic,GB,4.0,1212.13,543.6500000000001,2024-06-21 09:52:57,2024-11-26 21:04:32,303.0325,35.0,195,1212.13,3.0,3.0,3.0,9.0,Loyal Customers
278,2024-10-13,organic,GB,3.0,701.8800000000001,307.11,2024-11-03 18:56:35,2024-12-17 04:43:22,233.96000000000004,14.0,79,701.8800000000001,4.0,2.0,2.0,8.0,New Customers
279,2024-01-24,referral,US,1.0,410.3,174.13000000000002,2024-03-12 11:02:50,2024-03-12 11:02:50,410.3,294.0,342,410.3,1.0,1.0,1.0,3.0,Lost
280,2024-01-31,social,US,12.0,4426.03,2168.37,2024-02-16 03:54:06,2024-10-02 10:18:57,368.8358333333333,90.0,335,4426.03,1.0,5.0,5.0,11.0,At Risk
281,2024-04-10,paid_search,FR,11.0,4112.83,1901.77,2024-04-14 03:52:21,2024-11-17 14:41:52,373.89363636363635,44.0,265,4112.83,2.0,5.0,5.0,12.0,At Risk
282,2024-06-27,paid_search,US,9.0,3238.0,1523.51,2024-07-07 01:49:29,2024-12-23 17:11:41,359.77777777777777,8.0,187,3238.0,4.0,5.0,5.0,14.0,Champions
283,2024-09-02,paid_search,US,1.0,39.64,23.8,2024-10-23 11:28:43,2024-10-23 11:28:43,39.64,69.0,120,39.64,2.0,1.0,1.0,4.0,Lost
284,2024-06-28,social,US,3.0,877.26,344.0799999999999,2024-09-01 17:52:36,2024-12-12 19:45:18,292.42,19.0,186,877.26,3.0,2.0,2.0,7.0,Potential Loyalists
285,2024-06-10,referral,US,0.0,0.0,0.0,,,0.0,204.0,204,0.0,,,,,No Orders
286,2024-12-09,referral,DE,2.0,450.94,215.18,2024-12-23 15:58:07,2024-12-31 13:25:28,225.47,0.0,22,450.94,5.0,1.0,1.0,7.0,New Customers
287,2024-02-28,paid_search,DE,5.0,2182.3,917.24,2024-03-25 10:29:52,2024-08-01 05:51:09,436.46000000000004,152.0,307,2182.3,1.0,3.0,4.0,8.0,At Risk
288,2024-07-28,organic,GB,3.0,1016.74,497.77,2024-09-24 22:35:44,2024-12-26 02:25:50,338.91333333333336,5.0,156,1016.74,5.0,2.0,3.0,10.0,New Customers
289,2024-07-17,paid_search,US,8.0,2391.96,1068.95,2024-07-29 03:45:30,2024-12-26 16:42:14,298.995,5.0,167,2391.96,5.0,5.0,5.0,15.0,Champions
290,2024-06-22,social,GB,0.0,0.0,0.0,,,0.0,192.0,192,0.0,,,,,No Orders
291,2024-10-22,paid_search,US,1.0,308.15,154.14999999999998,2024-11-25 09:21:21,2024-11-25 09:21:21,308.15,36.0,70,308.15,3.0,1.0,1.0,5.0,Others
292,2024-04-07,social,FR,1.0,284.77,113.03,2024-11-05 19:37:45,2024-11-05 19:37:45,284.77,56.0,268,284.77,2.0,1.0,1.0,4.0,Lost
293,2024-12-15,paid_search,DE,4.0,814.76,367.76,2024-12-15 13:42:59,2024-12-24 06:18:54,203.69,7.0,16,814.76,4.0,3.0,2.0,9.0,Potential Loyalists
294,2024-05-01,organic,GB,5.0,2023.8200000000002,1014.2,2024-05-03 05:59:31,2024-10-11 13:50:19,404.764,81.0,244,2023.8200000000002,1.0,3.0,4.0,8.0,At Risk
295,2024-07-18,paid_search,GB,9.0,2831.53,1383.84,2024-07-22 06:44:44,2024-12-26 06:06:07,314.6144444444445,5.0,166,2831.53,5.0,5.0,5.0,15.0,Champions
296,2024-07-09,paid_search,SE,6.0,2619.09,1258.7,2024-07-18 09:12:50,2024-12-19 00:08:51,436.51500000000004,12.0,175,2619.09,4.0,4.0,5.0,13.0,Champions
297,2024-11-07,organic,CA,7.0,1770.4099999999999,833.87,2024-11-09 05:04:45,2024-12-31 09:09:35,252.91571428571427,0.0,54,1770.4099999999999,5.0,4.0,4.0,13.0,Champions
298,2024-06-09,organic,GB,6.0,2279.5299999999997,1087.95,2024-08-07 18:09:47,2024-12-29 21:40:30,379.9216666666666,2.0,205,2279.5299999999997,5.0,4.0,5.0,14.0,Champions
299,2024-04-14,social,GB,3.0,571.97,251.98999999999998,2024-05-20 11:57:26,2024-11-27 17:27:15,190.65666666666667,34.0,261,571.97,3.0,2.0,2.0,7.0,Potential Loyalists
300,2024-01-08,paid_search,US,3.0,1443.69,687.74,2024-05-15 02:33:43,2024-09-29 09:44:11,481.23,93.0,358,1443.69,1.0,2.0,4.0,7.0,Lost
301,2024-05-13,organic,NL,5.0,2050.4500000000003,1017.6100000000001,2024-07-07 07:01:21,2024-12-03 22:12:56,410.09000000000003,28.0,232,2050.4500000000003,3.0,3.0,4.0,10.0,Loyal Customers
302,2024-10-29,social,US,6.0,1793.16,934.3800000000001,2024-11-06 01:29:11,2024-12-17 17:14:01,298.86,14.0,63,1793.16,4.0,4.0,4.0,12.0,Champions
303,2024-01-04,email,US,4.0,1279.7,582.61,2024-01-21 07:20:17,2024-05-05 12:45:05,319.925,240.0,362,1279.7,1.0,3.0,3.0,7.0,At Risk
304,2024-11-23,organic,SE,11.0,2076.09,988.37,2024-11-26 08:32:42,2024-12-30 12:17:31,188.73545454545456,1.0,38,2076.09,5.0,5.0,4.0,14.0,Champions
305,2024-07-17,email,FR,1.0,933.4300000000001,440.31,2024-08-04 21:45:23,2024-08-04 21:45:23,933.4300000000001,149.0,167,933.4300000000001,1.0,1.0,3.0,5.0,Lost
306,2024-02-21,referral,US,6.0,1085.77,518.1700000000001,2024-03-29 01:17:35,2024-12-12 18:40:50,180.96166666666667,19.0,314,1085.77,3.0,4.0,3.0,10.0,Loyal Customers
307,2024-04-20,social,US,6.0,1752.24,790.8299999999999,2024-05-11 07:00:12,2024-10-02 19:47:02,292.04,90.0,255,1752.24,1.0,4.0,4.0,9.0,At Risk
308,2024-07-21,social,US,6.0,1157.67,550.12,2024-08-11 19:45:21,2024-09-21 16:51:51,192.94500000000002,101.0,163,1157.67,1.0,4.0,3.0,8.0,At Risk
309,2024-04-25,organic,DE,3.0,1317.9699999999998,568.52,2024-04-26 02:32:13,2024-11-21 02:25:35,439.32333333333327,40.0,250,1317.9699999999998,2.0,2.0,3.0,7.0,Lost
310,2024-02-09,referral,US,4.0,2469.3500000000004,1300.3999999999999,2024-02-10 17:17:01,2024-06-28 12:02:24,617.3375000000001,186.0,326,2469.3500000000004,1.0,3.0,5.0,9.0,At Risk
311,2024-08-31,paid_search,NL,3.0,783.01,396.44,2024-09-13 17:30:52,2024-12-20 00:37:01,261.00333333333333,11.0,122,783.01,4.0,2.0,2.0,8.0,New Customers
312,2024-09-03,referral,NL,4.0,1571.74,751.74,2024-09-27 15:41:20,2024-12-04 14:44:21,392.935,27.0,119,1571.74,3.0,3.0,4.0,10.0,Loyal Customers
313,2024-02-13,social,GB,18.0,4483.5,2078.13,2024-02-28 14:24:47,2024-11-30 06:36:34,249.08333333333334,31.0,322,4483.5,3.0,5.0,5.0,13.0,Loyal Customers
314,2024-04-12,organic,DE,0.0,0.0,0.0,,,0.0,263.0,263,0.0,,,,,No Orders
315,2024-03-30,organic,US,4.0,1380.72,716.6800000000001,2024-05-01 08:49:30,2024-11-27 09:50:04,345.18,34.0,276,1380.72,3.0,3.0,3.0,9.0,Loyal Customers
316,2024-08-29,social,US,2.0,265.8,111.51,2024-09-27 05:07:24,2024-10-15 14:40:40,132.9,77.0,124,265.8,2.0,1.0,1.0,4.0,Lost
317,2024-09-24,social,FR,4.0,1150.14,607.19,2024-10-29 05:49:33,2024-12-24 14:31:45,287.535,7.0,98,1150.14,4.0,3.0,3.0,10.0,Loyal Customers
318,2024-09-23,organic,US,0.0,0.0,0.0,,,0.0,99.0,99,0.0,,,,,No Orders
319,2024-12-09,email,US,2.0,529.2099999999999,265.4799999999999,2024-12-20 09:50:00,2024-12-20 21:46:44,264.60499999999996,11.0,22,529.2099999999999,4.0,1.0,2.0,7.0,New Customers
320,2024-10-08,email,US,1.0,84.66,43.31,2024-12-22 00:35:14,2024-12-22 00:35:14,84.66,9.0,84,84.66,4.0,1.0,1.0,6.0,New Customers
321,2024-04-27,paid_search,US,4.0,2174.25,1071.51,2024-04-30 15:36:19,2024-09-19 16:33:07,543.5625,103.0,248,2174.25,1.0,3.0,4.0,8.0,At Risk
322,2024-02-09,paid_search,GB,1.0,613.87,318.6700000000001,2024-04-26 16:52:22,2024-04-26 16:52:22,613.87,249.0,326,613.87,1.0,1.0,2.0,4.0,Lost
323,2024-08-12,organic,FR,4.0,1776.38,909.4000000000001,2024-08-20 11:39:44,2024-11-27 05:43:39,444.095,34.0,141,1776.38,3.0,3.0,4.0,10.0,Loyal Customers
324,2024-12-01,email,CA,13.0,4766.68,2241.95,2024-12-01 10:20:53,2024-12-31 02:07:09,366.66769230769233,0.0,30,4766.68,5.0,5.0,5.0,15.0,Champions
325,2024-12-22,organic,DE,6.0,1678.33,878.48,2024-12-23 05:15:12,2024-12-31 17:05:04,279.72166666666664,0.0,9,1678.33,5.0,4.0,4.0,13.0,Champions
326,2024-03-25,referral,AU,10.0,3327.0099999999998,1629.16,2024-04-17 15:45:41,2024-09-10 15:51:05,332.70099999999996,112.0,281,3327.0099999999998,1.0,5.0,5.0,11.0,At Risk
327,2024-03-27,paid_search,US,0.0,0.0,0.0,,,0.0,279.0,279,0.0,,,,,No Orders
328,2024-01-14,social,AU,3.0,968.95,459.6,2024-05-02 15:26:16,2024-09-14 13:18:38,322.98333333333335,108.0,352,968.95,1.0,2.0,3.0,6.0,Lost
329,2024-02-21,organic,GB,1.0,138.12,44.150000000000006,2024-06-07 22:25:54,2024-06-07 22:25:54,138.12,207.0,314,138.12,1.0,1.0,1.0,3.0,Lost
330,2024-07-22,organic,US,0.0,0.0,0.0,,,0.0,162.0,162,0.0,,,,,No Orders
331,2024-07-19,email,NL,2.0,330.11,178.94000000000003,2024-09-14 01:00:01,2024-11-22 19:59:36,165.055,39.0,165,330.11,2.0,1.0,1.0,4.0,Lost
332,2024-05-15,paid_search,US,6.0,1812.92,878.53,2024-06-10 13:02:26,2024-11-15 02:45:39,302.15333333333336,46.0,230,1812.92,2.0,4.0,4.0,10.0,At Risk
333,2024-04-23,paid_search,US,12.0,3643.59,1613.67,2024-04-24 16:32:56,2024-12-28 11:31:58,303.6325,3.0,252,3643.59,5.0,5.0,5.0,15.0,Champions
334,2024-10-30,affiliate,US,2.0,541.43,246.54999999999998,2024-11-14 05:51:09,2024-12-07 09:01:25,270.715,24.0,62,541.43,3.0,1.0,2.0,6.0,Others
335,2024-06-17,affiliate,US,4.0,1058.67,546.86,2024-07-06 08:41:57,2024-12-30 20:43:39,264.6675,1.0,197,1058.67,5.0,3.0,3.0,11.0,Loyal Customers
336,2024-10-22,email,US,5.0,639.38,323.03,2024-10-28 12:01:02,2024-12-17 03:34:04,127.876,14.0,70,639.38,4.0,3.0,2.0,9.0,Potential Loyalists
337,2024-12-18,organic,GB,3.0,647.62,325.38,2024-12-25 17:46:41,2024-12-31 18:24:01,215.87333333333333,0.0,13,647.62,5.0,2.0,2.0,9.0,New Customers
338,2024-04-26,social,AU,14.0,3856.55,1846.6,2024-05-23 23:43:39,2024-12-04 06:57:21,275.46785714285716,27.0,249,3856.55,3.0,5.0,5.0,13.0,Loyal Customers
339,2024-03-15,referral,US,2.0,1190.65,548.88,2024-05-03 05:30:37,2024-12-12 06:06:27,595.325,19.0,291,1190.65,3.0,1.0,3.0,7.0,Others
340,2024-12-14,paid_search,GB,1.0,490.64,269.49,2024-12-26 23:05:34,2024-12-26 23:05:34,490.64,5.0,17,490.64,5.0,1.0,2.0,8.0,New Customers
341,2024-08-20,organic,US,2.0,610.97,272.57,2024-10-25 04:49:03,2024-12-11 17:13:02,305.485,20.0,133,610.97,3.0,1.0,2.0,6.0,Others
342,2024-04-16,email,CA,3.0,1283.48,684.5300000000001,2024-05-02 05:23:43,2024-11-19 14:07:18,427.82666666666665,42.0,259,1283.48,2.0,2.0,3.0,7.0,Lost
343,2024-08-15,paid_search,US,0.0,0.0,0.0,,,0.0,138.0,138,0.0,,,,,No Orders
344,2024-07-07,social,US,3.0,1122.8000000000002,517.6700000000001,2024-07-25 21:55:23,2024-10-27 14:02:07,374.2666666666667,65.0,177,1122.8000000000002,2.0,2.0,3.0,7.0,Lost
345,2024-11-27,affiliate,GB,8.0,2818.19,1363.46,2024-11-28 01:00:10,2024-12-31 03:12:06,352.27375,0.0,34,2818.19,5.0,5.0,5.0,15.0,Champions
346,2024-04-03,social,FR,1.0,521.34,238.88,2024-07-08 02:02:17,2024-07-08 02:02:17,521.34,176.0,272,521.34,1.0,1.0,2.0,4.0,Lost
347,2024-12-28,paid_search,CA,1.0,237.23,113.22999999999999,2024-12-30 20:37:55,2024-12-30 20:37:55,237.23,1.0,3,237.23,5.0,1.0,1.0,7.0,New Customers
348,2024-12-08,paid_search,DE,7.0,2161.34,959.44,2024-12-09 19:53:56,2024-12-31 22:44:17,308.7628571428572,0.0,23,2161.34,5.0,4.0,4.0,13.0,Champions
349,2024-03-07,paid_search,CA,6.0,1900.46,954.84,2024-04-02 06:57:56,2024-11-27 00:13:43,316.74333333333334,34.0,299,1900.46,3.0,4.0,4.0,11.0,Loyal Customers
350,2024-03-01,organic,US,1.0,812.47,363.87,2024-05-16 05:42:57,2024-05-16 05:42:57,812.47,229.0,305,812.47,1.0,1.0,2.0,4.0,Lost
351,2024-07-14,email,US,6.0,1426.2600000000002,732.88,2024-07-25 18:02:28,2024-12-30 08:51:14,237.71000000000004,1.0,170,1426.2600000000002,5.0,4.0,4.0,13.0,Champions
352,2024-01-17,email,US,1.0,745.8,347.75,2024-04-24 09:09:27,2024-04-24 09:09:27,745.8,251.0,349,745.8,1.0,1.0,2.0,4.0,Lost
353,2024-04-19,organic,US,6.0,1832.05,782.87,2024-05-16 06:58:27,2024-11-28 16:53:36,305.34166666666664,33.0,256,1832.05,3.0,4.0,4.0,11.0,Loyal Customers
354,2024-06-08,organic,US,0.0,0.0,0.0,,,0.0,206.0,206,0.0,,,,,No Orders
355,2024-12-20,referral,GB,2.0,1228.53,520.1299999999999,2024-12-22 12:02:16,2024-12-22 13:42:40,614.265,9.0,11,1228.53,4.0,1.0,3.0,8.0,New Customers
356,2024-12-29,organic,US,3.0,1360.51,593.11,2024-12-31 04:23:53,2024-12-31 23:54:09,453.50333333333333,0.0,2,1360.51,5.0,2.0,3.0,10.0,New Customers
357,2024-02-25,paid_search,DE,10.0,4151.65,2016.73,2024-04-06 17:09:09,2024-12-29 23:08:46,415.16499999999996,2.0,310,4151.65,5.0,5.0,5.0,15.0,Champions
358,2024-11-22,paid_search,GB,5.0,1748.3500000000001,799.3600000000001,2024-11-26 13:40:08,2024-11-29 14:52:22,349.67,32.0,39,1748.3500000000001,3.0,3.0,4.0,10.0,Loyal Customers
359,2024-02-03,social,FR,2.0,1038.6999999999998,578.96,2024-03-26 09:48:47,2024-05-12 03:18:18,519.3499999999999,233.0,332,1038.6999999999998,1.0,1.0,3.0,5.0,Lost
360,2024-09-30,organic,FR,1.0,343.26,209.29000000000002,2024-10-12 10:02:55,2024-10-12 10:02:55,343.26,80.0,92,343.26,2.0,1.0,1.0,4.0,Lost
361,2024-11-05,social,US,0.0,0.0,0.0,,,0.0,56.0,56,0.0,,,,,No Orders
362,2024-11-22,paid_search,US,3.0,604.84,315.88,2024-11-25 00:40:53,2024-12-13 13:22:32,201.61333333333334,18.0,39,604.84,3.0,2.0,2.0,7.0,Potential Loyalists
363,2024-03-22,social,DE,3.0,345.37,148.94,2024-04-18 09:36:28,2024-11-19 15:14:26,115.12333333333333,42.0,284,345.37,2.0,2.0,1.0,5.0,Lost
364,2024-11-23,organic,DE,5.0,1509.5700000000002,809.1,2024-11-25 11:46:16,2024-12-30 23:31:37,301.91400000000004,1.0,38,1509.5700000000002,5.0,3.0,4.0,12.0,Loyal Customers
365,2024-02-12,paid_search,US,7.0,2213.58,1093.95,2024-02-27 07:56:10,2024-12-17 10:12:32,316.2257142857143,14.0,323,2213.58,4.0,4.0,4.0,12.0,Champions
366,2024-07-08,paid_search,US,5.0,835.22,300.46000000000004,2024-09-09 08:35:51,2024-12-31 00:31:54,167.044,0.0,176,835.22,5.0,3.0,2.0,10.0,Potential Loyalists
367,2024-06-20,organic,FR,2.0,738.14,326.64,2024-08-21 21:38:38,2024-09-09 21:17:28,369.07,113.0,194,738.14,1.0,1.0,2.0,4.0,Lost
368,2024-04-25,organic,DE,1.0,836.74,373.92,2024-07-27 18:27:17,2024-07-27 18:27:17,836.74,157.0,250,836.74,1.0,1.0,2.0,4.0,Lost
369,2024-01-09,organic,US,9.0,2065.94,1005.88,2024-04-22 14:17:46,2024-12-07 02:41:35,229.54888888888888,24.0,357,2065.94,3.0,5.0,4.0,12.0,Loyal Customers
370,2024-10-09,paid_search,GB,1.0,193.19000000000003,90.80000000000001,2024-12-03 03:16:25,2024-12-03 03:16:25,193.19000000000003,28.0,83,193.19000000000003,3.0,1.0,1.0,5.0,Others
371,2024-05-02,organic,AU,4.0,411.04999999999995,168.45,2024-05-22 13:41:00,2024-11-11 18:14:56,102.76249999999999,50.0,243,411.04999999999995,2.0,3.0,1.0,6.0,At Risk
372,2024-08-30,referral,US,9.0,3058.06,1394.1599999999999,2024-08-31 02:10:51,2024-12-07 00:24:05,339.78444444444443,24.0,123,3058.06,3.0,5.0,5.0,13.0,Loyal Customers
373,2024-05-30,paid_search,AU,7.0,2417.58,1181.83,2024-09-27 12:27:54,2024-12-30 12:19:03,345.36857142857144,1.0,215,2417.58,5.0,4.0,5.0,14.0,Champions
374,2024-05-16,email,US,0.0,0.0,0.0,,,0.0,229.0,229,0.0,,,,,No Orders
375,2024-11-20,affiliate,GB,6.0,1762.95,901.76,2024-12-03 14:31:44,2024-12-29 17:06:46,293.825,2.0,41,1762.95,5.0,4.0,4.0,13.0,Champions
376,2024-02-04,organic,GB,6.0,1439.53,668.9300000000001,2024-02-15 11:52:22,2024-10-04 05:48:04,239.92166666666665,88.0,331,1439.53,1.0,4.0,4.0,9.0,At Risk
377,2024-09-26,social,US,0.0,0.0,0.0,,,0.0,96.0,96,0.0,,,,,No Orders
378,2024-09-30,referral,NL,2.0,780.3699999999999,367.33000000000004,2024-10-12 07:37:44,2024-12-17 05:02:07,390.18499999999995,14.0,92,780.3699999999999,4.0,1.0,2.0,7.0,New Customers
379,2024-05-19,social,GB,0.0,0.0,0.0,,,0.0,226.0,226,0.0,,,,,No Orders
380,2024-04-06,paid_search,NL,3.0,878.1300000000001,421.83000000000004,2024-05-15 00:08:23,2024-09-19 04:22:27,292.71000000000004,103.0,269,878.1300000000001,1.0,2.0,2.0,5.0,Lost
381,2024-01-02,paid_search,US,2.0,544.49,273.54,2024-02-13 01:06:50,2024-07-06 08:12:23,272.245,178.0,364,544.49,1.0,1.0,2.0,4.0,Lost
382,2024-12-08,organic,AU,10.0,3504.8,1696.3,2024-12-10 03:26:24,2024-12-31 19:22:03,350.48,0.0,23,3504.8,5.0,5.0,5.0,15.0,Champions
383,2024-12-12,paid_search,NL,10.0,2051.5,1009.53,2024-12-12 00:26:15,2024-12-30 07:41:43,205.15,1.0,19,2051.5,5.0,5.0,4.0,14.0,Champions
384,2024-03-29,affiliate,GB,0.0,0.0,0.0,,,0.0,277.0,277,0.0,,,,,No Orders
385,2024-01-12,affiliate,US,0.0,0.0,0.0,,,0.0,354.0,354,0.0,,,,,No Orders
386,2024-02-14,organic,FR,8.0,3615.7200000000003,1783.9099999999999,2024-02-22 16:19:49,2024-12-27 04:16:58,451.96500000000003,4.0,321,3615.7200000000003,5.0,5.0,5.0,15.0,Champions
387,2024-01-25,social,GB,6.0,1647.97,804.46,2024-02-06 22:23:32,2024-11-15 02:34:54,274.6616666666667,46.0,341,1647.97,2.0,4.0,4.0,10.0,At Risk
388,2024-10-31,organic,NL,15.0,3840.18,1846.3,2024-11-01 10:09:45,2024-12-30 23:31:40,256.012,1.0,61,3840.18,5.0,5.0,5.0,15.0,Champions
389,2024-11-22,referral,GB,10.0,3235.6600000000003,1592.28,2024-11-23 12:12:33,2024-12-26 17:17:04,323.56600000000003,5.0,39,3235.6600000000003,5.0,5.0,5.0,15.0,Champions
390,2024-02-26,organic,US,4.0,912.08,435.09000000000003,2024-05-28 05:22:31,2024-10-24 02:49:36,228.02,68.0,309,912.08,2.0,3.0,3.0,8.0,At Risk
391,2024-09-30,referral,US,4.0,1143.58,583.25,2024-10-04 03:18:45,2024-12-14 11:44:38,285.895,17.0,92,1143.58,3.0,3.0,3.0,9.0,Loyal Customers
392,2024-03-06,email,FR,2.0,1409.17,580.61,2024-03-31 04:29:02,2024-08-04 09:02:17,704.585,149.0,300,1409.17,1.0,1.0,4.0,6.0,Lost
393,2024-05-14,organic,SE,6.0,1643.95,802.29,2024-07-04 09:08:38,2024-12-30 06:04:35,273.9916666666667,1.0,231,1643.95,5.0,4.0,4.0,13.0,Champions
394,2024-08-07,organic,US,8.0,2702.31,1219.5,2024-08-09 13:58:08,2024-12-29 22:28:15,337.78875,2.0,146,2702.31,5.0,5.0,5.0,15.0,Champions
395,2024-09-20,email,CA,2.0,561.34,298.97,2024-12-18 02:31:27,2024-12-26 06:14:38,280.67,5.0,102,561.34,5.0,1.0,2.0,8.0,New Customers
396,2024-11-16,organic,NL,5.0,1602.69,672.21,2024-11-25 02:10:47,2024-12-29 00:46:58,320.538,2.0,45,1602.69,5.0,3.0,4.0,12.0,Loyal Customers
397,2024-01-17,paid_search,US,7.0,2263.44,1074.2,2024-01-20 21:38:10,2024-12-30 13:16:15,323.34857142857146,1.0,349,2263.44,5.0,4.0,5.0,14.0,Champions
398,2024-03-12,referral,US,9.0,2431.16,1154.53,2024-03-19 03:01:26,2024-12-21 05:35:33,270.12888888888887,10.0,294,2431.16,4.0,5.0,5.0,14.0,Champions
399,2024-04-12,social,FR,9.0,2664.69,1317.95,2024-05-19 05:41:28,2024-11-13 14:43:04,296.07666666666665,48.0,263,2664.69,2.0,5.0,5.0,12.0,At Risk
400,2024-04-23,paid_search,DE,1.0,246.14000000000001,114.35000000000002,2024-06-19 03:59:24,2024-06-19 03:59:24,246.14000000000001,195.0,252,246.14000000000001,1.0,1.0,1.0,3.0,Lost
401,2024-12-31,paid_search,US,1.0,387.08,207.02999999999997,2024-12-31 15:21:43,2024-12-31 15:21:43,387.08,0.0,0,387.08,5.0,1.0,1.0,7.0,New Customers
402,2024-10-11,organic,AU,0.0,0.0,0.0,,,0.0,81.0,81,0.0,,,,,No Orders
403,2024-04-27,affiliate,GB,3.0,514.51,245.33999999999997,2024-06-14 05:36:39,2024-11-15 10:24:46,171.50333333333333,46.0,248,514.51,2.0,2.0,2.0,6.0,Lost
404,2024-12-21,organic,NL,14.0,4338.28,2063.7799999999997,2024-12-21 01:24:28,2024-12-31 22:40:25,309.8771428571428,0.0,10,4338.28,5.0,5.0,5.0,15.0,Champions
405,2024-07-01,organic,AU,3.0,698.9,345.27,2024-08-20 23:44:33,2024-12-07 09:47:15,232.96666666666667,24.0,183,698.9,3.0,2.0,2.0,7.0,Potential Loyalists
406,2024-07-02,organic,CA,2.0,790.07,356.01,2024-11-11 20:38:36,2024-12-21 05:59:40,395.035,10.0,182,790.07,4.0,1.0,2.0,7.0,New Customers
407,2024-06-07,affiliate,GB,3.0,1030.8899999999999,523.18,2024-10-15 12:53:04,2024-12-26 03:37:04,343.62999999999994,5.0,207,1030.8899999999999,5.0,2.0,3.0,10.0,New Customers
408,2024-02-22,organic,US,1.0,445.06,247.41,2024-03-31 21:13:04,2024-03-31 21:13:04,445.06,275.0,313,445.06,1.0,1.0,1.0,3.0,Lost
409,2024-12-07,referral,GB,4.0,1331.86,629.3799999999999,2024-12-12 21:05:35,2024-12-25 04:26:31,332.965,6.0,24,1331.86,4.0,3.0,3.0,10.0,Loyal Customers
410,2024-01-06,social,US,14.0,4995.27,2378.63,2024-01-10 19:17:40,2024-12-22 04:24:25,356.805,9.0,360,4995.27,4.0,5.0,5.0,14.0,Champions
411,2024-03-04,email,DE,8.0,3114.17,1389.1100000000001,2024-03-10 12:19:47,2024-12-25 08:10:35,389.27125,6.0,302,3114.17,4.0,5.0,5.0,14.0,Champions
412,2024-03-25,affiliate,US,2.0,831.53,351.62,2024-06-25 13:53:20,2024-09-30 22:14:07,415.765,92.0,281,831.53,1.0,1.0,2.0,4.0,Lost
413,2024-04-12,email,GB,5.0,1765.47,766.1,2024-05-09 01:31:27,2024-12-25 20:39:21,353.094,6.0,263,1765.47,4.0,3.0,4.0,11.0,Loyal Customers
414,2024-02-18,referral,US,8.0,1921.15,873.8,2024-05-02 23:48:07,2024-11-12 18:18:55,240.14375,49.0,317,1921.15,2.0,5.0,4.0,11.0,At Risk
415,2024-01-07,organic,US,3.0,1531.8600000000001,702.38,2024-01-09 04:32:18,2024-10-12 07:28:59,510.62000000000006,80.0,359,1531.8600000000001,2.0,2.0,4.0,8.0,Lost
416,2024-09-05,email,US,4.0,1044.71,394.4,2024-09-15 00:09:13,2024-11-24 04:19:30,261.1775,37.0,117,1044.71,3.0,3.0,3.0,9.0,Loyal Customers
417,2024-12-20,paid_search,DE,3.0,1109.6,504.55999999999995,2024-12-20 19:27:15,2024-12-29 22:04:28,369.8666666666666,2.0,11,1109.6,5.0,2.0,3.0,10.0,New Customers
418,2024-02-14,paid_search,CA,0.0,0.0,0.0,,,0.0,321.0,321,0.0,,,,,No Orders
419,2024-04-18,referral,US,4.0,1143.25,537.0699999999999,2024-04-22 05:38:33,2024-11-04 06:16:46,285.8125,57.0,257,1143.25,2.0,3.0,3.0,8.0,At Risk
420,2024-07-04,affiliate,AU,8.0,2672.67,1223.97,2024-07-29 14:54:27,2024-11-28 13:44:13,334.08375,33.0,180,2672.67,3.0,5.0,5.0,13.0,Loyal Customers
421,2024-12-05,social,AU,18.0,4902.16,2298.82,2024-12-05 16:38:45,2024-12-29 12:47:35,272.34222222222223,2.0,26,4902.16,5.0,5.0,5.0,15.0,Champions
422,2024-09-11,paid_search,US,11.0,2050.23,977.7299999999999,2024-09-28 15:22:02,2024-12-16 16:26:23,186.38454545454545,15.0,111,2050.23,4.0,5.0,4.0,13.0,Champions
423,2024-10-07,paid_search,DE,0.0,0.0,0.0,,,0.0,85.0,85,0.0,,,,,No Orders
424,2024-07-31,paid_search,US,0.0,0.0,0.0,,,0.0,153.0,153,0.0,,,,,No Orders
425,2024-06-01,paid_search,US,9.0,2592.7400000000002,1293.45,2024-08-01 02:59:48,2024-12-20 00:41:23,288.08222222222224,11.0,213,2592.7400000000002,4.0,5.0,5.0,14.0,Champions
426,2024-03-14,paid_search,GB,0.0,0.0,0.0,,,0.0,292.0,292,0.0,,,,,No Orders
427,2024-11-12,organic,US,8.0,3173.33,1531.5600000000002,2024-11-24 04:30:14,2024-12-30 16:14:01,396.66625,1.0,49,3173.33,5.0,5.0,5.0,15.0,Champions
428,2024-10-21,organic,AU,0.0,0.0,0.0,,,0.0,71.0,71,0.0,,,,,No Orders
429,2024-01-10,email,NL,1.0,29.19,11.880000000000003,2024-11-26 19:46:11,2024-11-26 19:46:11,29.19,35.0,356,29.19,3.0,1.0,1.0,5.0,Others
430,2024-09-18,paid_search,CA,7.0,1682.96,872.6300000000001,2024-09-20 02:09:25,2024-12-15 05:02:13,240.42285714285714,16.0,104,1682.96,4.0,4.0,4.0,12.0,Champions
431,2024-01-31,referral,DE,5.0,1285.08,614.1600000000001,2024-07-09 07:25:37,2024-11-22 14:42:35,257.01599999999996,39.0,335,1285.08,2.0,3.0,3.0,8.0,At Risk
432,2024-09-27,social,GB,8.0,2337.69,1006.89,2024-09-27 16:30:01,2024-12-16 02:07:20,292.21125,15.0,95,2337.69,4.0,5.0,5.0,14.0,Champions
433,2024-10-29,organic,SE,6.0,1573.76,807.56,2024-10-29 00:23:43,2024-12-05 07:20:42,262.29333333333335,26.0,63,1573.76,3.0,4.0,4.0,11.0,Loyal Customers
434,2024-02-17,organic,US,2.0,649.69,341.72999999999996,2024-07-10 15:03:30,2024-11-04 12:22:19,324.845,57.0,318,649.69,2.0,1.0,2.0,5.0,Lost
435,2024-06-07,organic,US,11.0,3192.35,1660.32,2024-06-12 11:32:21,2024-12-20 12:32:34,290.21363636363634,11.0,207,3192.35,4.0,5.0,5.0,14.0,Champions
436,2024-02-15,affiliate,DE,3.0,1173.69,529.6999999999999,2024-04-14 16:56:25,2024-09-14 18:10:20,391.23,108.0,320,1173.69,1.0,2.0,3.0,6.0,Lost
437,2024-07-26,organic,US,10.0,3098.16,1562.9,2024-08-23 06:57:35,2024-12-31 18:54:31,309.816,0.0,158,3098.16,5.0,5.0,5.0,15.0,Champions
438,2024-12-05,paid_search,US,3.0,439.8,197.25,2024-12-05 00:01:38,2024-12-30 12:42:15,146.6,1.0,26,439.8,5.0,2.0,1.0,8.0,New Customers
439,2024-01-30,referral,US,3.0,1394.96,638.85,2024-02-29 09:01:46,2024-04-23 09:39:46,464.9866666666667,252.0,336,1394.96,1.0,2.0,4.0,7.0,Lost
440,2024-05-25,affiliate,DE,0.0,0.0,0.0,,,0.0,220.0,220,0.0,,,,,No Orders
441,2024-12-22,organic,US,1.0,69.64,26.799999999999997,2024-12-25 14:14:15,2024-12-25 14:14:15,69.64,6.0,9,69.64,4.0,1.0,1.0,6.0,New Customers
442,2024-04-20,organic,US,3.0,1325.39,566.68,2024-07-03 11:54:30,2024-11-21 08:43:48,441.7966666666667,40.0,255,1325.39,2.0,2.0,3.0,7.0,Lost
443,2024-02-18,organic,US,12.0,2694.3999999999996,1303.04,2024-04-05 15:31:26,2024-12-05 09:33:03,224.5333333333333,26.0,317,2694.3999999999996,3.0,5.0,5.0,13.0,Loyal Customers
444,2024-06-27,organic,US,1.0,266.03000000000003,99.70000000000002,2024-12-08 19:33:50,2024-12-08 19:33:50,266.03000000000003,23.0,187,266.03000000000003,3.0,1.0,1.0,5.0,Others
445,2024-07-05,organic,AU,1.0,41.519999999999996,21.85,2024-09-20 14:01:23,2024-09-20 14:01:23,41.519999999999996,102.0,179,41.519999999999996,1.0,1.0,1.0,3.0,Lost
446,2024-08-30,social,US,7.0,3228.72,1553.7199999999998,2024-09-08 12:17:05,2024-11-26 13:16:08,461.24571428571426,35.0,123,3228.72,3.0,4.0,5.0,12.0,Loyal Customers
447,2024-04-24,referral,FR,2.0,354.75,172.29000000000002,2024-06-05 15:45:53,2024-10-12 09:23:39,177.375,80.0,251,354.75,2.0,1.0,1.0,4.0,Lost
448,2024-12-15,paid_search,CA,5.0,989.78,515.0100000000001,2024-12-20 10:00:07,2024-12-29 18:56:48,197.956,2.0,16,989.78,5.0,3.0,3.0,11.0,Loyal Customers
449,2024-07-09,social,US,2.0,556.72,237.3,2024-10-07 06:32:57,2024-11-15 20:26:26,278.36,46.0,175,556.72,2.0,1.0,2.0,5.0,Lost
450,2024-04-14,organic,CA,10.0,3377.27,1677.33,2024-05-02 00:43:40,2024-12-26 16:34:43,337.727,5.0,261,3377.27,5.0,5.0,5.0,15.0,Champions
451,2024-12-17,email,FR,7.0,3261.4300000000003,1411.78,2024-12-18 15:15:24,2024-12-29 15:50:29,465.91857142857145,2.0,14,3261.4300000000003,5.0,4.0,5.0,14.0,Champions
452,2024-12-04,social,GB,5.0,1433.24,739.91,2024-12-08 02:30:51,2024-12-18 08:53:40,286.648,13.0,27,1433.24,4.0,3.0,4.0,11.0,Loyal Customers
453,2024-07-01,referral,US,7.0,2553.4,1217.91,2024-07-09 19:14:04,2024-11-08 15:14:04,364.7714285714286,53.0,183,2553.4,2.0,4.0,5.0,11.0,At Risk
454,2024-01-10,referral,US,6.0,2092.7,1005.12,2024-01-21 17:38:06,2024-12-24 09:31:27,348.7833333333333,7.0,356,2092.7,4.0,4.0,4.0,12.0,Champions
455,2024-08-06,paid_search,SE,2.0,1113.33,545.1500000000001,2024-08-21 09:11:20,2024-11-06 07:17:59,556.665,55.0,147,1113.33,2.0,1.0,3.0,6.0,Lost
456,2024-07-22,organic,CA,9.0,2744.0,1308.8400000000001,2024-07-27 03:47:52,2024-12-29 17:18:49,304.8888888888889,2.0,162,2744.0,5.0,5.0,5.0,15.0,Champions
457,2024-02-24,organic,NL,4.0,1569.6599999999999,735.73,2024-07-14 11:28:56,2024-10-26 04:00:22,392.41499999999996,66.0,311,1569.6599999999999,2.0,3.0,4.0,9.0,At Risk
458,2024-08-20,paid_search,NL,5.0,1043.32,446.61,2024-10-04 13:39:06,2024-11-22 19:23:00,208.664,39.0,133,1043.32,2.0,3.0,3.0,8.0,At Risk
459,2024-11-03,referral,US,9.0,2238.63,1090.5900000000001,2024-11-03 01:13:28,2024-12-26 03:55:41,248.73666666666668,5.0,58,2238.63,5.0,5.0,5.0,15.0,Champions
460,2024-02-08,paid_search,CA,11.0,3824.24,1863.54,2024-02-21 09:34:08,2024-12-16 02:28:13,347.6581818181818,15.0,327,3824.24,4.0,5.0,5.0,14.0,Champions
461,2024-09-21,email,GB,0.0,0.0,0.0,,,0.0,101.0,101,0.0,,,,,No Orders
462,2024-02-21,paid_search,CA,1.0,167.04,90.19,2024-08-01 05:30:32,2024-08-01 05:30:32,167.04,152.0,314,167.04,1.0,1.0,1.0,3.0,Lost
463,2024-10-01,organic,US,1.0,623.88,304.0,2024-12-21 22:58:24,2024-12-21 22:58:24,623.88,10.0,91,623.88,4.0,1.0,2.0,7.0,New Customers
464,2024-06-02,organic,US,2.0,400.59999999999997,206.80999999999997,2024-07-14 15:35:59,2024-08-15 05:44:40,200.29999999999998,138.0,212,400.59999999999997,1.0,1.0,1.0,3.0,Lost
465,2024-01-03,social,CA,0.0,0.0,0.0,,,0.0,363.0,363,0.0,,,,,No Orders
466,2024-12-19,social,CA,2.0,572.98,286.82,2024-12-21 04:37:26,2024-12-27 06:52:22,286.49,4.0,12,572.98,5.0,1.0,2.0,8.0,New Customers
467,2024-03-01,paid_search,DE,3.0,544.95,236.98,2024-04-27 08:47:08,2024-09-04 20:34:46,181.65,118.0,305,544.95,1.0,2.0,2.0,5.0,Lost
468,2024-08-06,organic,US,4.0,846.79,385.03000000000003,2024-08-09 22:38:06,2024-12-29 20:27:27,211.6975,2.0,147,846.79,5.0,3.0,2.0,10.0,Potential Loyalists
469,2024-03-07,social,US,1.0,108.23,41.59,2024-05-31 04:22:57,2024-05-31 04:22:57,108.23,214.0,299,108.23,1.0,1.0,1.0,3.0,Lost
470,2024-12-07,organic,SE,7.0,1477.02,761.14,2024-12-07 02:07:31,2024-12-28 16:13:52,211.00285714285715,3.0,24,1477.02,5.0,4.0,4.0,13.0,Champions
471,2024-09-27,referral,GB,3.0,320.17999999999995,164.69,2024-10-29 14:08:06,2024-12-11 16:58:18,106.72666666666665,20.0,95,320.17999999999995,3.0,2.0,1.0,6.0,Others
472,2024-10-21,organic,GB,5.0,1126.53,474.9599999999999,2024-11-11 13:31:04,2024-12-30 23:07:38,225.30599999999998,1.0,71,1126.53,5.0,3.0,3.0,11.0,Loyal Customers
473,2024-06-07,organic,GB,2.0,913.25,450.84000000000003,2024-07-16 02:40:46,2024-07-31 18:35:56,456.625,153.0,207,913.25,1.0,1.0,3.0,5.0,Lost
474,2024-06-20,paid_search,US,6.0,2282.88,947.6099999999999,2024-07-14 21:20:09,2024-12-11 01:26:44,380.48,20.0,194,2282.88,3.0,4.0,5.0,12.0,Loyal Customers
475,2024-08-20,paid_search,GB,2.0,1075.1,529.8,2024-09-08 18:25:44,2024-12-01 09:20:19,537.55,30.0,133,1075.1,3.0,1.0,3.0,7.0,Others
476,2024-10-14,paid_search,GB,6.0,1325.77,619.2900000000001,2024-11-07 16:20:43,2024-12-24 10:06:59,220.96166666666667,7.0,78,1325.77,4.0,4.0,3.0,11.0,Loyal Customers
477,2024-11-05,paid_search,CA,4.0,2166.85,1059.4199999999998,2024-11-06 10:28:10,2024-12-29 06:34:42,541.7125,2.0,56,2166.85,5.0,3.0,4.0,12.0,Loyal Customers
478,2024-01-07,affiliate,NL,1.0,292.9,155.5,2024-08-14 13:47:48,2024-08-14 13:47:48,292.9,139.0,359,292.9,1.0,1.0,1.0,3.0,Lost
479,2024-08-30,paid_search,NL,0.0,0.0,0.0,,,0.0,123.0,123,0.0,,,,,No Orders
480,2024-02-09,paid_search,DE,2.0,218.63,107.39,2024-04-16 05:57:17,2024-08-03 06:33:40,109.315,150.0,326,218.63,1.0,1.0,1.0,3.0,Lost
481,2024-04-15,paid_search,GB,1.0,180.45999999999998,99.6,2024-06-05 00:33:05,2024-06-05 00:33:05,180.45999999999998,209.0,260,180.45999999999998,1.0,1.0,1.0,3.0,Lost
482,2024-10-30,organic,FR,1.0,540.01,292.23,2024-11-24 06:59:32,2024-11-24 06:59:32,540.01,37.0,62,540.01,3.0,1.0,2.0,6.0,Others
483,2024-04-01,social,AU,0.0,0.0,0.0,,,0.0,274.0,274,0.0,,,,,No Orders
484,2024-10-18,organic,DE,0.0,0.0,0.0,,,0.0,74.0,74,0.0,,,,,No Orders
485,2024-06-18,social,FR,4.0,721.18,414.09,2024-06-26 07:18:23,2024-11-24 23:42:53,180.295,37.0,196,721.18,3.0,3.0,2.0,8.0,Potential Loyalists
486,2024-03-26,organic,CA,3.0,1284.6200000000001,570.26,2024-07-30 13:13:37,2024-11-30 19:17:44,428.2066666666667,31.0,280,1284.6200000000001,3.0,2.0,3.0,8.0,Potential Loyalists
487,2024-05-02,affiliate,FR,1.0,23.16,8.06,2024-09-08 04:07:12,2024-09-08 04:07:12,23.16,114.0,243,23.16,1.0,1.0,1.0,3.0,Lost
488,2024-07-13,paid_search,CA,7.0,3551.49,1743.5,2024-07-20 03:52:16,2024-12-16 18:28:22,507.35571428571427,15.0,171,3551.49,4.0,4.0,5.0,13.0,Champions
489,2024-10-07,referral,US,6.0,1460.46,658.1899999999999,2024-11-21 01:42:01,2024-12-21 15:41:26,243.41,10.0,85,1460.46,4.0,4.0,4.0,12.0,Champions
490,2024-08-09,paid_search,GB,6.0,2034.39,966.2500000000001,2024-09-06 06:21:28,2024-11-24 19:47:23,339.065,37.0,144,2034.39,3.0,4.0,4.0,11.0,Loyal Customers
491,2024-12-07,organic,DE,3.0,1729.48,892.4000000000001,2024-12-15 22:10:21,2024-12-23 13:29:19,576.4933333333333,8.0,24,1729.48,4.0,2.0,4.0,10.0,New Customers
492,2024-11-13,email,US,6.0,1771.85,821.04,2024-11-19 15:52:47,2024-12-29 21:05:10,295.30833333333334,2.0,48,1771.85,5.0,4.0,4.0,13.0,Champions
493,2024-10-02,social,AU,10.0,2676.2,1228.3400000000001,2024-10-06 19:14:22,2024-12-27 00:41:42,267.62,4.0,90,2676.2,5.0,5.0,5.0,15.0,Champions
494,2024-08-08,email,DE,3.0,1275.88,523.37,2024-09-05 01:56:01,2024-10-12 19:30:33,425.29333333333335,80.0,145,1275.88,2.0,2.0,3.0,7.0,Lost
495,2024-04-16,paid_search,US,1.0,51.21,28.3,2024-07-03 17:41:25,2024-07-03 17:41:25,51.21,181.0,259,51.21,1.0,1.0,1.0,3.0,Lost
496,2024-05-31,social,CA,0.0,0.0,0.0,,,0.0,214.0,214,0.0,,,,,No Orders
497,2024-02-13,email,FR,1.0,451.47,266.45,2024-06-11 23:52:32,2024-06-11 23:52:32,451.47,203.0,322,451.47,1.0,1.0,1.0,3.0,Lost
498,2024-05-16,social,CA,0.0,0.0,0.0,,,0.0,229.0,229,0.0,,,,,No Orders
499,2024-12-05,paid_search,US,12.0,4107.47,1775.9,2024-12-05 06:10:29,2024-12-26 22:29:03,342.2891666666667,5.0,26,4107.47,5.0,5.0,5.0,15.0,Champions
500,2024-06-04,social,AU,10.0,2136.8,902.0799999999999,2024-07-17 12:42:48,2024-12-26 23:48:46,213.68,5.0,210,2136.8,5.0,5.0,4.0,14.0,Champions
501,2024-02-11,social,US,6.0,1226.63,579.16,2024-02-17 14:52:04,2024-12-23 10:06:15,204.43833333333336,8.0,324,1226.63,4.0,4.0,3.0,11.0,Loyal Customers
502,2024-08-26,affiliate,DE,13.0,3801.2700000000004,1820.8500000000001,2024-08-30 19:30:17,2024-12-05 01:45:00,292.40538461538466,26.0,127,3801.2700000000004,3.0,5.0,5.0,13.0,Loyal Customers
503,2024-12-18,paid_search,US,0.0,0.0,0.0,,,0.0,13.0,13,0.0,,,,,No Orders
504,2024-11-13,paid_search,DE,4.0,1090.3,522.76,2024-12-04 12:41:13,2024-12-19 05:37:17,272.575,12.0,48,1090.3,4.0,3.0,3.0,10.0,Loyal Customers
505,2024-04-10,email,FR,8.0,2212.61,989.62,2024-06-11 10:48:10,2024-11-10 11:16:23,276.57625,51.0,265,2212.61,2.0,5.0,4.0,11.0,At Risk
506,2024-06-15,paid_search,DE,14.0,3779.38,1800.29,2024-06-28 11:01:51,2024-12-30 00:24:24,269.9557142857143,1.0,199,3779.38,5.0,5.0,5.0,15.0,Champions
507,2024-07-13,social,GB,0.0,0.0,0.0,,,0.0,171.0,171,0.0,,,,,No Orders
508,2024-03-31,paid_search,CA,0.0,0.0,0.0,,,0.0,275.0,275,0.0,,,,,No Orders
509,2024-04-08,organic,FR,1.0,740.31,342.81,2024-07-05 13:36:43,2024-07-05 13:36:43,740.31,179.0,267,740.31,1.0,1.0,2.0,4.0,Lost
510,2024-03-27,email,US,3.0,915.3499999999999,440.38,2024-04-15 05:19:39,2024-08-02 13:09:07,305.1166666666666,151.0,279,915.3499999999999,1.0,2.0,3.0,6.0,Lost
511,2024-12-30,organic,NL,6.0,1812.88,818.32,2024-12-30 05:29:45,2024-12-31 23:11:25,302.1466666666667,0.0,1,1812.88,5.0,4.0,4.0,13.0,Champions
512,2024-09-30,organic,FR,1.0,19.04,9.52,2024-11-13 13:48:57,2024-11-13 13:48:57,19.04,48.0,92,19.04,2.0,1.0,1.0,4.0,Lost
513,2024-11-03,social,SE,5.0,1393.44,685.59,2024-11-06 14:14:46,2024-12-25 15:50:12,278.688,6.0,58,1393.44,4.0,3.0,4.0,11.0,Loyal Customers
514,2024-10-25,email,SE,8.0,3116.31,1612.52,2024-10-28 18:39:32,2024-12-23 07:26:35,389.53875,8.0,67,3116.31,4.0,5.0,5.0,14.0,Champions
515,2024-12-17,referral,NL,1.0,524.25,220.66999999999996,2024-12-30 16:37:50,2024-12-30 16:37:50,524.25,1.0,14,524.25,5.0,1.0,2.0,8.0,New Customers
516,2024-02-08,organic,CA,0.0,0.0,0.0,,,0.0,327.0,327,0.0,,,,,No Orders
517,2024-11-18,organic,DE,4.0,1311.98,699.58,2024-11-20 06:49:08,2024-12-30 01:35:50,327.995,1.0,43,1311.98,5.0,3.0,3.0,11.0,Loyal Customers
518,2024-01-25,affiliate,US,12.0,3721.65,1748.98,2024-02-09 18:06:26,2024-11-29 01:20:50,310.1375,32.0,341,3721.65,3.0,5.0,5.0,13.0,Loyal Customers
519,2024-06-23,organic,GB,5.0,1577.51,687.52,2024-08-13 22:31:41,2024-12-06 18:25:04,315.502,25.0,191,1577.51,3.0,3.0,4.0,10.0,Loyal Customers
520,2024-08-05,organic,CA,3.0,1191.31,544.0300000000001,2024-08-24 16:29:56,2024-12-28 15:59:25,397.1033333333333,3.0,148,1191.31,5.0,2.0,3.0,10.0,New Customers
521,2024-05-10,organic,GB,1.0,381.38,164.0,2024-12-20 05:48:50,2024-12-20 05:48:50,381.38,11.0,235,381.38,4.0,1.0,1.0,6.0,New Customers
522,2024-02-23,paid_search,AU,4.0,1158.1200000000001,494.88,2024-03-16 14:30:18,2024-09-18 13:29:36,289.53000000000003,104.0,312,1158.1200000000001,1.0,3.0,3.0,7.0,At Risk
523,2024-03-11,referral,US,9.0,3160.5499999999997,1585.6100000000001,2024-03-13 02:43:43,2024-11-04 21:34:05,351.1722222222222,57.0,295,3160.5499999999997,2.0,5.0,5.0,12.0,At Risk
524,2024-10-28,email,US,2.0,264.05,126.32,2024-11-20 04:00:18,2024-12-26 06:16:15,132.025,5.0,64,264.05,5.0,1.0,1.0,7.0,New Customers
525,2024-04-26,social,GB,11.0,3828.24,1987.6000000000001,2024-04-27 11:35:54,2024-12-19 17:17:47,348.02181818181816,12.0,249,3828.24,4.0,5.0,5.0,14.0,Champions
526,2024-04-23,organic,GB,12.0,3086.84,1402.79,2024-04-29 18:08:53,2024-12-17 08:45:10,257.2366666666667,14.0,252,3086.84,4.0,5.0,5.0,14.0,Champions
527,2024-12-03,paid_search,US,7.0,1242.1599999999999,597.18,2024-12-12 18:37:37,2024-12-26 09:47:09,177.45142857142855,5.0,28,1242.1599999999999,5.0,4.0,3.0,12.0,Loyal Customers
528,2024-02-22,paid_search,US,10.0,3385.27,1749.86,2024-03-21 09:37:32,2024-11-11 14:20:58,338.527,50.0,313,3385.27,2.0,5.0,5.0,12.0,At Risk
529,2024-11-30,organic,AU,1.0,185.91,97.30000000000001,2024-12-08 19:55:41,2024-12-08 19:55:41,185.91,23.0,31,185.91,3.0,1.0,1.0,5.0,Others
530,2024-12-03,organic,GB,2.0,344.56,162.14,2024-12-03 01:37:34,2024-12-17 10:00:14,172.28,14.0,28,344.56,4.0,1.0,1.0,6.0,New Customers
531,2024-08-07,organic,US,0.0,0.0,0.0,,,0.0,146.0,146,0.0,,,,,No Orders
532,2024-03-01,organic,US,0.0,0.0,0.0,,,0.0,305.0,305,0.0,,,,,No Orders
533,2024-02-27,paid_search,GB,8.0,1610.46,732.46,2024-06-09 21:19:41,2024-11-04 06:52:15,201.3075,57.0,308,1610.46,2.0,5.0,4.0,11.0,At Risk
534,2024-04-14,social,US,9.0,2276.28,1124.79,2024-05-25 15:57:56,2024-12-05 11:17:37,252.92000000000002,26.0,261,2276.28,3.0,5.0,5.0,13.0,Loyal Customers
535,2024-07-30,organic,FR,4.0,1153.8600000000001,556.69,2024-08-09 12:22:49,2024-11-11 21:48:53,288.46500000000003,50.0,154,1153.8600000000001,2.0,3.0,3.0,8.0,At Risk
536,2024-02-26,paid_search,CA,4.0,1443.74,755.99,2024-03-16 03:01:30,2024-09-18 05:12:44,360.935,104.0,309,1443.74,1.0,3.0,4.0,8.0,At Risk
537,2024-06-15,email,US,4.0,1940.5,964.01,2024-07-18 09:20:41,2024-10-01 04:19:24,485.125,91.0,199,1940.5,1.0,3.0,4.0,8.0,At Risk
538,2024-02-12,email,DE,4.0,1389.97,644.96,2024-07-11 05:00:24,2024-11-24 12:43:46,347.4925,37.0,323,1389.97,3.0,3.0,4.0,10.0,Loyal Customers
539,2024-07-16,email,US,1.0,254.63,100.70000000000002,2024-09-17 16:05:09,2024-09-17 16:05:09,254.63,105.0,168,254.63,1.0,1.0,1.0,3.0,Lost
540,2024-01-08,paid_search,US,4.0,979.4100000000001,423.98,2024-01-21 13:15:24,2024-09-17 14:51:17,244.85250000000002,105.0,358,979.4100000000001,1.0,3.0,3.0,7.0,At Risk
541,2024-09-16,email,AU,11.0,3739.38,1872.6999999999998,2024-09-16 08:31:17,2024-12-13 07:22:11,339.94363636363636,18.0,106,3739.38,3.0,5.0,5.0,13.0,Loyal Customers
542,2024-01-21,organic,GB,1.0,545.01,302.35,2024-02-04 13:43:29,2024-02-04 13:43:29,545.01,331.0,345,545.01,1.0,1.0,2.0,4.0,Lost
543,2024-03-12,paid_search,AU,1.0,315.77,140.70999999999998,2024-07-25 15:28:15,2024-07-25 15:28:15,315.77,159.0,294,315.77,1.0,1.0,1.0,3.0,Lost
544,2024-03-04,organic,US,1.0,92.97,53.43,2024-05-05 00:45:07,2024-05-05 00:45:07,92.97,240.0,302,92.97,1.0,1.0,1.0,3.0,Lost
545,2024-10-31,paid_search,US,4.0,438.1,251.35000000000002,2024-11-28 13:27:10,2024-12-26 10:17:20,109.525,5.0,61,438.1,5.0,3.0,1.0,9.0,Others
546,2024-01-20,paid_search,GB,2.0,1057.94,594.6899999999999,2024-04-10 23:20:11,2024-05-25 03:46:09,528.97,220.0,346,1057.94,1.0,1.0,3.0,5.0,Lost
547,2024-06-06,organic,GB,1.0,321.67999999999995,155.51999999999998,2024-09-05 14:05:52,2024-09-05 14:05:52,321.67999999999995,117.0,208,321.67999999999995,1.0,1.0,1.0,3.0,Lost
548,2024-08-04,email,SE,1.0,95.57,41.46,2024-09-18 14:18:52,2024-09-18 14:18:52,95.57,104.0,149,95.57,1.0,1.0,1.0,3.0,Lost
549,2024-07-07,organic,US,1.0,181.75,86.22999999999999,2024-10-31 05:15:16,2024-10-31 05:15:16,181.75,61.0,177,181.75,2.0,1.0,1.0,4.0,Lost
550,2024-09-06,organic,AU,1.0,640.84,322.97,2024-11-28 05:38:45,2024-11-28 05:38:45,640.84,33.0,116,640.84,3.0,1.0,2.0,6.0,Others
551,2024-10-20,organic,AU,5.0,1507.01,683.5799999999999,2024-10-31 05:03:11,2024-12-23 01:44:33,301.402,8.0,72,1507.01,4.0,3.0,4.0,11.0,Loyal Customers
552,2024-05-24,paid_search,GB,3.0,1179.9,616.5,2024-08-19 05:27:29,2024-12-12 17:25:03,393.3,19.0,221,1179.9,3.0,2.0,3.0,8.0,Potential Loyalists
553,2024-10-30,organic,US,1.0,486.73,267.49,2024-12-30 20:18:19,2024-12-30 20:18:19,486.73,1.0,62,486.73,5.0,1.0,2.0,8.0,New Customers
554,2024-04-26,paid_search,GB,9.0,1989.97,955.89,2024-05-21 07:13:49,2024-12-20 08:20:11,221.10777777777778,11.0,249,1989.97,4.0,5.0,4.0,13.0,Champions
555,2024-12-26,organic,US,2.0,860.44,463.94000000000005,2024-12-27 04:09:03,2024-12-27 17:34:55,430.22,4.0,5,860.44,5.0,1.0,2.0,8.0,New Customers
556,2024-07-03,email,CA,0.0,0.0,0.0,,,0.0,181.0,181,0.0,,,,,No Orders
557,2024-09-26,referral,GB,6.0,1129.23,580.6800000000001,2024-10-03 09:41:41,2024-11-27 12:26:20,188.205,34.0,96,1129.23,3.0,4.0,3.0,10.0,Loyal Customers
558,2024-11-16,paid_search,NL,9.0,3704.46,1719.72,2024-11-23 02:42:39,2024-12-31 14:39:11,411.6066666666667,0.0,45,3704.46,5.0,5.0,5.0,15.0,Champions
559,2024-10-17,social,DE,3.0,1070.99,462.05,2024-11-11 13:58:32,2024-12-16 12:06:07,356.99666666666667,15.0,75,1070.99,4.0,2.0,3.0,9.0,New Customers
560,2024-11-07,referral,GB,2.0,112.87,44.49000000000001,2024-12-03 21:11:05,2024-12-22 00:58:41,56.435,9.0,54,112.87,4.0,1.0,1.0,6.0,New Customers
561,2024-07-15,affiliate,FR,10.0,2900.94,1365.74,2024-08-31 19:16:04,2024-12-13 18:33:51,290.094,18.0,169,2900.94,3.0,5.0,5.0,13.0,Loyal Customers
562,2024-01-16,social,GB,16.0,4794.67,2257.93,2024-01-16 03:50:54,2024-12-25 01:58:28,299.666875,6.0,350,4794.67,4.0,5.0,5.0,14.0,Champions
563,2024-06-29,referral,NL,2.0,449.80000000000007,203.71000000000004,2024-10-01 02:10:17,2024-11-19 06:54:41,224.90000000000003,42.0,185,449.80000000000007,2.0,1.0,1.0,4.0,Lost
564,2024-03-07,referral,US,4.0,1129.71,560.92,2024-04-28 05:04:26,2024-11-02 05:25:17,282.4275,59.0,299,1129.71,2.0,3.0,3.0,8.0,At Risk
565,2024-11-21,email,SE,4.0,1342.46,589.92,2024-11-25 15:13:00,2024-12-15 20:06:42,335.615,16.0,40,1342.46,4.0,3.0,3.0,10.0,Loyal Customers
566,2024-03-27,paid_search,CA,4.0,996.12,517.1800000000001,2024-06-05 16:20:14,2024-12-05 21:33:20,249.03,26.0,279,996.12,3.0,3.0,3.0,9.0,Loyal Customers
567,2024-03-24,organic,AU,10.0,2722.84,1346.72,2024-04-03 08:11:58,2024-12-20 08:41:02,272.284,11.0,282,2722.84,4.0,5.0,5.0,14.0,Champions
568,2024-04-01,organic,GB,4.0,1691.52,812.9300000000001,2024-04-07 05:47:05,2024-08-24 21:52:24,422.88,129.0,274,1691.52,1.0,3.0,4.0,8.0,At Risk
569,2024-08-23,paid_search,AU,5.0,1442.7,683.5400000000001,2024-09-03 08:17:44,2024-12-31 19:59:53,288.54,0.0,130,1442.7,5.0,3.0,4.0,12.0,Loyal Customers
570,2024-07-28,paid_search,US,2.0,45.2,23.130000000000003,2024-09-11 15:35:31,2024-10-09 22:51:40,22.6,83.0,156,45.2,1.0,1.0,1.0,3.0,Lost
571,2024-12-13,paid_search,CA,11.0,2528.06,1122.77,2024-12-18 04:03:47,2024-12-29 07:41:14,229.82363636363635,2.0,18,2528.06,5.0,5.0,5.0,15.0,Champions
572,2024-06-01,social,US,1.0,284.94,127.92,2024-11-14 13:22:17,2024-11-14 13:22:17,284.94,47.0,213,284.94,2.0,1.0,1.0,4.0,Lost
573,2024-04-13,paid_search,US,5.0,1235.77,582.1,2024-06-27 04:42:57,2024-12-21 12:40:05,247.154,10.0,262,1235.77,4.0,3.0,3.0,10.0,Loyal Customers
574,2024-01-19,email,GB,1.0,186.54000000000002,103.76,2024-06-30 05:02:31,2024-06-30 05:02:31,186.54000000000002,184.0,347,186.54000000000002,1.0,1.0,1.0,3.0,Lost
575,2024-01-03,organic,US,5.0,1916.6100000000001,876.98,2024-02-09 05:01:19,2024-09-02 09:16:30,383.322,120.0,363,1916.6100000000001,1.0,3.0,4.0,8.0,At Risk
576,2024-05-16,organic,US,1.0,19.2,7.859999999999999,2024-07-03 20:10:45,2024-07-03 20:10:45,19.2,181.0,229,19.2,1.0,1.0,1.0,3.0,Lost
577,2024-12-04,email,CA,5.0,2061.82,1043.5,2024-12-16 14:34:36,2024-12-25 06:26:04,412.36400000000003,6.0,27,2061.82,4.0,3.0,4.0,11.0,Loyal Customers
578,2024-07-10,email,US,4.0,1199.09,471.5,2024-07-10 01:36:12,2024-11-06 01:47:34,299.7725,55.0,174,1199.09,2.0,3.0,3.0,8.0,At Risk
579,2024-11-23,affiliate,CA,2.0,499.39,245.05,2024-11-27 22:15:35,2024-11-30 17:20:35,249.695,31.0,38,499.39,3.0,1.0,2.0,6.0,Others
580,2024-02-07,referral,US,6.0,2961.8,1357.0900000000001,2024-02-13 11:02:14,2024-12-23 15:59:07,493.6333333333334,8.0,328,2961.8,4.0,4.0,5.0,13.0,Champions
581,2024-02-04,referral,CA,3.0,1230.54,612.15,2024-06-01 06:10:39,2024-08-25 14:07:14,410.18,128.0,331,1230.54,1.0,2.0,3.0,6.0,Lost
582,2024-11-01,organic,CA,22.0,6893.33,3059.18,2024-11-03 07:29:01,2024-12-31 08:32:33,313.3331818181818,0.0,60,6893.33,5.0,5.0,5.0,15.0,Champions
583,2024-02-09,paid_search,US,5.0,1825.48,816.76,2024-02-21 23:04:04,2024-12-31 02:18:36,365.096,0.0,326,1825.48,5.0,3.0,4.0,12.0,Loyal Customers
584,2024-01-20,organic,FR,2.0,556.96,285.87,2024-05-03 13:15:44,2024-05-11 04:24:29,278.48,234.0,346,556.96,1.0,1.0,2.0,4.0,Lost
585,2024-05-27,social,NL,0.0,0.0,0.0,,,0.0,218.0,218,0.0,,,,,No Orders
586,2024-12-04,referral,CA,2.0,817.83,408.27,2024-12-10 00:34:10,2024-12-12 23:01:57,408.915,19.0,27,817.83,3.0,1.0,2.0,6.0,Others
587,2024-09-09,paid_search,US,0.0,0.0,0.0,,,0.0,113.0,113,0.0,,,,,No Orders
588,2024-02-06,paid_search,GB,1.0,120.63,42.18000000000001,2024-10-19 23:16:13,2024-10-19 23:16:13,120.63,73.0,329,120.63,2.0,1.0,1.0,4.0,Lost
589,2024-11-02,organic,CA,3.0,485.7,248.75,2024-11-08 04:57:27,2024-12-27 22:01:43,161.9,4.0,59,485.7,5.0,2.0,2.0,9.0,New Customers
590,2024-11-04,organic,US,5.0,1351.15,602.23,2024-11-22 04:59:00,2024-12-28 13:22:54,270.23,3.0,57,1351.15,5.0,3.0,3.0,11.0,Loyal Customers
591,2024-10-20,organic,CA,6.0,1836.83,863.91,2024-10-24 17:47:55,2024-12-30 14:46:23,306.1383333333333,1.0,72,1836.83,5.0,4.0,4.0,13.0,Champions
592,2024-11-26,organic,US,0.0,0.0,0.0,,,0.0,35.0,35,0.0,,,,,No Orders
593,2024-03-28,referral,CA,8.0,1730.48,894.83,2024-06-24 22:21:49,2024-12-13 09:30:24,216.31,18.0,278,1730.48,3.0,5.0,4.0,12.0,Loyal Customers
594,2024-12-24,paid_search,US,1.0,99.37,57.28,2024-12-25 11:11:43,2024-12-25 11:11:43,99.37,6.0,7,99.37,4.0,1.0,1.0,6.0,New Customers
595,2024-04-27,email,US,4.0,1434.0,758.48,2024-09-05 19:17:53,2024-10-18 01:04:21,358.5,74.0,248,1434.0,2.0,3.0,4.0,9.0,At Risk
596,2024-10-20,social,SE,1.0,467.63,224.21000000000004,2024-12-09 14:27:55,2024-12-09 14:27:55,467.63,22.0,72,467.63,3.0,1.0,2.0,6.0,Others
597,2024-07-31,organic,AU,2.0,649.26,380.03999999999996,2024-10-10 00:11:08,2024-11-18 21:22:07,324.63,43.0,153,649.26,2.0,1.0,2.0,5.0,Lost
598,2024-10-12,organic,AU,12.0,4581.88,2120.04,2024-10-19 06:29:40,2024-12-16 01:37:33,381.8233333333333,15.0,80,4581.88,4.0,5.0,5.0,14.0,Champions
599,2024-08-17,email,NL,24.0,5527.79,2553.19,2024-08-17 10:49:36,2024-12-28 09:53:23,230.32458333333332,3.0,136,5527.79,5.0,5.0,5.0,15.0,Champions
600,2024-08-23,organic,GB,2.0,574.63,173.96,2024-10-01 19:00:43,2024-10-05 22:27:26,287.315,87.0,130,574.63,1.0,1.0,2.0,4.0,Lost
601,2024-08-13,referral,US,3.0,942.9300000000001,370.88,2024-08-24 01:32:59,2024-11-04 05:14:47,314.31,57.0,140,942.9300000000001,2.0,2.0,3.0,7.0,Lost
602,2024-10-12,organic,US,2.0,736.57,301.81000000000006,2024-11-07 09:38:24,2024-12-15 09:00:56,368.285,16.0,80,736.57,4.0,1.0,2.0,7.0,New Customers
603,2024-09-27,social,GB,3.0,749.75,376.59000000000003,2024-11-18 00:13:30,2024-12-28 16:34:50,249.91666666666666,3.0,95,749.75,5.0,2.0,2.0,9.0,New Customers
604,2024-02-19,email,US,5.0,918.76,456.54999999999995,2024-03-12 06:54:41,2024-05-18 23:47:43,183.752,227.0,316,918.76,1.0,3.0,3.0,7.0,At Risk
605,2024-10-29,organic,NL,0.0,0.0,0.0,,,0.0,63.0,63,0.0,,,,,No Orders
606,2024-07-15,organic,US,1.0,83.78,46.34,2024-07-15 00:07:22,2024-07-15 00:07:22,83.78,169.0,169,83.78,1.0,1.0,1.0,3.0,Lost
607,2024-04-28,affiliate,US,6.0,1424.59,674.27,2024-06-18 02:52:04,2024-12-18 10:14:26,237.43166666666664,13.0,247,1424.59,4.0,4.0,4.0,12.0,Champions
608,2024-07-07,organic,US,10.0,2605.17,1277.27,2024-07-14 16:02:08,2024-11-02 07:35:18,260.517,59.0,177,2605.17,2.0,5.0,5.0,12.0,At Risk
609,2024-12-19,paid_search,US,2.0,832.73,377.7299999999999,2024-12-22 03:54:35,2024-12-25 02:49:54,416.365,6.0,12,832.73,4.0,1.0,2.0,7.0,New Customers
610,2024-11-09,paid_search,US,3.0,1275.26,634.41,2024-11-10 12:23:24,2024-12-28 03:45:26,425.08666666666664,3.0,52,1275.26,5.0,2.0,3.0,10.0,New Customers
611,2024-11-01,organic,DE,6.0,1864.75,950.64,2024-11-08 05:32:35,2024-12-29 11:54:51,310.7916666666667,2.0,60,1864.75,5.0,4.0,4.0,13.0,Champions
612,2024-06-18,email,US,8.0,2658.86,1216.18,2024-07-03 06:29:38,2024-11-25 23:37:26,332.3575,36.0,196,2658.86,3.0,5.0,5.0,13.0,Loyal Customers
613,2024-10-13,email,DE,2.0,857.0899999999999,288.95,2024-10-31 22:34:16,2024-11-04 05:38:54,428.54499999999996,57.0,79,857.0899999999999,2.0,1.0,2.0,5.0,Lost
614,2024-05-20,paid_search,AU,5.0,1357.21,570.2700000000001,2024-07-29 23:59:59,2024-10-29 05:14:54,271.442,63.0,225,1357.21,2.0,3.0,3.0,8.0,At Risk
615,2024-09-08,email,DE,0.0,0.0,0.0,,,0.0,114.0,114,0.0,,,,,No Orders
616,2024-08-22,organic,FR,1.0,163.84,90.94,2024-08-23 00:39:15,2024-08-23 00:39:15,163.84,130.0,131,163.84,1.0,1.0,1.0,3.0,Lost
617,2024-04-01,organic,US,5.0,2454.57,1037.9299999999998,2024-04-03 17:12:24,2024-12-18 04:58:38,490.91400000000004,13.0,274,2454.57,4.0,3.0,5.0,12.0,Loyal Customers
618,2024-04-07,social,US,1.0,143.2,61.94999999999999,2024-04-13 11:58:28,2024-04-13 11:58:28,143.2,262.0,268,143.2,1.0,1.0,1.0,3.0,Lost
619,2024-01-23,affiliate,US,6.0,1202.65,564.09,2024-05-18 09:41:56,2024-12-29 05:49:16,200.4416666666667,2.0,343,1202.65,5.0,4.0,3.0,12.0,Loyal Customers
620,2024-02-21,organic,SE,3.0,638.23,335.21999999999997,2024-09-02 06:18:05,2024-12-07 17:24:58,212.74333333333334,24.0,314,638.23,3.0,2.0,2.0,7.0,Potential Loyalists
621,2024-06-07,organic,DE,2.0,559.54,222.99,2024-06-21 19:28:49,2024-08-27 18:23:57,279.77,126.0,207,559.54,1.0,1.0,2.0,4.0,Lost
622,2024-06-23,paid_search,US,3.0,1779.99,891.95,2024-07-31 14:15:12,2024-11-19 11:41:27,593.33,42.0,191,1779.99,2.0,2.0,4.0,8.0,Lost
623,2024-03-01,email,GB,1.0,584.0899999999999,253.52999999999997,2024-03-25 15:58:00,2024-03-25 15:58:00,584.0899999999999,281.0,305,584.0899999999999,1.0,1.0,2.0,4.0,Lost
624,2024-06-01,organic,AU,1.0,261.44,146.90000000000003,2024-11-23 09:41:01,2024-11-23 09:41:01,261.44,38.0,213,261.44,2.0,1.0,1.0,4.0,Lost
625,2024-08-09,paid_search,FR,7.0,1445.99,725.31,2024-09-04 06:13:57,2024-12-30 01:29:17,206.57,1.0,144,1445.99,5.0,4.0,4.0,13.0,Champions
626,2024-03-26,email,DE,1.0,259.56,148.2,2024-07-10 05:45:20,2024-07-10 05:45:20,259.56,174.0,280,259.56,1.0,1.0,1.0,3.0,Lost
627,2024-05-03,paid_search,AU,4.0,1407.75,611.39,2024-07-10 04:43:14,2024-10-06 12:22:07,351.9375,86.0,242,1407.75,1.0,3.0,4.0,8.0,At Risk
628,2024-05-14,organic,FR,6.0,1583.03,737.8499999999999,2024-05-14 13:56:56,2024-11-27 08:02:46,263.8383333333333,34.0,231,1583.03,3.0,4.0,4.0,11.0,Loyal Customers
629,2024-07-03,organic,DE,9.0,2627.68,1268.8200000000002,2024-07-14 03:52:38,2024-11-17 12:15:32,291.96444444444444,44.0,181,2627.68,2.0,5.0,5.0,12.0,At Risk
630,2024-05-14,paid_search,US,3.0,903.3499999999999,445.54,2024-05-28 03:59:04,2024-11-14 01:19:37,301.1166666666666,47.0,231,903.3499999999999,2.0,2.0,3.0,7.0,Lost
631,2024-09-26,paid_search,US,2.0,913.89,413.07,2024-10-14 12:20:14,2024-10-15 16:22:57,456.945,77.0,96,913.89,2.0,1.0,3.0,6.0,Lost
632,2024-04-29,referral,SE,2.0,503.14000000000004,301.58000000000004,2024-10-02 09:26:39,2024-10-03 09:59:16,251.57000000000002,89.0,246,503.14000000000004,1.0,1.0,2.0,4.0,Lost
633,2024-06-07,social,DE,9.0,3911.56,1843.2900000000002,2024-06-14 09:40:10,2024-12-10 20:01:41,434.61777777777775,21.0,207,3911.56,3.0,5.0,5.0,13.0,Loyal Customers
634,2024-05-18,social,US,1.0,82.2,39.2,2024-08-15 14:37:23,2024-08-15 14:37:23,82.2,138.0,227,82.2,1.0,1.0,1.0,3.0,Lost
635,2024-03-07,affiliate,DE,3.0,567.58,297.9,2024-03-21 04:20:26,2024-11-21 22:19:49,189.19333333333336,40.0,299,567.58,2.0,2.0,2.0,6.0,Lost
636,2024-09-07,paid_search,US,1.0,217.2,140.25,2024-12-05 20:02:45,2024-12-05 20:02:45,217.2,26.0,115,217.2,3.0,1.0,1.0,5.0,Others
637,2024-03-27,paid_search,CA,1.0,374.3,156.10999999999999,2024-05-19 13:06:05,2024-05-19 13:06:05,374.3,226.0,279,374.3,1.0,1.0,1.0,3.0,Lost
638,2024-04-18,referral,US,7.0,1928.94,996.2,2024-06-10 08:32:21,2024-12-30 16:53:26,275.5628571428571,1.0,257,1928.94,5.0,4.0,4.0,13.0,Champions
639,2024-10-17,organic,CA,2.0,405.64,233.22000000000003,2024-11-22 01:45:33,2024-12-13 10:15:21,202.82,18.0,75,405.64,3.0,1.0,1.0,5.0,Others
640,2024-12-13,social,GB,10.0,4462.14,2041.83,2024-12-15 02:58:42,2024-12-31 10:36:59,446.21400000000006,0.0,18,4462.14,5.0,5.0,5.0,15.0,Champions
641,2024-09-02,email,US,0.0,0.0,0.0,,,0.0,120.0,120,0.0,,,,,No Orders
642,2024-12-01,organic,US,4.0,1018.1000000000001,493.88000000000005,2024-12-09 09:52:38,2024-12-31 17:15:13,254.52500000000003,0.0,30,1018.1000000000001,5.0,3.0,3.0,11.0,Loyal Customers
643,2024-11-08,paid_search,CA,6.0,1079.67,556.1899999999999,2024-11-23 19:31:52,2024-12-22 11:02:36,179.94500000000002,9.0,53,1079.67,4.0,4.0,3.0,11.0,Loyal Customers
644,2024-06-25,organic,US,0.0,0.0,0.0,,,0.0,189.0,189,0.0,,,,,No Orders
645,2024-10-08,organic,US,4.0,1058.56,431.63,2024-10-25 22:29:48,2024-12-21 06:09:54,264.64,10.0,84,1058.56,4.0,3.0,3.0,10.0,Loyal Customers
646,2024-04-30,paid_search,CA,0.0,0.0,0.0,,,0.0,245.0,245,0.0,,,,,No Orders
647,2024-06-17,organic,US,6.0,1078.85,512.63,2024-08-22 03:08:23,2024-12-09 22:53:58,179.8083333333333,22.0,197,1078.85,3.0,4.0,3.0,10.0,Loyal Customers
648,2024-07-14,email,US,5.0,1387.11,709.13,2024-07-14 19:53:38,2024-12-03 04:56:22,277.42199999999997,28.0,170,1387.11,3.0,3.0,4.0,10.0,Loyal Customers
649,2024-12-17,referral,US,8.0,1931.1299999999999,934.04,2024-12-22 20:22:08,2024-12-31 19:05:05,241.39124999999999,0.0,14,1931.1299999999999,5.0,5.0,4.0,14.0,Champions
650,2024-11-06,email,AU,2.0,580.51,243.56,2024-11-15 21:04:25,2024-11-16 10:33:22,290.255,45.0,55,580.51,2.0,1.0,2.0,5.0,Lost
651,2024-06-28,organic,US,6.0,1957.63,1003.61,2024-07-18 00:14:46,2024-10-22 09:11:26,326.2716666666667,70.0,186,1957.63,2.0,4.0,4.0,10.0,At Risk
652,2024-08-26,organic,US,5.0,1618.5,828.26,2024-09-30 01:26:34,2024-12-30 23:57:18,323.7,0.0,127,1618.5,5.0,3.0,4.0,12.0,Loyal Customers
653,2024-03-15,organic,US,15.0,3548.6899999999996,1689.8799999999999,2024-05-19 05:43:18,2024-12-23 21:40:06,236.5793333333333,8.0,291,3548.6899999999996,4.0,5.0,5.0,14.0,Champions
654,2024-10-21,organic,US,2.0,467.80999999999995,194.16000000000003,2024-11-17 06:37:55,2024-12-30 02:05:55,233.90499999999997,1.0,71,467.80999999999995,5.0,1.0,2.0,8.0,New Customers
655,2024-07-21,referral,US,4.0,1374.7,634.8500000000001,2024-09-04 17:11:53,2024-10-20 16:31:10,343.675,72.0,163,1374.7,2.0,3.0,3.0,8.0,At Risk
656,2024-07-13,paid_search,US,3.0,844.3100000000001,420.3,2024-10-04 18:39:18,2024-11-22 08:02:14,281.43666666666667,39.0,171,844.3100000000001,2.0,2.0,2.0,6.0,Lost
657,2024-10-07,organic,US,5.0,1668.72,851.3799999999999,2024-10-30 00:52:39,2024-12-28 15:13:59,333.744,3.0,85,1668.72,5.0,3.0,4.0,12.0,Loyal Customers
658,2024-08-19,email,US,0.0,0.0,0.0,,,0.0,134.0,134,0.0,,,,,No Orders
659,2024-01-27,paid_search,AU,8.0,2850.12,1307.81,2024-05-06 23:45:38,2024-12-25 05:37:03,356.265,6.0,339,2850.12,4.0,5.0,5.0,14.0,Champions
660,2024-04-15,organic,US,3.0,1347.8,754.8100000000001,2024-08-07 17:49:08,2024-12-27 11:06:03,449.26666666666665,4.0,260,1347.8,5.0,2.0,3.0,10.0,New Customers
661,2024-03-05,organic,US,4.0,757.8899999999999,376.78,2024-06-20 10:35:27,2024-10-10 23:12:03,189.47249999999997,82.0,301,757.8899999999999,1.0,3.0,2.0,6.0,At Risk
662,2024-09-25,social,NL,0.0,0.0,0.0,,,0.0,97.0,97,0.0,,,,,No Orders
663,2024-01-13,email,AU,2.0,505.22,244.98,2024-03-05 12:16:59,2024-08-19 21:05:26,252.61,134.0,353,505.22,1.0,1.0,2.0,4.0,Lost
664,2024-03-15,organic,FR,0.0,0.0,0.0,,,0.0,291.0,291,0.0,,,,,No Orders
665,2024-08-06,referral,US,3.0,800.48,368.44,2024-08-10 14:13:24,2024-12-10 15:05:24,266.82666666666665,21.0,147,800.48,3.0,2.0,2.0,7.0,Potential Loyalists
666,2024-09-11,email,US,5.0,2011.1100000000001,862.25,2024-09-27 18:43:54,2024-12-22 10:19:01,402.22200000000004,9.0,111,2011.1100000000001,4.0,3.0,4.0,11.0,Loyal Customers
667,2024-07-03,email,US,2.0,1035.1599999999999,412.44999999999993,2024-08-11 20:34:07,2024-11-10 04:53:58,517.5799999999999,51.0,181,1035.1599999999999,2.0,1.0,3.0,6.0,Lost
668,2024-11-11,organic,US,1.0,233.44,132.6,2024-12-25 19:23:31,2024-12-25 19:23:31,233.44,6.0,50,233.44,4.0,1.0,1.0,6.0,New Customers
669,2024-12-02,organic,US,1.0,104.33,50.080000000000005,2024-12-03 17:44:43,2024-12-03 17:44:43,104.33,28.0,29,104.33,3.0,1.0,1.0,5.0,Others
670,2024-02-18,referral,DE,0.0,0.0,0.0,,,0.0,317.0,317,0.0,,,,,No Orders
671,2024-12-14,organic,US,3.0,1508.42,673.8599999999999,2024-12-18 16:19:19,2024-12-30 03:54:38,502.8066666666667,1.0,17,1508.42,5.0,2.0,4.0,11.0,New Customers
672,2024-08-12,social,DE,2.0,1004.89,418.26,2024-09-03 19:16:40,2024-09-24 04:58:47,502.445,98.0,141,1004.89,1.0,1.0,3.0,5.0,Lost
673,2024-08-20,email,US,4.0,1203.27,563.5,2024-08-25 14:03:30,2024-12-21 08:31:57,300.8175,10.0,133,1203.27,4.0,3.0,3.0,10.0,Loyal Customers
674,2024-02-04,organic,US,1.0,125.18,77.68,2024-03-26 19:45:51,2024-03-26 19:45:51,125.18,280.0,331,125.18,1.0,1.0,1.0,3.0,Lost
675,2024-08-15,email,CA,8.0,1628.69,833.8000000000001,2024-08-17 16:43:38,2024-11-12 09:02:16,203.58625,49.0,138,1628.69,2.0,5.0,4.0,11.0,At Risk
676,2024-09-22,referral,AU,14.0,4479.0599999999995,2200.51,2024-09-22 03:08:08,2024-12-23 18:01:54,319.93285714285713,8.0,100,4479.0599999999995,4.0,5.0,5.0,14.0,Champions
677,2024-07-31,social,US,0.0,0.0,0.0,,,0.0,153.0,153,0.0,,,,,No Orders
678,2024-01-31,paid_search,DE,4.0,1859.17,959.53,2024-05-08 22:21:56,2024-05-31 23:48:19,464.7925,214.0,335,1859.17,1.0,3.0,4.0,8.0,At Risk
679,2024-07-10,referral,US,2.0,592.78,295.79999999999995,2024-11-09 05:53:18,2024-12-02 20:37:38,296.39,29.0,174,592.78,3.0,1.0,2.0,6.0,Others
680,2024-12-08,paid_search,US,6.0,1759.25,882.34,2024-12-08 16:06:33,2024-12-30 18:12:02,293.2083333333333,1.0,23,1759.25,5.0,4.0,4.0,13.0,Champions
681,2024-09-21,email,FR,2.0,454.66999999999996,221.55,2024-10-20 17:10:10,2024-10-23 21:55:00,227.33499999999998,69.0,101,454.66999999999996,2.0,1.0,1.0,4.0,Lost
682,2024-02-20,email,US,1.0,375.85,139.75,2024-03-08 22:21:58,2024-03-08 22:21:58,375.85,298.0,315,375.85,1.0,1.0,1.0,3.0,Lost
683,2024-12-17,email,GB,12.0,3833.96,1820.18,2024-12-17 01:36:56,2024-12-29 04:21:29,319.49666666666667,2.0,14,3833.96,5.0,5.0,5.0,15.0,Champions
684,2024-12-16,organic,GB,1.0,104.73,56.690000000000005,2024-12-18 14:10:02,2024-12-18 14:10:02,104.73,13.0,15,104.73,4.0,1.0,1.0,6.0,New Customers
685,2024-03-02,organic,US,6.0,1742.27,865.03,2024-03-17 04:20:43,2024-10-21 15:56:14,290.37833333333333,71.0,304,1742.27,2.0,4.0,4.0,10.0,At Risk
686,2024-10-20,organic,US,7.0,2914.02,1310.6100000000001,2024-11-16 06:58:48,2024-12-24 08:32:55,416.2885714285714,7.0,72,2914.02,4.0,4.0,5.0,13.0,Champions
687,2024-05-28,paid_search,US,0.0,0.0,0.0,,,0.0,217.0,217,0.0,,,,,No Orders
688,2024-08-05,paid_search,NL,4.0,2141.3999999999996,1069.12,2024-08-26 02:15:10,2024-10-17 07:55:42,535.3499999999999,75.0,148,2141.3999999999996,2.0,3.0,4.0,9.0,At Risk
689,2024-06-11,social,DE,7.0,1820.23,866.3299999999999,2024-08-14 18:11:19,2024-12-22 19:55:51,260.03285714285715,9.0,203,1820.23,4.0,4.0,4.0,12.0,Champions
690,2024-10-13,paid_search,US,7.0,1092.19,535.7800000000001,2024-10-18 02:10:06,2024-12-15 01:38:39,156.02714285714288,16.0,79,1092.19,4.0,4.0,3.0,11.0,Loyal Customers
691,2024-12-30,email,US,1.0,719.3299999999999,294.36,2024-12-31 20:28:38,2024-12-31 20:28:38,719.3299999999999,0.0,1,719.3299999999999,5.0,1.0,2.0,8.0,New Customers
692,2024-10-18,referral,DE,0.0,0.0,0.0,,,0.0,74.0,74,0.0,,,,,No Orders
693,2024-12-06,organic,US,2.0,998.8,503.05,2024-12-18 20:24:43,2024-12-28 01:30:59,499.4,3.0,25,998.8,5.0,1.0,3.0,9.0,New Customers
694,2024-12-12,social,GB,3.0,1224.5500000000002,600.52,2024-12-16 00:31:38,2024-12-26 14:36:10,408.1833333333334,5.0,19,1224.5500000000002,5.0,2.0,3.0,10.0,New Customers
695,2024-02-02,social,CA,4.0,656.53,329.37,2024-09-14 19:05:32,2024-12-15 19:05:02,164.1325,16.0,333,656.53,4.0,3.0,2.0,9.0,Potential Loyalists
696,2024-04-02,paid_search,GB,0.0,0.0,0.0,,,0.0,273.0,273,0.0,,,,,No Orders
697,2024-09-21,organic,US,1.0,528.81,193.23999999999995,2024-11-25 03:48:46,2024-11-25 03:48:46,528.81,36.0,101,528.81,3.0,1.0,2.0,6.0,Others
698,2024-08-03,email,US,1.0,281.34000000000003,133.61,2024-08-14 09:43:33,2024-08-14 09:43:33,281.34000000000003,139.0,150,281.34000000000003,1.0,1.0,1.0,3.0,Lost
699,2024-01-19,affiliate,US,1.0,123.98,45.24000000000001,2024-11-20 01:14:43,2024-11-20 01:14:43,123.98,41.0,347,123.98,2.0,1.0,1.0,4.0,Lost
700,2024-02-04,social,GB,6.0,2136.58,1009.5700000000002,2024-03-01 06:51:11,2024-12-09 11:31:17,356.09666666666664,22.0,331,2136.58,3.0,4.0,4.0,11.0,Loyal Customers
701,2024-07-09,referral,AU,8.0,2860.69,1389.87,2024-07-24 15:04:44,2024-12-30 04:05:00,357.58625,1.0,175,2860.69,5.0,5.0,5.0,15.0,Champions
702,2024-08-13,affiliate,US,3.0,586.5800000000002,265.98,2024-09-17 06:51:18,2024-12-16 08:23:32,195.52666666666673,15.0,140,586.5800000000002,4.0,2.0,2.0,8.0,New Customers
703,2024-03-02,paid_search,DE,0.0,0.0,0.0,,,0.0,304.0,304,0.0,,,,,No Orders
704,2024-03-03,social,FR,1.0,960.86,370.77,2024-08-28 00:23:07,2024-08-28 00:23:07,960.86,125.0,303,960.86,1.0,1.0,3.0,5.0,Lost
705,2024-02-17,paid_search,US,1.0,183.28,69.0,2024-11-15 11:42:32,2024-11-15 11:42:32,183.28,46.0,318,183.28,2.0,1.0,1.0,4.0,Lost
706,2024-07-25,affiliate,US,6.0,1606.9,753.2299999999999,2024-08-29 09:57:20,2024-12-22 09:33:33,267.81666666666666,9.0,159,1606.9,4.0,4.0,4.0,12.0,Champions
707,2024-01-03,organic,US,0.0,0.0,0.0,,,0.0,363.0,363,0.0,,,,,No Orders
708,2024-07-28,paid_search,FR,4.0,415.01,189.09,2024-09-29 18:18:10,2024-10-21 07:52:41,103.7525,71.0,156,415.01,2.0,3.0,1.0,6.0,At Risk
709,2024-06-23,referral,GB,5.0,974.63,444.28999999999996,2024-08-17 18:25:46,2024-12-06 01:08:47,194.926,25.0,191,974.63,3.0,3.0,3.0,9.0,Loyal Customers
710,2024-06-19,organic,FR,6.0,1636.1799999999998,767.49,2024-08-10 10:51:17,2024-12-12 08:04:55,272.69666666666666,19.0,195,1636.1799999999998,3.0,4.0,4.0,11.0,Loyal Customers
711,2024-09-05,email,AU,2.0,843.0799999999999,372.0,2024-09-09 08:39:58,2024-09-19 17:16:40,421.53999999999996,103.0,117,843.0799999999999,1.0,1.0,2.0,4.0,Lost
712,2024-07-10,paid_search,CA,7.0,2172.3999999999996,1080.82,2024-07-11 17:16:03,2024-12-27 05:37:29,310.3428571428571,4.0,174,2172.3999999999996,5.0,4.0,4.0,13.0,Champions
713,2024-09-23,affiliate,SE,14.0,4762.83,2207.7,2024-09-26 02:10:21,2024-12-27 22:09:21,340.20214285714286,4.0,99,4762.83,5.0,5.0,5.0,15.0,Champions
714,2024-10-06,referral,CA,2.0,569.61,319.74,2024-11-01 11:40:25,2024-11-15 08:27:36,284.805,46.0,86,569.61,2.0,1.0,2.0,5.0,Lost
715,2024-12-02,organic,AU,0.0,0.0,0.0,,,0.0,29.0,29,0.0,,,,,No Orders
716,2024-10-19,email,AU,1.0,465.38999999999993,215.42999999999995,2024-11-19 11:41:37,2024-11-19 11:41:37,465.38999999999993,42.0,73,465.38999999999993,2.0,1.0,2.0,5.0,Lost
717,2024-07-08,organic,FR,1.0,215.11,90.57,2024-10-29 20:31:01,2024-10-29 20:31:01,215.11,63.0,176,215.11,2.0,1.0,1.0,4.0,Lost
718,2024-06-29,social,CA,4.0,1097.27,523.62,2024-07-06 02:55:28,2024-10-24 20:32:04,274.3175,68.0,185,1097.27,2.0,3.0,3.0,8.0,At Risk
719,2024-03-27,social,NL,3.0,854.3399999999999,449.93,2024-03-28 22:20:05,2024-12-01 12:09:06,284.78,30.0,279,854.3399999999999,3.0,2.0,2.0,7.0,Potential Loyalists
720,2024-08-07,email,GB,2.0,1373.24,547.4,2024-08-31 02:59:18,2024-09-20 09:43:07,686.62,102.0,146,1373.24,1.0,1.0,3.0,5.0,Lost
721,2024-02-20,organic,DE,1.0,72.76,33.24,2024-12-25 04:17:52,2024-12-25 04:17:52,72.76,6.0,315,72.76,4.0,1.0,1.0,6.0,New Customers
722,2024-12-06,organic,GB,7.0,2695.04,1211.45,2024-12-09 18:08:37,2024-12-31 10:14:23,385.0057142857143,0.0,25,2695.04,5.0,4.0,5.0,14.0,Champions
723,2024-11-05,social,AU,2.0,494.72999999999996,255.43,2024-12-14 06:24:47,2024-12-16 05:38:16,247.36499999999998,15.0,56,494.72999999999996,4.0,1.0,2.0,7.0,New Customers
724,2024-02-13,social,GB,12.0,3396.52,1626.38,2024-02-20 18:57:34,2024-12-28 08:20:30,283.04333333333335,3.0,322,3396.52,5.0,5.0,5.0,15.0,Champions
725,2024-10-14,paid_search,CA,3.0,1125.15,498.0,2024-11-15 13:17:49,2024-12-13 13:59:00,375.05,18.0,78,1125.15,3.0,2.0,3.0,8.0,Potential Loyalists
726,2024-02-12,organic,CA,3.0,567.22,285.85,2024-05-13 07:27:15,2024-06-15 02:11:51,189.07333333333335,199.0,323,567.22,1.0,2.0,2.0,5.0,Lost
727,2024-09-20,paid_search,SE,1.0,185.09,102.4,2024-10-02 09:30:03,2024-10-02 09:30:03,185.09,90.0,102,185.09,1.0,1.0,1.0,3.0,Lost
728,2024-02-02,referral,US,10.0,2947.35,1469.8700000000001,2024-02-25 21:33:44,2024-10-26 00:06:58,294.735,66.0,333,2947.35,2.0,5.0,5.0,12.0,At Risk
729,2024-06-27,organic,FR,7.0,1631.17,798.9399999999999,2024-07-13 21:46:13,2024-11-23 23:48:28,233.02428571428572,38.0,187,1631.17,2.0,4.0,4.0,10.0,At Risk
730,2024-08-28,paid_search,CA,3.0,1671.92,887.79,2024-11-05 14:36:02,2024-12-10 02:13:34,557.3066666666667,21.0,125,1671.92,3.0,2.0,4.0,9.0,Potential Loyalists
731,2024-09-23,referral,NL,4.0,1075.75,549.96,2024-10-20 01:49:19,2024-11-22 20:58:46,268.9375,39.0,99,1075.75,2.0,3.0,3.0,8.0,At Risk
732,2024-06-02,organic,NL,0.0,0.0,0.0,,,0.0,212.0,212,0.0,,,,,No Orders
733,2024-12-03,email,DE,6.0,2260.38,944.86,2024-12-14 13:02:14,2024-12-31 22:26:11,376.73,0.0,28,2260.38,5.0,4.0,5.0,14.0,Champions
734,2024-10-10,organic,DE,0.0,0.0,0.0,,,0.0,82.0,82,0.0,,,,,No Orders
735,2024-03-17,referral,US,7.0,1905.9299999999998,941.8600000000001,2024-04-27 08:26:44,2024-12-04 04:39:55,272.2757142857143,27.0,289,1905.9299999999998,3.0,4.0,4.0,11.0,Loyal Customers
736,2024-09-02,email,SE,0.0,0.0,0.0,,,0.0,120.0,120,0.0,,,,,No Orders
737,2024-09-24,referral,US,3.0,993.6500000000001,425.76000000000005,2024-10-10 02:43:33,2024-12-28 19:04:39,331.2166666666667,3.0,98,993.6500000000001,5.0,2.0,3.0,10.0,New Customers
738,2024-05-02,organic,FR,1.0,257.29,132.76,2024-09-13 05:07:21,2024-09-13 05:07:21,257.29,109.0,243,257.29,1.0,1.0,1.0,3.0,Lost
739,2024-09-27,paid_search,CA,6.0,1813.49,952.76,2024-10-09 07:08:44,2024-12-15 23:21:20,302.24833333333333,16.0,95,1813.49,4.0,4.0,4.0,12.0,Champions
740,2024-11-24,email,GB,6.0,3065.8,1344.4300000000003,2024-11-24 15:41:35,2024-12-21 05:45:45,510.9666666666667,10.0,37,3065.8,4.0,4.0,5.0,13.0,Champions
741,2024-10-26,organic,US,6.0,1947.04,991.3199999999999,2024-10-29 23:31:27,2024-12-19 10:25:17,324.50666666666666,12.0,66,1947.04,4.0,4.0,4.0,12.0,Champions
742,2024-10-06,organic,US,2.0,324.88,163.07999999999998,2024-11-28 01:18:21,2024-11-29 01:35:22,162.44,32.0,86,324.88,3.0,1.0,1.0,5.0,Others
743,2024-08-20,organic,AU,0.0,0.0,0.0,,,0.0,133.0,133,0.0,,,,,No Orders
744,2024-04-09,affiliate,GB,1.0,231.5,108.65,2024-04-28 21:15:52,2024-04-28 21:15:52,231.5,247.0,266,231.5,1.0,1.0,1.0,3.0,Lost
745,2024-10-18,social,US,2.0,452.89,220.84999999999997,2024-11-04 09:30:31,2024-12-15 21:37:04,226.445,16.0,74,452.89,4.0,1.0,1.0,6.0,New Customers
746,2024-05-13,social,FR,2.0,1130.3200000000002,460.15000000000003,2024-05-31 14:54:42,2024-08-10 19:11:42,565.1600000000001,143.0,232,1130.3200000000002,1.0,1.0,3.0,5.0,Lost
747,2024-07-13,email,US,8.0,3476.25,1678.38,2024-08-03 07:40:34,2024-12-10 21:16:16,434.53125,21.0,171,3476.25,3.0,5.0,5.0,13.0,Loyal Customers
748,2024-04-25,paid_search,AU,8.0,1814.77,813.9300000000001,2024-04-28 22:23:50,2024-12-23 03:41:18,226.84625,8.0,250,1814.77,4.0,5.0,4.0,13.0,Champions
749,2024-04-24,paid_search,US,1.0,574.37,278.95000000000005,2024-10-21 00:33:52,2024-10-21 00:33:52,574.37,71.0,251,574.37,2.0,1.0,2.0,5.0,Lost
750,2024-02-27,paid_search,US,2.0,722.97,352.88000000000005,2024-03-10 06:15:38,2024-04-18 13:40:59,361.485,257.0,308,722.97,1.0,1.0,2.0,4.0,Lost
751,2024-12-17,social,US,4.0,681.5699999999999,355.77,2024-12-17 11:18:34,2024-12-25 11:39:22,170.39249999999998,6.0,14,681.5699999999999,4.0,3.0,2.0,9.0,Potential Loyalists
752,2024-02-24,organic,GB,1.0,206.43,66.12,2024-10-16 17:45:52,2024-10-16 17:45:52,206.43,76.0,311,206.43,2.0,1.0,1.0,4.0,Lost
753,2024-02-01,referral,GB,1.0,414.82,205.76,2024-11-07 18:11:49,2024-11-07 18:11:49,414.82,54.0,334,414.82,2.0,1.0,1.0,4.0,Lost
754,2024-12-08,email,CA,3.0,1344.2000000000003,642.23,2024-12-09 09:38:52,2024-12-23 07:55:03,448.0666666666668,8.0,23,1344.2000000000003,4.0,2.0,3.0,9.0,New Customers
755,2024-07-22,paid_search,GB,9.0,3354.96,1676.1100000000001,2024-08-02 05:34:42,2024-12-29 04:20:56,372.7733333333333,2.0,162,3354.96,5.0,5.0,5.0,15.0,Champions
756,2024-06-09,social,US,6.0,2872.45,1345.3100000000002,2024-06-20 02:10:15,2024-12-04 02:01:55,478.7416666666666,27.0,205,2872.45,3.0,4.0,5.0,12.0,Loyal Customers
757,2024-09-26,organic,US,0.0,0.0,0.0,,,0.0,96.0,96,0.0,,,,,No Orders
758,2024-05-20,affiliate,US,3.0,631.87,247.27999999999997,2024-08-06 20:52:37,2024-12-27 01:12:09,210.62333333333333,4.0,225,631.87,5.0,2.0,2.0,9.0,New Customers
759,2024-02-16,referral,NL,3.0,729.25,274.49,2024-03-23 01:04:45,2024-09-08 05:22:03,243.08333333333334,114.0,319,729.25,1.0,2.0,2.0,5.0,Lost
760,2024-09-24,referral,US,7.0,1624.03,723.52,2024-09-29 13:41:01,2024-12-26 10:49:48,232.00428571428571,5.0,98,1624.03,5.0,4.0,4.0,13.0,Champions
761,2024-03-05,organic,SE,2.0,393.04,171.94000000000003,2024-10-22 10:37:47,2024-12-28 08:40:15,196.52,3.0,301,393.04,5.0,1.0,1.0,7.0,New Customers
762,2024-07-21,organic,US,5.0,1395.78,648.95,2024-07-21 18:24:14,2024-11-19 10:37:11,279.156,42.0,163,1395.78,2.0,3.0,4.0,9.0,At Risk
763,2024-12-13,organic,US,8.0,2203.2,1094.85,2024-12-14 18:06:04,2024-12-31 10:12:37,275.4,0.0,18,2203.2,5.0,5.0,4.0,14.0,Champions
764,2024-12-08,organic,US,15.0,3654.23,1779.3200000000002,2024-12-08 07:48:38,2024-12-25 22:01:13,243.61533333333333,6.0,23,3654.23,4.0,5.0,5.0,14.0,Champions
765,2024-05-12,organic,US,5.0,1370.68,631.39,2024-08-01 14:47:31,2024-12-31 05:32:20,274.136,0.0,233,1370.68,5.0,3.0,3.0,11.0,Loyal Customers
766,2024-10-12,organic,CA,5.0,1683.6399999999999,651.5300000000001,2024-10-20 23:42:40,2024-12-22 11:19:22,336.72799999999995,9.0,80,1683.6399999999999,4.0,3.0,4.0,11.0,Loyal Customers
767,2024-08-12,affiliate,GB,4.0,613.91,311.30999999999995,2024-08-15 20:28:20,2024-11-30 16:08:59,153.4775,31.0,141,613.91,3.0,3.0,2.0,8.0,Potential Loyalists
768,2024-06-24,organic,US,10.0,3470.2999999999997,1528.3700000000001,2024-07-09 10:16:56,2024-12-30 18:41:59,347.03,1.0,190,3470.2999999999997,5.0,5.0,5.0,15.0,Champions
769,2024-02-21,organic,FR,2.0,334.68,173.74,2024-03-24 22:44:34,2024-07-09 20:51:03,167.34,175.0,314,334.68,1.0,1.0,1.0,3.0,Lost
770,2024-05-17,email,DE,2.0,130.68,76.38,2024-11-03 01:13:42,2024-11-18 17:34:37,65.34,43.0,228,130.68,2.0,1.0,1.0,4.0,Lost
771,2024-08-26,social,NL,1.0,277.49,115.39999999999998,2024-12-17 00:10:56,2024-12-17 00:10:56,277.49,14.0,127,277.49,4.0,1.0,1.0,6.0,New Customers
772,2024-12-27,email,SE,0.0,0.0,0.0,,,0.0,4.0,4,0.0,,,,,No Orders
773,2024-01-02,social,FR,15.0,4626.61,2212.9700000000003,2024-01-16 12:10:07,2024-12-31 14:06:55,308.44066666666663,0.0,364,4626.61,5.0,5.0,5.0,15.0,Champions
774,2024-09-19,referral,CA,3.0,1255.6999999999998,612.0,2024-09-30 12:36:15,2024-12-08 18:39:36,418.5666666666666,23.0,103,1255.6999999999998,3.0,2.0,3.0,8.0,Potential Loyalists
775,2024-11-05,social,CA,9.0,2218.77,1010.51,2024-11-19 10:22:49,2024-12-31 03:14:53,246.53,0.0,56,2218.77,5.0,5.0,4.0,14.0,Champions
776,2024-12-14,paid_search,GB,3.0,1461.13,665.38,2024-12-20 13:52:32,2024-12-27 08:56:27,487.04333333333335,4.0,17,1461.13,5.0,2.0,4.0,11.0,New Customers
777,2024-06-04,social,FR,1.0,395.0,170.06,2024-12-01 07:07:17,2024-12-01 07:07:17,395.0,30.0,210,395.0,3.0,1.0,1.0,5.0,Others
778,2024-02-13,paid_search,US,8.0,2281.09,1078.73,2024-03-05 16:06:54,2024-10-29 10:01:53,285.13625,63.0,322,2281.09,2.0,5.0,5.0,12.0,At Risk
779,2024-04-09,paid_search,CA,7.0,2162.88,1003.35,2024-04-16 07:27:00,2024-11-20 06:16:25,308.98285714285714,41.0,266,2162.88,2.0,4.0,4.0,10.0,At Risk
780,2024-11-07,paid_search,SE,8.0,1856.18,902.4900000000001,2024-11-17 23:42:12,2024-12-31 23:29:34,232.0225,0.0,54,1856.18,5.0,5.0,4.0,14.0,Champions
781,2024-11-17,organic,US,5.0,2056.77,914.34,2024-11-21 06:35:51,2024-12-24 13:15:28,411.354,7.0,44,2056.77,4.0,3.0,4.0,11.0,Loyal Customers
782,2024-08-21,email,AU,6.0,1123.8,547.1600000000001,2024-08-24 17:09:36,2024-10-28 22:54:41,187.29999999999998,64.0,132,1123.8,2.0,4.0,3.0,9.0,At Risk
783,2024-02-14,organic,NL,1.0,1148.8600000000001,539.59,2024-12-17 07:52:09,2024-12-17 07:52:09,1148.8600000000001,14.0,321,1148.8600000000001,4.0,1.0,3.0,8.0,New Customers
784,2024-02-14,organic,US,8.0,2883.33,1403.8100000000002,2024-03-11 19:57:49,2024-12-12 15:40:36,360.41625,19.0,321,2883.33,3.0,5.0,5.0,13.0,Loyal Customers
785,2024-06-24,organic,GB,1.0,195.76,111.71999999999998,2024-10-22 12:03:02,2024-10-22 12:03:02,195.76,70.0,190,195.76,2.0,1.0,1.0,4.0,Lost
786,2024-08-03,email,NL,3.0,1046.73,520.74,2024-08-13 13:22:50,2024-12-10 21:53:24,348.91,21.0,150,1046.73,3.0,2.0,3.0,8.0,Potential Loyalists
787,2024-01-12,organic,SE,3.0,1212.6999999999998,503.92999999999995,2024-01-27 16:10:42,2024-05-02 22:49:12,404.2333333333333,243.0,354,1212.6999999999998,1.0,2.0,3.0,6.0,Lost
788,2024-09-08,social,US,1.0,391.13,186.46,2024-09-08 12:50:50,2024-09-08 12:50:50,391.13,114.0,114,391.13,1.0,1.0,1.0,3.0,Lost
789,2024-07-18,email,US,7.0,2617.73,1285.73,2024-07-31 19:41:11,2024-12-12 06:36:55,373.9614285714286,19.0,166,2617.73,3.0,4.0,5.0,12.0,Loyal Customers
790,2024-01-05,organic,FR,1.0,848.34,383.24,2024-08-05 11:47:39,2024-08-05 11:47:39,848.34,148.0,361,848.34,1.0,1.0,2.0,4.0,Lost
791,2024-02-05,email,US,2.0,718.0999999999999,345.66999999999996,2024-03-10 23:03:01,2024-09-24 08:50:32,359.04999999999995,98.0,330,718.0999999999999,1.0,1.0,2.0,4.0,Lost
792,2024-06-15,organic,US,2.0,772.9,418.54999999999995,2024-08-18 07:40:06,2024-09-11 09:57:49,386.45,111.0,199,772.9,1.0,1.0,2.0,4.0,Lost
793,2024-09-21,organic,US,3.0,1159.53,488.26,2024-10-16 23:15:54,2024-12-08 20:08:39,386.51,23.0,101,1159.53,3.0,2.0,3.0,8.0,Potential Loyalists
794,2024-10-29,social,US,1.0,222.45,110.27,2024-11-20 03:02:30,2024-11-20 03:02:30,222.45,41.0,63,222.45,2.0,1.0,1.0,4.0,Lost
795,2024-06-06,referral,DE,0.0,0.0,0.0,,,0.0,208.0,208,0.0,,,,,No Orders
796,2024-04-18,organic,DE,1.0,592.87,325.52,2024-08-18 22:58:22,2024-08-18 22:58:22,592.87,135.0,257,592.87,1.0,1.0,2.0,4.0,Lost
797,2024-12-20,social,DE,1.0,366.70000000000005,194.55,2024-12-27 15:56:45,2024-12-27 15:56:45,366.70000000000005,4.0,11,366.70000000000005,5.0,1.0,1.0,7.0,New Customers
798,2024-06-16,organic,CA,2.0,720.22,268.97999999999996,2024-06-16 12:46:54,2024-07-13 11:48:56,360.11,171.0,198,720.22,1.0,1.0,2.0,4.0,Lost
799,2024-04-25,paid_search,US,3.0,1495.31,706.4699999999999,2024-05-29 05:07:49,2024-12-26 09:42:20,498.43666666666667,5.0,250,1495.31,5.0,2.0,4.0,11.0,New Customers
800,2024-06-10,social,US,4.0,1171.71,555.35,2024-06-28 09:22:58,2024-09-24 19:26:01,292.9275,98.0,204,1171.71,1.0,3.0,3.0,7.0,At Risk
801,2024-01-05,social,US,3.0,883.26,430.69000000000005,2024-01-17 10:12:42,2024-06-24 21:46:30,294.42,190.0,361,883.26,1.0,2.0,2.0,5.0,Lost
802,2024-04-20,social,US,3.0,1007.28,500.69000000000005,2024-05-06 18:12:19,2024-09-03 10:38:34,335.76,119.0,255,1007.28,1.0,2.0,3.0,6.0,Lost
803,2024-07-07,organic,US,1.0,265.78,128.60000000000002,2024-08-08 23:08:02,2024-08-08 23:08:02,265.78,145.0,177,265.78,1.0,1.0,1.0,3.0,Lost
804,2024-12-02,social,US,3.0,824.01,366.63,2024-12-05 02:40:30,2024-12-24 19:11:25,274.67,7.0,29,824.01,4.0,2.0,2.0,8.0,New Customers
805,2024-09-27,social,US,7.0,2165.66,1107.1299999999999,2024-11-09 14:49:27,2024-12-22 22:36:41,309.38,9.0,95,2165.66,4.0,4.0,4.0,12.0,Champions
806,2024-10-12,social,US,4.0,747.53,414.07,2024-11-02 02:30:32,2024-12-02 01:38:57,186.8825,29.0,80,747.53,3.0,3.0,2.0,8.0,Potential Loyalists
807,2024-07-18,organic,FR,6.0,1632.6399999999999,783.66,2024-07-26 13:39:33,2024-11-01 07:20:30,272.1066666666666,60.0,166,1632.6399999999999,2.0,4.0,4.0,10.0,At Risk
808,2024-02-10,paid_search,DE,1.0,382.68,214.80000000000004,2024-07-13 04:48:35,2024-07-13 04:48:35,382.68,171.0,325,382.68,1.0,1.0,1.0,3.0,Lost
809,2024-05-23,paid_search,NL,3.0,253.07,116.13,2024-05-31 12:49:35,2024-09-27 09:26:10,84.35666666666667,95.0,222,253.07,1.0,2.0,1.0,4.0,Lost
810,2024-12-30,organic,CA,1.0,423.88,172.71,2024-12-31 20:47:50,2024-12-31 20:47:50,423.88,0.0,1,423.88,5.0,1.0,1.0,7.0,New Customers
811,2024-01-17,organic,DE,1.0,84.7,53.36,2024-06-25 15:58:48,2024-06-25 15:58:48,84.7,189.0,349,84.7,1.0,1.0,1.0,3.0,Lost
812,2024-11-17,paid_search,US,5.0,2928.99,1415.49,2024-11-18 16:21:46,2024-12-13 17:56:45,585.798,18.0,44,2928.99,3.0,3.0,5.0,11.0,Loyal Customers
813,2024-09-07,email,DE,2.0,183.8,93.26,2024-09-07 20:34:41,2024-10-22 05:42:45,91.9,70.0,115,183.8,2.0,1.0,1.0,4.0,Lost
814,2024-04-13,organic,US,3.0,456.64,233.88,2024-04-29 17:32:23,2024-11-20 22:43:11,152.21333333333334,41.0,262,456.64,2.0,2.0,2.0,6.0,Lost
815,2024-10-11,email,GB,1.0,270.16,109.99000000000001,2024-11-21 05:58:31,2024-11-21 05:58:31,270.16,40.0,81,270.16,2.0,1.0,1.0,4.0,Lost
816,2024-11-02,paid_search,US,4.0,861.8499999999999,385.06999999999994,2024-11-11 09:59:05,2024-12-09 08:44:53,215.46249999999998,22.0,59,861.8499999999999,3.0,3.0,2.0,8.0,Potential Loyalists
817,2024-01-16,email,GB,3.0,908.24,488.52000000000004,2024-04-09 23:55:06,2024-06-14 11:05:37,302.74666666666667,200.0,350,908.24,1.0,2.0,3.0,6.0,Lost
818,2024-02-08,paid_search,US,17.0,4808.3099999999995,2187.35,2024-02-11 22:57:17,2024-11-08 02:50:24,282.8417647058823,53.0,327,4808.3099999999995,2.0,5.0,5.0,12.0,At Risk
819,2024-08-31,paid_search,FR,12.0,3826.39,1746.6599999999999,2024-09-07 10:03:46,2024-12-22 23:32:57,318.86583333333334,9.0,122,3826.39,4.0,5.0,5.0,14.0,Champions
820,2024-12-31,social,AU,12.0,3173.4,1536.21,2024-12-31 00:55:04,2024-12-31 23:18:14,264.45,0.0,0,3173.4,5.0,5.0,5.0,15.0,Champions
821,2024-01-09,referral,CA,5.0,1850.1699999999998,876.87,2024-04-28 07:00:22,2024-11-27 05:00:22,370.034,34.0,357,1850.1699999999998,3.0,3.0,4.0,10.0,Loyal Customers
822,2024-08-31,paid_search,DE,2.0,749.8300000000002,404.78,2024-09-29 06:08:46,2024-10-07 20:22:10,374.9150000000001,85.0,122,749.8300000000002,1.0,1.0,2.0,4.0,Lost
823,2024-02-19,paid_search,GB,5.0,2055.75,957.8000000000001,2024-04-05 02:52:44,2024-11-15 16:34:30,411.15,46.0,316,2055.75,2.0,3.0,4.0,9.0,At Risk
824,2024-08-25,social,US,0.0,0.0,0.0,,,0.0,128.0,128,0.0,,,,,No Orders
825,2024-08-16,social,FR,1.0,130.56,57.540000000000006,2024-11-08 09:24:56,2024-11-08 09:24:56,130.56,53.0,137,130.56,2.0,1.0,1.0,4.0,Lost
826,2024-02-03,organic,GB,10.0,3293.46,1687.61,2024-04-02 11:05:25,2024-12-24 10:14:11,329.346,7.0,332,3293.46,4.0,5.0,5.0,14.0,Champions
827,2024-09-06,paid_search,US,5.0,1258.2,637.23,2024-09-07 21:01:12,2024-12-13 10:12:50,251.64000000000001,18.0,116,1258.2,3.0,3.0,3.0,9.0,Loyal Customers
828,2024-11-24,paid_search,US,18.0,4137.9800000000005,2051.9100000000003,2024-11-26 05:13:36,2024-12-28 03:03:20,229.8877777777778,3.0,37,4137.9800000000005,5.0,5.0,5.0,15.0,Champions
829,2024-11-12,referral,NL,2.0,488.90999999999997,259.01,2024-12-11 17:18:46,2024-12-22 06:43:25,244.45499999999998,9.0,49,488.90999999999997,4.0,1.0,2.0,7.0,New Customers
830,2024-01-11,paid_search,DE,0.0,0.0,0.0,,,0.0,355.0,355,0.0,,,,,No Orders
831,2024-03-31,paid_search,GB,4.0,896.26,449.87999999999994,2024-06-24 10:28:34,2024-10-13 01:21:45,224.065,79.0,275,896.26,2.0,3.0,3.0,8.0,At Risk
832,2024-03-29,affiliate,DE,19.0,4671.91,2231.21,2024-03-30 17:21:43,2024-12-10 04:02:17,245.89,21.0,277,4671.91,3.0,5.0,5.0,13.0,Loyal Customers
833,2024-06-14,paid_search,US,6.0,2809.1600000000003,1313.26,2024-08-17 14:58:21,2024-12-17 17:12:06,468.1933333333334,14.0,200,2809.1600000000003,4.0,4.0,5.0,13.0,Champions
834,2024-02-22,organic,GB,0.0,0.0,0.0,,,0.0,313.0,313,0.0,,,,,No Orders
835,2024-11-08,organic,US,0.0,0.0,0.0,,,0.0,53.0,53,0.0,,,,,No Orders
836,2024-10-11,organic,GB,0.0,0.0,0.0,,,0.0,81.0,81,0.0,,,,,No Orders
837,2024-10-22,organic,FR,0.0,0.0,0.0,,,0.0,70.0,70,0.0,,,,,No Orders
838,2024-03-13,paid_search,US,0.0,0.0,0.0,,,0.0,293.0,293,0.0,,,,,No Orders
839,2024-01-06,email,CA,2.0,1076.03,496.02000000000004,2024-08-10 08:01:58,2024-10-28 00:27:41,538.015,64.0,360,1076.03,2.0,1.0,3.0,6.0,Lost
840,2024-11-29,social,US,4.0,917.75,400.46,2024-11-30 01:23:17,2024-12-11 09:28:08,229.4375,20.0,32,917.75,3.0,3.0,3.0,9.0,Loyal Customers
841,2024-04-15,organic,FR,0.0,0.0,0.0,,,0.0,260.0,260,0.0,,,,,No Orders
842,2024-08-28,social,DE,1.0,31.62,18.630000000000003,2024-10-11 01:47:32,2024-10-11 01:47:32,31.62,81.0,125,31.62,1.0,1.0,1.0,3.0,Lost
843,2024-11-28,organic,DE,1.0,118.44,46.94,2024-11-29 18:58:03,2024-11-29 18:58:03,118.44,32.0,33,118.44,3.0,1.0,1.0,5.0,Others
844,2024-01-14,referral,DE,2.0,691.5500000000001,371.69000000000005,2024-09-23 01:59:56,2024-12-02 13:54:23,345.77500000000003,29.0,352,691.5500000000001,3.0,1.0,2.0,6.0,Others
845,2024-01-03,organic,NL,2.0,980.02,495.74,2024-04-23 00:24:04,2024-09-19 00:34:51,490.01,103.0,363,980.02,1.0,1.0,3.0,5.0,Lost
846,2024-01-02,social,GB,0.0,0.0,0.0,,,0.0,364.0,364,0.0,,,,,No Orders
847,2024-02-27,organic,FR,3.0,1043.27,511.15000000000003,2024-07-23 12:11:21,2024-12-25 10:24:06,347.75666666666666,6.0,308,1043.27,4.0,2.0,3.0,9.0,New Customers
848,2024-01-19,social,FR,0.0,0.0,0.0,,,0.0,347.0,347,0.0,,,,,No Orders
849,2024-10-27,paid_search,US,1.0,464.95,182.82999999999998,2024-12-09 21:13:34,2024-12-09 21:13:34,464.95,22.0,65,464.95,3.0,1.0,2.0,6.0,Others
850,2024-08-09,email,US,0.0,0.0,0.0,,,0.0,144.0,144,0.0,,,,,No Orders
851,2024-12-24,organic,GB,9.0,3554.38,1759.73,2024-12-24 01:48:38,2024-12-31 02:34:08,394.93111111111114,0.0,7,3554.38,5.0,5.0,5.0,15.0,Champions
852,2024-10-20,referral,US,1.0,92.52,35.8,2024-11-16 21:56:50,2024-11-16 21:56:50,92.52,45.0,72,92.52,2.0,1.0,1.0,4.0,Lost
853,2024-12-18,paid_search,US,6.0,1323.86,582.2,2024-12-19 13:36:58,2024-12-23 00:43:48,220.64333333333332,8.0,13,1323.86,4.0,4.0,3.0,11.0,Loyal Customers
854,2024-03-28,email,US,1.0,157.05,101.4,2024-04-19 23:57:35,2024-04-19 23:57:35,157.05,255.0,278,157.05,1.0,1.0,1.0,3.0,Lost
855,2024-04-15,email,DE,0.0,0.0,0.0,,,0.0,260.0,260,0.0,,,,,No Orders
856,2024-11-06,affiliate,US,7.0,2124.1000000000004,874.82,2024-11-10 19:30:51,2024-12-27 20:37:46,303.4428571428572,4.0,55,2124.1000000000004,5.0,4.0,4.0,13.0,Champions
857,2024-03-30,organic,CA,3.0,1190.27,638.0800000000002,2024-07-03 04:32:20,2024-11-15 02:05:05,396.75666666666666,46.0,276,1190.27,2.0,2.0,3.0,7.0,Lost
858,2024-01-21,organic,GB,3.0,1261.83,587.53,2024-08-20 20:15:24,2024-12-16 07:07:04,420.60999999999996,15.0,345,1261.83,4.0,2.0,3.0,9.0,New Customers
859,2024-09-01,organic,FR,8.0,2720.06,1435.0,2024-09-21 07:45:43,2024-12-26 14:28:58,340.0075,5.0,121,2720.06,5.0,5.0,5.0,15.0,Champions
860,2024-10-20,organic,US,0.0,0.0,0.0,,,0.0,72.0,72,0.0,,,,,No Orders
861,2024-12-20,social,GB,1.0,360.46000000000004,151.86,2024-12-29 05:18:28,2024-12-29 05:18:28,360.46000000000004,2.0,11,360.46000000000004,5.0,1.0,1.0,7.0,New Customers
862,2024-12-05,affiliate,US,1.0,63.52,24.620000000000005,2024-12-26 12:45:47,2024-12-26 12:45:47,63.52,5.0,26,63.52,5.0,1.0,1.0,7.0,New Customers
863,2024-02-14,affiliate,FR,0.0,0.0,0.0,,,0.0,321.0,321,0.0,,,,,No Orders
864,2024-10-09,paid_search,US,6.0,1687.3400000000001,741.58,2024-10-18 17:59:58,2024-12-25 15:32:42,281.22333333333336,6.0,83,1687.3400000000001,4.0,4.0,4.0,12.0,Champions
865,2024-11-05,social,NL,16.0,4486.11,2123.33,2024-11-06 02:07:13,2024-12-31 15:02:28,280.381875,0.0,56,4486.11,5.0,5.0,5.0,15.0,Champions
866,2024-09-12,email,US,3.0,360.78,184.93999999999997,2024-11-15 12:25:56,2024-12-02 01:42:25,120.25999999999999,29.0,110,360.78,3.0,2.0,1.0,6.0,Others
867,2024-10-27,referral,DE,6.0,2077.89,1008.01,2024-10-27 23:04:18,2024-12-22 23:08:39,346.315,9.0,65,2077.89,4.0,4.0,4.0,12.0,Champions
868,2024-11-02,organic,US,11.0,4186.32,1963.77,2024-11-10 00:26:56,2024-12-31 16:29:00,380.57454545454544,0.0,59,4186.32,5.0,5.0,5.0,15.0,Champions
869,2024-06-12,paid_search,DE,6.0,1411.96,604.77,2024-06-18 08:54:31,2024-12-12 01:26:31,235.32666666666668,19.0,202,1411.96,3.0,4.0,4.0,11.0,Loyal Customers
870,2024-01-15,email,GB,11.0,3895.24,2002.07,2024-02-05 23:08:37,2024-12-29 09:44:01,354.1127272727272,2.0,351,3895.24,5.0,5.0,5.0,15.0,Champions
871,2024-06-15,organic,US,0.0,0.0,0.0,,,0.0,199.0,199,0.0,,,,,No Orders
872,2024-03-14,paid_search,US,0.0,0.0,0.0,,,0.0,292.0,292,0.0,,,,,No Orders
873,2024-02-11,affiliate,US,4.0,1270.3000000000002,647.04,2024-02-27 04:23:02,2024-10-15 15:03:25,317.57500000000005,77.0,324,1270.3000000000002,2.0,3.0,3.0,8.0,At Risk
874,2024-02-15,affiliate,US,2.0,722.8999999999999,373.41999999999996,2024-08-09 02:45:54,2024-08-14 05:24:40,361.44999999999993,139.0,320,722.8999999999999,1.0,1.0,2.0,4.0,Lost
875,2024-09-12,referral,SE,1.0,305.64,162.66000000000003,2024-09-28 07:25:05,2024-09-28 07:25:05,305.64,94.0,110,305.64,1.0,1.0,1.0,3.0,Lost
876,2024-07-03,email,US,8.0,1793.14,810.4300000000001,2024-07-23 22:21:13,2024-12-04 10:20:44,224.1425,27.0,181,1793.14,3.0,5.0,4.0,12.0,Loyal Customers
877,2024-07-16,organic,US,3.0,1296.0,591.3199999999999,2024-08-30 08:31:20,2024-09-17 01:09:15,432.0,105.0,168,1296.0,1.0,2.0,3.0,6.0,Lost
878,2024-09-29,organic,NL,5.0,1027.84,435.56,2024-11-03 09:56:00,2024-12-22 00:10:23,205.56799999999998,9.0,93,1027.84,4.0,3.0,3.0,10.0,Loyal Customers
879,2024-07-19,paid_search,US,4.0,1095.4,518.2,2024-08-10 15:17:16,2024-12-05 09:13:30,273.85,26.0,165,1095.4,3.0,3.0,3.0,9.0,Loyal Customers
880,2024-08-18,social,US,0.0,0.0,0.0,,,0.0,135.0,135,0.0,,,,,No Orders
881,2024-02-01,paid_search,FR,4.0,1068.2199999999998,504.43999999999994,2024-02-08 09:27:47,2024-10-06 09:09:52,267.05499999999995,86.0,334,1068.2199999999998,1.0,3.0,3.0,7.0,At Risk
882,2024-11-07,social,NL,1.0,289.57,121.67,2024-12-05 05:44:26,2024-12-05 05:44:26,289.57,26.0,54,289.57,3.0,1.0,1.0,5.0,Others
883,2024-06-13,paid_search,FR,7.0,1519.4199999999998,709.8599999999999,2024-07-17 03:22:54,2024-12-31 02:50:45,217.05999999999997,0.0,201,1519.4199999999998,5.0,4.0,4.0,13.0,Champions
884,2024-02-26,email,GB,3.0,1775.31,829.2300000000001,2024-03-14 17:43:04,2024-06-13 20:08:59,591.77,201.0,309,1775.31,1.0,2.0,4.0,7.0,Lost
885,2024-10-24,organic,SE,2.0,371.98,171.64,2024-12-13 15:07:01,2024-12-30 06:23:38,185.99,1.0,68,371.98,5.0,1.0,1.0,7.0,New Customers
886,2024-09-25,organic,US,0.0,0.0,0.0,,,0.0,97.0,97,0.0,,,,,No Orders
887,2024-01-20,organic,SE,1.0,433.13,186.42999999999998,2024-03-20 10:53:39,2024-03-20 10:53:39,433.13,286.0,346,433.13,1.0,1.0,1.0,3.0,Lost
888,2024-03-11,organic,AU,1.0,190.91,71.51,2024-10-26 02:11:40,2024-10-26 02:11:40,190.91,66.0,295,190.91,2.0,1.0,1.0,4.0,Lost
889,2024-01-06,email,NL,2.0,411.31,200.51000000000005,2024-05-29 02:04:12,2024-10-18 03:05:17,205.655,74.0,360,411.31,2.0,1.0,1.0,4.0,Lost
890,2024-04-09,paid_search,US,11.0,3183.6,1618.7800000000002,2024-04-10 08:57:20,2024-12-24 08:40:08,289.41818181818184,7.0,266,3183.6,4.0,5.0,5.0,14.0,Champions
891,2024-02-06,organic,US,5.0,1553.76,753.07,2024-04-26 20:16:46,2024-12-24 19:34:19,310.752,7.0,329,1553.76,4.0,3.0,4.0,11.0,Loyal Customers
892,2024-09-16,email,FR,5.0,962.21,428.91999999999996,2024-10-10 19:08:42,2024-12-22 01:54:38,192.442,9.0,106,962.21,4.0,3.0,3.0,10.0,Loyal Customers
893,2024-07-10,paid_search,GB,0.0,0.0,0.0,,,0.0,174.0,174,0.0,,,,,No Orders
894,2024-12-24,organic,GB,5.0,1326.96,651.54,2024-12-24 17:58:19,2024-12-31 09:47:07,265.392,0.0,7,1326.96,5.0,3.0,3.0,11.0,Loyal Customers
895,2024-10-01,organic,NL,3.0,645.1299999999999,321.37,2024-11-14 13:42:24,2024-11-26 03:47:50,215.0433333333333,35.0,91,645.1299999999999,3.0,2.0,2.0,7.0,Potential Loyalists
896,2024-08-11,organic,DE,0.0,0.0,0.0,,,0.0,142.0,142,0.0,,,,,No Orders
897,2024-07-05,social,US,2.0,961.9,415.73,2024-07-24 07:04:14,2024-09-24 18:47:35,480.95,98.0,179,961.9,1.0,1.0,3.0,5.0,Lost
898,2024-01-20,organic,US,8.0,1836.5400000000002,835.8300000000002,2024-02-08 20:38:17,2024-10-27 02:23:39,229.56750000000002,65.0,346,1836.5400000000002,2.0,5.0,4.0,11.0,At Risk
899,2024-01-26,organic,US,7.0,1993.94,924.5,2024-02-29 04:39:03,2024-11-17 00:00:01,284.84857142857146,44.0,340,1993.94,2.0,4.0,4.0,10.0,At Risk
900,2024-08-13,organic,US,1.0,510.54,258.23,2024-08-27 14:25:53,2024-08-27 14:25:53,510.54,126.0,140,510.54,1.0,1.0,2.0,4.0,Lost
901,2024-01-02,social,US,1.0,331.38,179.44,2024-06-16 05:02:50,2024-06-16 05:02:50,331.38,198.0,364,331.38,1.0,1.0,1.0,3.0,Lost
902,2024-01-16,organic,CA,2.0,590.0699999999999,317.97,2024-08-06 23:43:44,2024-12-03 17:23:34,295.03499999999997,28.0,350,590.0699999999999,3.0,1.0,2.0,6.0,Others
903,2024-03-21,email,FR,5.0,1821.84,851.75,2024-04-29 11:44:29,2024-11-25 03:08:03,364.368,36.0,285,1821.84,3.0,3.0,4.0,10.0,Loyal Customers
904,2024-11-19,organic,GB,4.0,464.52,251.32999999999998,2024-12-03 01:45:57,2024-12-31 00:14:39,116.13,0.0,42,464.52,5.0,3.0,2.0,10.0,Potential Loyalists
905,2024-06-16,social,US,8.0,2212.63,1060.05,2024-08-11 00:59:17,2024-12-25 07:04:41,276.57875,6.0,198,2212.63,4.0,5.0,4.0,13.0,Champions
906,2024-09-16,paid_search,FR,0.0,0.0,0.0,,,0.0,106.0,106,0.0,,,,,No Orders
907,2024-05-30,paid_search,CA,1.0,274.03,127.22999999999999,2024-11-05 10:10:24,2024-11-05 10:10:24,274.03,56.0,215,274.03,2.0,1.0,1.0,4.0,Lost
908,2024-03-04,organic,AU,5.0,819.7,398.94,2024-03-12 12:51:13,2024-11-02 01:27:09,163.94,59.0,302,819.7,2.0,3.0,2.0,7.0,At Risk
909,2024-05-15,email,GB,2.0,431.53,214.32,2024-07-22 10:00:05,2024-10-15 11:38:09,215.765,77.0,230,431.53,2.0,1.0,1.0,4.0,Lost
910,2024-02-03,referral,CA,13.0,4374.2,1876.46,2024-02-26 16:16:26,2024-11-06 02:47:26,336.4769230769231,55.0,332,4374.2,2.0,5.0,5.0,12.0,At Risk
911,2024-10-08,organic,GB,0.0,0.0,0.0,,,0.0,84.0,84,0.0,,,,,No Orders
912,2024-03-08,organic,GB,3.0,697.1800000000001,322.0,2024-06-15 20:05:32,2024-12-01 14:29:30,232.39333333333335,30.0,298,697.1800000000001,3.0,2.0,2.0,7.0,Potential Loyalists
913,2024-05-17,referral,AU,8.0,2239.42,1047.53,2024-05-17 02:20:49,2024-11-20 08:15:09,279.9275,41.0,228,2239.42,2.0,5.0,5.0,12.0,At Risk
914,2024-12-24,paid_search,US,4.0,1016.73,446.05000000000007,2024-12-26 04:37:17,2024-12-30 11:44:15,254.1825,1.0,7,1016.73,5.0,3.0,3.0,11.0,Loyal Customers
915,2024-08-04,organic,US,3.0,1091.17,404.32,2024-09-13 18:03:38,2024-12-17 14:48:45,363.72333333333336,14.0,149,1091.17,4.0,2.0,3.0,9.0,New Customers
916,2024-06-16,organic,US,4.0,1217.71,645.02,2024-06-24 05:57:59,2024-09-21 20:24:14,304.4275,101.0,198,1217.71,1.0,3.0,3.0,7.0,At Risk
917,2024-07-17,social,GB,7.0,1400.34,655.0799999999999,2024-07-17 10:12:57,2024-12-12 06:51:09,200.04857142857142,19.0,167,1400.34,3.0,4.0,4.0,11.0,Loyal Customers
918,2024-10-13,social,GB,1.0,146.22,66.22,2024-12-13 03:43:28,2024-12-13 03:43:28,146.22,18.0,79,146.22,3.0,1.0,1.0,5.0,Others
919,2024-04-03,social,FR,5.0,2241.12,1110.9099999999999,2024-04-07 23:24:51,2024-11-20 19:14:36,448.224,41.0,272,2241.12,2.0,3.0,5.0,10.0,At Risk
920,2024-08-20,affiliate,GB,4.0,959.0,456.52,2024-08-29 16:50:12,2024-12-26 22:34:37,239.75,5.0,133,959.0,5.0,3.0,3.0,11.0,Loyal Customers
921,2024-11-15,paid_search,US,5.0,2172.64,1096.04,2024-11-18 04:33:52,2024-12-18 20:36:06,434.52799999999996,13.0,46,2172.64,4.0,3.0,4.0,11.0,Loyal Customers
922,2024-07-28,organic,AU,0.0,0.0,0.0,,,0.0,156.0,156,0.0,,,,,No Orders
923,2024-06-12,paid_search,US,6.0,2141.84,952.71,2024-06-16 07:10:53,2024-12-17 19:14:47,356.97333333333336,14.0,202,2141.84,4.0,4.0,4.0,12.0,Champions
924,2024-02-23,paid_search,NL,6.0,1397.84,692.57,2024-03-27 18:02:21,2024-11-15 15:22:21,232.97333333333333,46.0,312,1397.84,2.0,4.0,4.0,10.0,At Risk
925,2024-03-31,organic,US,6.0,1983.31,876.09,2024-07-03 01:49:23,2024-11-18 05:24:12,330.5516666666667,43.0,275,1983.31,2.0,4.0,4.0,10.0,At Risk
926,2024-12-12,organic,DE,3.0,1131.8600000000001,595.27,2024-12-14 16:17:57,2024-12-31 13:32:27,377.2866666666667,0.0,19,1131.8600000000001,5.0,2.0,3.0,10.0,New Customers
927,2024-07-17,paid_search,GB,7.0,2674.8599999999997,1246.03,2024-07-26 11:45:55,2024-12-01 09:06:02,382.1228571428571,30.0,167,2674.8599999999997,3.0,4.0,5.0,12.0,Loyal Customers
928,2024-04-20,social,CA,6.0,2032.4,954.65,2024-05-28 04:09:23,2024-11-06 09:37:01,338.73333333333335,55.0,255,2032.4,2.0,4.0,4.0,10.0,At Risk
929,2024-06-02,organic,US,3.0,786.0700000000002,395.2300000000001,2024-07-29 10:54:18,2024-09-23 17:03:03,262.02333333333337,99.0,212,786.0700000000002,1.0,2.0,2.0,5.0,Lost
930,2024-07-30,paid_search,NL,7.0,1761.5,813.05,2024-08-28 03:02:55,2024-12-27 07:09:33,251.64285714285714,4.0,154,1761.5,5.0,4.0,4.0,13.0,Champions
931,2024-07-15,social,GB,2.0,1019.81,427.02000000000004,2024-08-12 08:37:58,2024-12-18 10:17:26,509.905,13.0,169,1019.81,4.0,1.0,3.0,8.0,New Customers
932,2024-09-13,social,DE,2.0,741.84,319.73,2024-10-01 10:16:35,2024-12-28 11:11:46,370.92,3.0,109,741.84,5.0,1.0,2.0,8.0,New Customers
933,2024-04-04,email,GB,6.0,1236.82,651.72,2024-04-19 14:33:58,2024-10-27 05:43:48,206.13666666666666,65.0,271,1236.82,2.0,4.0,3.0,9.0,At Risk
934,2024-08-25,email,US,2.0,1075.47,435.29,2024-10-28 04:45:26,2024-11-24 21:43:18,537.735,37.0,128,1075.47,3.0,1.0,3.0,7.0,Others
935,2024-06-11,social,GB,7.0,3197.2799999999997,1542.33,2024-06-24 13:18:56,2024-12-07 04:47:36,456.7542857142857,24.0,203,3197.2799999999997,3.0,4.0,5.0,12.0,Loyal Customers
936,2024-12-10,organic,US,3.0,1276.56,587.9300000000001,2024-12-24 13:10:05,2024-12-31 23:30:35,425.52,0.0,21,1276.56,5.0,2.0,3.0,10.0,New Customers
937,2024-02-27,paid_search,US,1.0,622.28,211.51999999999998,2024-09-04 21:35:38,2024-09-04 21:35:38,622.28,118.0,308,622.28,1.0,1.0,2.0,4.0,Lost
938,2024-02-24,social,DE,2.0,505.51,289.78999999999996,2024-06-17 12:21:06,2024-11-16 06:05:31,252.755,45.0,311,505.51,2.0,1.0,2.0,5.0,Lost
939,2024-06-17,organic,GB,1.0,403.82,200.73999999999998,2024-10-04 09:05:16,2024-10-04 09:05:16,403.82,88.0,197,403.82,1.0,1.0,1.0,3.0,Lost
940,2024-07-05,organic,US,13.0,4610.74,2202.66,2024-07-11 22:48:04,2024-12-17 10:04:24,354.6723076923077,14.0,179,4610.74,4.0,5.0,5.0,14.0,Champions
941,2024-09-09,organic,US,3.0,488.46,184.41999999999996,2024-09-21 17:48:15,2024-12-18 15:39:21,162.82,13.0,113,488.46,4.0,2.0,2.0,8.0,New Customers
942,2024-05-27,paid_search,US,7.0,1584.02,731.64,2024-07-08 12:42:06,2024-11-26 22:27:01,226.28857142857143,35.0,218,1584.02,3.0,4.0,4.0,11.0,Loyal Customers
943,2024-11-30,paid_search,US,6.0,2472.71,1231.16,2024-12-05 18:25:34,2024-12-25 20:37:20,412.11833333333334,6.0,31,2472.71,4.0,4.0,5.0,13.0,Champions
944,2024-06-22,organic,DE,5.0,1945.7600000000002,912.03,2024-06-23 02:37:01,2024-11-11 03:21:46,389.15200000000004,50.0,192,1945.7600000000002,2.0,3.0,4.0,9.0,At Risk
945,2024-02-17,email,US,1.0,834.18,427.75,2024-04-20 02:15:15,2024-04-20 02:15:15,834.18,255.0,318,834.18,1.0,1.0,2.0,4.0,Lost
946,2024-02-13,referral,AU,7.0,1637.1399999999999,784.6499999999999,2024-02-20 14:18:52,2024-09-04 21:42:50,233.87714285714284,118.0,322,1637.1399999999999,1.0,4.0,4.0,9.0,At Risk
947,2024-12-22,organic,US,2.0,441.50000000000006,199.51000000000005,2024-12-28 17:04:33,2024-12-28 17:06:03,220.75000000000003,3.0,9,441.50000000000006,5.0,1.0,1.0,7.0,New Customers
948,2024-02-19,referral,US,1.0,68.66,34.339999999999996,2024-12-03 21:53:24,2024-12-03 21:53:24,68.66,28.0,316,68.66,3.0,1.0,1.0,5.0,Others
949,2024-12-12,organic,AU,3.0,863.6800000000001,421.49,2024-12-17 09:38:52,2024-12-25 19:17:13,287.8933333333334,6.0,19,863.6800000000001,4.0,2.0,2.0,8.0,New Customers
950,2024-04-11,referral,US,0.0,0.0,0.0,,,0.0,264.0,264,0.0,,,,,No Orders
951,2024-02-04,affiliate,GB,3.0,1177.68,628.1800000000001,2024-03-07 02:40:27,2024-08-19 18:28:23,392.56,134.0,331,1177.68,1.0,2.0,3.0,6.0,Lost
952,2024-04-21,organic,NL,6.0,1976.4499999999998,966.6800000000001,2024-05-26 10:26:19,2024-12-26 16:07:38,329.4083333333333,5.0,254,1976.4499999999998,5.0,4.0,4.0,13.0,Champions
953,2024-08-12,email,NL,5.0,1939.96,1066.3400000000001,2024-08-16 15:24:10,2024-12-13 09:31:23,387.992,18.0,141,1939.96,3.0,3.0,4.0,10.0,Loyal Customers
954,2024-06-05,affiliate,FR,7.0,2810.7,1190.6000000000001,2024-06-29 21:20:29,2024-12-08 01:36:42,401.5285714285714,23.0,209,2810.7,3.0,4.0,5.0,12.0,Loyal Customers
955,2024-10-14,referral,US,1.0,50.0,21.64,2024-10-17 22:43:04,2024-10-17 22:43:04,50.0,75.0,78,50.0,2.0,1.0,1.0,4.0,Lost
956,2024-08-11,affiliate,DE,3.0,744.8599999999999,349.04999999999995,2024-08-21 19:35:25,2024-11-05 13:26:11,248.28666666666663,56.0,142,744.8599999999999,2.0,2.0,2.0,6.0,Lost
957,2024-05-26,paid_search,SE,4.0,1554.6799999999998,740.46,2024-07-02 08:49:05,2024-12-29 14:22:27,388.66999999999996,2.0,219,1554.6799999999998,5.0,3.0,4.0,12.0,Loyal Customers
958,2024-08-20,organic,NL,7.0,2781.91,1213.75,2024-09-08 11:15:11,2024-12-19 20:57:14,397.4157142857143,12.0,133,2781.91,4.0,4.0,5.0,13.0,Champions
959,2024-12-21,email,US,1.0,341.38,157.3,2024-12-21 11:29:37,2024-12-21 11:29:37,341.38,10.0,10,341.38,4.0,1.0,1.0,6.0,New Customers
960,2024-05-30,social,US,3.0,561.98,245.11,2024-08-28 17:15:39,2024-11-07 17:26:09,187.32666666666668,54.0,215,561.98,2.0,2.0,2.0,6.0,Lost
961,2024-02-26,social,US,1.0,337.19000000000005,187.86000000000004,2024-12-15 06:23:20,2024-12-15 06:23:20,337.19000000000005,16.0,309,337.19000000000005,4.0,1.0,1.0,6.0,New Customers
962,2024-05-29,paid_search,US,4.0,1513.0300000000002,681.3900000000001,2024-07-13 03:38:11,2024-12-04 16:28:12,378.25750000000005,27.0,216,1513.0300000000002,3.0,3.0,4.0,10.0,Loyal Customers
963,2024-11-03,social,FR,0.0,0.0,0.0,,,0.0,58.0,58,0.0,,,,,No Orders
964,2024-03-20,organic,US,7.0,1150.8300000000002,543.34,2024-04-16 08:09:27,2024-10-28 00:17:58,164.40428571428575,64.0,286,1150.8300000000002,2.0,4.0,3.0,9.0,At Risk
965,2024-12-13,social,US,8.0,2554.93,1345.4,2024-12-13 19:27:48,2024-12-29 23:05:38,319.36625,2.0,18,2554.93,5.0,5.0,5.0,15.0,Champions
966,2024-08-03,organic,US,2.0,561.74,233.98999999999998,2024-08-15 04:24:18,2024-08-17 01:24:34,280.87,136.0,150,561.74,1.0,1.0,2.0,4.0,Lost
967,2024-08-08,social,GB,4.0,1739.17,755.37,2024-08-12 00:57:56,2024-12-17 10:14:40,434.7925,14.0,145,1739.17,4.0,3.0,4.0,11.0,Loyal Customers
968,2024-04-26,email,US,2.0,830.68,384.36,2024-08-07 02:01:09,2024-11-13 13:36:46,415.34,48.0,249,830.68,2.0,1.0,2.0,5.0,Lost
969,2024-12-02,paid_search,GB,2.0,399.15999999999997,142.7,2024-12-17 19:55:36,2024-12-17 23:23:08,199.57999999999998,14.0,29,399.15999999999997,4.0,1.0,1.0,6.0,New Customers
970,2024-01-14,paid_search,US,1.0,97.6,44.03,2024-04-20 07:59:31,2024-04-20 07:59:31,97.6,255.0,352,97.6,1.0,1.0,1.0,3.0,Lost
971,2024-04-19,organic,NL,5.0,1554.3200000000002,754.98,2024-05-26 01:18:32,2024-11-02 06:22:11,310.86400000000003,59.0,256,1554.3200000000002,2.0,3.0,4.0,9.0,At Risk
972,2024-06-02,affiliate,US,11.0,3332.87,1721.69,2024-06-05 14:29:59,2024-12-30 19:32:11,302.98818181818183,1.0,212,3332.87,5.0,5.0,5.0,15.0,Champions
973,2024-06-23,social,GB,2.0,188.52999999999997,90.96000000000001,2024-07-01 00:21:58,2024-09-13 06:58:17,94.26499999999999,109.0,191,188.52999999999997,1.0,1.0,1.0,3.0,Lost
974,2024-06-22,paid_search,US,5.0,1619.52,831.6199999999999,2024-06-29 04:36:48,2024-12-23 15:04:40,323.904,8.0,192,1619.52,4.0,3.0,4.0,11.0,Loyal Customers
975,2024-02-24,organic,US,8.0,2651.29,1195.5000000000002,2024-02-26 07:27:15,2024-12-14 04:52:43,331.41125,17.0,311,2651.29,3.0,5.0,5.0,13.0,Loyal Customers
976,2024-03-23,organic,US,7.0,987.28,526.32,2024-04-27 03:52:58,2024-11-03 10:42:53,141.04,58.0,283,987.28,2.0,4.0,3.0,9.0,At Risk
977,2024-02-04,paid_search,US,3.0,998.87,490.43,2024-10-26 20:23:21,2024-12-11 05:06:09,332.95666666666665,20.0,331,998.87,3.0,2.0,3.0,8.0,Potential Loyalists
978,2024-07-28,referral,US,8.0,3585.95,1721.3,2024-08-10 08:02:21,2024-12-07 10:34:58,448.24375,24.0,156,3585.95,3.0,5.0,5.0,13.0,Loyal Customers
979,2024-05-08,social,GB,0.0,0.0,0.0,,,0.0,237.0,237,0.0,,,,,No Orders
980,2024-07-26,organic,DE,0.0,0.0,0.0,,,0.0,158.0,158,0.0,,,,,No Orders
981,2024-08-03,email,US,6.0,1617.71,811.1,2024-09-04 10:38:00,2024-12-26 03:54:40,269.61833333333334,5.0,150,1617.71,5.0,4.0,4.0,13.0,Champions
982,2024-09-13,paid_search,GB,2.0,818.5699999999999,388.48,2024-09-13 23:21:53,2024-09-28 02:53:57,409.28499999999997,94.0,109,818.5699999999999,1.0,1.0,2.0,4.0,Lost
983,2024-07-19,email,DE,1.0,512.28,186.72000000000003,2024-09-13 03:48:43,2024-09-13 03:48:43,512.28,109.0,165,512.28,1.0,1.0,2.0,4.0,Lost
984,2024-08-25,organic,US,4.0,1148.98,576.59,2024-08-26 22:42:14,2024-10-23 06:48:29,287.245,69.0,128,1148.98,2.0,3.0,3.0,8.0,At Risk
985,2024-08-02,social,US,12.0,5304.79,2365.25,2024-08-07 06:04:39,2024-12-18 10:58:00,442.06583333333333,13.0,151,5304.79,4.0,5.0,5.0,14.0,Champions
986,2024-08-26,referral,US,10.0,2354.0899999999997,1164.48,2024-09-03 09:13:26,2024-12-19 09:39:57,235.40899999999996,12.0,127,2354.0899999999997,4.0,5.0,5.0,14.0,Champions
987,2024-08-13,organic,US,0.0,0.0,0.0,,,0.0,140.0,140,0.0,,,,,No Orders
988,2024-04-25,social,GB,6.0,2294.34,1148.22,2024-06-24 05:15:32,2024-10-12 01:49:28,382.39000000000004,80.0,250,2294.34,2.0,4.0,5.0,11.0,At Risk
989,2024-03-31,affiliate,SE,8.0,2789.5,1327.18,2024-05-19 05:10:10,2024-12-17 19:14:02,348.6875,14.0,275,2789.5,4.0,5.0,5.0,14.0,Champions
990,2024-10-15,organic,SE,1.0,216.8,75.24000000000001,2024-10-30 16:39:27,2024-10-30 16:39:27,216.8,62.0,77,216.8,2.0,1.0,1.0,4.0,Lost
991,2024-05-05,organic,SE,5.0,1289.31,668.7900000000001,2024-05-28 00:19:39,2024-11-26 06:07:33,257.86199999999997,35.0,240,1289.31,3.0,3.0,3.0,9.0,Loyal Customers
992,2024-07-19,social,GB,4.0,1371.96,551.5400000000001,2024-07-29 00:12:12,2024-12-23 23:30:10,342.99,8.0,165,1371.96,4.0,3.0,3.0,10.0,Loyal Customers
993,2024-03-13,organic,US,3.0,1100.89,516.25,2024-03-30 07:12:51,2024-11-22 03:55:22,366.96333333333337,39.0,293,1100.89,2.0,2.0,3.0,7.0,Lost
994,2024-06-06,organic,US,3.0,424.37,202.92,2024-09-17 22:03:55,2024-11-24 04:31:46,141.45666666666668,37.0,208,424.37,3.0,2.0,1.0,6.0,Others
995,2024-07-12,paid_search,US,0.0,0.0,0.0,,,0.0,172.0,172,0.0,,,,,No Orders
996,2024-08-17,email,US,3.0,981.56,415.51000000000005,2024-09-18 04:59:30,2024-11-30 08:39:00,327.18666666666667,31.0,136,981.56,3.0,2.0,3.0,8.0,Potential Loyalists
997,2024-07-11,organic,US,5.0,1097.17,568.52,2024-07-15 21:36:47,2024-11-21 08:20:33,219.43400000000003,40.0,173,1097.17,2.0,3.0,3.0,8.0,At Risk
998,2024-05-12,organic,GB,5.0,1967.3500000000001,914.8400000000001,2024-06-14 02:21:44,2024-09-27 22:49:57,393.47,95.0,233,1967.3500000000001,1.0,3.0,4.0,8.0,At Risk
999,2024-12-18,email,US,2.0,549.26,274.43,2024-12-28 21:10:50,2024-12-28 22:40:53,274.63,3.0,13,549.26,5.0,1.0,2.0,8.0,New Customers
1000,2024-07-06,paid_search,US,0.0,0.0,0.0,,,0.0,178.0,178,0.0,,,,,No Orders
1001,2024-10-22,email,FR,1.0,393.90999999999997,174.36,2024-10-30 11:49:29,2024-10-30 11:49:29,393.90999999999997,62.0,70,393.90999999999997,2.0,1.0,1.0,4.0,Lost
1002,2024-09-26,paid_search,US,1.0,296.36,168.90999999999997,2024-11-10 23:08:30,2024-11-10 23:08:30,296.36,51.0,96,296.36,2.0,1.0,1.0,4.0,Lost
1003,2024-07-23,affiliate,AU,4.0,1367.6799999999998,639.67,2024-08-15 10:51:29,2024-11-08 05:14:31,341.91999999999996,53.0,161,1367.6799999999998,2.0,3.0,3.0,8.0,At Risk
1004,2024-11-20,social,US,7.0,1974.8100000000002,903.01,2024-11-20 07:44:30,2024-12-25 00:17:51,282.1157142857143,6.0,41,1974.8100000000002,4.0,4.0,4.0,12.0,Champions
1005,2024-02-16,organic,GB,0.0,0.0,0.0,,,0.0,319.0,319,0.0,,,,,No Orders
1006,2024-12-03,referral,US,9.0,2266.15,1120.8,2024-12-06 16:04:54,2024-12-30 14:41:10,251.79444444444445,1.0,28,2266.15,5.0,5.0,5.0,15.0,Champions
1007,2024-11-07,paid_search,GB,16.0,5052.13,2588.54,2024-11-10 10:15:33,2024-12-20 01:04:52,315.758125,11.0,54,5052.13,4.0,5.0,5.0,14.0,Champions
1008,2024-07-03,organic,US,12.0,4073.05,1884.0300000000002,2024-07-07 22:10:50,2024-12-25 18:58:07,339.42083333333335,6.0,181,4073.05,4.0,5.0,5.0,14.0,Champions
1009,2024-09-25,organic,US,14.0,3578.16,1710.2,2024-09-29 03:47:09,2024-12-26 23:54:26,255.58285714285714,4.0,97,3578.16,5.0,5.0,5.0,15.0,Champions
1010,2024-07-09,social,DE,0.0,0.0,0.0,,,0.0,175.0,175,0.0,,,,,No Orders
1011,2024-04-08,organic,US,1.0,39.68,19.28,2024-11-02 15:29:01,2024-11-02 15:29:01,39.68,59.0,267,39.68,2.0,1.0,1.0,4.0,Lost
1012,2024-10-19,organic,US,7.0,1814.4099999999999,844.6899999999999,2024-11-01 18:13:30,2024-12-15 15:44:55,259.20142857142855,16.0,73,1814.4099999999999,4.0,4.0,4.0,12.0,Champions
1013,2024-03-31,organic,NL,3.0,627.4,258.74,2024-04-13 02:56:33,2024-12-12 02:33:28,209.13333333333333,19.0,275,627.4,3.0,2.0,2.0,7.0,Potential Loyalists
1014,2024-04-25,paid_search,US,0.0,0.0,0.0,,,0.0,250.0,250,0.0,,,,,No Orders
1015,2024-07-09,paid_search,DE,2.0,1223.99,569.4300000000001,2024-07-11 07:19:26,2024-10-25 00:16:35,611.995,67.0,175,1223.99,2.0,1.0,3.0,6.0,Lost
1016,2024-11-02,paid_search,GB,2.0,748.0600000000001,416.98000000000013,2024-11-21 15:31:09,2024-12-20 18:21:53,374.03000000000003,11.0,59,748.0600000000001,4.0,1.0,2.0,7.0,New Customers
1017,2024-05-20,organic,US,2.0,481.71000000000004,198.64999999999998,2024-07-05 13:40:21,2024-10-28 21:22:28,240.85500000000002,64.0,225,481.71000000000004,2.0,1.0,2.0,5.0,Lost
1018,2024-06-29,organic,GB,3.0,1416.17,663.13,2024-08-17 16:43:32,2024-11-06 22:48:35,472.0566666666667,55.0,185,1416.17,2.0,2.0,4.0,8.0,Lost
1019,2024-01-16,social,US,0.0,0.0,0.0,,,0.0,350.0,350,0.0,,,,,No Orders
1020,2024-02-12,paid_search,FR,1.0,107.09,62.03,2024-10-14 17:53:36,2024-10-14 17:53:36,107.09,78.0,323,107.09,2.0,1.0,1.0,4.0,Lost
1021,2024-01-21,social,US,6.0,1747.5,871.83,2024-05-08 16:22:13,2024-12-26 23:22:20,291.25,5.0,345,1747.5,5.0,4.0,4.0,13.0,Champions
1022,2024-01-27,organic,US,1.0,510.90999999999997,248.5,2024-03-23 23:24:56,2024-03-23 23:24:56,510.90999999999997,283.0,339,510.90999999999997,1.0,1.0,2.0,4.0,Lost
1023,2024-11-13,organic,US,11.0,3833.3,1943.99,2024-11-16 16:09:24,2024-12-29 00:14:38,348.4818181818182,2.0,48,3833.3,5.0,5.0,5.0,15.0,Champions
1024,2024-11-04,organic,NL,2.0,513.4300000000001,268.89,2024-12-05 05:51:49,2024-12-11 00:36:32,256.71500000000003,20.0,57,513.4300000000001,3.0,1.0,2.0,6.0,Others
1025,2024-10-27,paid_search,CA,1.0,296.78999999999996,180.85999999999999,2024-11-04 17:00:12,2024-11-04 17:00:12,296.78999999999996,57.0,65,296.78999999999996,2.0,1.0,1.0,4.0,Lost
1026,2024-01-21,paid_search,NL,4.0,1379.8400000000001,698.31,2024-03-06 18:19:09,2024-11-20 07:58:50,344.96000000000004,41.0,345,1379.8400000000001,2.0,3.0,3.0,8.0,At Risk
1027,2024-01-29,email,DE,5.0,1342.4,639.7500000000001,2024-03-20 11:07:52,2024-09-22 10:31:44,268.48,100.0,337,1342.4,1.0,3.0,3.0,7.0,At Risk
1028,2024-04-12,paid_search,FR,1.0,276.27,126.96999999999998,2024-06-19 18:54:35,2024-06-19 18:54:35,276.27,195.0,263,276.27,1.0,1.0,1.0,3.0,Lost
1029,2024-07-25,paid_search,GB,3.0,937.51,529.45,2024-09-20 02:14:24,2024-10-25 05:00:19,312.50333333333333,67.0,159,937.51,2.0,2.0,3.0,7.0,Lost
1030,2024-05-02,social,NL,0.0,0.0,0.0,,,0.0,243.0,243,0.0,,,,,No Orders
1031,2024-06-27,organic,GB,0.0,0.0,0.0,,,0.0,187.0,187,0.0,,,,,No Orders
1032,2024-03-04,paid_search,US,2.0,228.75,102.16999999999999,2024-04-16 23:46:14,2024-06-19 05:28:05,114.375,195.0,302,228.75,1.0,1.0,1.0,3.0,Lost
1033,2024-09-24,paid_search,DE,3.0,822.73,408.08000000000004,2024-11-10 11:08:50,2024-12-31 19:52:05,274.24333333333334,0.0,98,822.73,5.0,2.0,2.0,9.0,New Customers
1034,2024-04-24,paid_search,GB,2.0,194.4,70.6,2024-05-12 10:59:00,2024-06-04 18:59:26,97.2,210.0,251,194.4,1.0,1.0,1.0,3.0,Lost
1035,2024-01-25,organic,US,1.0,509.19,230.0,2024-04-25 17:11:53,2024-04-25 17:11:53,509.19,250.0,341,509.19,1.0,1.0,2.0,4.0,Lost
1036,2024-09-28,email,US,1.0,427.82,250.84,2024-10-14 22:44:38,2024-10-14 22:44:38,427.82,78.0,94,427.82,2.0,1.0,1.0,4.0,Lost
1037,2024-11-26,referral,US,6.0,2918.23,1349.82,2024-12-01 05:19:34,2024-12-26 16:47:42,486.37166666666667,5.0,35,2918.23,5.0,4.0,5.0,14.0,Champions
1038,2024-01-06,organic,AU,5.0,899.65,406.46999999999997,2024-04-10 02:46:15,2024-09-02 15:12:34,179.93,120.0,360,899.65,1.0,3.0,3.0,7.0,At Risk
1039,2024-06-08,social,US,4.0,1348.78,575.54,2024-06-08 04:06:48,2024-11-02 07:44:59,337.195,59.0,206,1348.78,2.0,3.0,3.0,8.0,At Risk
1040,2024-10-29,email,CA,9.0,3074.15,1389.67,2024-10-31 09:52:09,2024-12-13 04:49:31,341.57222222222225,18.0,63,3074.15,3.0,5.0,5.0,13.0,Loyal Customers
1041,2024-09-15,organic,GB,3.0,416.43,179.10000000000002,2024-10-03 01:32:52,2024-12-06 05:42:42,138.81,25.0,107,416.43,3.0,2.0,1.0,6.0,Others
1042,2024-11-09,email,CA,13.0,4465.13,1913.48,2024-11-12 19:45:20,2024-12-31 22:56:05,343.47153846153844,0.0,52,4465.13,5.0,5.0,5.0,15.0,Champions
1043,2024-05-31,social,US,1.0,598.75,320.06,2024-08-02 07:32:39,2024-08-02 07:32:39,598.75,151.0,214,598.75,1.0,1.0,2.0,4.0,Lost
1044,2024-05-16,referral,NL,1.0,627.8700000000001,285.13000000000005,2024-10-06 00:43:37,2024-10-06 00:43:37,627.8700000000001,86.0,229,627.8700000000001,1.0,1.0,2.0,4.0,Lost
1045,2024-09-16,affiliate,GB,1.0,70.24,32.8,2024-11-11 06:49:40,2024-11-11 06:49:40,70.24,50.0,106,70.24,2.0,1.0,1.0,4.0,Lost
1046,2024-02-26,organic,US,3.0,1278.3,547.25,2024-03-03 22:56:24,2024-05-28 18:16:41,426.09999999999997,217.0,309,1278.3,1.0,2.0,3.0,6.0,Lost
1047,2024-03-28,paid_search,US,1.0,396.57,173.65,2024-10-30 14:53:34,2024-10-30 14:53:34,396.57,62.0,278,396.57,2.0,1.0,1.0,4.0,Lost
1048,2024-08-07,paid_search,US,0.0,0.0,0.0,,,0.0,146.0,146,0.0,,,,,No Orders
1049,2024-09-01,organic,US,1.0,224.84,125.96000000000001,2024-10-10 06:15:29,2024-10-10 06:15:29,224.84,82.0,121,224.84,1.0,1.0,1.0,3.0,Lost
1050,2024-02-13,organic,FR,1.0,557.7,221.56,2024-02-13 11:42:47,2024-02-13 11:42:47,557.7,322.0,322,557.7,1.0,1.0,2.0,4.0,Lost
1051,2024-07-05,affiliate,NL,3.0,1170.22,596.54,2024-07-15 14:49:33,2024-09-14 00:42:40,390.0733333333333,108.0,179,1170.22,1.0,2.0,3.0,6.0,Lost
1052,2024-05-13,organic,FR,1.0,647.4,256.79999999999995,2024-08-09 10:30:16,2024-08-09 10:30:16,647.4,144.0,232,647.4,1.0,1.0,2.0,4.0,Lost
1053,2024-07-02,paid_search,GB,0.0,0.0,0.0,,,0.0,182.0,182,0.0,,,,,No Orders
1054,2024-12-16,email,GB,3.0,809.31,414.61000000000007,2024-12-17 08:18:44,2024-12-26 06:08:14,269.77,5.0,15,809.31,5.0,2.0,2.0,9.0,New Customers
1055,2024-01-29,organic,CA,10.0,2831.6000000000004,1319.68,2024-06-06 09:55:14,2024-12-02 15:01:03,283.16,29.0,337,2831.6000000000004,3.0,5.0,5.0,13.0,Loyal Customers
1056,2024-12-30,paid_search,AU,8.0,1789.5,871.67,2024-12-30 10:36:49,2024-12-31 23:12:40,223.6875,0.0,1,1789.5,5.0,5.0,4.0,14.0,Champions
1057,2024-06-13,affiliate,US,3.0,1110.65,531.58,2024-07-18 04:10:16,2024-10-19 08:09:07,370.2166666666667,73.0,201,1110.65,2.0,2.0,3.0,7.0,Lost
1058,2024-10-09,paid_search,NL,0.0,0.0,0.0,,,0.0,83.0,83,0.0,,,,,No Orders
1059,2024-06-04,organic,US,5.0,2152.72,1066.3,2024-08-16 12:33:13,2024-12-24 04:02:59,430.544,7.0,210,2152.72,4.0,3.0,4.0,11.0,Loyal Customers
1060,2024-04-23,organic,CA,3.0,517.5699999999999,235.48000000000002,2024-07-27 16:30:43,2024-10-30 15:35:42,172.5233333333333,62.0,252,517.5699999999999,2.0,2.0,2.0,6.0,Lost
1061,2024-10-09,referral,SE,2.0,885.98,362.78000000000003,2024-10-29 11:35:51,2024-12-29 00:20:44,442.99,2.0,83,885.98,5.0,1.0,2.0,8.0,New Customers
1062,2024-09-08,organic,FR,1.0,175.94,73.78,2024-10-14 02:03:11,2024-10-14 02:03:11,175.94,78.0,114,175.94,2.0,1.0,1.0,4.0,Lost
1063,2024-02-22,paid_search,US,3.0,957.99,434.0300000000001,2024-06-20 10:21:57,2024-12-28 03:48:16,319.33,3.0,313,957.99,5.0,2.0,3.0,10.0,New Customers
1064,2024-09-15,organic,DE,7.0,3611.39,1732.15,2024-10-04 13:44:43,2024-12-22 19:19:00,515.9128571428571,9.0,107,3611.39,4.0,4.0,5.0,13.0,Champions
1065,2024-10-02,paid_search,US,5.0,1634.98,734.1400000000001,2024-10-07 05:29:12,2024-12-19 14:02:56,326.996,12.0,90,1634.98,4.0,3.0,4.0,11.0,Loyal Customers
1066,2024-05-21,referral,CA,0.0,0.0,0.0,,,0.0,224.0,224,0.0,,,,,No Orders
1067,2024-12-04,paid_search,US,0.0,0.0,0.0,,,0.0,27.0,27,0.0,,,,,No Orders
1068,2024-08-22,affiliate,FR,2.0,811.4200000000001,430.7800000000001,2024-09-29 02:47:20,2024-11-02 05:56:25,405.71000000000004,59.0,131,811.4200000000001,2.0,1.0,2.0,5.0,Lost
1069,2024-05-02,organic,NL,1.0,322.71,171.36999999999998,2024-06-25 16:45:51,2024-06-25 16:45:51,322.71,189.0,243,322.71,1.0,1.0,1.0,3.0,Lost
1070,2024-01-04,paid_search,US,6.0,1085.83,439.1,2024-05-21 10:24:40,2024-12-18 21:28:44,180.97166666666666,13.0,362,1085.83,4.0,4.0,3.0,11.0,Loyal Customers
1071,2024-09-04,email,US,5.0,1867.33,856.09,2024-09-04 15:54:27,2024-12-22 03:05:11,373.466,9.0,118,1867.33,4.0,3.0,4.0,11.0,Loyal Customers
1072,2024-03-17,paid_search,DE,1.0,795.9300000000001,409.92,2024-12-30 18:41:10,2024-12-30 18:41:10,795.9300000000001,1.0,289,795.9300000000001,5.0,1.0,2.0,8.0,New Customers
1073,2024-10-03,organic,US,0.0,0.0,0.0,,,0.0,89.0,89,0.0,,,,,No Orders
1074,2024-07-11,email,US,4.0,2266.9700000000003,1069.0900000000001,2024-09-14 09:02:42,2024-11-09 14:12:49,566.7425000000001,52.0,173,2266.9700000000003,2.0,3.0,5.0,10.0,At Risk
1075,2024-06-19,paid_search,US,5.0,888.1,428.05,2024-09-23 16:30:21,2024-12-21 00:50:54,177.62,10.0,195,888.1,4.0,3.0,2.0,9.0,Potential Loyalists
1076,2024-02-29,paid_search,US,1.0,412.72999999999996,154.20999999999992,2024-11-22 23:33:23,2024-11-22 23:33:23,412.72999999999996,39.0,306,412.72999999999996,2.0,1.0,1.0,4.0,Lost
1077,2024-09-17,affiliate,DE,2.0,693.3100000000001,291.71,2024-11-18 03:00:21,2024-12-06 11:55:34,346.65500000000003,25.0,105,693.3100000000001,3.0,1.0,2.0,6.0,Others
1078,2024-03-01,organic,DE,8.0,1487.01,679.4699999999999,2024-03-12 20:59:15,2024-12-30 13:16:08,185.87625,1.0,305,1487.01,5.0,5.0,4.0,14.0,Champions
1079,2024-06-01,organic,US,1.0,153.99,82.38000000000001,2024-07-20 17:11:27,2024-07-20 17:11:27,153.99,164.0,213,153.99,1.0,1.0,1.0,3.0,Lost
1080,2024-11-02,organic,GB,5.0,1184.22,659.1600000000001,2024-11-05 06:19:39,2024-12-24 21:00:57,236.844,7.0,59,1184.22,4.0,3.0,3.0,10.0,Loyal Customers
1081,2024-12-02,paid_search,US,7.0,2005.81,987.0300000000001,2024-12-02 12:13:30,2024-12-27 17:45:57,286.5442857142857,4.0,29,2005.81,5.0,4.0,4.0,13.0,Champions
1082,2024-12-28,organic,US,2.0,669.75,262.30999999999995,2024-12-29 19:53:33,2024-12-31 01:37:18,334.875,0.0,3,669.75,5.0,1.0,2.0,8.0,New Customers
1083,2024-12-16,social,FR,4.0,1514.84,706.0699999999999,2024-12-26 00:17:56,2024-12-30 08:45:24,378.71,1.0,15,1514.84,5.0,3.0,4.0,12.0,Loyal Customers
1084,2024-07-22,organic,US,2.0,782.63,366.65,2024-10-22 11:01:17,2024-11-10 05:04:37,391.315,51.0,162,782.63,2.0,1.0,2.0,5.0,Lost
1085,2024-03-14,social,GB,0.0,0.0,0.0,,,0.0,292.0,292,0.0,,,,,No Orders
1086,2024-11-03,organic,NL,2.0,387.1,188.27,2024-11-03 18:06:14,2024-12-10 22:36:34,193.55,21.0,58,387.1,3.0,1.0,1.0,5.0,Others
1087,2024-10-20,paid_search,GB,1.0,91.55,56.099999999999994,2024-12-15 02:03:59,2024-12-15 02:03:59,91.55,16.0,72,91.55,4.0,1.0,1.0,6.0,New Customers
1088,2024-12-28,paid_search,DE,5.0,1659.8200000000002,822.3000000000001,2024-12-28 14:58:34,2024-12-31 03:34:50,331.96400000000006,0.0,3,1659.8200000000002,5.0,3.0,4.0,12.0,Loyal Customers
1089,2024-08-26,social,US,2.0,879.99,467.09999999999997,2024-09-01 04:37:18,2024-11-25 21:28:15,439.995,36.0,127,879.99,3.0,1.0,2.0,6.0,Others
1090,2024-02-21,paid_search,US,1.0,91.13,32.31,2024-06-15 12:36:59,2024-06-15 12:36:59,91.13,199.0,314,91.13,1.0,1.0,1.0,3.0,Lost
1091,2024-07-03,paid_search,US,2.0,208.52,102.08999999999997,2024-09-24 04:30:22,2024-12-06 22:27:05,104.26,25.0,181,208.52,3.0,1.0,1.0,5.0,Others
1092,2024-06-13,email,CA,2.0,586.45,267.34000000000003,2024-09-05 21:37:39,2024-09-24 06:24:18,293.225,98.0,201,586.45,1.0,1.0,2.0,4.0,Lost
1093,2024-11-04,social,AU,2.0,686.22,359.66,2024-11-19 07:14:02,2024-11-26 13:31:11,343.11,35.0,57,686.22,3.0,1.0,2.0,6.0,Others
1094,2024-05-23,organic,US,0.0,0.0,0.0,,,0.0,222.0,222,0.0,,,,,No Orders
1095,2024-04-30,referral,US,1.0,250.26,129.89,2024-08-15 10:52:01,2024-08-15 10:52:01,250.26,138.0,245,250.26,1.0,1.0,1.0,3.0,Lost
1096,2024-01-30,paid_search,US,4.0,649.82,285.56,2024-02-26 06:28:07,2024-12-08 13:55:01,162.455,23.0,336,649.82,3.0,3.0,2.0,8.0,Potential Loyalists
1097,2024-11-01,organic,DE,4.0,1175.15,651.78,2024-11-06 05:25:43,2024-12-21 22:40:24,293.7875,10.0,60,1175.15,4.0,3.0,3.0,10.0,Loyal Customers
1098,2024-10-03,paid_search,DE,2.0,70.02,36.78,2024-11-21 11:29:25,2024-11-30 01:08:58,35.01,31.0,89,70.02,3.0,1.0,1.0,5.0,Others
1099,2024-01-16,organic,FR,1.0,96.55,34.449999999999996,2024-12-08 17:47:21,2024-12-08 17:47:21,96.55,23.0,350,96.55,3.0,1.0,1.0,5.0,Others
1100,2024-06-07,organic,NL,6.0,1828.7299999999998,837.7799999999999,2024-06-17 23:27:05,2024-11-28 08:17:46,304.7883333333333,33.0,207,1828.7299999999998,3.0,4.0,4.0,11.0,Loyal Customers
1101,2024-06-24,email,US,8.0,2685.6,1379.66,2024-06-30 21:04:22,2024-12-30 10:59:46,335.7,1.0,190,2685.6,5.0,5.0,5.0,15.0,Champions
1102,2024-06-20,organic,DE,14.0,3924.5699999999997,1895.6799999999998,2024-06-26 09:02:08,2024-12-19 17:38:42,280.32642857142855,12.0,194,3924.5699999999997,4.0,5.0,5.0,14.0,Champions
1103,2024-12-02,email,GB,7.0,1687.02,716.96,2024-12-03 10:11:45,2024-12-30 18:23:37,241.00285714285715,1.0,29,1687.02,5.0,4.0,4.0,13.0,Champions
1104,2024-02-25,referral,US,10.0,3077.64,1524.9099999999999,2024-03-03 02:27:06,2024-10-20 20:07:39,307.764,72.0,310,3077.64,2.0,5.0,5.0,12.0,At Risk
1105,2024-04-22,social,NL,0.0,0.0,0.0,,,0.0,253.0,253,0.0,,,,,No Orders
1106,2024-03-07,social,US,6.0,2234.37,1023.48,2024-03-20 02:54:16,2024-12-12 17:34:46,372.395,19.0,299,2234.37,3.0,4.0,5.0,12.0,Loyal Customers
1107,2024-03-30,social,FR,6.0,1622.47,716.97,2024-05-20 04:02:51,2024-12-23 09:03:33,270.4116666666667,8.0,276,1622.47,4.0,4.0,4.0,12.0,Champions
1108,2024-11-27,affiliate,FR,3.0,1223.1,528.91,2024-12-17 21:54:24,2024-12-25 08:55:56,407.7,6.0,34,1223.1,4.0,2.0,3.0,9.0,New Customers
1109,2024-12-10,paid_search,NL,3.0,793.26,404.54,2024-12-12 14:51:55,2024-12-29 20:53:14,264.42,2.0,21,793.26,5.0,2.0,2.0,9.0,New Customers
1110,2024-01-17,organic,GB,4.0,873.3299999999999,472.90000000000003,2024-04-28 16:13:57,2024-12-16 02:54:00,218.33249999999998,15.0,349,873.3299999999999,4.0,3.0,2.0,9.0,Potential Loyalists
1111,2024-08-19,paid_search,US,1.0,427.95000000000005,245.47000000000003,2024-11-25 16:37:00,2024-11-25 16:37:00,427.95000000000005,36.0,134,427.95000000000005,3.0,1.0,1.0,5.0,Others
1112,2024-03-26,paid_search,CA,4.0,1816.92,899.7800000000001,2024-04-15 22:29:48,2024-11-24 17:45:23,454.23,37.0,280,1816.92,3.0,3.0,4.0,10.0,Loyal Customers
1113,2024-03-11,organic,CA,2.0,587.34,293.83000000000004,2024-04-10 09:57:37,2024-10-10 10:54:14,293.67,82.0,295,587.34,1.0,1.0,2.0,4.0,Lost
1114,2024-04-16,social,GB,2.0,273.01,123.79000000000002,2024-08-13 07:57:31,2024-10-06 16:13:06,136.505,86.0,259,273.01,1.0,1.0,1.0,3.0,Lost
1115,2024-03-12,organic,CA,4.0,1177.8200000000002,600.35,2024-05-21 07:17:07,2024-10-09 00:31:35,294.45500000000004,83.0,294,1177.8200000000002,1.0,3.0,3.0,7.0,At Risk
1116,2024-06-28,referral,US,7.0,2366.89,1159.72,2024-08-07 04:17:36,2024-10-24 02:23:28,338.1271428571428,68.0,186,2366.89,2.0,4.0,5.0,11.0,At Risk
1117,2024-12-30,organic,DE,6.0,1762.58,744.3700000000001,2024-12-30 08:37:12,2024-12-31 16:14:43,293.7633333333333,0.0,1,1762.58,5.0,4.0,4.0,13.0,Champions
1118,2024-08-02,organic,AU,10.0,3303.86,1470.53,2024-08-06 00:21:47,2024-12-29 00:08:32,330.386,2.0,151,3303.86,5.0,5.0,5.0,15.0,Champions
1119,2024-09-21,organic,US,7.0,2224.48,1109.8,2024-09-21 06:29:47,2024-12-14 18:10:48,317.78285714285715,17.0,101,2224.48,3.0,4.0,4.0,11.0,Loyal Customers
1120,2024-06-29,organic,GB,3.0,685.62,385.83,2024-07-31 06:26:59,2024-09-03 09:13:01,228.54,119.0,185,685.62,1.0,2.0,2.0,5.0,Lost
1121,2024-01-06,organic,NL,2.0,289.13,178.74,2024-09-29 06:44:01,2024-11-12 11:31:52,144.565,49.0,360,289.13,2.0,1.0,1.0,4.0,Lost
1122,2024-01-31,organic,CA,0.0,0.0,0.0,,,0.0,335.0,335,0.0,,,,,No Orders
1123,2024-04-08,organic,AU,7.0,1628.1,726.9100000000001,2024-04-13 22:08:27,2024-11-09 23:36:48,232.58571428571426,52.0,267,1628.1,2.0,4.0,4.0,10.0,At Risk
1124,2024-03-30,organic,US,7.0,2028.27,974.8800000000001,2024-04-03 15:05:23,2024-11-05 22:33:10,289.7528571428571,56.0,276,2028.27,2.0,4.0,4.0,10.0,At Risk
1125,2024-11-03,paid_search,SE,5.0,2331.8900000000003,982.12,2024-11-14 21:55:09,2024-12-16 12:22:07,466.37800000000004,15.0,58,2331.8900000000003,4.0,3.0,5.0,12.0,Loyal Customers
1126,2024-11-04,paid_search,US,5.0,914.53,474.37,2024-11-05 04:11:32,2024-12-30 05:30:04,182.906,1.0,57,914.53,5.0,3.0,3.0,11.0,Loyal Customers
1127,2024-11-08,organic,GB,3.0,682.61,284.46000000000004,2024-11-14 08:57:54,2024-11-26 13:13:59,227.53666666666666,35.0,53,682.61,3.0,2.0,2.0,7.0,Potential Loyalists
1128,2024-08-21,organic,GB,6.0,1460.46,727.01,2024-09-08 23:09:37,2024-12-30 15:15:08,243.41,1.0,132,1460.46,5.0,4.0,4.0,13.0,Champions
1129,2024-07-22,organic,CA,2.0,1377.65,577.5600000000001,2024-08-14 00:41:25,2024-09-17 02:06:18,688.825,105.0,162,1377.65,1.0,1.0,3.0,5.0,Lost
1130,2024-08-25,organic,NL,11.0,2575.99,1324.55,2024-08-30 04:37:46,2024-12-25 22:15:15,234.18090909090907,6.0,128,2575.99,4.0,5.0,5.0,14.0,Champions
1131,2024-05-28,organic,FR,0.0,0.0,0.0,,,0.0,217.0,217,0.0,,,,,No Orders
1132,2024-09-02,email,DE,3.0,961.4300000000001,447.46,2024-09-22 04:13:44,2024-10-16 06:56:43,320.4766666666667,76.0,120,961.4300000000001,2.0,2.0,3.0,7.0,Lost
1133,2024-10-17,affiliate,GB,2.0,203.20999999999998,105.54999999999998,2024-11-15 23:56:17,2024-12-21 05:57:28,101.60499999999999,10.0,75,203.20999999999998,4.0,1.0,1.0,6.0,New Customers
1134,2024-10-06,referral,GB,7.0,2505.72,1110.28,2024-10-09 05:20:54,2024-12-31 17:29:13,357.96,0.0,86,2505.72,5.0,4.0,5.0,14.0,Champions
1135,2024-08-12,paid_search,GB,6.0,1631.25,852.73,2024-09-03 15:56:52,2024-12-06 16:09:01,271.875,25.0,141,1631.25,3.0,4.0,4.0,11.0,Loyal Customers
1136,2024-01-22,paid_search,US,2.0,134.68,69.92000000000002,2024-01-31 11:03:45,2024-11-24 18:59:41,67.34,37.0,344,134.68,3.0,1.0,1.0,5.0,Others
1137,2024-09-22,organic,GB,0.0,0.0,0.0,,,0.0,100.0,100,0.0,,,,,No Orders
1138,2024-05-14,email,AU,0.0,0.0,0.0,,,0.0,231.0,231,0.0,,,,,No Orders
1139,2024-09-29,email,FR,6.0,1778.7999999999997,900.48,2024-10-05 05:05:31,2024-12-20 00:53:21,296.46666666666664,11.0,93,1778.7999999999997,4.0,4.0,4.0,12.0,Champions
1140,2024-07-16,email,CA,0.0,0.0,0.0,,,0.0,168.0,168,0.0,,,,,No Orders
1141,2024-11-18,referral,US,1.0,676.03,225.03,2024-12-14 22:20:42,2024-12-14 22:20:42,676.03,17.0,43,676.03,3.0,1.0,2.0,6.0,Others
1142,2024-05-03,paid_search,GB,4.0,1079.93,526.47,2024-05-11 19:37:54,2024-11-27 14:48:26,269.9825,34.0,242,1079.93,3.0,3.0,3.0,9.0,Loyal Customers
1143,2024-12-06,email,US,0.0,0.0,0.0,,,0.0,25.0,25,0.0,,,,,No Orders
1144,2024-11-05,email,US,6.0,2161.95,1022.12,2024-12-06 02:53:00,2024-12-29 02:20:06,360.325,2.0,56,2161.95,5.0,4.0,4.0,13.0,Champions
1145,2024-05-01,organic,GB,1.0,70.5,36.36,2024-09-22 12:47:07,2024-09-22 12:47:07,70.5,100.0,244,70.5,1.0,1.0,1.0,3.0,Lost
1146,2024-06-25,referral,US,0.0,0.0,0.0,,,0.0,189.0,189,0.0,,,,,No Orders
1147,2024-07-13,organic,US,0.0,0.0,0.0,,,0.0,171.0,171,0.0,,,,,No Orders
1148,2024-10-08,affiliate,FR,5.0,886.96,436.5400000000001,2024-10-28 14:46:44,2024-12-31 12:35:35,177.392,0.0,84,886.96,5.0,3.0,2.0,10.0,Potential Loyalists
1149,2024-09-09,email,GB,9.0,2719.28,1218.39,2024-09-09 15:27:10,2024-12-24 12:18:35,302.14222222222224,7.0,113,2719.28,4.0,5.0,5.0,14.0,Champions
1150,2024-11-07,organic,US,2.0,942.38,401.22999999999996,2024-11-15 22:17:19,2024-11-30 13:13:39,471.19,31.0,54,942.38,3.0,1.0,3.0,7.0,Others
1151,2024-05-15,social,US,5.0,1036.54,482.96000000000004,2024-06-08 19:09:01,2024-12-18 07:05:18,207.308,13.0,230,1036.54,4.0,3.0,3.0,10.0,Loyal Customers
1152,2024-07-03,organic,GB,0.0,0.0,0.0,,,0.0,181.0,181,0.0,,,,,No Orders
1153,2024-06-06,email,GB,1.0,193.22,105.9,2024-08-18 07:23:15,2024-08-18 07:23:15,193.22,135.0,208,193.22,1.0,1.0,1.0,3.0,Lost
1154,2024-11-28,email,GB,0.0,0.0,0.0,,,0.0,33.0,33,0.0,,,,,No Orders
1155,2024-04-21,social,DE,1.0,91.76,38.84,2024-10-10 11:05:42,2024-10-10 11:05:42,91.76,82.0,254,91.76,1.0,1.0,1.0,3.0,Lost
1156,2024-08-02,email,US,3.0,1133.8600000000001,492.8700000000001,2024-08-19 20:13:30,2024-11-10 09:27:41,377.9533333333334,51.0,151,1133.8600000000001,2.0,2.0,3.0,7.0,Lost
1157,2024-02-13,organic,NL,2.0,313.84000000000003,170.73000000000002,2024-09-18 00:31:28,2024-12-15 07:25:36,156.92000000000002,16.0,322,313.84000000000003,4.0,1.0,1.0,6.0,New Customers
1158,2024-11-07,organic,US,5.0,1368.18,727.3599999999999,2024-11-13 00:21:59,2024-12-27 21:49:43,273.636,4.0,54,1368.18,5.0,3.0,3.0,11.0,Loyal Customers
1159,2024-05-20,paid_search,GB,7.0,1192.6,550.0,2024-05-30 00:18:27,2024-11-13 17:59:12,170.37142857142857,48.0,225,1192.6,2.0,4.0,3.0,9.0,At Risk
1160,2024-05-04,organic,US,4.0,1505.2199999999998,787.73,2024-07-11 13:12:08,2024-10-15 02:50:27,376.30499999999995,77.0,241,1505.2199999999998,2.0,3.0,4.0,9.0,At Risk
1161,2024-08-01,paid_search,GB,1.0,685.9200000000001,352.58000000000004,2024-11-06 04:01:18,2024-11-06 04:01:18,685.9200000000001,55.0,152,685.9200000000001,2.0,1.0,2.0,5.0,Lost
1162,2024-07-01,organic,US,5.0,1814.56,943.22,2024-08-02 04:40:23,2024-11-28 02:06:09,362.912,33.0,183,1814.56,3.0,3.0,4.0,10.0,Loyal Customers
1163,2024-11-06,paid_search,AU,12.0,4224.84,2139.96,2024-11-09 00:30:38,2024-12-23 05:37:31,352.07,8.0,55,4224.84,4.0,5.0,5.0,14.0,Champions
1164,2024-07-13,paid_search,US,0.0,0.0,0.0,,,0.0,171.0,171,0.0,,,,,No Orders
1165,2024-07-08,referral,DE,0.0,0.0,0.0,,,0.0,176.0,176,0.0,,,,,No Orders
1166,2024-02-08,organic,US,3.0,904.9300000000001,400.49,2024-03-19 05:49:02,2024-10-11 11:19:56,301.6433333333334,81.0,327,904.9300000000001,1.0,2.0,3.0,6.0,Lost
1167,2024-01-09,referral,US,3.0,761.71,296.5400000000001,2024-06-13 16:23:07,2024-12-24 01:07:53,253.90333333333334,7.0,357,761.71,4.0,2.0,2.0,8.0,New Customers
1168,2024-05-25,paid_search,US,1.0,395.0,227.45000000000005,2024-08-22 19:51:34,2024-08-22 19:51:34,395.0,131.0,220,395.0,1.0,1.0,1.0,3.0,Lost
1169,2024-12-31,organic,GB,5.0,714.53,352.57,2024-12-31 02:08:34,2024-12-31 22:14:48,142.906,0.0,0,714.53,5.0,3.0,2.0,10.0,Potential Loyalists
1170,2024-12-01,paid_search,GB,4.0,682.0,318.38,2024-12-01 09:45:27,2024-12-31 11:48:28,170.5,0.0,30,682.0,5.0,3.0,2.0,10.0,Potential Loyalists
1171,2024-08-18,paid_search,SE,1.0,349.64,182.64,2024-09-22 19:02:15,2024-09-22 19:02:15,349.64,100.0,135,349.64,1.0,1.0,1.0,3.0,Lost
1172,2024-08-18,organic,FR,4.0,795.43,365.35,2024-08-23 23:02:20,2024-11-25 09:18:59,198.8575,36.0,135,795.43,3.0,3.0,2.0,8.0,Potential Loyalists
1173,2024-05-23,paid_search,SE,4.0,1896.39,870.5000000000001,2024-08-23 01:31:22,2024-12-12 23:31:05,474.0975,19.0,222,1896.39,3.0,3.0,4.0,10.0,Loyal Customers
1174,2024-03-05,organic,US,13.0,4445.05,2039.2099999999998,2024-03-26 10:13:35,2024-12-31 22:28:37,341.9269230769231,0.0,301,4445.05,5.0,5.0,5.0,15.0,Champions
1175,2024-01-04,paid_search,CA,9.0,2378.58,1178.98,2024-02-19 19:22:17,2024-12-29 11:50:57,264.28666666666663,2.0,362,2378.58,5.0,5.0,5.0,15.0,Champions
1176,2024-05-04,social,GB,0.0,0.0,0.0,,,0.0,241.0,241,0.0,,,,,No Orders
1177,2024-04-25,paid_search,DE,0.0,0.0,0.0,,,0.0,250.0,250,0.0,,,,,No Orders
1178,2024-03-11,email,SE,5.0,1570.3,743.14,2024-05-09 01:50:24,2024-08-27 04:46:08,314.06,126.0,295,1570.3,1.0,3.0,4.0,8.0,At Risk
1179,2024-04-04,organic,DE,1.0,243.08999999999997,143.57999999999998,2024-09-16 13:45:37,2024-09-16 13:45:37,243.08999999999997,106.0,271,243.08999999999997,1.0,1.0,1.0,3.0,Lost
1180,2024-01-10,affiliate,AU,9.0,2217.76,1205.9700000000003,2024-01-25 00:12:22,2024-12-15 07:38:58,246.41777777777781,16.0,356,2217.76,4.0,5.0,4.0,13.0,Champions
1181,2024-08-10,email,FR,0.0,0.0,0.0,,,0.0,143.0,143,0.0,,,,,No Orders
1182,2024-12-05,affiliate,US,1.0,68.76,34.620000000000005,2024-12-17 00:07:00,2024-12-17 00:07:00,68.76,14.0,26,68.76,4.0,1.0,1.0,6.0,New Customers
1183,2024-09-09,email,FR,4.0,1303.74,496.43000000000006,2024-09-18 12:48:59,2024-12-14 04:55:24,325.935,17.0,113,1303.74,3.0,3.0,3.0,9.0,Loyal Customers
1184,2024-06-13,organic,GB,3.0,998.74,508.18,2024-06-13 02:39:41,2024-09-11 17:21:46,332.91333333333336,111.0,201,998.74,1.0,2.0,3.0,6.0,Lost
1185,2024-06-02,paid_search,NL,3.0,1087.19,488.73,2024-07-18 07:13:04,2024-08-25 11:17:01,362.3966666666667,128.0,212,1087.19,1.0,2.0,3.0,6.0,Lost
1186,2024-04-22,organic,CA,9.0,1552.78,722.18,2024-04-23 20:56:02,2024-12-12 19:06:53,172.5311111111111,19.0,253,1552.78,3.0,5.0,4.0,12.0,Loyal Customers
1187,2024-02-22,email,US,6.0,3278.72,1504.79,2024-03-11 05:22:57,2024-10-06 02:26:32,546.4533333333333,86.0,313,3278.72,1.0,4.0,5.0,10.0,At Risk
1188,2024-08-07,social,US,11.0,3474.36,1643.41,2024-08-18 16:02:18,2024-12-27 02:01:14,315.8509090909091,4.0,146,3474.36,5.0,5.0,5.0,15.0,Champions
1189,2024-07-26,organic,US,9.0,2793.1,1257.6,2024-07-30 21:02:19,2024-11-20 21:48:46,310.34444444444443,41.0,158,2793.1,2.0,5.0,5.0,12.0,At Risk
1190,2024-01-03,referral,GB,1.0,235.23000000000002,110.78000000000002,2024-05-17 07:46:04,2024-05-17 07:46:04,235.23000000000002,228.0,363,235.23000000000002,1.0,1.0,1.0,3.0,Lost
1191,2024-06-01,organic,US,1.0,105.46000000000001,51.95000000000001,2024-10-17 09:53:24,2024-10-17 09:53:24,105.46000000000001,75.0,213,105.46000000000001,2.0,1.0,1.0,4.0,Lost
1192,2024-04-11,social,FR,1.0,309.82,152.01999999999998,2024-09-29 20:45:52,2024-09-29 20:45:52,309.82,93.0,264,309.82,1.0,1.0,1.0,3.0,Lost
1193,2024-03-03,social,GB,0.0,0.0,0.0,,,0.0,303.0,303,0.0,,,,,No Orders
1194,2024-09-14,organic,AU,4.0,1293.0700000000002,664.5300000000001,2024-09-28 03:53:56,2024-12-02 23:01:14,323.26750000000004,29.0,108,1293.0700000000002,3.0,3.0,3.0,9.0,Loyal Customers
1195,2024-07-11,social,US,5.0,1845.4299999999998,913.0099999999999,2024-08-18 08:33:56,2024-11-20 07:39:28,369.08599999999996,41.0,173,1845.4299999999998,2.0,3.0,4.0,9.0,At Risk
1196,2024-08-19,email,GB,1.0,118.88,67.46000000000001,2024-12-27 23:46:35,2024-12-27 23:46:35,118.88,4.0,134,118.88,5.0,1.0,1.0,7.0,New Customers
1197,2024-09-18,organic,US,1.0,175.45999999999998,95.97999999999999,2024-12-13 00:01:54,2024-12-13 00:01:54,175.45999999999998,18.0,104,175.45999999999998,3.0,1.0,1.0,5.0,Others
1198,2024-12-25,paid_search,AU,8.0,2204.82,1057.76,2024-12-25 20:04:09,2024-12-31 21:47:29,275.6025,0.0,6,2204.82,5.0,5.0,4.0,14.0,Champions
1199,2024-10-20,organic,US,2.0,786.62,383.8499999999999,2024-11-06 01:41:04,2024-11-07 17:01:45,393.31,54.0,72,786.62,2.0,1.0,2.0,5.0,Lost
1200,2024-08-15,social,US,9.0,3009.31,1414.46,2024-08-25 04:32:11,2024-12-22 04:34:54,334.36777777777775,9.0,138,3009.31,4.0,5.0,5.0,14.0,Champions
1201,2024-11-17,organic,US,9.0,3191.7200000000003,1459.03,2024-11-24 00:52:51,2024-12-30 13:20:06,354.6355555555556,1.0,44,3191.7200000000003,5.0,5.0,5.0,15.0,Champions
1202,2024-06-23,referral,CA,1.0,567.74,313.26,2024-06-24 15:38:54,2024-06-24 15:38:54,567.74,190.0,191,567.74,1.0,1.0,2.0,4.0,Lost
1203,2024-12-26,referral,US,2.0,801.49,386.88,2024-12-26 20:04:56,2024-12-28 22:43:43,400.745,3.0,5,801.49,5.0,1.0,2.0,8.0,New Customers
1204,2024-10-05,organic,DE,1.0,109.91999999999999,56.11999999999999,2024-10-16 01:59:24,2024-10-16 01:59:24,109.91999999999999,76.0,87,109.91999999999999,2.0,1.0,1.0,4.0,Lost
1205,2024-08-26,organic,CA,2.0,562.75,317.05,2024-09-13 09:21:39,2024-11-24 22:43:30,281.375,37.0,127,562.75,3.0,1.0,2.0,6.0,Others
1206,2024-11-26,social,CA,2.0,1303.79,608.95,2024-12-16 02:05:26,2024-12-17 22:29:22,651.895,14.0,35,1303.79,4.0,1.0,3.0,8.0,New Customers
1207,2024-07-07,social,US,4.0,1181.78,486.12,2024-07-11 21:20:40,2024-09-24 19:11:40,295.445,98.0,177,1181.78,1.0,3.0,3.0,7.0,At Risk
1208,2024-09-20,paid_search,US,6.0,2283.25,1195.81,2024-10-26 17:02:14,2024-12-23 04:29:03,380.5416666666667,8.0,102,2283.25,4.0,4.0,5.0,13.0,Champions
1209,2024-04-14,organic,GB,3.0,930.3000000000001,432.15999999999997,2024-08-27 05:07:30,2024-12-16 04:26:12,310.1,15.0,261,930.3000000000001,4.0,2.0,3.0,9.0,New Customers
1210,2024-12-18,organic,US,2.0,812.2700000000001,412.07000000000005,2024-12-25 02:17:29,2024-12-28 01:19:57,406.13500000000005,3.0,13,812.2700000000001,5.0,1.0,2.0,8.0,New Customers
1211,2024-08-16,affiliate,FR,5.0,1140.06,591.0899999999999,2024-11-02 05:21:18,2024-12-31 00:23:49,228.012,0.0,137,1140.06,5.0,3.0,3.0,11.0,Loyal Customers
1212,2024-10-13,paid_search,US,2.0,503.53,197.35999999999996,2024-11-26 03:14:14,2024-12-14 07:34:48,251.765,17.0,79,503.53,3.0,1.0,2.0,6.0,Others
1213,2024-06-17,referral,GB,5.0,1902.53,819.35,2024-07-15 07:25:36,2024-10-21 19:08:03,380.506,71.0,197,1902.53,2.0,3.0,4.0,9.0,At Risk
1214,2024-11-13,paid_search,US,5.0,1039.48,484.44000000000005,2024-11-18 13:39:40,2024-12-22 10:13:21,207.89600000000002,9.0,48,1039.48,4.0,3.0,3.0,10.0,Loyal Customers
1215,2024-01-28,referral,DE,3.0,754.5799999999999,349.21999999999997,2024-08-28 19:11:52,2024-12-26 07:15:54,251.52666666666664,5.0,338,754.5799999999999,5.0,2.0,2.0,9.0,New Customers
1216,2024-02-11,organic,US,6.0,2436.46,1113.25,2024-03-14 10:50:49,2024-11-02 22:35:09,406.07666666666665,59.0,324,2436.46,2.0,4.0,5.0,11.0,At Risk
1217,2024-07-04,organic,FR,0.0,0.0,0.0,,,0.0,180.0,180,0.0,,,,,No Orders
1218,2024-09-25,referral,US,4.0,1357.96,662.12,2024-10-15 20:12:07,2024-11-25 00:15:39,339.49,36.0,97,1357.96,3.0,3.0,3.0,9.0,Loyal Customers
1219,2024-10-23,referral,SE,3.0,1136.07,506.12,2024-11-03 22:16:32,2024-12-17 13:19:31,378.69,14.0,69,1136.07,4.0,2.0,3.0,9.0,New Customers
1220,2024-06-10,organic,FR,0.0,0.0,0.0,,,0.0,204.0,204,0.0,,,,,No Orders
1221,2024-08-25,paid_search,US,2.0,563.3,252.92000000000002,2024-09-23 10:05:43,2024-11-03 06:13:36,281.65,58.0,128,563.3,2.0,1.0,2.0,5.0,Lost
1222,2024-07-21,paid_search,US,1.0,95.32000000000001,56.83,2024-10-27 02:16:20,2024-10-27 02:16:20,95.32000000000001,65.0,163,95.32000000000001,2.0,1.0,1.0,4.0,Lost
1223,2024-12-17,paid_search,US,13.0,4651.5,2052.79,2024-12-17 06:05:08,2024-12-31 23:32:27,357.8076923076923,0.0,14,4651.5,5.0,5.0,5.0,15.0,Champions
1224,2024-08-27,organic,US,0.0,0.0,0.0,,,0.0,126.0,126,0.0,,,,,No Orders
1225,2024-06-01,referral,US,0.0,0.0,0.0,,,0.0,213.0,213,0.0,,,,,No Orders
1226,2024-12-20,organic,AU,4.0,1052.3,527.77,2024-12-20 21:38:39,2024-12-29 13:49:35,263.075,2.0,11,1052.3,5.0,3.0,3.0,11.0,Loyal Customers
1227,2024-02-09,social,DE,5.0,1868.5100000000002,955.33,2024-03-20 23:28:44,2024-12-23 05:21:37,373.70200000000006,8.0,326,1868.5100000000002,4.0,3.0,4.0,11.0,Loyal Customers
1228,2024-12-26,organic,US,2.0,800.16,368.7699999999999,2024-12-29 02:26:26,2024-12-31 04:40:10,400.08,0.0,5,800.16,5.0,1.0,2.0,8.0,New Customers
1229,2024-02-26,organic,GB,3.0,1233.81,572.2900000000001,2024-07-22 07:15:04,2024-08-13 03:07:31,411.27,140.0,309,1233.81,1.0,2.0,3.0,6.0,Lost
1230,2024-04-15,social,US,5.0,985.76,544.19,2024-04-17 19:45:10,2024-12-26 23:58:36,197.152,4.0,260,985.76,5.0,3.0,3.0,11.0,Loyal Customers
1231,2024-10-27,organic,SE,0.0,0.0,0.0,,,0.0,65.0,65,0.0,,,,,No Orders
1232,2024-09-25,social,US,3.0,301.2,146.19,2024-11-17 06:32:47,2024-12-18 15:36:38,100.39999999999999,13.0,97,301.2,4.0,2.0,1.0,7.0,New Customers
1233,2024-12-21,organic,FR,2.0,1119.38,514.0699999999999,2024-12-28 20:18:58,2024-12-29 09:02:38,559.69,2.0,10,1119.38,5.0,1.0,3.0,9.0,New Customers
1234,2024-10-01,referral,CA,2.0,449.92,209.86,2024-10-15 17:10:13,2024-10-25 23:12:46,224.96,67.0,91,449.92,2.0,1.0,1.0,4.0,Lost
1235,2024-08-21,email,US,3.0,252.63,134.46,2024-09-02 03:08:45,2024-12-01 10:03:42,84.21,30.0,132,252.63,3.0,2.0,1.0,6.0,Others
1236,2024-05-06,referral,US,9.0,2047.79,887.44,2024-05-09 11:55:48,2024-11-20 13:17:26,227.53222222222223,41.0,239,2047.79,2.0,5.0,4.0,11.0,At Risk
1237,2024-01-02,organic,US,1.0,79.19999999999999,42.67999999999999,2024-01-31 02:35:46,2024-01-31 02:35:46,79.19999999999999,335.0,364,79.19999999999999,1.0,1.0,1.0,3.0,Lost
1238,2024-02-15,organic,AU,8.0,2148.16,1017.5699999999999,2024-05-01 02:37:41,2024-10-27 23:32:18,268.52,65.0,320,2148.16,2.0,5.0,4.0,11.0,At Risk
1239,2024-04-18,paid_search,GB,5.0,2179.1899999999996,977.9599999999999,2024-05-31 18:26:06,2024-11-05 11:58:42,435.8379999999999,56.0,257,2179.1899999999996,2.0,3.0,4.0,9.0,At Risk
1240,2024-01-15,paid_search,DE,3.0,912.42,486.56,2024-07-25 08:59:34,2024-08-22 16:16:53,304.14,131.0,351,912.42,1.0,2.0,3.0,6.0,Lost
1241,2024-07-04,organic,CA,4.0,1860.3600000000001,956.1800000000001,2024-08-24 19:42:38,2024-11-07 12:13:08,465.09000000000003,54.0,180,1860.3600000000001,2.0,3.0,4.0,9.0,At Risk
1242,2024-10-11,organic,CA,4.0,1894.4,772.23,2024-10-11 03:29:54,2024-12-05 14:12:55,473.6,26.0,81,1894.4,3.0,3.0,4.0,10.0,Loyal Customers
1243,2024-12-18,paid_search,GB,1.0,174.54,93.83,2024-12-20 12:38:51,2024-12-20 12:38:51,174.54,11.0,13,174.54,4.0,1.0,1.0,6.0,New Customers
1244,2024-06-28,organic,GB,9.0,2702.71,1375.04,2024-07-13 09:54:51,2024-12-04 20:49:38,300.30111111111114,27.0,186,2702.71,3.0,5.0,5.0,13.0,Loyal Customers
1245,2024-11-16,paid_search,FR,7.0,2230.23,1006.43,2024-11-21 11:19:27,2024-12-18 01:19:57,318.6042857142857,13.0,45,2230.23,4.0,4.0,4.0,12.0,Champions
1246,2024-12-26,organic,US,16.0,4928.2,2487.42,2024-12-26 12:43:59,2024-12-31 01:54:11,308.0125,0.0,5,4928.2,5.0,5.0,5.0,15.0,Champions
1247,2024-11-10,organic,AU,5.0,1311.12,591.0699999999999,2024-11-10 07:42:13,2024-12-29 09:57:29,262.224,2.0,51,1311.12,5.0,3.0,3.0,11.0,Loyal Customers
1248,2024-06-19,social,US,4.0,1189.92,595.48,2024-09-11 01:58:17,2024-12-18 12:53:52,297.48,13.0,195,1189.92,4.0,3.0,3.0,10.0,Loyal Customers
1249,2024-04-29,paid_search,US,4.0,1127.55,494.72999999999996,2024-06-05 02:56:42,2024-10-06 05:51:56,281.8875,86.0,246,1127.55,1.0,3.0,3.0,7.0,At Risk
1250,2024-12-23,paid_search,CA,11.0,4138.03,2030.8400000000001,2024-12-24 22:40:58,2024-12-31 22:12:31,376.18454545454546,0.0,8,4138.03,5.0,5.0,5.0,15.0,Champions
1251,2024-03-29,paid_search,US,6.0,2395.81,1120.6100000000001,2024-05-03 01:33:52,2024-10-24 05:36:39,399.3016666666667,68.0,277,2395.81,2.0,4.0,5.0,11.0,At Risk
1252,2024-05-30,email,US,0.0,0.0,0.0,,,0.0,215.0,215,0.0,,,,,No Orders
1253,2024-01-28,paid_search,US,6.0,1944.5800000000002,907.44,2024-02-13 03:53:40,2024-12-15 13:52:21,324.0966666666667,16.0,338,1944.5800000000002,4.0,4.0,4.0,12.0,Champions
1254,2024-10-17,social,GB,1.0,18.73,10.86,2024-12-16 10:51:39,2024-12-16 10:51:39,18.73,15.0,75,18.73,4.0,1.0,1.0,6.0,New Customers
1255,2024-08-25,affiliate,AU,0.0,0.0,0.0,,,0.0,128.0,128,0.0,,,,,No Orders
1256,2024-02-01,paid_search,US,0.0,0.0,0.0,,,0.0,334.0,334,0.0,,,,,No Orders
1257,2024-03-22,referral,US,12.0,4236.63,2041.33,2024-04-26 19:54:38,2024-12-27 13:52:43,353.0525,4.0,284,4236.63,5.0,5.0,5.0,15.0,Champions
1258,2024-07-22,email,GB,5.0,2203.12,990.04,2024-08-06 20:00:44,2024-12-25 05:37:24,440.62399999999997,6.0,162,2203.12,4.0,3.0,4.0,11.0,Loyal Customers
1259,2024-07-16,organic,NL,8.0,2010.8600000000001,955.54,2024-07-16 19:24:01,2024-12-30 15:36:03,251.35750000000002,1.0,168,2010.8600000000001,5.0,5.0,4.0,14.0,Champions
1260,2024-10-20,paid_search,US,10.0,2818.84,1366.19,2024-10-21 03:10:19,2024-12-17 17:42:54,281.884,14.0,72,2818.84,4.0,5.0,5.0,14.0,Champions
1261,2024-04-07,social,NL,0.0,0.0,0.0,,,0.0,268.0,268,0.0,,,,,No Orders
1262,2024-12-04,affiliate,AU,2.0,154.66,74.10999999999999,2024-12-12 03:27:55,2024-12-24 20:25:54,77.33,7.0,27,154.66,4.0,1.0,1.0,6.0,New Customers
1263,2024-06-11,paid_search,US,1.0,423.74,224.16,2024-07-10 11:07:22,2024-07-10 11:07:22,423.74,174.0,203,423.74,1.0,1.0,1.0,3.0,Lost
1264,2024-10-28,organic,CA,7.0,1837.76,840.37,2024-11-09 09:07:40,2024-12-25 16:44:52,262.53714285714284,6.0,64,1837.76,4.0,4.0,4.0,12.0,Champions
1265,2024-03-28,social,FR,1.0,230.96999999999997,140.60999999999996,2024-05-05 14:42:37,2024-05-05 14:42:37,230.96999999999997,240.0,278,230.96999999999997,1.0,1.0,1.0,3.0,Lost
1266,2024-01-14,organic,GB,3.0,810.4200000000001,355.5400000000001,2024-06-01 23:41:59,2024-12-09 18:16:37,270.14000000000004,22.0,352,810.4200000000001,3.0,2.0,2.0,7.0,Potential Loyalists
1267,2024-01-21,email,GB,5.0,2243.73,1145.62,2024-02-14 06:13:15,2024-10-16 09:26:09,448.746,76.0,345,2243.73,2.0,3.0,5.0,10.0,At Risk
1268,2024-05-16,paid_search,CA,4.0,1381.6,701.9100000000001,2024-05-19 18:16:43,2024-08-03 01:28:02,345.4,150.0,229,1381.6,1.0,3.0,3.0,7.0,At Risk
1269,2024-12-14,social,CA,3.0,1182.51,531.94,2024-12-14 13:22:37,2024-12-23 20:43:57,394.17,8.0,17,1182.51,4.0,2.0,3.0,9.0,New Customers
1270,2024-01-18,referral,CA,3.0,1071.71,567.78,2024-01-25 10:21:02,2024-11-29 04:27:54,357.2366666666667,32.0,348,1071.71,3.0,2.0,3.0,8.0,Potential Loyalists
1271,2024-05-15,social,SE,3.0,1348.3900000000003,674.5899999999999,2024-07-19 18:36:41,2024-12-11 19:52:13,449.4633333333334,20.0,230,1348.3900000000003,3.0,2.0,3.0,8.0,Potential Loyalists
1272,2024-02-09,social,GB,5.0,3021.41,1507.24,2024-04-14 11:36:15,2024-11-25 21:38:10,604.2819999999999,36.0,326,3021.41,3.0,3.0,5.0,11.0,Loyal Customers
1273,2024-12-06,email,CA,1.0,517.35,244.76000000000002,2024-12-24 18:48:45,2024-12-24 18:48:45,517.35,7.0,25,517.35,4.0,1.0,2.0,7.0,New Customers
1274,2024-09-04,email,AU,8.0,2863.05,1325.1,2024-09-26 09:21:14,2024-11-30 09:22:50,357.88125,31.0,118,2863.05,3.0,5.0,5.0,13.0,Loyal Customers
1275,2024-10-06,referral,US,7.0,2253.88,1074.58,2024-10-21 13:20:26,2024-12-26 17:49:39,321.98285714285714,5.0,86,2253.88,5.0,4.0,5.0,14.0,Champions
1276,2024-09-18,organic,US,0.0,0.0,0.0,,,0.0,104.0,104,0.0,,,,,No Orders
1277,2024-08-28,paid_search,US,3.0,1182.7399999999998,619.16,2024-09-30 06:04:48,2024-12-03 08:25:25,394.2466666666666,28.0,125,1182.7399999999998,3.0,2.0,3.0,8.0,Potential Loyalists
1278,2024-10-10,organic,AU,5.0,1062.42,538.4200000000001,2024-10-14 16:45:52,2024-12-06 23:37:08,212.484,25.0,82,1062.42,3.0,3.0,3.0,9.0,Loyal Customers
1279,2024-01-03,referral,US,0.0,0.0,0.0,,,0.0,363.0,363,0.0,,,,,No Orders
1280,2024-11-12,social,FR,3.0,647.45,257.91999999999996,2024-11-18 11:05:52,2024-12-12 04:06:45,215.8166666666667,19.0,49,647.45,3.0,2.0,2.0,7.0,Potential Loyalists
1281,2024-09-27,paid_search,US,2.0,743.12,349.67,2024-10-21 09:45:47,2024-11-02 17:01:44,371.56,59.0,95,743.12,2.0,1.0,2.0,5.0,Lost
1282,2024-09-27,organic,US,6.0,2557.75,1207.94,2024-10-19 19:14:19,2024-12-30 22:49:20,426.2916666666667,1.0,95,2557.75,5.0,4.0,5.0,14.0,Champions
1283,2024-05-23,organic,DE,15.0,4340.59,2030.4299999999998,2024-05-28 14:23:14,2024-12-06 04:27:50,289.3726666666667,25.0,222,4340.59,3.0,5.0,5.0,13.0,Loyal Customers
1284,2024-10-20,social,US,8.0,1592.6100000000001,798.8100000000001,2024-10-21 10:43:53,2024-12-29 00:01:30,199.07625000000002,2.0,72,1592.6100000000001,5.0,5.0,4.0,14.0,Champions
1285,2024-05-19,organic,AU,0.0,0.0,0.0,,,0.0,226.0,226,0.0,,,,,No Orders
1286,2024-01-18,organic,US,8.0,1601.98,672.52,2024-01-20 19:43:41,2024-11-02 22:02:05,200.2475,59.0,348,1601.98,2.0,5.0,4.0,11.0,At Risk
1287,2024-11-28,referral,NL,1.0,245.07,122.53999999999999,2024-12-15 11:23:12,2024-12-15 11:23:12,245.07,16.0,33,245.07,4.0,1.0,1.0,6.0,New Customers
1288,2024-03-26,email,US,7.0,2159.15,1085.1200000000001,2024-04-08 19:27:39,2024-12-23 11:57:40,308.45,8.0,280,2159.15,4.0,4.0,4.0,12.0,Champions
1289,2024-02-07,organic,SE,0.0,0.0,0.0,,,0.0,328.0,328,0.0,,,,,No Orders
1290,2024-08-15,organic,DE,1.0,146.82,71.94,2024-08-24 09:15:37,2024-08-24 09:15:37,146.82,129.0,138,146.82,1.0,1.0,1.0,3.0,Lost
1291,2024-03-26,affiliate,US,6.0,1956.65,1063.79,2024-05-25 07:31:46,2024-12-05 12:04:10,326.10833333333335,26.0,280,1956.65,3.0,4.0,4.0,11.0,Loyal Customers
1292,2024-11-10,social,US,17.0,5069.59,2460.8500000000004,2024-11-10 05:31:55,2024-12-22 16:31:25,298.21117647058827,9.0,51,5069.59,4.0,5.0,5.0,14.0,Champions
1293,2024-06-11,social,US,9.0,2549.57,1215.0800000000002,2024-06-12 10:36:28,2024-12-23 04:27:11,283.28555555555556,8.0,203,2549.57,4.0,5.0,5.0,14.0,Champions
1294,2024-01-02,organic,DE,2.0,681.2099999999999,347.86,2024-02-03 00:42:44,2024-09-27 23:07:55,340.60499999999996,95.0,364,681.2099999999999,1.0,1.0,2.0,4.0,Lost
1295,2024-12-14,organic,CA,0.0,0.0,0.0,,,0.0,17.0,17,0.0,,,,,No Orders
1296,2024-07-07,organic,US,0.0,0.0,0.0,,,0.0,177.0,177,0.0,,,,,No Orders
1297,2024-04-06,social,GB,13.0,3657.94,1838.73,2024-04-08 16:03:30,2024-12-14 15:15:54,281.38,17.0,269,3657.94,3.0,5.0,5.0,13.0,Loyal Customers
1298,2024-09-04,organic,DE,1.0,559.26,304.84999999999997,2024-09-13 15:36:04,2024-09-13 15:36:04,559.26,109.0,118,559.26,1.0,1.0,2.0,4.0,Lost
1299,2024-07-13,organic,GB,2.0,127.52,73.19,2024-09-28 08:39:12,2024-10-20 18:53:46,63.76,72.0,171,127.52,2.0,1.0,1.0,4.0,Lost
1300,2024-01-11,social,FR,0.0,0.0,0.0,,,0.0,355.0,355,0.0,,,,,No Orders
1301,2024-10-05,referral,GB,3.0,918.8599999999999,454.13999999999993,2024-11-14 08:37:15,2024-12-25 18:46:09,306.28666666666663,6.0,87,918.8599999999999,4.0,2.0,3.0,9.0,New Customers
1302,2024-05-26,email,FR,2.0,1315.81,638.4399999999999,2024-07-05 00:07:30,2024-10-28 13:10:49,657.905,64.0,219,1315.81,2.0,1.0,3.0,6.0,Lost
1303,2024-09-13,paid_search,SE,4.0,1219.44,619.53,2024-10-27 19:22:12,2024-12-21 01:43:46,304.86,10.0,109,1219.44,4.0,3.0,3.0,10.0,Loyal Customers
1304,2024-11-23,paid_search,US,5.0,1637.56,759.6500000000001,2024-11-23 15:36:27,2024-12-18 08:21:22,327.512,13.0,38,1637.56,4.0,3.0,4.0,11.0,Loyal Customers
1305,2024-08-11,paid_search,US,0.0,0.0,0.0,,,0.0,142.0,142,0.0,,,,,No Orders
1306,2024-09-02,organic,US,2.0,1046.36,469.60999999999996,2024-11-25 16:42:47,2024-12-10 21:32:28,523.18,21.0,120,1046.36,3.0,1.0,3.0,7.0,Others
1307,2024-04-03,paid_search,GB,6.0,2111.61,1051.0,2024-07-12 01:26:50,2024-12-02 18:39:53,351.935,29.0,272,2111.61,3.0,4.0,4.0,11.0,Loyal Customers
1308,2024-03-27,paid_search,US,13.0,4053.5800000000004,1905.47,2024-06-03 05:57:21,2024-12-26 21:47:44,311.81384615384616,5.0,279,4053.5800000000004,5.0,5.0,5.0,15.0,Champions
1309,2024-05-31,social,NL,3.0,944.22,460.58000000000004,2024-09-26 10:35:04,2024-12-13 07:56:30,314.74,18.0,214,944.22,3.0,2.0,3.0,8.0,Potential Loyalists
1310,2024-11-08,referral,DE,0.0,0.0,0.0,,,0.0,53.0,53,0.0,,,,,No Orders
1311,2024-07-10,affiliate,GB,4.0,1333.3,592.6000000000001,2024-08-23 05:59:12,2024-10-30 18:14:00,333.325,62.0,174,1333.3,2.0,3.0,3.0,8.0,At Risk
1312,2024-05-07,organic,CA,2.0,445.0,176.28000000000003,2024-11-29 00:33:51,2024-12-02 06:02:25,222.5,29.0,238,445.0,3.0,1.0,1.0,5.0,Others
1313,2024-10-12,paid_search,US,1.0,570.7,267.63,2024-11-26 07:26:20,2024-11-26 07:26:20,570.7,35.0,80,570.7,3.0,1.0,2.0,6.0,Others
1314,2024-11-08,organic,CA,1.0,498.61,258.04999999999995,2024-12-01 05:54:46,2024-12-01 05:54:46,498.61,30.0,53,498.61,3.0,1.0,2.0,6.0,Others
1315,2024-11-26,paid_search,US,0.0,0.0,0.0,,,0.0,35.0,35,0.0,,,,,No Orders
1316,2024-04-19,organic,DE,2.0,491.54999999999995,244.64,2024-07-03 22:53:44,2024-07-04 16:48:51,245.77499999999998,180.0,256,491.54999999999995,1.0,1.0,2.0,4.0,Lost
1317,2024-09-16,organic,NL,10.0,4161.15,1987.99,2024-10-01 09:42:22,2024-12-25 23:47:45,416.11499999999995,6.0,106,4161.15,4.0,5.0,5.0,14.0,Champions
1318,2024-08-04,email,CA,3.0,1294.51,572.8499999999999,2024-09-11 10:04:05,2024-11-14 09:17:12,431.50333333333333,47.0,149,1294.51,2.0,2.0,3.0,7.0,Lost
1319,2024-06-13,paid_search,AU,7.0,1560.54,729.1,2024-06-23 19:01:55,2024-12-05 08:18:10,222.93428571428572,26.0,201,1560.54,3.0,4.0,4.0,11.0,Loyal Customers
1320,2024-05-25,referral,US,1.0,607.52,329.47,2024-12-08 00:24:03,2024-12-08 00:24:03,607.52,23.0,220,607.52,3.0,1.0,2.0,6.0,Others
1321,2024-02-11,organic,CA,2.0,888.2099999999999,451.42,2024-05-31 08:29:12,2024-09-24 02:24:03,444.10499999999996,98.0,324,888.2099999999999,1.0,1.0,2.0,4.0,Lost
1322,2024-04-10,organic,GB,4.0,1734.4099999999999,657.12,2024-07-25 05:24:43,2024-11-01 09:54:35,433.60249999999996,60.0,265,1734.4099999999999,2.0,3.0,4.0,9.0,At Risk
1323,2024-07-20,paid_search,DE,6.0,1995.9500000000003,876.71,2024-07-31 17:03:31,2024-12-01 14:36:19,332.65833333333336,30.0,164,1995.9500000000003,3.0,4.0,4.0,11.0,Loyal Customers
1324,2024-11-20,organic,US,0.0,0.0,0.0,,,0.0,41.0,41,0.0,,,,,No Orders
1325,2024-11-13,organic,US,1.0,222.51,87.41999999999999,2024-12-18 16:04:09,2024-12-18 16:04:09,222.51,13.0,48,222.51,4.0,1.0,1.0,6.0,New Customers
1326,2024-03-09,affiliate,GB,5.0,1996.67,973.6400000000001,2024-05-18 04:04:45,2024-10-19 16:12:05,399.334,73.0,297,1996.67,2.0,3.0,4.0,9.0,At Risk
1327,2024-09-05,organic,US,3.0,1114.4,516.7,2024-09-23 12:39:08,2024-11-06 02:29:32,371.4666666666667,55.0,117,1114.4,2.0,2.0,3.0,7.0,Lost
1328,2024-02-01,organic,CA,0.0,0.0,0.0,,,0.0,334.0,334,0.0,,,,,No Orders
1329,2024-09-04,social,AU,4.0,724.01,297.98,2024-09-28 14:22:03,2024-11-03 02:25:10,181.0025,58.0,118,724.01,2.0,3.0,2.0,7.0,At Risk
1330,2024-05-05,paid_search,NL,3.0,1784.46,798.7500000000001,2024-05-11 15:27:21,2024-08-19 11:10:10,594.82,134.0,240,1784.46,1.0,2.0,4.0,7.0,Lost
1331,2024-06-13,social,US,17.0,5116.23,2397.57,2024-07-07 02:29:09,2024-12-31 12:51:02,300.9547058823529,0.0,201,5116.23,5.0,5.0,5.0,15.0,Champions
1332,2024-09-19,paid_search,NL,5.0,1357.23,674.39,2024-10-04 12:02:45,2024-10-31 04:49:16,271.446,61.0,103,1357.23,2.0,3.0,3.0,8.0,At Risk
1333,2024-06-04,email,US,9.0,3408.8199999999997,1621.23,2024-06-11 19:59:55,2024-12-19 12:02:38,378.75777777777773,12.0,210,3408.8199999999997,4.0,5.0,5.0,14.0,Champions
1334,2024-10-22,organic,GB,2.0,622.47,264.49,2024-10-26 06:52:28,2024-12-22 23:50:01,311.235,9.0,70,622.47,4.0,1.0,2.0,7.0,New Customers
1335,2024-07-14,paid_search,AU,1.0,170.61,82.10000000000001,2024-11-04 11:51:17,2024-11-04 11:51:17,170.61,57.0,170,170.61,2.0,1.0,1.0,4.0,Lost
1336,2024-12-31,social,US,0.0,0.0,0.0,,,0.0,0.0,0,0.0,,,,,No Orders
1337,2024-08-21,referral,US,1.0,86.36000000000001,37.120000000000005,2024-12-26 04:11:58,2024-12-26 04:11:58,86.36000000000001,5.0,132,86.36000000000001,5.0,1.0,1.0,7.0,New Customers
1338,2024-04-18,paid_search,US,0.0,0.0,0.0,,,0.0,257.0,257,0.0,,,,,No Orders
1339,2024-10-10,social,GB,0.0,0.0,0.0,,,0.0,82.0,82,0.0,,,,,No Orders
1340,2024-05-29,organic,CA,0.0,0.0,0.0,,,0.0,216.0,216,0.0,,,,,No Orders
1341,2024-07-14,organic,US,9.0,2512.54,1099.81,2024-07-23 21:58:36,2024-12-31 23:45:49,279.1711111111111,0.0,170,2512.54,5.0,5.0,5.0,15.0,Champions
1342,2024-02-20,organic,US,11.0,3257.59,1479.6,2024-03-30 12:50:08,2024-12-20 16:10:18,296.1445454545455,11.0,315,3257.59,4.0,5.0,5.0,14.0,Champions
1343,2024-02-13,social,DE,1.0,261.62,103.94000000000003,2024-05-15 05:58:21,2024-05-15 05:58:21,261.62,230.0,322,261.62,1.0,1.0,1.0,3.0,Lost
1344,2024-07-29,organic,US,1.0,67.44,32.94,2024-12-02 16:00:07,2024-12-02 16:00:07,67.44,29.0,155,67.44,3.0,1.0,1.0,5.0,Others
1345,2024-03-09,social,FR,2.0,752.04,418.36,2024-03-27 02:16:38,2024-12-29 22:27:32,376.02,2.0,297,752.04,5.0,1.0,2.0,8.0,New Customers
1346,2024-12-31,organic,NL,6.0,2584.6499999999996,1301.1,2024-12-31 06:23:46,2024-12-31 22:54:11,430.7749999999999,0.0,0,2584.6499999999996,5.0,4.0,5.0,14.0,Champions
1347,2024-11-09,referral,CA,13.0,4083.63,1909.52,2024-11-17 19:54:31,2024-12-28 20:00:52,314.12538461538463,3.0,52,4083.63,5.0,5.0,5.0,15.0,Champions
1348,2024-09-13,email,AU,5.0,1603.46,789.65,2024-11-16 12:12:50,2024-12-20 12:13:22,320.692,11.0,109,1603.46,4.0,3.0,4.0,11.0,Loyal Customers
1349,2024-09-25,organic,GB,5.0,1228.3600000000001,642.06,2024-09-26 08:45:38,2024-12-22 06:23:44,245.67200000000003,9.0,97,1228.3600000000001,4.0,3.0,3.0,10.0,Loyal Customers
1350,2024-08-05,organic,AU,2.0,755.61,402.04999999999995,2024-08-10 10:47:17,2024-08-23 18:47:43,377.805,130.0,148,755.61,1.0,1.0,2.0,4.0,Lost
1351,2024-01-23,organic,US,0.0,0.0,0.0,,,0.0,343.0,343,0.0,,,,,No Orders
1352,2024-05-23,email,US,9.0,2902.8199999999997,1282.31,2024-06-04 23:42:43,2024-12-11 14:32:42,322.5355555555555,20.0,222,2902.8199999999997,3.0,5.0,5.0,13.0,Loyal Customers
1353,2024-06-30,organic,DE,3.0,941.11,506.71000000000004,2024-10-19 09:27:07,2024-12-20 19:09:06,313.7033333333333,11.0,184,941.11,4.0,2.0,3.0,9.0,New Customers
1354,2024-11-30,paid_search,US,0.0,0.0,0.0,,,0.0,31.0,31,0.0,,,,,No Orders
1355,2024-03-21,paid_search,AU,9.0,2385.62,1123.03,2024-05-14 22:09:34,2024-12-21 07:36:19,265.06888888888886,10.0,285,2385.62,4.0,5.0,5.0,14.0,Champions
1356,2024-06-30,email,FR,1.0,222.04000000000002,109.9,2024-10-03 10:00:35,2024-10-03 10:00:35,222.04000000000002,89.0,184,222.04000000000002,1.0,1.0,1.0,3.0,Lost
1357,2024-05-05,paid_search,NL,6.0,2388.17,1274.6699999999998,2024-06-02 16:01:19,2024-12-22 08:42:49,398.02833333333336,9.0,240,2388.17,4.0,4.0,5.0,13.0,Champions
1358,2024-02-19,paid_search,US,4.0,1051.0,532.18,2024-04-06 17:00:55,2024-09-29 03:40:48,262.75,93.0,316,1051.0,1.0,3.0,3.0,7.0,At Risk
1359,2024-02-07,affiliate,GB,7.0,1523.34,761.81,2024-03-18 04:19:53,2024-09-26 19:08:09,217.61999999999998,96.0,328,1523.34,1.0,4.0,4.0,9.0,At Risk
1360,2024-05-13,organic,CA,6.0,2877.0,1340.68,2024-06-26 08:05:26,2024-11-23 16:16:27,479.5,38.0,232,2877.0,2.0,4.0,5.0,11.0,At Risk
1361,2024-01-31,email,US,10.0,2970.9,1421.8999999999999,2024-03-09 18:32:46,2024-12-04 03:31:48,297.09000000000003,27.0,335,2970.9,3.0,5.0,5.0,13.0,Loyal Customers
1362,2024-01-25,organic,GB,7.0,2029.1,963.48,2024-02-27 13:13:29,2024-12-22 16:05:52,289.87142857142857,9.0,341,2029.1,4.0,4.0,4.0,12.0,Champions
1363,2024-05-08,paid_search,DE,0.0,0.0,0.0,,,0.0,237.0,237,0.0,,,,,No Orders
1364,2024-03-14,referral,SE,3.0,787.9399999999999,341.84,2024-04-22 21:46:11,2024-08-14 18:45:31,262.64666666666665,139.0,292,787.9399999999999,1.0,2.0,2.0,5.0,Lost
1365,2024-07-22,social,CA,3.0,978.48,438.51,2024-08-14 17:25:54,2024-12-08 14:34:38,326.16,23.0,162,978.48,3.0,2.0,3.0,8.0,Potential Loyalists
1366,2024-01-07,social,US,2.0,887.24,428.05999999999995,2024-01-15 22:35:36,2024-12-20 11:52:41,443.62,11.0,359,887.24,4.0,1.0,2.0,7.0,New Customers
1367,2024-04-20,organic,GB,8.0,2927.3100000000004,1345.9800000000002,2024-05-01 14:50:07,2024-12-25 17:05:27,365.91375000000005,6.0,255,2927.3100000000004,4.0,5.0,5.0,14.0,Champions
1368,2024-06-14,paid_search,DE,5.0,343.49,149.95,2024-07-10 20:11:30,2024-12-07 01:55:56,68.69800000000001,24.0,200,343.49,3.0,3.0,1.0,7.0,Others
1369,2024-12-18,paid_search,US,5.0,1508.2,787.8900000000001,2024-12-20 10:16:23,2024-12-24 23:02:55,301.64,7.0,13,1508.2,4.0,3.0,4.0,11.0,Loyal Customers
1370,2024-08-20,paid_search,GB,2.0,633.1,359.8,2024-08-25 21:27:20,2024-11-28 03:42:34,316.55,33.0,133,633.1,3.0,1.0,2.0,6.0,Others
1371,2024-11-18,paid_search,US,12.0,2967.08,1340.0600000000002,2024-11-24 13:56:20,2024-12-31 18:59:25,247.25666666666666,0.0,43,2967.08,5.0,5.0,5.0,15.0,Champions
1372,2024-05-05,organic,US,0.0,0.0,0.0,,,0.0,240.0,240,0.0,,,,,No Orders
1373,2024-06-13,organic,GB,0.0,0.0,0.0,,,0.0,201.0,201,0.0,,,,,No Orders
1374,2024-06-02,organic,US,2.0,415.25000000000006,201.10000000000005,2024-08-24 01:03:19,2024-11-30 08:30:17,207.62500000000003,31.0,212,415.25000000000006,3.0,1.0,1.0,5.0,Others
1375,2024-11-20,paid_search,DE,6.0,1614.0,842.78,2024-12-05 02:53:55,2024-12-24 15:42:09,269.0,7.0,41,1614.0,4.0,4.0,4.0,12.0,Champions
1376,2024-12-17,organic,US,2.0,333.82,173.39000000000001,2024-12-27 11:11:42,2024-12-27 18:51:53,166.91,4.0,14,333.82,5.0,1.0,1.0,7.0,New Customers
1377,2024-12-18,referral,FR,6.0,2572.45,1179.74,2024-12-18 02:35:04,2024-12-28 23:10:13,428.7416666666666,3.0,13,2572.45,5.0,4.0,5.0,14.0,Champions
1378,2024-10-02,social,US,3.0,716.46,337.98,2024-10-16 01:05:19,2024-12-30 20:46:52,238.82000000000002,1.0,90,716.46,5.0,2.0,2.0,9.0,New Customers
1379,2024-07-03,organic,AU,2.0,701.67,297.72999999999996,2024-08-09 11:50:17,2024-10-26 09:28:17,350.835,66.0,181,701.67,2.0,1.0,2.0,5.0,Lost
1380,2024-07-16,social,US,6.0,1634.1100000000001,724.4499999999999,2024-07-26 17:27:11,2024-12-11 16:47:09,272.3516666666667,20.0,168,1634.1100000000001,3.0,4.0,4.0,11.0,Loyal Customers
1381,2024-12-24,email,GB,2.0,780.5400000000001,319.16999999999996,2024-12-27 01:40:57,2024-12-29 09:06:21,390.27000000000004,2.0,7,780.5400000000001,5.0,1.0,2.0,8.0,New Customers
1382,2024-04-14,organic,US,13.0,3988.4,1872.97,2024-04-22 22:09:39,2024-11-21 04:41:19,306.8,40.0,261,3988.4,2.0,5.0,5.0,12.0,At Risk
1383,2024-05-06,organic,US,0.0,0.0,0.0,,,0.0,239.0,239,0.0,,,,,No Orders
1384,2024-11-24,organic,GB,12.0,3396.7,1457.0700000000002,2024-11-26 15:08:52,2024-12-31 15:23:49,283.05833333333334,0.0,37,3396.7,5.0,5.0,5.0,15.0,Champions
1385,2024-05-21,organic,AU,1.0,430.22999999999996,156.57,2024-09-22 13:13:14,2024-09-22 13:13:14,430.22999999999996,100.0,224,430.22999999999996,1.0,1.0,1.0,3.0,Lost
1386,2024-03-27,email,NL,5.0,952.18,408.44999999999993,2024-04-04 11:46:29,2024-12-14 20:35:11,190.43599999999998,17.0,279,952.18,3.0,3.0,3.0,9.0,Loyal Customers
1387,2024-07-24,affiliate,US,1.0,443.5,147.3,2024-11-20 07:20:57,2024-11-20 07:20:57,443.5,41.0,160,443.5,2.0,1.0,1.0,4.0,Lost
1388,2024-04-29,organic,US,0.0,0.0,0.0,,,0.0,246.0,246,0.0,,,,,No Orders
1389,2024-11-22,email,FR,0.0,0.0,0.0,,,0.0,39.0,39,0.0,,,,,No Orders
1390,2024-11-28,organic,DE,10.0,4020.8199999999997,1946.38,2024-12-03 21:48:25,2024-12-31 03:33:46,402.082,0.0,33,4020.8199999999997,5.0,5.0,5.0,15.0,Champions
1391,2024-04-21,social,US,7.0,2657.52,1281.18,2024-04-27 09:53:51,2024-11-05 01:47:12,379.6457142857143,56.0,254,2657.52,2.0,4.0,5.0,11.0,At Risk
1392,2024-07-12,email,CA,2.0,604.04,244.21999999999997,2024-08-01 11:11:04,2024-09-24 07:21:48,302.02,98.0,172,604.04,1.0,1.0,2.0,4.0,Lost
1393,2024-12-26,paid_search,GB,2.0,1057.03,435.79999999999995,2024-12-28 00:47:08,2024-12-30 17:34:05,528.515,1.0,5,1057.03,5.0,1.0,3.0,9.0,New Customers
1394,2024-09-28,organic,DE,7.0,2453.48,1188.5700000000002,2024-10-25 23:38:34,2024-12-24 11:53:10,350.4971428571429,7.0,94,2453.48,4.0,4.0,5.0,13.0,Champions
1395,2024-03-19,social,US,1.0,183.0,79.30000000000001,2024-03-23 19:27:38,2024-03-23 19:27:38,183.0,283.0,287,183.0,1.0,1.0,1.0,3.0,Lost
1396,2024-08-04,affiliate,GB,2.0,522.77,262.28000000000003,2024-09-05 22:52:45,2024-09-08 13:08:02,261.385,114.0,149,522.77,1.0,1.0,2.0,4.0,Lost
1397,2024-08-14,organic,US,1.0,89.49,52.589999999999996,2024-09-13 16:51:52,2024-09-13 16:51:52,89.49,109.0,139,89.49,1.0,1.0,1.0,3.0,Lost
1398,2024-08-27,organic,CA,6.0,1555.12,760.52,2024-09-05 20:05:01,2024-12-29 19:27:03,259.18666666666667,2.0,126,1555.12,5.0,4.0,4.0,13.0,Champions
1399,2024-01-10,organic,US,8.0,2174.04,1064.47,2024-02-18 13:59:26,2024-12-05 23:54:10,271.755,25.0,356,2174.04,3.0,5.0,4.0,12.0,Loyal Customers
1400,2024-04-19,paid_search,CA,3.0,614.09,259.52000000000004,2024-05-24 22:20:32,2024-11-25 15:58:32,204.6966666666667,36.0,256,614.09,3.0,2.0,2.0,7.0,Potential Loyalists
1401,2024-11-08,social,CA,7.0,2592.13,1171.3600000000001,2024-11-11 18:40:19,2024-12-09 15:39:32,370.30428571428575,22.0,53,2592.13,3.0,4.0,5.0,12.0,Loyal Customers
1402,2024-03-29,email,CA,8.0,3252.17,1444.97,2024-04-05 07:01:19,2024-11-27 02:16:29,406.52125,34.0,277,3252.17,3.0,5.0,5.0,13.0,Loyal Customers
1403,2024-04-19,email,US,2.0,571.54,286.66999999999996,2024-10-25 13:13:16,2024-11-05 04:39:37,285.77,56.0,256,571.54,2.0,1.0,2.0,5.0,Lost
1404,2024-04-28,referral,US,0.0,0.0,0.0,,,0.0,247.0,247,0.0,,,,,No Orders
1405,2024-03-05,email,GB,3.0,1203.64,616.03,2024-06-11 01:19:48,2024-10-10 22:49:26,401.21333333333337,82.0,301,1203.64,1.0,2.0,3.0,6.0,Lost
1406,2024-02-26,organic,DE,3.0,622.98,343.24,2024-06-20 09:23:21,2024-10-08 17:38:04,207.66,84.0,309,622.98,1.0,2.0,2.0,5.0,Lost
1407,2024-05-07,paid_search,NL,6.0,1377.5,594.6400000000001,2024-07-13 09:47:57,2024-12-10 12:21:08,229.58333333333334,21.0,238,1377.5,3.0,4.0,3.0,10.0,Loyal Customers
1408,2024-11-15,organic,US,1.0,550.6600000000001,315.31,2024-12-19 06:42:59,2024-12-19 06:42:59,550.6600000000001,12.0,46,550.6600000000001,4.0,1.0,2.0,7.0,New Customers
1409,2024-01-01,organic,AU,6.0,2091.74,1036.3899999999999,2024-04-05 02:25:30,2024-12-05 10:49:38,348.6233333333333,26.0,365,2091.74,3.0,4.0,4.0,11.0,Loyal Customers
1410,2024-04-13,referral,US,4.0,1030.31,404.21,2024-06-20 13:28:11,2024-11-09 16:15:41,257.5775,52.0,262,1030.31,2.0,3.0,3.0,8.0,At Risk
1411,2024-01-23,social,US,1.0,94.48,41.56,2024-09-04 23:21:02,2024-09-04 23:21:02,94.48,118.0,343,94.48,1.0,1.0,1.0,3.0,Lost
1412,2024-07-24,affiliate,US,14.0,5074.8099999999995,2404.35,2024-08-05 04:09:07,2024-12-20 19:44:51,362.4864285714285,11.0,160,5074.8099999999995,4.0,5.0,5.0,14.0,Champions
1413,2024-04-01,paid_search,CA,4.0,1634.94,813.8,2024-05-03 21:58:42,2024-10-08 19:59:16,408.735,84.0,274,1634.94,1.0,3.0,4.0,8.0,At Risk
1414,2024-10-16,paid_search,US,0.0,0.0,0.0,,,0.0,76.0,76,0.0,,,,,No Orders
1415,2024-08-02,paid_search,US,2.0,452.2900000000001,211.54000000000002,2024-09-26 12:09:20,2024-11-19 08:23:33,226.14500000000004,42.0,151,452.2900000000001,2.0,1.0,1.0,4.0,Lost
1416,2024-10-13,organic,CA,4.0,2156.6,1086.9299999999998,2024-10-13 18:00:22,2024-12-18 23:07:40,539.15,13.0,79,2156.6,4.0,3.0,4.0,11.0,Loyal Customers
1417,2024-08-20,organic,GB,6.0,1653.24,774.83,2024-09-05 12:18:43,2024-12-07 17:00:44,275.54,24.0,133,1653.24,3.0,4.0,4.0,11.0,Loyal Customers
1418,2024-06-09,paid_search,US,0.0,0.0,0.0,,,0.0,205.0,205,0.0,,,,,No Orders
1419,2024-11-11,organic,US,2.0,625.9200000000001,290.71000000000004,2024-11-28 04:55:01,2024-12-07 07:06:22,312.96000000000004,24.0,50,625.9200000000001,3.0,1.0,2.0,6.0,Others
1420,2024-06-23,referral,GB,7.0,2219.45,1176.1,2024-06-25 20:12:34,2024-12-22 09:11:41,317.0642857142857,9.0,191,2219.45,4.0,4.0,4.0,12.0,Champions
1421,2024-12-13,organic,US,6.0,1861.02,852.44,2024-12-15 22:52:14,2024-12-30 21:16:20,310.17,1.0,18,1861.02,5.0,4.0,4.0,13.0,Champions
1422,2024-12-30,organic,US,5.0,1154.96,519.63,2024-12-30 04:12:44,2024-12-31 12:56:57,230.99200000000002,0.0,1,1154.96,5.0,3.0,3.0,11.0,Loyal Customers
1423,2024-08-03,email,DE,23.0,5765.96,2864.3799999999997,2024-08-04 06:16:17,2024-12-31 11:07:17,250.69391304347826,0.0,150,5765.96,5.0,5.0,5.0,15.0,Champions
1424,2024-09-03,organic,US,4.0,775.51,363.04999999999995,2024-09-10 05:20:47,2024-12-23 14:36:27,193.8775,8.0,119,775.51,4.0,3.0,2.0,9.0,Potential Loyalists
1425,2024-04-03,referral,DE,7.0,2170.2999999999997,1063.89,2024-06-06 05:31:55,2024-11-16 19:44:00,310.0428571428571,45.0,272,2170.2999999999997,2.0,4.0,4.0,10.0,At Risk
1426,2024-10-25,social,US,5.0,2186.04,990.5,2024-11-09 22:55:52,2024-12-25 13:41:40,437.20799999999997,6.0,67,2186.04,4.0,3.0,4.0,11.0,Loyal Customers
1427,2024-09-02,organic,US,9.0,2100.73,984.69,2024-09-07 21:10:57,2024-12-08 08:38:49,233.41444444444446,23.0,120,2100.73,3.0,5.0,4.0,12.0,Loyal Customers
1428,2024-11-26,social,US,8.0,2840.4,1313.46,2024-11-27 20:13:03,2024-12-31 07:51:15,355.05,0.0,35,2840.4,5.0,5.0,5.0,15.0,Champions
1429,2024-04-07,social,US,1.0,399.15,172.17,2024-08-28 14:28:30,2024-08-28 14:28:30,399.15,125.0,268,399.15,1.0,1.0,1.0,3.0,Lost
1430,2024-10-15,email,US,2.0,172.95999999999998,96.39999999999999,2024-11-27 14:59:25,2024-12-21 00:55:46,86.47999999999999,10.0,77,172.95999999999998,4.0,1.0,1.0,6.0,New Customers
1431,2024-06-21,email,US,4.0,1206.77,486.28,2024-07-23 05:43:04,2024-11-12 09:39:12,301.6925,49.0,193,1206.77,2.0,3.0,3.0,8.0,At Risk
1432,2024-03-08,social,NL,12.0,3513.72,1696.5,2024-03-10 06:19:40,2024-12-06 06:07:37,292.81,25.0,298,3513.72,3.0,5.0,5.0,13.0,Loyal Customers
1433,2024-03-03,social,AU,0.0,0.0,0.0,,,0.0,303.0,303,0.0,,,,,No Orders
1434,2024-07-24,organic,US,2.0,477.75,254.63,2024-08-14 00:00:11,2024-11-16 22:09:16,238.875,45.0,160,477.75,2.0,1.0,2.0,5.0,Lost
1435,2024-04-26,social,DE,1.0,588.37,282.53999999999996,2024-06-14 10:23:00,2024-06-14 10:23:00,588.37,200.0,249,588.37,1.0,1.0,2.0,4.0,Lost
1436,2024-02-07,affiliate,DE,2.0,666.4200000000001,323.6,2024-03-14 01:52:28,2024-08-04 15:25:07,333.21000000000004,149.0,328,666.4200000000001,1.0,1.0,2.0,4.0,Lost
1437,2024-06-05,social,CA,1.0,712.77,427.19999999999993,2024-07-21 14:13:14,2024-07-21 14:13:14,712.77,163.0,209,712.77,1.0,1.0,2.0,4.0,Lost
1438,2024-08-26,social,US,1.0,409.65999999999997,166.65999999999997,2024-12-25 16:49:46,2024-12-25 16:49:46,409.65999999999997,6.0,127,409.65999999999997,4.0,1.0,1.0,6.0,New Customers
1439,2024-04-26,paid_search,US,4.0,985.54,511.82,2024-06-19 14:01:25,2024-12-26 06:00:07,246.385,5.0,249,985.54,5.0,3.0,3.0,11.0,Loyal Customers
1440,2024-12-15,email,US,0.0,0.0,0.0,,,0.0,16.0,16,0.0,,,,,No Orders
1441,2024-10-12,affiliate,US,1.0,287.53999999999996,115.97,2024-12-18 09:14:51,2024-12-18 09:14:51,287.53999999999996,13.0,80,287.53999999999996,4.0,1.0,1.0,6.0,New Customers
1442,2024-07-06,organic,US,3.0,880.09,392.4,2024-07-30 14:25:00,2024-11-05 09:18:47,293.36333333333334,56.0,178,880.09,2.0,2.0,2.0,6.0,Lost
1443,2024-12-08,organic,AU,4.0,619.83,277.38,2024-12-18 11:14:37,2024-12-25 17:43:00,154.9575,6.0,23,619.83,4.0,3.0,2.0,9.0,Potential Loyalists
1444,2024-06-07,paid_search,NL,2.0,756.7199999999999,372.05999999999995,2024-07-08 18:50:26,2024-08-28 20:44:20,378.35999999999996,125.0,207,756.7199999999999,1.0,1.0,2.0,4.0,Lost
1445,2024-02-21,paid_search,US,6.0,2116.55,996.31,2024-04-30 00:05:18,2024-09-16 23:41:55,352.7583333333334,106.0,314,2116.55,1.0,4.0,4.0,9.0,At Risk
1446,2024-01-14,social,GB,5.0,2055.8,1097.16,2024-02-01 16:16:04,2024-12-14 04:17:07,411.16,17.0,352,2055.8,3.0,3.0,4.0,10.0,Loyal Customers
1447,2024-12-09,organic,US,4.0,978.1199999999999,516.33,2024-12-20 03:26:52,2024-12-31 10:54:22,244.52999999999997,0.0,22,978.1199999999999,5.0,3.0,3.0,11.0,Loyal Customers
1448,2024-12-17,paid_search,GB,1.0,456.52,229.79999999999998,2024-12-20 06:18:06,2024-12-20 06:18:06,456.52,11.0,14,456.52,4.0,1.0,1.0,6.0,New Customers
1449,2024-09-27,social,GB,3.0,991.6,434.26000000000005,2024-10-07 03:55:31,2024-11-01 11:11:34,330.53333333333336,60.0,95,991.6,2.0,2.0,3.0,7.0,Lost
1450,2024-02-07,social,US,0.0,0.0,0.0,,,0.0,328.0,328,0.0,,,,,No Orders
1451,2024-04-17,social,AU,2.0,519.77,297.29999999999995,2024-10-07 13:32:28,2024-12-21 10:54:19,259.885,10.0,258,519.77,4.0,1.0,2.0,7.0,New Customers
1452,2024-01-16,social,SE,3.0,698.72,365.26,2024-03-27 09:10:14,2024-06-01 06:02:56,232.90666666666667,213.0,350,698.72,1.0,2.0,2.0,5.0,Lost
1453,2024-01-19,social,DE,5.0,1493.11,670.62,2024-03-16 19:10:30,2024-12-04 12:16:54,298.62199999999996,27.0,347,1493.11,3.0,3.0,4.0,10.0,Loyal Customers
1454,2024-03-31,email,FR,0.0,0.0,0.0,,,0.0,275.0,275,0.0,,,,,No Orders
1455,2024-07-28,social,GB,11.0,3416.45,1722.7800000000002,2024-08-13 13:51:17,2024-12-28 09:13:38,310.5863636363636,3.0,156,3416.45,5.0,5.0,5.0,15.0,Champions
1456,2024-01-24,paid_search,US,2.0,270.34999999999997,99.00999999999998,2024-05-27 14:41:03,2024-11-22 03:08:58,135.17499999999998,39.0,342,270.34999999999997,2.0,1.0,1.0,4.0,Lost
1457,2024-12-26,social,US,3.0,940.2900000000001,439.82,2024-12-28 19:13:05,2024-12-31 20:10:48,313.43,0.0,5,940.2900000000001,5.0,2.0,3.0,10.0,New Customers
1458,2024-06-15,organic,DE,1.0,385.48,157.07999999999998,2024-09-11 11:14:29,2024-09-11 11:14:29,385.48,111.0,199,385.48,1.0,1.0,1.0,3.0,Lost
1459,2024-04-06,organic,US,8.0,2476.4,1133.5500000000002,2024-04-09 13:30:32,2024-12-08 01:48:46,309.55,23.0,269,2476.4,3.0,5.0,5.0,13.0,Loyal Customers
1460,2024-07-07,paid_search,CA,5.0,1366.71,692.97,2024-10-19 08:33:36,2024-12-29 08:25:36,273.342,2.0,177,1366.71,5.0,3.0,3.0,11.0,Loyal Customers
1461,2024-10-16,referral,GB,1.0,375.28,218.43,2024-12-05 13:06:36,2024-12-05 13:06:36,375.28,26.0,76,375.28,3.0,1.0,1.0,5.0,Others
1462,2024-04-24,social,US,6.0,1967.87,1044.35,2024-07-06 04:52:26,2024-12-31 15:44:15,327.9783333333333,0.0,251,1967.87,5.0,4.0,4.0,13.0,Champions
1463,2024-01-18,organic,US,7.0,2489.88,1124.72,2024-01-19 07:22:33,2024-12-14 05:18:03,355.69714285714286,17.0,348,2489.88,3.0,4.0,5.0,12.0,Loyal Customers
1464,2024-01-19,social,SE,10.0,3960.93,2078.24,2024-03-23 17:08:35,2024-12-06 17:17:39,396.09299999999996,25.0,347,3960.93,3.0,5.0,5.0,13.0,Loyal Customers
1465,2024-11-07,organic,US,2.0,605.59,308.66,2024-11-08 14:17:03,2024-11-26 12:02:20,302.795,35.0,54,605.59,3.0,1.0,2.0,6.0,Others
1466,2024-02-10,social,US,9.0,2181.49,1097.37,2024-03-06 23:58:26,2024-12-16 17:02:16,242.38777777777776,15.0,325,2181.49,4.0,5.0,4.0,13.0,Champions
1467,2024-08-20,email,US,4.0,891.34,457.15,2024-10-13 16:20:41,2024-12-30 07:20:07,222.835,1.0,133,891.34,5.0,3.0,3.0,11.0,Loyal Customers
1468,2024-05-20,social,DE,0.0,0.0,0.0,,,0.0,225.0,225,0.0,,,,,No Orders
1469,2024-10-11,social,SE,6.0,1573.16,766.97,2024-10-17 23:46:26,2024-12-28 21:29:10,262.1933333333333,3.0,81,1573.16,5.0,4.0,4.0,13.0,Champions
1470,2024-01-23,organic,US,3.0,1181.73,568.3000000000002,2024-05-09 09:26:37,2024-12-25 17:15:27,393.91,6.0,343,1181.73,4.0,2.0,3.0,9.0,New Customers
1471,2024-11-24,paid_search,NL,2.0,1257.46,518.0899999999999,2024-11-27 11:01:09,2024-12-03 08:42:27,628.73,28.0,37,1257.46,3.0,1.0,3.0,7.0,Others
1472,2024-09-12,referral,US,6.0,1377.09,670.44,2024-09-27 07:50:58,2024-12-04 23:24:51,229.515,27.0,110,1377.09,3.0,4.0,3.0,10.0,Loyal Customers
1473,2024-06-13,social,DE,3.0,956.27,454.46999999999997,2024-12-09 03:16:08,2024-12-21 04:16:48,318.75666666666666,10.0,201,956.27,4.0,2.0,3.0,9.0,New Customers
1474,2024-03-16,paid_search,US,0.0,0.0,0.0,,,0.0,290.0,290,0.0,,,,,No Orders
1475,2024-12-23,paid_search,GB,4.0,2286.76,1011.1400000000001,2024-12-23 10:25:08,2024-12-31 22:12:16,571.69,0.0,8,2286.76,5.0,3.0,5.0,13.0,Loyal Customers
1476,2024-04-20,organic,DE,1.0,437.77,230.90999999999997,2024-06-11 16:16:02,2024-06-11 16:16:02,437.77,203.0,255,437.77,1.0,1.0,1.0,3.0,Lost
1477,2024-06-28,organic,GB,5.0,1215.1,548.18,2024-07-03 23:13:44,2024-09-13 05:09:24,243.01999999999998,109.0,186,1215.1,1.0,3.0,3.0,7.0,At Risk
1478,2024-05-24,organic,US,0.0,0.0,0.0,,,0.0,221.0,221,0.0,,,,,No Orders
1479,2024-03-25,paid_search,CA,0.0,0.0,0.0,,,0.0,281.0,281,0.0,,,,,No Orders
1480,2024-06-01,referral,SE,4.0,1206.34,571.89,2024-07-23 08:42:21,2024-10-17 07:33:14,301.585,75.0,213,1206.34,2.0,3.0,3.0,8.0,At Risk
1481,2024-02-25,paid_search,GB,4.0,928.9199999999998,479.55999999999995,2024-06-01 15:31:39,2024-11-13 17:13:06,232.22999999999996,48.0,310,928.9199999999998,2.0,3.0,3.0,8.0,At Risk
1482,2024-01-01,organic,DE,1.0,139.35000000000002,66.33000000000003,2024-08-08 07:18:20,2024-08-08 07:18:20,139.35000000000002,145.0,365,139.35000000000002,1.0,1.0,1.0,3.0,Lost
1483,2024-04-16,organic,CA,0.0,0.0,0.0,,,0.0,259.0,259,0.0,,,,,No Orders
1484,2024-02-11,organic,US,1.0,97.78,44.709999999999994,2024-04-01 01:02:34,2024-04-01 01:02:34,97.78,274.0,324,97.78,1.0,1.0,1.0,3.0,Lost
1485,2024-05-31,email,AU,2.0,846.9300000000001,357.85,2024-09-22 08:56:58,2024-12-17 22:00:49,423.46500000000003,14.0,214,846.9300000000001,4.0,1.0,2.0,7.0,New Customers
1486,2024-11-11,paid_search,US,8.0,2355.03,1249.13,2024-11-15 19:45:24,2024-12-30 07:58:30,294.37875,1.0,50,2355.03,5.0,5.0,5.0,15.0,Champions
1487,2024-02-29,email,CA,2.0,526.23,255.02999999999994,2024-09-07 13:34:08,2024-09-27 06:31:40,263.115,95.0,306,526.23,1.0,1.0,2.0,4.0,Lost
1488,2024-01-01,email,US,4.0,519.49,255.42,2024-01-22 15:58:58,2024-08-19 16:05:56,129.8725,134.0,365,519.49,1.0,3.0,2.0,6.0,At Risk
1489,2024-02-10,organic,US,8.0,2378.27,1132.9,2024-05-01 16:40:06,2024-10-29 15:43:26,297.28375,63.0,325,2378.27,2.0,5.0,5.0,12.0,At Risk
1490,2024-07-04,social,GB,0.0,0.0,0.0,,,0.0,180.0,180,0.0,,,,,No Orders
1491,2024-04-10,affiliate,GB,2.0,538.3,298.72,2024-10-05 03:00:54,2024-10-18 11:00:34,269.15,74.0,265,538.3,2.0,1.0,2.0,5.0,Lost
1492,2024-06-28,paid_search,AU,3.0,1505.6599999999999,656.1700000000001,2024-10-21 07:00:47,2024-12-11 10:24:23,501.8866666666666,20.0,186,1505.6599999999999,3.0,2.0,4.0,9.0,Potential Loyalists
1493,2024-01-11,organic,SE,2.0,303.6,147.14,2024-01-19 23:04:21,2024-04-22 20:30:12,151.8,253.0,355,303.6,1.0,1.0,1.0,3.0,Lost
1494,2024-05-01,referral,US,2.0,221.67000000000002,86.61000000000003,2024-10-12 00:50:37,2024-12-01 20:15:04,110.83500000000001,30.0,244,221.67000000000002,3.0,1.0,1.0,5.0,Others
1495,2024-05-30,referral,US,12.0,3640.1000000000004,1791.85,2024-06-11 16:06:22,2024-12-27 12:10:46,303.3416666666667,4.0,215,3640.1000000000004,5.0,5.0,5.0,15.0,Champions
1496,2024-06-06,paid_search,US,9.0,2981.97,1274.4399999999998,2024-07-10 11:32:22,2024-12-05 13:02:18,331.33,26.0,208,2981.97,3.0,5.0,5.0,13.0,Loyal Customers
1497,2024-07-20,paid_search,GB,4.0,762.78,393.79999999999995,2024-08-03 18:49:10,2024-11-18 05:13:02,190.695,43.0,164,762.78,2.0,3.0,2.0,7.0,At Risk
1498,2024-10-12,organic,GB,1.0,391.28000000000003,156.83000000000004,2024-10-12 19:32:44,2024-10-12 19:32:44,391.28000000000003,80.0,80,391.28000000000003,2.0,1.0,1.0,4.0,Lost
1499,2024-06-20,email,AU,13.0,4608.54,2306.55,2024-06-30 09:40:40,2024-12-31 14:15:22,354.50307692307695,0.0,194,4608.54,5.0,5.0,5.0,15.0,Champions
1500,2024-11-03,paid_search,CA,3.0,1021.7099999999999,504.15999999999997,2024-11-13 22:44:27,2024-12-28 08:29:31,340.57,3.0,58,1021.7099999999999,5.0,2.0,3.0,10.0,New Customers
1501,2024-07-12,organic,US,0.0,0.0,0.0,,,0.0,172.0,172,0.0,,,,,No Orders
1502,2024-04-05,social,GB,10.0,4143.09,1885.21,2024-04-12 06:35:25,2024-12-31 09:25:09,414.309,0.0,270,4143.09,5.0,5.0,5.0,15.0,Champions
1503,2024-03-24,affiliate,DE,4.0,1647.3799999999999,809.9100000000001,2024-03-30 11:59:32,2024-12-15 11:28:58,411.84499999999997,16.0,282,1647.3799999999999,4.0,3.0,4.0,11.0,Loyal Customers
1504,2024-04-28,email,GB,0.0,0.0,0.0,,,0.0,247.0,247,0.0,,,,,No Orders
1505,2024-08-06,organic,US,5.0,803.0699999999999,420.81,2024-09-06 00:08:55,2024-12-30 21:47:09,160.61399999999998,1.0,147,803.0699999999999,5.0,3.0,2.0,10.0,Potential Loyalists
1506,2024-03-29,organic,US,0.0,0.0,0.0,,,0.0,277.0,277,0.0,,,,,No Orders
1507,2024-11-30,referral,US,0.0,0.0,0.0,,,0.0,31.0,31,0.0,,,,,No Orders
1508,2024-06-24,referral,US,7.0,1594.21,703.26,2024-07-06 09:00:22,2024-12-22 04:27:37,227.74428571428572,9.0,190,1594.21,4.0,4.0,4.0,12.0,Champions
1509,2024-11-11,paid_search,CA,5.0,2785.9500000000003,1322.78,2024-11-16 20:59:59,2024-12-23 04:29:11,557.19,8.0,50,2785.9500000000003,4.0,3.0,5.0,12.0,Loyal Customers
1510,2024-09-07,social,US,4.0,1442.51,637.62,2024-10-06 04:47:41,2024-12-27 14:22:12,360.6275,4.0,115,1442.51,5.0,3.0,4.0,12.0,Loyal Customers
1511,2024-05-02,paid_search,DE,0.0,0.0,0.0,,,0.0,243.0,243,0.0,,,,,No Orders
1512,2024-03-24,paid_search,GB,2.0,513.2,217.99,2024-04-24 06:46:40,2024-08-27 04:40:28,256.6,126.0,282,513.2,1.0,1.0,2.0,4.0,Lost
1513,2024-09-29,organic,AU,3.0,1394.01,702.4100000000001,2024-10-31 07:26:40,2024-12-08 02:23:38,464.67,23.0,93,1394.01,3.0,2.0,4.0,9.0,Potential Loyalists
1514,2024-05-01,organic,US,2.0,1342.41,661.3500000000001,2024-08-22 20:08:37,2024-10-29 20:15:12,671.205,63.0,244,1342.41,2.0,1.0,3.0,6.0,Lost
1515,2024-03-31,organic,US,4.0,1124.3899999999999,456.41,2024-05-06 03:13:55,2024-10-03 03:44:28,281.09749999999997,89.0,275,1124.3899999999999,1.0,3.0,3.0,7.0,At Risk
1516,2024-12-06,email,US,7.0,1860.1399999999999,1020.39,2024-12-08 22:04:32,2024-12-27 02:55:53,265.7342857142857,4.0,25,1860.1399999999999,5.0,4.0,4.0,13.0,Champions
1517,2024-06-25,organic,GB,5.0,1190.13,548.94,2024-08-18 08:25:25,2024-11-24 14:34:15,238.026,37.0,189,1190.13,3.0,3.0,3.0,9.0,Loyal Customers
1518,2024-01-18,organic,US,3.0,1488.67,627.27,2024-09-05 17:26:54,2024-09-22 14:51:00,496.22333333333336,100.0,348,1488.67,1.0,2.0,4.0,7.0,Lost
1519,2024-06-30,paid_search,CA,7.0,2152.71,995.89,2024-08-09 14:12:55,2024-12-26 08:44:56,307.53000000000003,5.0,184,2152.71,5.0,4.0,4.0,13.0,Champions
1520,2024-06-17,organic,US,5.0,947.5500000000001,518.98,2024-07-16 23:28:09,2024-11-30 06:09:36,189.51000000000002,31.0,197,947.5500000000001,3.0,3.0,3.0,9.0,Loyal Customers
1521,2024-11-12,organic,US,1.0,68.42999999999999,28.739999999999995,2024-12-07 05:52:02,2024-12-07 05:52:02,68.42999999999999,24.0,49,68.42999999999999,3.0,1.0,1.0,5.0,Others
1522,2024-09-17,social,US,2.0,668.35,345.20000000000005,2024-10-24 10:39:25,2024-12-17 20:26:50,334.175,14.0,105,668.35,4.0,1.0,2.0,7.0,New Customers
1523,2024-03-11,paid_search,CA,9.0,2148.2000000000003,1098.1200000000001,2024-04-07 12:58:00,2024-12-21 05:07:18,238.68888888888893,10.0,295,2148.2000000000003,4.0,5.0,4.0,13.0,Champions
1524,2024-02-25,social,AU,11.0,3307.92,1551.06,2024-04-19 13:13:33,2024-12-18 12:34:13,300.72,13.0,310,3307.92,4.0,5.0,5.0,14.0,Champions
1525,2024-08-08,referral,FR,1.0,307.15999999999997,173.48999999999998,2024-12-26 00:13:56,2024-12-26 00:13:56,307.15999999999997,5.0,145,307.15999999999997,5.0,1.0,1.0,7.0,New Customers
1526,2024-01-18,organic,GB,2.0,319.32000000000005,158.19,2024-02-28 11:01:46,2024-06-25 08:07:23,159.66000000000003,189.0,348,319.32000000000005,1.0,1.0,1.0,3.0,Lost
1527,2024-04-26,referral,FR,3.0,604.37,299.75,2024-07-29 18:19:43,2024-09-26 05:12:16,201.45666666666668,96.0,249,604.37,1.0,2.0,2.0,5.0,Lost
1528,2024-02-20,referral,FR,4.0,729.9699999999999,340.74999999999994,2024-05-06 11:32:35,2024-10-04 04:11:47,182.49249999999998,88.0,315,729.9699999999999,1.0,3.0,2.0,6.0,At Risk
1529,2024-01-08,email,US,2.0,970.13,427.43999999999994,2024-08-01 12:37:37,2024-09-12 16:13:34,485.065,110.0,358,970.13,1.0,1.0,3.0,5.0,Lost
1530,2024-12-02,social,GB,16.0,6455.73,3047.44,2024-12-02 12:57:54,2024-12-31 13:06:33,403.483125,0.0,29,6455.73,5.0,5.0,5.0,15.0,Champions
1531,2024-02-02,social,CA,1.0,177.6,80.24,2024-04-16 16:11:51,2024-04-16 16:11:51,177.6,259.0,333,177.6,1.0,1.0,1.0,3.0,Lost
1532,2024-01-04,social,US,3.0,914.8999999999999,392.31999999999994,2024-02-04 02:04:32,2024-11-14 09:50:12,304.96666666666664,47.0,362,914.8999999999999,2.0,2.0,3.0,7.0,Lost
1533,2024-12-07,social,DE,4.0,793.3,447.60999999999996,2024-12-11 04:38:43,2024-12-30 15:00:26,198.325,1.0,24,793.3,5.0,3.0,2.0,10.0,Potential Loyalists
1534,2024-03-09,organic,GB,8.0,2296.52,1130.3,2024-03-18 16:39:25,2024-12-08 05:30:04,287.065,23.0,297,2296.52,3.0,5.0,5.0,13.0,Loyal Customers
1535,2024-10-25,affiliate,GB,6.0,1628.04,673.1,2024-11-11 22:40:42,2024-12-17 16:42:18,271.34,14.0,67,1628.04,4.0,4.0,4.0,12.0,Champions
1536,2024-01-12,social,US,0.0,0.0,0.0,,,0.0,354.0,354,0.0,,,,,No Orders
1537,2024-02-26,email,FR,10.0,3409.12,1595.06,2024-03-07 05:49:21,2024-11-22 13:20:33,340.912,39.0,309,3409.12,2.0,5.0,5.0,12.0,At Risk
1538,2024-02-10,paid_search,AU,7.0,2247.64,1085.1,2024-03-24 06:39:50,2024-12-29 14:55:31,321.09142857142854,2.0,325,2247.64,5.0,4.0,5.0,14.0,Champions
1539,2024-09-15,organic,US,8.0,1696.83,825.66,2024-09-21 02:52:09,2024-12-27 09:55:55,212.10375,4.0,107,1696.83,5.0,5.0,4.0,14.0,Champions
1540,2024-08-14,paid_search,US,5.0,957.5,492.28999999999996,2024-08-31 17:06:27,2024-11-27 11:33:36,191.5,34.0,139,957.5,3.0,3.0,3.0,9.0,Loyal Customers
1541,2024-06-23,paid_search,US,6.0,2133.94,1037.27,2024-07-06 01:31:37,2024-12-16 09:29:11,355.6566666666667,15.0,191,2133.94,4.0,4.0,4.0,12.0,Champions
1542,2024-03-29,paid_search,US,3.0,1293.44,610.5699999999999,2024-04-05 04:05:02,2024-12-07 20:10:07,431.1466666666667,24.0,277,1293.44,3.0,2.0,3.0,8.0,Potential Loyalists
1543,2024-02-02,organic,SE,3.0,1530.96,745.59,2024-06-23 18:39:56,2024-11-19 12:34:57,510.32,42.0,333,1530.96,2.0,2.0,4.0,8.0,Lost
1544,2024-07-27,organic,GB,14.0,4268.76,2025.71,2024-07-30 15:23:15,2024-12-06 20:28:17,304.9114285714286,25.0,157,4268.76,3.0,5.0,5.0,13.0,Loyal Customers
1545,2024-03-25,paid_search,US,6.0,1794.6200000000001,818.04,2024-04-03 17:06:41,2024-10-19 03:00:20,299.10333333333335,73.0,281,1794.6200000000001,2.0,4.0,4.0,10.0,At Risk
1546,2024-08-04,paid_search,US,0.0,0.0,0.0,,,0.0,149.0,149,0.0,,,,,No Orders
1547,2024-09-08,affiliate,SE,4.0,445.61,203.09999999999997,2024-09-25 22:53:00,2024-11-19 09:35:17,111.4025,42.0,114,445.61,2.0,3.0,1.0,6.0,At Risk
1548,2024-11-06,organic,US,4.0,1707.54,789.61,2024-11-11 13:26:09,2024-12-21 01:18:11,426.885,10.0,55,1707.54,4.0,3.0,4.0,11.0,Loyal Customers
1549,2024-06-29,organic,FR,9.0,2119.14,1035.57,2024-07-08 05:09:36,2024-12-28 02:20:03,235.45999999999998,3.0,185,2119.14,5.0,5.0,4.0,14.0,Champions
1550,2024-01-02,organic,US,0.0,0.0,0.0,,,0.0,364.0,364,0.0,,,,,No Orders
1551,2024-04-12,paid_search,US,13.0,2615.0099999999998,1384.34,2024-05-07 02:56:13,2024-12-16 04:44:01,201.15461538461537,15.0,263,2615.0099999999998,4.0,5.0,5.0,14.0,Champions
1552,2024-11-08,paid_search,FR,7.0,1674.65,868.38,2024-11-08 04:35:38,2024-12-19 03:30:40,239.2357142857143,12.0,53,1674.65,4.0,4.0,4.0,12.0,Champions
1553,2024-07-14,social,US,8.0,2685.37,1359.85,2024-07-25 19:10:29,2024-11-19 22:40:41,335.67125,42.0,170,2685.37,2.0,5.0,5.0,12.0,At Risk
1554,2024-08-14,affiliate,FR,0.0,0.0,0.0,,,0.0,139.0,139,0.0,,,,,No Orders
1555,2024-06-16,organic,US,7.0,2187.75,1075.56,2024-07-19 07:16:40,2024-11-21 20:47:01,312.5357142857143,40.0,198,2187.75,2.0,4.0,4.0,10.0,At Risk
1556,2024-02-29,social,CA,1.0,545.5,306.30000000000007,2024-06-14 22:23:46,2024-06-14 22:23:46,545.5,200.0,306,545.5,1.0,1.0,2.0,4.0,Lost
1557,2024-11-24,organic,CA,2.0,401.08000000000004,182.12,2024-11-25 01:59:37,2024-12-19 23:31:29,200.54000000000002,12.0,37,401.08000000000004,4.0,1.0,1.0,6.0,New Customers
1558,2024-10-09,organic,FR,5.0,1522.44,734.25,2024-10-20 04:49:20,2024-11-27 19:44:20,304.488,34.0,83,1522.44,3.0,3.0,4.0,10.0,Loyal Customers
1559,2024-12-30,paid_search,US,1.0,170.64000000000001,80.0,2024-12-31 19:25:53,2024-12-31 19:25:53,170.64000000000001,0.0,1,170.64000000000001,5.0,1.0,1.0,7.0,New Customers
1560,2024-11-09,organic,FR,2.0,549.28,328.83,2024-12-19 19:22:58,2024-12-30 11:16:28,274.64,1.0,52,549.28,5.0,1.0,2.0,8.0,New Customers
1561,2024-04-16,social,SE,0.0,0.0,0.0,,,0.0,259.0,259,0.0,,,,,No Orders
1562,2024-04-03,social,US,5.0,1525.3700000000001,709.5,2024-04-07 18:07:04,2024-11-24 11:45:19,305.074,37.0,272,1525.3700000000001,3.0,3.0,4.0,10.0,Loyal Customers
1563,2024-03-31,email,US,2.0,714.11,269.26,2024-04-23 02:57:20,2024-12-02 05:12:36,357.055,29.0,275,714.11,3.0,1.0,2.0,6.0,Others
1564,2024-12-02,paid_search,CA,4.0,801.4499999999999,451.63,2024-12-02 03:56:32,2024-12-20 21:01:33,200.36249999999998,11.0,29,801.4499999999999,4.0,3.0,2.0,9.0,Potential Loyalists
1565,2024-07-22,social,US,9.0,2487.76,1204.67,2024-07-23 09:35:53,2024-12-25 06:08:50,276.4177777777778,6.0,162,2487.76,4.0,5.0,5.0,14.0,Champions
1566,2024-06-15,paid_search,FR,2.0,498.74,206.27999999999997,2024-08-14 11:40:54,2024-12-17 10:18:09,249.37,14.0,199,498.74,4.0,1.0,2.0,7.0,New Customers
1567,2024-12-20,organic,CA,5.0,1503.96,784.15,2024-12-27 19:07:25,2024-12-31 17:06:58,300.79200000000003,0.0,11,1503.96,5.0,3.0,4.0,12.0,Loyal Customers
1568,2024-08-08,organic,US,5.0,1166.3600000000001,602.0100000000001,2024-08-20 18:04:14,2024-10-03 05:47:47,233.27200000000002,89.0,145,1166.3600000000001,1.0,3.0,3.0,7.0,At Risk
1569,2024-11-28,social,GB,2.0,864.47,395.18000000000006,2024-11-29 14:21:02,2024-12-16 03:49:41,432.235,15.0,33,864.47,4.0,1.0,2.0,7.0,New Customers
1570,2024-12-26,affiliate,DE,2.0,895.2900000000001,423.13,2024-12-28 09:30:47,2024-12-31 17:47:06,447.64500000000004,0.0,5,895.2900000000001,5.0,1.0,3.0,9.0,New Customers
1571,2024-01-30,organic,US,2.0,276.12,125.77,2024-03-20 18:09:33,2024-06-18 14:55:48,138.06,196.0,336,276.12,1.0,1.0,1.0,3.0,Lost
1572,2024-05-12,paid_search,AU,4.0,1523.32,638.27,2024-05-24 02:47:55,2024-11-20 09:29:02,380.83,41.0,233,1523.32,2.0,3.0,4.0,9.0,At Risk
1573,2024-09-25,email,US,4.0,665.3,302.41,2024-11-04 08:22:59,2024-12-31 14:29:40,166.325,0.0,97,665.3,5.0,3.0,2.0,10.0,Potential Loyalists
1574,2024-10-24,email,US,2.0,654.7,289.75,2024-10-31 05:24:26,2024-12-06 11:10:54,327.35,25.0,68,654.7,3.0,1.0,2.0,6.0,Others
1575,2024-02-24,paid_search,AU,8.0,1585.28,817.44,2024-06-05 20:24:07,2024-11-25 00:46:35,198.16,36.0,311,1585.28,3.0,5.0,4.0,12.0,Loyal Customers
1576,2024-04-26,social,US,4.0,1518.1,740.1700000000001,2024-08-14 14:57:39,2024-12-18 11:54:41,379.525,13.0,249,1518.1,4.0,3.0,4.0,11.0,Loyal Customers
1577,2024-07-19,social,CA,1.0,645.62,345.63,2024-08-31 17:57:59,2024-08-31 17:57:59,645.62,122.0,165,645.62,1.0,1.0,2.0,4.0,Lost
1578,2024-10-19,email,US,8.0,1817.18,870.83,2024-11-05 22:22:44,2024-12-27 16:00:38,227.1475,4.0,73,1817.18,5.0,5.0,4.0,14.0,Champions
1579,2024-02-11,organic,GB,10.0,2801.5099999999998,1278.04,2024-03-03 14:54:07,2024-12-11 08:00:21,280.15099999999995,20.0,324,2801.5099999999998,3.0,5.0,5.0,13.0,Loyal Customers
1580,2024-08-07,referral,US,3.0,1097.4299999999998,531.85,2024-09-27 12:54:17,2024-12-12 01:59:19,365.80999999999995,19.0,146,1097.4299999999998,3.0,2.0,3.0,8.0,Potential Loyalists
1581,2024-04-18,organic,FR,3.0,1307.0900000000001,558.3200000000002,2024-05-18 06:00:39,2024-08-06 16:18:23,435.6966666666667,147.0,257,1307.0900000000001,1.0,2.0,3.0,6.0,Lost
1582,2024-03-20,email,CA,1.0,118.19999999999999,54.98999999999999,2024-11-30 02:26:41,2024-11-30 02:26:41,118.19999999999999,31.0,286,118.19999999999999,3.0,1.0,1.0,5.0,Others
1583,2024-07-07,organic,AU,3.0,1164.3200000000002,585.0,2024-08-11 16:54:26,2024-11-03 07:26:49,388.10666666666674,58.0,177,1164.3200000000002,2.0,2.0,3.0,7.0,Lost
1584,2024-05-31,organic,SE,4.0,1198.33,592.97,2024-06-04 03:04:51,2024-12-11 04:57:01,299.5825,20.0,214,1198.33,3.0,3.0,3.0,9.0,Loyal Customers
1585,2024-08-20,organic,FR,1.0,418.11,212.95000000000005,2024-09-25 03:06:38,2024-09-25 03:06:38,418.11,97.0,133,418.11,1.0,1.0,1.0,3.0,Lost
1586,2024-04-26,paid_search,CA,4.0,769.3,408.43,2024-05-06 07:18:45,2024-12-25 22:37:01,192.325,6.0,249,769.3,4.0,3.0,2.0,9.0,Potential Loyalists
1587,2024-10-28,organic,GB,5.0,2192.3199999999997,1162.23,2024-11-02 18:40:33,2024-12-18 23:58:54,438.46399999999994,12.0,64,2192.3199999999997,4.0,3.0,4.0,11.0,Loyal Customers
1588,2024-01-29,organic,NL,0.0,0.0,0.0,,,0.0,337.0,337,0.0,,,,,No Orders
1589,2024-11-11,paid_search,DE,2.0,404.94,181.85999999999999,2024-11-22 04:50:05,2024-12-20 23:33:32,202.47,11.0,50,404.94,4.0,1.0,1.0,6.0,New Customers
1590,2024-01-11,paid_search,AU,2.0,854.37,360.65999999999997,2024-04-24 15:50:24,2024-05-11 22:12:02,427.185,234.0,355,854.37,1.0,1.0,2.0,4.0,Lost
1591,2024-09-26,email,US,3.0,847.28,382.88999999999993,2024-09-29 07:08:37,2024-12-12 01:59:37,282.4266666666667,19.0,96,847.28,3.0,2.0,2.0,7.0,Potential Loyalists
1592,2024-05-06,referral,GB,13.0,5524.92,2675.1800000000003,2024-05-10 13:58:17,2024-12-24 19:30:20,424.99384615384616,7.0,239,5524.92,4.0,5.0,5.0,14.0,Champions
1593,2024-05-20,social,FR,1.0,11.66,6.59,2024-12-22 20:02:14,2024-12-22 20:02:14,11.66,9.0,225,11.66,4.0,1.0,1.0,6.0,New Customers
1594,2024-01-07,organic,US,4.0,1173.69,587.85,2024-06-29 14:49:57,2024-11-23 06:14:47,293.4225,38.0,359,1173.69,2.0,3.0,3.0,8.0,At Risk
1595,2024-09-13,organic,US,5.0,653.54,357.02,2024-09-21 07:04:32,2024-12-19 11:42:10,130.708,12.0,109,653.54,4.0,3.0,2.0,9.0,Potential Loyalists
1596,2024-03-01,referral,SE,1.0,633.46,323.21000000000004,2024-06-16 20:05:30,2024-06-16 20:05:30,633.46,198.0,305,633.46,1.0,1.0,2.0,4.0,Lost
1597,2024-08-29,organic,GB,1.0,611.76,372.52,2024-11-06 11:50:01,2024-11-06 11:50:01,611.76,55.0,124,611.76,2.0,1.0,2.0,5.0,Lost
1598,2024-09-22,paid_search,US,5.0,1205.95,559.9,2024-09-24 03:29:50,2024-12-25 17:12:30,241.19,6.0,100,1205.95,4.0,3.0,3.0,10.0,Loyal Customers
1599,2024-11-05,referral,US,10.0,3471.42,1882.77,2024-11-05 01:15:12,2024-12-31 04:09:41,347.142,0.0,56,3471.42,5.0,5.0,5.0,15.0,Champions
1600,2024-09-16,affiliate,US,8.0,2884.58,1345.48,2024-09-21 16:08:23,2024-12-30 19:19:35,360.5725,1.0,106,2884.58,5.0,5.0,5.0,15.0,Champions
1601,2024-04-20,paid_search,DE,3.0,339.36,155.33999999999997,2024-08-15 05:17:06,2024-11-28 13:58:02,113.12,33.0,255,339.36,3.0,2.0,1.0,6.0,Others
1602,2024-09-27,social,NL,10.0,1884.33,829.12,2024-10-11 22:02:56,2024-12-30 01:11:44,188.433,1.0,95,1884.33,5.0,5.0,4.0,14.0,Champions
1603,2024-10-29,paid_search,SE,0.0,0.0,0.0,,,0.0,63.0,63,0.0,,,,,No Orders
1604,2024-04-26,email,DE,2.0,978.54,486.46999999999997,2024-11-08 16:25:16,2024-11-09 19:49:02,489.27,52.0,249,978.54,2.0,1.0,3.0,6.0,Lost
1605,2024-02-15,organic,FR,2.0,1256.0100000000002,486.24000000000007,2024-05-30 09:38:48,2024-07-10 06:23:11,628.0050000000001,174.0,320,1256.0100000000002,1.0,1.0,3.0,5.0,Lost
1606,2024-11-21,organic,US,0.0,0.0,0.0,,,0.0,40.0,40,0.0,,,,,No Orders
1607,2024-02-24,social,AU,9.0,2506.2,1141.2,2024-03-05 11:34:11,2024-12-25 11:24:42,278.46666666666664,6.0,311,2506.2,4.0,5.0,5.0,14.0,Champions
1608,2024-08-05,organic,US,2.0,384.47,197.76999999999998,2024-11-07 01:05:45,2024-11-14 12:57:33,192.235,47.0,148,384.47,2.0,1.0,1.0,4.0,Lost
1609,2024-03-27,social,US,3.0,960.8499999999999,476.91999999999996,2024-04-20 19:09:46,2024-10-08 20:32:33,320.2833333333333,84.0,279,960.8499999999999,1.0,2.0,3.0,6.0,Lost
1610,2024-02-16,paid_search,SE,4.0,1966.52,978.55,2024-06-24 04:09:46,2024-12-05 09:44:26,491.63,26.0,319,1966.52,3.0,3.0,4.0,10.0,Loyal Customers
1611,2024-10-11,referral,AU,2.0,682.7,310.64,2024-10-23 06:38:14,2024-11-04 02:25:14,341.35,57.0,81,682.7,2.0,1.0,2.0,5.0,Lost
1612,2024-02-22,email,US,2.0,621.31,322.14,2024-05-31 17:31:35,2024-08-10 17:32:19,310.655,143.0,313,621.31,1.0,1.0,2.0,4.0,Lost
1613,2024-09-02,paid_search,FR,4.0,1077.3,472.44999999999993,2024-10-17 23:23:54,2024-12-25 18:08:21,269.325,6.0,120,1077.3,4.0,3.0,3.0,10.0,Loyal Customers
1614,2024-09-10,email,GB,0.0,0.0,0.0,,,0.0,112.0,112,0.0,,,,,No Orders
1615,2024-01-23,organic,US,0.0,0.0,0.0,,,0.0,343.0,343,0.0,,,,,No Orders
1616,2024-03-04,paid_search,US,1.0,243.5,114.13000000000002,2024-07-12 18:34:12,2024-07-12 18:34:12,243.5,172.0,302,243.5,1.0,1.0,1.0,3.0,Lost
1617,2024-10-17,organic,US,0.0,0.0,0.0,,,0.0,75.0,75,0.0,,,,,No Orders
1618,2024-07-04,referral,GB,0.0,0.0,0.0,,,0.0,180.0,180,0.0,,,,,No Orders
1619,2024-02-14,email,GB,10.0,3913.21,1746.36,2024-03-11 20:36:29,2024-12-29 05:46:49,391.321,2.0,321,3913.21,5.0,5.0,5.0,15.0,Champions
1620,2024-12-28,referral,GB,1.0,82.46,51.11999999999999,2024-12-29 02:44:31,2024-12-29 02:44:31,82.46,2.0,3,82.46,5.0,1.0,1.0,7.0,New Customers
1621,2024-04-06,referral,US,1.0,187.62,72.36,2024-08-13 04:05:04,2024-08-13 04:05:04,187.62,140.0,269,187.62,1.0,1.0,1.0,3.0,Lost
1622,2024-01-02,affiliate,NL,4.0,1095.8999999999999,480.5,2024-05-07 15:38:24,2024-10-06 17:01:53,273.97499999999997,86.0,364,1095.8999999999999,1.0,3.0,3.0,7.0,At Risk
1623,2024-12-04,organic,DE,4.0,1529.83,762.9499999999999,2024-12-09 01:28:53,2024-12-30 16:57:07,382.4575,1.0,27,1529.83,5.0,3.0,4.0,12.0,Loyal Customers
1624,2024-01-07,referral,AU,5.0,1920.23,878.9,2024-01-24 21:35:40,2024-11-19 10:04:55,384.046,42.0,359,1920.23,2.0,3.0,4.0,9.0,At Risk
1625,2024-07-21,social,US,2.0,939.3800000000001,464.92,2024-11-12 22:10:52,2024-12-15 14:36:48,469.69000000000005,16.0,163,939.3800000000001,4.0,1.0,3.0,8.0,New Customers
1626,2024-12-29,paid_search,DE,4.0,905.06,474.06,2024-12-29 08:32:07,2024-12-30 21:50:19,226.265,1.0,2,905.06,5.0,3.0,3.0,11.0,Loyal Customers
1627,2024-07-30,social,AU,4.0,576.29,307.18,2024-10-24 22:09:04,2024-12-22 05:56:07,144.0725,9.0,154,576.29,4.0,3.0,2.0,9.0,Potential Loyalists
1628,2024-08-01,paid_search,US,6.0,920.52,442.63,2024-08-05 20:53:32,2024-12-24 23:48:42,153.42,7.0,152,920.52,4.0,4.0,3.0,11.0,Loyal Customers
1629,2024-05-22,organic,US,2.0,93.22,50.53999999999999,2024-06-26 12:36:21,2024-11-24 01:58:29,46.61,37.0,223,93.22,3.0,1.0,1.0,5.0,Others
1630,2024-02-16,organic,US,5.0,931.1800000000001,444.66,2024-03-05 11:55:21,2024-11-13 20:48:45,186.23600000000002,48.0,319,931.1800000000001,2.0,3.0,3.0,8.0,At Risk
1631,2024-07-28,organic,US,0.0,0.0,0.0,,,0.0,156.0,156,0.0,,,,,No Orders
1632,2024-11-24,paid_search,GB,2.0,1128.78,528.91,2024-12-14 05:19:55,2024-12-17 23:53:20,564.39,14.0,37,1128.78,4.0,1.0,3.0,8.0,New Customers
1633,2024-02-03,referral,US,12.0,4258.36,1989.62,2024-02-06 15:06:44,2024-11-05 03:42:45,354.8633333333333,56.0,332,4258.36,2.0,5.0,5.0,12.0,At Risk
1634,2024-11-18,social,US,0.0,0.0,0.0,,,0.0,43.0,43,0.0,,,,,No Orders
1635,2024-05-31,paid_search,DE,1.0,283.35,136.20000000000002,2024-11-09 13:46:44,2024-11-09 13:46:44,283.35,52.0,214,283.35,2.0,1.0,1.0,4.0,Lost
1636,2024-07-15,paid_search,US,2.0,392.79999999999995,200.69,2024-08-11 01:47:55,2024-12-31 19:55:39,196.39999999999998,0.0,169,392.79999999999995,5.0,1.0,1.0,7.0,New Customers
1637,2024-03-01,paid_search,US,2.0,448.24,217.43,2024-05-02 12:53:58,2024-10-15 14:34:20,224.12,77.0,305,448.24,2.0,1.0,1.0,4.0,Lost
1638,2024-08-15,organic,FR,6.0,1263.16,696.29,2024-09-13 17:09:16,2024-12-19 10:49:50,210.52666666666667,12.0,138,1263.16,4.0,4.0,3.0,11.0,Loyal Customers
1639,2024-03-07,email,US,2.0,175.31,65.51,2024-04-16 17:00:46,2024-08-15 10:24:26,87.655,138.0,299,175.31,1.0,1.0,1.0,3.0,Lost
1640,2024-04-09,organic,US,0.0,0.0,0.0,,,0.0,266.0,266,0.0,,,,,No Orders
1641,2024-09-21,social,US,1.0,344.46,143.39,2024-11-02 04:05:13,2024-11-02 04:05:13,344.46,59.0,101,344.46,2.0,1.0,1.0,4.0,Lost
1642,2024-01-19,email,US,6.0,2271.58,1061.8200000000002,2024-02-13 12:01:52,2024-12-28 04:57:20,378.59666666666664,3.0,347,2271.58,5.0,4.0,5.0,14.0,Champions
1643,2024-06-12,social,GB,2.0,581.55,268.06999999999994,2024-10-04 00:37:00,2024-11-30 04:22:40,290.775,31.0,202,581.55,3.0,1.0,2.0,6.0,Others
1644,2024-08-05,referral,US,2.0,619.81,314.10999999999996,2024-08-30 19:30:09,2024-10-15 23:55:02,309.905,76.0,148,619.81,2.0,1.0,2.0,5.0,Lost
1645,2024-02-18,organic,US,2.0,681.2,299.49,2024-03-29 15:11:19,2024-11-19 23:39:11,340.6,42.0,317,681.2,2.0,1.0,2.0,5.0,Lost
1646,2024-04-17,referral,SE,7.0,2126.6,1015.11,2024-06-20 05:10:44,2024-12-02 03:24:30,303.8,29.0,258,2126.6,3.0,4.0,4.0,11.0,Loyal Customers
1647,2024-05-05,social,NL,6.0,2223.1,1034.73,2024-08-30 03:31:53,2024-12-21 23:28:00,370.51666666666665,10.0,240,2223.1,4.0,4.0,4.0,12.0,Champions
1648,2024-08-30,email,US,13.0,3476.2,1746.92,2024-09-11 13:30:27,2024-12-29 22:57:54,267.4,2.0,123,3476.2,5.0,5.0,5.0,15.0,Champions
1649,2024-12-23,social,US,2.0,260.81,124.57,2024-12-25 10:13:20,2024-12-27 12:54:11,130.405,4.0,8,260.81,5.0,1.0,1.0,7.0,New Customers
1650,2024-11-02,email,GB,4.0,1985.6699999999998,906.0999999999999,2024-11-17 14:03:59,2024-12-07 19:10:13,496.41749999999996,24.0,59,1985.6699999999998,3.0,3.0,4.0,10.0,Loyal Customers
1651,2024-03-10,affiliate,AU,3.0,998.4599999999999,450.44,2024-05-13 13:07:55,2024-11-05 23:02:00,332.82,56.0,296,998.4599999999999,2.0,2.0,3.0,7.0,Lost
1652,2024-01-07,paid_search,CA,2.0,1158.35,612.27,2024-05-14 02:05:54,2024-11-07 11:51:36,579.175,54.0,359,1158.35,2.0,1.0,3.0,6.0,Lost
1653,2024-01-19,email,US,3.0,1129.61,462.99999999999994,2024-03-17 12:59:30,2024-12-29 08:54:37,376.53666666666663,2.0,347,1129.61,5.0,2.0,3.0,10.0,New Customers
1654,2024-08-06,email,US,3.0,1362.3799999999999,592.49,2024-10-31 04:00:56,2024-12-21 13:37:50,454.1266666666666,10.0,147,1362.3799999999999,4.0,2.0,3.0,9.0,New Customers
1655,2024-02-27,paid_search,US,1.0,129.41,61.78999999999999,2024-09-28 17:31:12,2024-09-28 17:31:12,129.41,94.0,308,129.41,1.0,1.0,1.0,3.0,Lost
1656,2024-03-25,referral,AU,1.0,232.10000000000002,144.35000000000002,2024-04-26 15:23:42,2024-04-26 15:23:42,232.10000000000002,249.0,281,232.10000000000002,1.0,1.0,1.0,3.0,Lost
1657,2024-11-06,paid_search,AU,5.0,1412.94,622.39,2024-11-06 16:22:31,2024-11-29 20:32:32,282.588,32.0,55,1412.94,3.0,3.0,4.0,10.0,Loyal Customers
1658,2024-11-15,social,US,1.0,435.0,245.96,2024-11-16 14:58:25,2024-11-16 14:58:25,435.0,45.0,46,435.0,2.0,1.0,1.0,4.0,Lost
1659,2024-11-03,organic,DE,1.0,168.8,74.62,2024-12-11 11:32:27,2024-12-11 11:32:27,168.8,20.0,58,168.8,3.0,1.0,1.0,5.0,Others
1660,2024-04-02,organic,US,7.0,2943.14,1316.03,2024-05-19 19:38:01,2024-12-03 11:30:51,420.4485714285714,28.0,273,2943.14,3.0,4.0,5.0,12.0,Loyal Customers
1661,2024-08-14,email,FR,2.0,853.71,427.9,2024-09-08 19:43:16,2024-10-02 10:18:46,426.855,90.0,139,853.71,1.0,1.0,2.0,4.0,Lost
1662,2024-08-11,paid_search,NL,2.0,687.73,266.28,2024-09-22 08:31:54,2024-10-31 00:31:28,343.865,61.0,142,687.73,2.0,1.0,2.0,5.0,Lost
1663,2024-03-08,paid_search,GB,5.0,2279.22,1043.36,2024-03-09 10:57:10,2024-12-06 05:23:59,455.84399999999994,25.0,298,2279.22,3.0,3.0,5.0,11.0,Loyal Customers
1664,2024-07-21,organic,US,3.0,929.99,474.0200000000001,2024-08-12 20:27:21,2024-11-27 12:07:35,309.99666666666667,34.0,163,929.99,3.0,2.0,3.0,8.0,Potential Loyalists
1665,2024-07-11,paid_search,DE,9.0,3015.22,1376.15,2024-07-24 09:41:41,2024-12-27 16:08:10,335.02444444444444,4.0,173,3015.22,5.0,5.0,5.0,15.0,Champions
1666,2024-05-24,email,US,2.0,739.77,330.60999999999996,2024-07-28 11:14:57,2024-08-26 04:48:53,369.885,127.0,221,739.77,1.0,1.0,2.0,4.0,Lost
1667,2024-10-02,referral,CA,2.0,163.89,86.0,2024-11-07 18:20:24,2024-11-13 15:25:18,81.945,48.0,90,163.89,2.0,1.0,1.0,4.0,Lost
1668,2024-09-05,organic,US,0.0,0.0,0.0,,,0.0,117.0,117,0.0,,,,,No Orders
1669,2024-07-13,social,AU,2.0,727.35,363.43,2024-09-20 07:55:51,2024-09-21 08:05:24,363.675,101.0,171,727.35,1.0,1.0,2.0,4.0,Lost
1670,2024-09-22,paid_search,US,6.0,1956.37,966.76,2024-10-19 07:43:46,2024-12-26 11:17:57,326.06166666666667,5.0,100,1956.37,5.0,4.0,4.0,13.0,Champions
1671,2024-10-06,social,US,12.0,2834.71,1392.2,2024-10-22 10:59:46,2024-12-31 03:32:58,236.22583333333333,0.0,86,2834.71,5.0,5.0,5.0,15.0,Champions
1672,2024-07-26,paid_search,US,0.0,0.0,0.0,,,0.0,158.0,158,0.0,,,,,No Orders
1673,2024-04-07,paid_search,US,1.0,174.94,87.35999999999999,2024-09-13 19:08:14,2024-09-13 19:08:14,174.94,109.0,268,174.94,1.0,1.0,1.0,3.0,Lost
1674,2024-10-04,paid_search,US,1.0,128.37,53.17,2024-11-03 06:49:36,2024-11-03 06:49:36,128.37,58.0,88,128.37,2.0,1.0,1.0,4.0,Lost
1675,2024-09-19,social,FR,0.0,0.0,0.0,,,0.0,103.0,103,0.0,,,,,No Orders
1676,2024-12-25,paid_search,US,8.0,2940.79,1513.9499999999998,2024-12-26 20:56:50,2024-12-31 12:51:36,367.59875,0.0,6,2940.79,5.0,5.0,5.0,15.0,Champions
1677,2024-02-24,paid_search,US,7.0,1603.8899999999999,758.58,2024-04-12 15:16:18,2024-12-18 15:14:16,229.12714285714284,13.0,311,1603.8899999999999,4.0,4.0,4.0,12.0,Champions
1678,2024-06-02,email,US,9.0,1667.83,762.16,2024-06-05 15:07:03,2024-12-02 09:55:03,185.31444444444443,29.0,212,1667.83,3.0,5.0,4.0,12.0,Loyal Customers
1679,2024-12-04,email,US,1.0,521.61,265.3,2024-12-04 23:50:17,2024-12-04 23:50:17,521.61,27.0,27,521.61,3.0,1.0,2.0,6.0,Others
1680,2024-07-07,paid_search,AU,6.0,1917.76,788.3,2024-08-25 21:53:42,2024-12-30 20:46:08,319.62666666666667,1.0,177,1917.76,5.0,4.0,4.0,13.0,Champions
1681,2024-12-10,email,NL,2.0,170.05,89.03999999999999,2024-12-10 18:45:32,2024-12-28 09:49:09,85.025,3.0,21,170.05,5.0,1.0,1.0,7.0,New Customers
1682,2024-01-05,email,US,3.0,1585.0900000000001,790.58,2024-02-12 22:36:17,2024-11-15 23:51:49,528.3633333333333,46.0,361,1585.0900000000001,2.0,2.0,4.0,8.0,Lost
1683,2024-01-13,organic,CA,3.0,634.5400000000001,278.93,2024-02-10 11:52:27,2024-09-24 07:07:14,211.51333333333335,98.0,353,634.5400000000001,1.0,2.0,2.0,5.0,Lost
1684,2024-10-18,social,FR,0.0,0.0,0.0,,,0.0,74.0,74,0.0,,,,,No Orders
1685,2024-05-11,organic,SE,14.0,3486.6400000000003,1700.4,2024-06-02 04:03:09,2024-12-28 07:52:16,249.0457142857143,3.0,234,3486.6400000000003,5.0,5.0,5.0,15.0,Champions
1686,2024-07-09,social,US,3.0,765.47,397.46000000000004,2024-08-01 06:15:13,2024-09-16 21:59:33,255.15666666666667,106.0,175,765.47,1.0,2.0,2.0,5.0,Lost
1687,2024-06-05,organic,US,2.0,1018.6499999999999,453.8299999999999,2024-06-09 21:50:13,2024-09-03 22:12:52,509.32499999999993,119.0,209,1018.6499999999999,1.0,1.0,3.0,5.0,Lost
1688,2024-05-29,social,GB,15.0,4590.79,2146.94,2024-05-30 08:56:21,2024-12-21 06:14:35,306.05266666666665,10.0,216,4590.79,4.0,5.0,5.0,14.0,Champions
1689,2024-12-09,organic,AU,0.0,0.0,0.0,,,0.0,22.0,22,0.0,,,,,No Orders
1690,2024-02-04,paid_search,FR,4.0,1386.6899999999998,608.8199999999999,2024-06-25 08:26:09,2024-11-22 18:04:21,346.67249999999996,39.0,331,1386.6899999999998,2.0,3.0,3.0,8.0,At Risk
1691,2024-10-09,referral,GB,11.0,2714.12,1350.8899999999999,2024-10-18 08:22:08,2024-12-18 03:59:48,246.7381818181818,13.0,83,2714.12,4.0,5.0,5.0,14.0,Champions
1692,2024-11-21,paid_search,US,7.0,3149.1200000000003,1509.58,2024-11-28 03:50:58,2024-12-31 00:39:18,449.87428571428575,0.0,40,3149.1200000000003,5.0,4.0,5.0,14.0,Champions
1693,2024-08-28,referral,FR,2.0,517.38,253.71,2024-09-16 20:14:30,2024-12-20 19:28:08,258.69,11.0,125,517.38,4.0,1.0,2.0,7.0,New Customers
1694,2024-05-24,affiliate,AU,4.0,2497.33,1271.6,2024-06-19 05:24:08,2024-11-25 15:22:16,624.3325,36.0,221,2497.33,3.0,3.0,5.0,11.0,Loyal Customers
1695,2024-02-28,referral,US,8.0,3105.31,1380.74,2024-03-06 03:42:16,2024-08-24 23:39:18,388.16375,129.0,307,3105.31,1.0,5.0,5.0,11.0,At Risk
1696,2024-09-06,organic,FR,3.0,1017.1400000000001,441.88,2024-10-04 02:43:34,2024-11-09 00:32:50,339.0466666666667,52.0,116,1017.1400000000001,2.0,2.0,3.0,7.0,Lost
1697,2024-06-20,email,US,1.0,126.0,52.980000000000004,2024-10-19 21:05:03,2024-10-19 21:05:03,126.0,73.0,194,126.0,2.0,1.0,1.0,4.0,Lost
1698,2024-02-24,organic,GB,3.0,1096.34,528.71,2024-03-06 09:18:11,2024-11-08 13:24:06,365.44666666666666,53.0,311,1096.34,2.0,2.0,3.0,7.0,Lost
1699,2024-05-11,paid_search,GB,6.0,1752.29,884.76,2024-05-21 20:03:51,2024-12-15 06:29:35,292.04833333333335,16.0,234,1752.29,4.0,4.0,4.0,12.0,Champions
1700,2024-12-17,referral,CA,4.0,1305.76,609.4399999999999,2024-12-18 17:39:52,2024-12-28 09:51:03,326.44,3.0,14,1305.76,5.0,3.0,3.0,11.0,Loyal Customers
1701,2024-04-07,social,SE,1.0,578.57,246.40000000000003,2024-07-12 11:58:06,2024-07-12 11:58:06,578.57,172.0,268,578.57,1.0,1.0,2.0,4.0,Lost
1702,2024-03-06,paid_search,GB,0.0,0.0,0.0,,,0.0,300.0,300,0.0,,,,,No Orders
1703,2024-09-06,paid_search,US,2.0,238.10000000000002,141.79000000000002,2024-11-06 19:18:41,2024-12-04 07:14:25,119.05000000000001,27.0,116,238.10000000000002,3.0,1.0,1.0,5.0,Others
1704,2024-03-14,email,US,0.0,0.0,0.0,,,0.0,292.0,292,0.0,,,,,No Orders
1705,2024-12-02,social,US,1.0,302.6,158.02000000000004,2024-12-07 19:15:40,2024-12-07 19:15:40,302.6,24.0,29,302.6,3.0,1.0,1.0,5.0,Others
1706,2024-11-10,paid_search,US,0.0,0.0,0.0,,,0.0,51.0,51,0.0,,,,,No Orders
1707,2024-12-25,referral,US,3.0,1202.75,450.79999999999995,2024-12-26 00:50:45,2024-12-30 02:16:39,400.9166666666667,1.0,6,1202.75,5.0,2.0,3.0,10.0,New Customers
1708,2024-11-30,organic,GB,10.0,2030.0,931.14,2024-12-03 21:11:30,2024-12-28 09:27:45,203.0,3.0,31,2030.0,5.0,5.0,4.0,14.0,Champions
1709,2024-03-30,organic,US,0.0,0.0,0.0,,,0.0,276.0,276,0.0,,,,,No Orders
1710,2024-03-18,social,US,7.0,2982.1,1397.43,2024-06-06 05:13:34,2024-12-23 18:21:55,426.0142857142857,8.0,288,2982.1,4.0,4.0,5.0,13.0,Champions
1711,2024-05-05,affiliate,CA,1.0,784.6,350.26,2024-06-03 12:18:06,2024-06-03 12:18:06,784.6,211.0,240,784.6,1.0,1.0,2.0,4.0,Lost
1712,2024-06-20,organic,US,4.0,1749.65,883.19,2024-06-24 07:21:46,2024-09-03 03:03:51,437.4125,119.0,194,1749.65,1.0,3.0,4.0,8.0,At Risk
1713,2024-11-18,organic,DE,5.0,1405.06,745.47,2024-11-19 11:38:02,2024-12-09 16:16:16,281.012,22.0,43,1405.06,3.0,3.0,4.0,10.0,Loyal Customers
1714,2024-09-25,organic,NL,4.0,1644.8100000000002,802.49,2024-10-01 00:18:19,2024-12-13 06:30:55,411.20250000000004,18.0,97,1644.8100000000002,3.0,3.0,4.0,10.0,Loyal Customers
1715,2024-08-23,referral,DE,3.0,917.1700000000001,466.49,2024-09-17 18:33:27,2024-12-13 17:54:24,305.72333333333336,18.0,130,917.1700000000001,3.0,2.0,3.0,8.0,Potential Loyalists
1716,2024-11-17,organic,US,0.0,0.0,0.0,,,0.0,44.0,44,0.0,,,,,No Orders
1717,2024-08-24,paid_search,US,0.0,0.0,0.0,,,0.0,129.0,129,0.0,,,,,No Orders
1718,2024-05-18,affiliate,DE,1.0,419.31,210.73,2024-08-05 10:07:59,2024-08-05 10:07:59,419.31,148.0,227,419.31,1.0,1.0,1.0,3.0,Lost
1719,2024-05-31,organic,GB,7.0,2133.2799999999997,932.6,2024-07-11 16:11:38,2024-11-21 09:28:55,304.7542857142857,40.0,214,2133.2799999999997,2.0,4.0,4.0,10.0,At Risk
1720,2024-07-08,paid_search,US,3.0,875.15,417.28,2024-07-18 11:20:21,2024-10-25 08:25:09,291.71666666666664,67.0,176,875.15,2.0,2.0,2.0,6.0,Lost
1721,2024-02-02,paid_search,GB,6.0,1244.4,543.5600000000001,2024-04-19 06:39:07,2024-11-07 13:31:05,207.4,54.0,333,1244.4,2.0,4.0,3.0,9.0,At Risk
1722,2024-09-28,email,GB,2.0,439.89,251.85,2024-10-02 06:52:36,2024-12-11 17:05:21,219.945,20.0,94,439.89,3.0,1.0,1.0,5.0,Others
1723,2024-08-26,paid_search,US,12.0,3960.8399999999997,2028.33,2024-08-26 03:20:02,2024-11-26 12:34:00,330.07,35.0,127,3960.8399999999997,3.0,5.0,5.0,13.0,Loyal Customers
1724,2024-09-24,paid_search,DE,2.0,525.47,274.14,2024-11-30 16:08:15,2024-12-25 23:10:25,262.735,6.0,98,525.47,4.0,1.0,2.0,7.0,New Customers
1725,2024-07-14,organic,US,12.0,3262.81,1456.03,2024-07-14 10:12:51,2024-12-14 00:59:17,271.9008333333333,17.0,170,3262.81,3.0,5.0,5.0,13.0,Loyal Customers
1726,2024-10-13,email,US,10.0,2842.08,1346.92,2024-10-13 13:25:10,2024-11-25 21:16:21,284.20799999999997,36.0,79,2842.08,3.0,5.0,5.0,13.0,Loyal Customers
1727,2024-12-13,email,CA,4.0,1226.85,622.79,2024-12-15 19:11:39,2024-12-29 07:35:32,306.7125,2.0,18,1226.85,5.0,3.0,3.0,11.0,Loyal Customers
1728,2024-07-27,organic,US,8.0,2419.45,1166.76,2024-08-07 14:41:05,2024-12-22 00:54:53,302.43125,9.0,157,2419.45,4.0,5.0,5.0,14.0,Champions
1729,2024-06-11,paid_search,DE,2.0,540.24,225.59999999999997,2024-06-30 09:43:36,2024-12-11 21:24:20,270.12,20.0,203,540.24,3.0,1.0,2.0,6.0,Others
1730,2024-02-08,referral,US,8.0,1860.32,853.5600000000001,2024-04-01 10:39:35,2024-12-10 08:47:49,232.54,21.0,327,1860.32,3.0,5.0,4.0,12.0,Loyal Customers
1731,2024-10-11,organic,US,1.0,157.96,64.24000000000001,2024-10-18 23:04:42,2024-10-18 23:04:42,157.96,74.0,81,157.96,2.0,1.0,1.0,4.0,Lost
1732,2024-11-26,organic,NL,2.0,664.77,335.15,2024-12-05 02:59:00,2024-12-26 12:15:27,332.385,5.0,35,664.77,5.0,1.0,2.0,8.0,New Customers
1733,2024-09-13,paid_search,US,14.0,4991.79,2367.06,2024-09-22 04:54:43,2024-12-11 04:50:14,356.55642857142857,20.0,109,4991.79,3.0,5.0,5.0,13.0,Loyal Customers
1734,2024-11-12,organic,US,3.0,953.04,508.09,2024-11-27 20:28:05,2024-12-14 03:40:59,317.68,17.0,49,953.04,3.0,2.0,3.0,8.0,Potential Loyalists
1735,2024-11-11,organic,NL,1.0,475.98,242.3,2024-11-25 00:54:38,2024-11-25 00:54:38,475.98,36.0,50,475.98,3.0,1.0,2.0,6.0,Others
1736,2024-10-19,paid_search,CA,1.0,582.26,221.8,2024-11-02 11:41:56,2024-11-02 11:41:56,582.26,59.0,73,582.26,2.0,1.0,2.0,5.0,Lost
1737,2024-07-03,organic,FR,0.0,0.0,0.0,,,0.0,181.0,181,0.0,,,,,No Orders
1738,2024-02-06,paid_search,US,4.0,1219.81,599.68,2024-03-12 17:41:52,2024-04-17 21:11:52,304.9525,258.0,329,1219.81,1.0,3.0,3.0,7.0,At Risk
1739,2024-01-02,social,US,4.0,678.04,300.80999999999995,2024-06-10 13:13:20,2024-07-28 18:00:12,169.51,156.0,364,678.04,1.0,3.0,2.0,6.0,At Risk
1740,2024-03-15,social,DE,0.0,0.0,0.0,,,0.0,291.0,291,0.0,,,,,No Orders
1741,2024-06-06,organic,US,6.0,1537.58,738.9,2024-09-06 17:06:11,2024-12-26 14:25:59,256.2633333333333,5.0,208,1537.58,5.0,4.0,4.0,13.0,Champions
1742,2024-09-29,email,US,8.0,1416.88,749.0,2024-10-05 23:54:26,2024-12-15 10:04:25,177.11,16.0,93,1416.88,4.0,5.0,4.0,13.0,Champions
1743,2024-06-15,organic,CA,2.0,625.17,254.53,2024-11-04 19:58:56,2024-12-15 10:09:46,312.585,16.0,199,625.17,4.0,1.0,2.0,7.0,New Customers
1744,2024-01-09,email,US,11.0,2849.63,1444.8200000000002,2024-01-23 02:47:05,2024-11-02 09:54:38,259.05727272727273,59.0,357,2849.63,2.0,5.0,5.0,12.0,At Risk
1745,2024-03-17,paid_search,US,1.0,35.77,18.520000000000003,2024-10-07 22:11:05,2024-10-07 22:11:05,35.77,85.0,289,35.77,1.0,1.0,1.0,3.0,Lost
1746,2024-12-24,email,US,0.0,0.0,0.0,,,0.0,7.0,7,0.0,,,,,No Orders
1747,2024-12-27,organic,GB,5.0,3105.37,1470.07,2024-12-27 02:01:45,2024-12-31 17:55:59,621.074,0.0,4,3105.37,5.0,3.0,5.0,13.0,Loyal Customers
1748,2024-05-18,organic,DE,0.0,0.0,0.0,,,0.0,227.0,227,0.0,,,,,No Orders
1749,2024-10-21,paid_search,AU,4.0,653.07,310.89,2024-10-26 02:43:39,2024-12-15 07:22:06,163.2675,16.0,71,653.07,4.0,3.0,2.0,9.0,Potential Loyalists
1750,2024-09-20,organic,US,9.0,2070.57,964.5000000000001,2024-09-24 20:50:16,2024-12-19 17:22:00,230.06333333333336,12.0,102,2070.57,4.0,5.0,4.0,13.0,Champions
1751,2024-12-06,organic,US,0.0,0.0,0.0,,,0.0,25.0,25,0.0,,,,,No Orders
1752,2024-11-20,social,GB,10.0,2974.42,1405.18,2024-11-24 02:18:19,2024-12-29 18:52:19,297.442,2.0,41,2974.42,5.0,5.0,5.0,15.0,Champions
1753,2024-08-18,email,US,3.0,996.04,438.38,2024-09-12 08:26:47,2024-10-21 03:00:30,332.0133333333333,71.0,135,996.04,2.0,2.0,3.0,7.0,Lost
1754,2024-05-24,organic,GB,2.0,651.5999999999999,306.15,2024-06-29 18:48:47,2024-11-30 21:01:12,325.79999999999995,31.0,221,651.5999999999999,3.0,1.0,2.0,6.0,Others
1755,2024-08-17,referral,NL,0.0,0.0,0.0,,,0.0,136.0,136,0.0,,,,,No Orders
1756,2024-04-26,email,GB,8.0,2471.52,1165.64,2024-05-15 19:42:44,2024-12-22 14:29:15,308.94,9.0,249,2471.52,4.0,5.0,5.0,14.0,Champions
1757,2024-05-07,referral,US,2.0,152.25,76.41,2024-06-07 05:45:11,2024-11-18 19:47:24,76.125,43.0,238,152.25,2.0,1.0,1.0,4.0,Lost
1758,2024-08-10,social,SE,2.0,403.23,160.63,2024-09-22 20:34:23,2024-12-18 10:17:19,201.615,13.0,143,403.23,4.0,1.0,1.0,6.0,New Customers
1759,2024-07-28,social,US,0.0,0.0,0.0,,,0.0,156.0,156,0.0,,,,,No Orders
1760,2024-07-31,paid_search,NL,6.0,2148.36,887.5699999999999,2024-10-18 02:01:43,2024-12-30 11:06:16,358.06,1.0,153,2148.36,5.0,4.0,4.0,13.0,Champions
1761,2024-05-20,social,GB,4.0,1551.96,729.3299999999999,2024-05-30 23:08:44,2024-12-01 02:43:07,387.99,30.0,225,1551.96,3.0,3.0,4.0,10.0,Loyal Customers
1762,2024-05-29,referral,GB,2.0,345.23,169.07,2024-08-24 17:04:43,2024-10-07 20:44:28,172.615,85.0,216,345.23,1.0,1.0,1.0,3.0,Lost
1763,2024-01-04,organic,NL,9.0,2543.9300000000003,1251.47,2024-02-28 23:14:54,2024-12-19 02:03:28,282.6588888888889,12.0,362,2543.9300000000003,4.0,5.0,5.0,14.0,Champions
1764,2024-08-08,organic,GB,8.0,3025.88,1502.32,2024-08-16 08:10:49,2024-12-22 20:28:47,378.235,9.0,145,3025.88,4.0,5.0,5.0,14.0,Champions
1765,2024-07-29,organic,GB,2.0,154.93,74.58999999999999,2024-11-26 19:58:49,2024-12-22 07:43:50,77.465,9.0,155,154.93,4.0,1.0,1.0,6.0,New Customers
1766,2024-12-08,referral,US,1.0,274.1,139.92000000000002,2024-12-29 16:40:56,2024-12-29 16:40:56,274.1,2.0,23,274.1,5.0,1.0,1.0,7.0,New Customers
1767,2024-07-03,paid_search,DE,3.0,876.04,458.81999999999994,2024-09-01 12:11:36,2024-12-21 23:09:45,292.0133333333333,10.0,181,876.04,4.0,2.0,2.0,8.0,New Customers
1768,2024-06-20,social,DE,4.0,627.21,288.92999999999995,2024-07-20 14:45:03,2024-11-20 11:42:33,156.8025,41.0,194,627.21,2.0,3.0,2.0,7.0,At Risk
1769,2024-01-25,email,US,11.0,3385.7000000000003,1544.3600000000001,2024-02-17 14:49:16,2024-11-29 01:32:16,307.7909090909091,32.0,341,3385.7000000000003,3.0,5.0,5.0,13.0,Loyal Customers
1770,2024-03-13,affiliate,FR,10.0,3520.52,1856.48,2024-04-09 16:31:05,2024-11-15 18:02:05,352.052,46.0,293,3520.52,2.0,5.0,5.0,12.0,At Risk
1771,2024-05-03,organic,DE,1.0,590.79,281.96,2024-08-15 11:36:15,2024-08-15 11:36:15,590.79,138.0,242,590.79,1.0,1.0,2.0,4.0,Lost
1772,2024-05-18,email,US,0.0,0.0,0.0,,,0.0,227.0,227,0.0,,,,,No Orders
1773,2024-05-12,referral,US,3.0,934.95,440.34,2024-06-01 21:37:33,2024-12-04 20:52:43,311.65000000000003,27.0,233,934.95,3.0,2.0,3.0,8.0,Potential Loyalists
1774,2024-05-24,organic,GB,7.0,1196.3899999999999,520.3199999999999,2024-06-30 09:42:54,2024-11-01 10:00:28,170.91285714285712,60.0,221,1196.3899999999999,2.0,4.0,3.0,9.0,At Risk
1775,2024-10-08,email,US,10.0,3439.5,1754.75,2024-10-14 02:02:04,2024-12-27 09:21:58,343.95,4.0,84,3439.5,5.0,5.0,5.0,15.0,Champions
1776,2024-02-17,paid_search,US,19.0,6588.07,3172.44,2024-03-02 16:44:23,2024-12-04 15:02:32,346.74052631578945,27.0,318,6588.07,3.0,5.0,5.0,13.0,Loyal Customers
1777,2024-05-01,social,GB,0.0,0.0,0.0,,,0.0,244.0,244,0.0,,,,,No Orders
1778,2024-02-29,paid_search,US,0.0,0.0,0.0,,,0.0,306.0,306,0.0,,,,,No Orders
1779,2024-04-22,organic,US,8.0,2696.88,1328.91,2024-04-24 06:24:44,2024-12-30 23:37:53,337.11,1.0,253,2696.88,5.0,5.0,5.0,15.0,Champions
1780,2024-09-07,organic,DE,5.0,1884.09,912.3299999999999,2024-09-11 23:45:14,2024-12-29 00:49:28,376.818,2.0,115,1884.09,5.0,3.0,4.0,12.0,Loyal Customers
1781,2024-01-18,organic,US,0.0,0.0,0.0,,,0.0,348.0,348,0.0,,,,,No Orders
1782,2024-05-04,organic,SE,4.0,1673.9099999999999,793.33,2024-06-27 13:12:36,2024-11-06 11:58:09,418.47749999999996,55.0,241,1673.9099999999999,2.0,3.0,4.0,9.0,At Risk
1783,2024-01-09,social,NL,4.0,1140.31,632.98,2024-02-07 02:46:54,2024-12-24 12:52:10,285.0775,7.0,357,1140.31,4.0,3.0,3.0,10.0,Loyal Customers
1784,2024-12-15,paid_search,DE,8.0,2323.55,1145.62,2024-12-20 13:23:12,2024-12-28 06:15:45,290.44375,3.0,16,2323.55,5.0,5.0,5.0,15.0,Champions
1785,2024-09-23,organic,SE,1.0,23.1,9.870000000000001,2024-11-15 00:22:48,2024-11-15 00:22:48,23.1,46.0,99,23.1,2.0,1.0,1.0,4.0,Lost
1786,2024-03-30,social,AU,3.0,881.62,436.6,2024-03-31 05:50:34,2024-12-06 06:56:00,293.87333333333333,25.0,276,881.62,3.0,2.0,2.0,7.0,Potential Loyalists
1787,2024-03-13,social,US,6.0,2993.1400000000003,1366.1,2024-05-09 20:37:48,2024-12-06 05:20:12,498.85666666666674,25.0,293,2993.1400000000003,3.0,4.0,5.0,12.0,Loyal Customers
1788,2024-02-06,paid_search,CA,3.0,1042.12,447.12000000000006,2024-05-05 14:10:16,2024-09-17 20:28:35,347.3733333333333,105.0,329,1042.12,1.0,2.0,3.0,6.0,Lost
1789,2024-06-22,referral,US,4.0,890.71,432.05,2024-08-17 02:27:33,2024-12-09 06:09:23,222.6775,22.0,192,890.71,3.0,3.0,3.0,9.0,Loyal Customers
1790,2024-10-02,paid_search,FR,2.0,382.64000000000004,186.16000000000003,2024-10-31 05:07:45,2024-12-27 19:35:01,191.32000000000002,4.0,90,382.64000000000004,5.0,1.0,1.0,7.0,New Customers
1791,2024-08-01,email,GB,0.0,0.0,0.0,,,0.0,152.0,152,0.0,,,,,No Orders
1792,2024-11-18,organic,US,1.0,146.64999999999998,62.980000000000004,2024-11-19 20:32:48,2024-11-19 20:32:48,146.64999999999998,42.0,43,146.64999999999998,2.0,1.0,1.0,4.0,Lost
1793,2024-05-05,social,US,6.0,1541.27,736.1899999999999,2024-06-10 15:32:27,2024-12-28 07:03:42,256.87833333333333,3.0,240,1541.27,5.0,4.0,4.0,13.0,Champions
1794,2024-04-11,affiliate,NL,12.0,4099.01,2185.0,2024-04-13 13:28:07,2024-12-23 23:16:58,341.5841666666667,8.0,264,4099.01,4.0,5.0,5.0,14.0,Champions
1795,2024-06-23,email,US,2.0,471.77,195.26000000000002,2024-08-26 00:36:55,2024-11-04 04:43:00,235.885,57.0,191,471.77,2.0,1.0,2.0,5.0,Lost
1796,2024-03-14,social,US,3.0,966.46,400.67,2024-05-02 07:54:51,2024-12-10 05:25:15,322.15333333333336,21.0,292,966.46,3.0,2.0,3.0,8.0,Potential Loyalists
1797,2024-12-23,social,US,9.0,2670.86,1263.98,2024-12-24 06:01:40,2024-12-31 15:15:51,296.76222222222225,0.0,8,2670.86,5.0,5.0,5.0,15.0,Champions
1798,2024-03-08,paid_search,GB,8.0,1700.16,767.72,2024-03-19 09:58:44,2024-11-13 13:35:29,212.52,48.0,298,1700.16,2.0,5.0,4.0,11.0,At Risk
1799,2024-06-24,social,AU,1.0,150.07,67.64000000000001,2024-11-25 09:23:04,2024-11-25 09:23:04,150.07,36.0,190,150.07,3.0,1.0,1.0,5.0,Others
1800,2024-07-10,email,CA,9.0,2681.91,1377.28,2024-08-17 01:34:45,2024-12-28 11:39:53,297.99,3.0,174,2681.91,5.0,5.0,5.0,15.0,Champions
1801,2024-01-21,affiliate,GB,6.0,2069.35,992.74,2024-05-21 11:59:33,2024-12-22 15:27:51,344.89166666666665,9.0,345,2069.35,4.0,4.0,4.0,12.0,Champions
1802,2024-06-20,paid_search,US,7.0,1935.3400000000001,1001.45,2024-09-03 14:38:50,2024-11-26 01:53:48,276.4771428571429,35.0,194,1935.3400000000001,3.0,4.0,4.0,11.0,Loyal Customers
1803,2024-06-15,organic,US,1.0,427.78,181.16999999999996,2024-07-18 02:41:19,2024-07-18 02:41:19,427.78,166.0,199,427.78,1.0,1.0,1.0,3.0,Lost
1804,2024-04-04,social,GB,2.0,387.22,199.67000000000002,2024-09-27 06:11:36,2024-10-10 00:16:05,193.61,82.0,271,387.22,1.0,1.0,1.0,3.0,Lost
1805,2024-02-16,organic,CA,3.0,1318.4499999999998,608.12,2024-06-29 19:37:33,2024-11-16 00:05:04,439.4833333333333,45.0,319,1318.4499999999998,2.0,2.0,3.0,7.0,Lost
1806,2024-01-17,organic,FR,2.0,490.94999999999993,230.98,2024-03-02 17:28:48,2024-08-02 02:30:05,245.47499999999997,151.0,349,490.94999999999993,1.0,1.0,2.0,4.0,Lost
1807,2024-01-04,organic,US,4.0,968.5699999999999,490.17999999999995,2024-03-15 12:30:37,2024-07-10 17:39:55,242.14249999999998,174.0,362,968.5699999999999,1.0,3.0,3.0,7.0,At Risk
1808,2024-06-25,social,DE,13.0,3547.54,1757.93,2024-07-21 04:53:51,2024-12-28 14:14:47,272.8876923076923,3.0,189,3547.54,5.0,5.0,5.0,15.0,Champions
1809,2024-02-02,organic,GB,2.0,243.49,123.25,2024-03-02 17:36:14,2024-11-03 03:05:57,121.745,58.0,333,243.49,2.0,1.0,1.0,4.0,Lost
1810,2024-12-17,organic,DE,2.0,464.59000000000003,223.14999999999998,2024-12-22 08:07:22,2024-12-25 16:16:24,232.29500000000002,6.0,14,464.59000000000003,4.0,1.0,2.0,7.0,New Customers
1811,2024-03-30,organic,GB,7.0,2344.7200000000003,1107.66,2024-04-01 17:01:04,2024-10-25 04:12:27,334.96000000000004,67.0,276,2344.7200000000003,2.0,4.0,5.0,11.0,At Risk
1812,2024-08-26,referral,FR,5.0,732.27,346.65,2024-09-03 09:51:42,2024-11-12 17:40:40,146.454,49.0,127,732.27,2.0,3.0,2.0,7.0,At Risk
1813,2024-09-03,social,GB,0.0,0.0,0.0,,,0.0,119.0,119,0.0,,,,,No Orders
1814,2024-06-30,organic,NL,3.0,262.48,139.95000000000002,2024-07-01 05:11:10,2024-12-15 02:56:19,87.49333333333334,16.0,184,262.48,4.0,2.0,1.0,7.0,New Customers
1815,2024-11-19,organic,GB,0.0,0.0,0.0,,,0.0,42.0,42,0.0,,,,,No Orders
1816,2024-02-10,paid_search,US,5.0,1572.54,735.26,2024-04-20 06:07:23,2024-12-12 01:17:49,314.508,19.0,325,1572.54,3.0,3.0,4.0,10.0,Loyal Customers
1817,2024-03-26,organic,US,0.0,0.0,0.0,,,0.0,280.0,280,0.0,,,,,No Orders
1818,2024-04-02,social,GB,2.0,763.36,367.53,2024-07-11 08:08:14,2024-09-03 02:42:18,381.68,119.0,273,763.36,1.0,1.0,2.0,4.0,Lost
1819,2024-02-19,paid_search,GB,4.0,1620.12,776.3599999999999,2024-02-22 05:59:39,2024-10-23 01:00:32,405.03,69.0,316,1620.12,2.0,3.0,4.0,9.0,At Risk
1820,2024-04-17,referral,GB,4.0,1204.73,627.1800000000001,2024-04-18 13:22:57,2024-12-21 14:08:35,301.1825,10.0,258,1204.73,4.0,3.0,3.0,10.0,Loyal Customers
1821,2024-04-24,organic,FR,5.0,1637.8799999999999,766.01,2024-04-24 15:28:23,2024-07-04 03:57:30,327.57599999999996,180.0,251,1637.8799999999999,1.0,3.0,4.0,8.0,At Risk
1822,2024-10-06,social,US,0.0,0.0,0.0,,,0.0,86.0,86,0.0,,,,,No Orders
1823,2024-04-20,organic,FR,5.0,2469.17,1159.24,2024-04-26 03:44:31,2024-11-17 08:28:53,493.834,44.0,255,2469.17,2.0,3.0,5.0,10.0,At Risk
1824,2024-11-16,affiliate,FR,0.0,0.0,0.0,,,0.0,45.0,45,0.0,,,,,No Orders
1825,2024-10-09,affiliate,US,5.0,1052.91,501.22,2024-10-19 02:33:34,2024-11-24 08:58:42,210.58200000000002,37.0,83,1052.91,3.0,3.0,3.0,9.0,Loyal Customers
1826,2024-11-26,social,US,0.0,0.0,0.0,,,0.0,35.0,35,0.0,,,,,No Orders
1827,2024-02-08,paid_search,US,3.0,1306.4,538.0799999999999,2024-04-02 11:56:58,2024-07-21 02:11:47,435.4666666666667,163.0,327,1306.4,1.0,2.0,3.0,6.0,Lost
1828,2024-12-26,organic,US,3.0,1502.25,637.72,2024-12-26 18:32:34,2024-12-28 08:35:18,500.75,3.0,5,1502.25,5.0,2.0,4.0,11.0,New Customers
1829,2024-08-12,email,CA,0.0,0.0,0.0,,,0.0,141.0,141,0.0,,,,,No Orders
1830,2024-12-25,social,NL,9.0,2286.98,1100.42,2024-12-25 10:15:01,2024-12-31 22:38:57,254.10888888888888,0.0,6,2286.98,5.0,5.0,5.0,15.0,Champions
1831,2024-05-09,organic,DE,0.0,0.0,0.0,,,0.0,236.0,236,0.0,,,,,No Orders
1832,2024-12-14,paid_search,US,9.0,1876.48,937.36,2024-12-14 20:40:46,2024-12-28 23:24:48,208.49777777777777,3.0,17,1876.48,5.0,5.0,4.0,14.0,Champions
1833,2024-08-03,paid_search,FR,6.0,1319.96,712.56,2024-08-11 15:57:58,2024-12-19 03:48:56,219.99333333333334,12.0,150,1319.96,4.0,4.0,3.0,11.0,Loyal Customers
1834,2024-01-27,email,CA,1.0,665.3,275.69000000000005,2024-02-23 00:36:46,2024-02-23 00:36:46,665.3,312.0,339,665.3,1.0,1.0,2.0,4.0,Lost
1835,2024-05-30,social,US,8.0,3178.21,1542.31,2024-06-10 00:16:43,2024-12-13 14:23:57,397.27625,18.0,215,3178.21,3.0,5.0,5.0,13.0,Loyal Customers
1836,2024-02-20,social,CA,14.0,4097.13,1842.88,2024-02-25 10:08:40,2024-12-04 06:39:18,292.65214285714285,27.0,315,4097.13,3.0,5.0,5.0,13.0,Loyal Customers
1837,2024-12-10,social,US,8.0,3595.12,1754.58,2024-12-10 15:06:13,2024-12-30 05:32:27,449.39,1.0,21,3595.12,5.0,5.0,5.0,15.0,Champions
1838,2024-04-21,organic,US,3.0,1352.1999999999998,644.02,2024-04-25 09:49:57,2024-10-01 18:25:50,450.7333333333333,91.0,254,1352.1999999999998,1.0,2.0,3.0,6.0,Lost
1839,2024-03-22,paid_search,US,5.0,1116.56,527.02,2024-05-18 07:45:51,2024-10-19 18:24:48,223.31199999999998,73.0,284,1116.56,2.0,3.0,3.0,8.0,At Risk
1840,2024-07-21,organic,US,7.0,2223.11,988.92,2024-09-02 16:33:46,2024-11-26 17:59:22,317.58714285714285,35.0,163,2223.11,3.0,4.0,4.0,11.0,Loyal Customers
1841,2024-06-04,email,AU,11.0,2970.23,1472.32,2024-06-05 22:25:30,2024-12-28 08:39:28,270.0209090909091,3.0,210,2970.23,5.0,5.0,5.0,15.0,Champions
1842,2024-02-05,paid_search,GB,8.0,1979.27,962.88,2024-03-02 22:36:37,2024-11-11 14:35:22,247.40875,50.0,330,1979.27,2.0,5.0,4.0,11.0,At Risk
1843,2024-10-25,paid_search,US,1.0,376.39,177.91,2024-11-26 14:25:14,2024-11-26 14:25:14,376.39,35.0,67,376.39,3.0,1.0,1.0,5.0,Others
1844,2024-11-05,organic,GB,1.0,166.16,103.47999999999999,2024-12-26 19:09:50,2024-12-26 19:09:50,166.16,5.0,56,166.16,5.0,1.0,1.0,7.0,New Customers
1845,2024-09-28,organic,US,6.0,2785.61,1304.33,2024-10-08 09:00:12,2024-12-08 23:28:11,464.2683333333334,23.0,94,2785.61,3.0,4.0,5.0,12.0,Loyal Customers
1846,2024-08-13,social,US,2.0,426.74,213.45999999999998,2024-10-27 22:30:57,2024-12-28 02:55:30,213.37,3.0,140,426.74,5.0,1.0,1.0,7.0,New Customers
1847,2024-05-27,organic,US,7.0,1662.18,843.11,2024-06-16 03:39:55,2024-11-29 07:41:58,237.45428571428573,32.0,218,1662.18,3.0,4.0,4.0,11.0,Loyal Customers
1848,2024-07-17,organic,DE,9.0,3135.3500000000004,1476.23,2024-09-15 13:45:58,2024-12-30 18:14:52,348.37222222222226,1.0,167,3135.3500000000004,5.0,5.0,5.0,15.0,Champions
1849,2024-07-09,email,US,5.0,1020.82,474.01000000000005,2024-07-16 03:37:13,2024-11-01 10:05:13,204.16400000000002,60.0,175,1020.82,2.0,3.0,3.0,8.0,At Risk
1850,2024-03-01,paid_search,CA,0.0,0.0,0.0,,,0.0,305.0,305,0.0,,,,,No Orders
1851,2024-01-30,paid_search,US,1.0,538.97,256.42,2024-02-14 17:06:33,2024-02-14 17:06:33,538.97,321.0,336,538.97,1.0,1.0,2.0,4.0,Lost
1852,2024-04-02,paid_search,FR,6.0,1362.02,605.14,2024-04-10 17:35:55,2024-12-02 09:42:08,227.00333333333333,29.0,273,1362.02,3.0,4.0,3.0,10.0,Loyal Customers
1853,2024-06-15,email,CA,11.0,3174.3199999999997,1581.96,2024-06-22 02:43:43,2024-12-04 08:36:05,288.57454545454544,27.0,199,3174.3199999999997,3.0,5.0,5.0,13.0,Loyal Customers
1854,2024-02-28,organic,US,5.0,1536.55,811.8199999999999,2024-04-25 22:57:55,2024-11-30 10:41:21,307.31,31.0,307,1536.55,3.0,3.0,4.0,10.0,Loyal Customers
1855,2024-02-09,email,US,9.0,4081.32,1797.94,2024-03-05 13:50:39,2024-12-10 01:44:43,453.48,21.0,326,4081.32,3.0,5.0,5.0,13.0,Loyal Customers
1856,2024-11-07,referral,NL,3.0,981.89,434.29999999999995,2024-11-14 14:18:21,2024-12-17 16:59:10,327.2966666666667,14.0,54,981.89,4.0,2.0,3.0,9.0,New Customers
1857,2024-05-17,social,GB,2.0,740.53,328.9,2024-06-29 02:49:25,2024-08-25 04:20:14,370.265,128.0,228,740.53,1.0,1.0,2.0,4.0,Lost
1858,2024-08-01,paid_search,DE,10.0,2073.2799999999997,941.24,2024-08-24 18:26:12,2024-12-06 20:19:30,207.32799999999997,25.0,152,2073.2799999999997,3.0,5.0,4.0,12.0,Loyal Customers
1859,2024-07-10,email,US,2.0,403.47999999999996,182.43,2024-08-20 00:12:16,2024-08-24 13:39:28,201.73999999999998,129.0,174,403.47999999999996,1.0,1.0,1.0,3.0,Lost
1860,2024-09-26,paid_search,US,9.0,3518.1800000000003,1643.69,2024-10-02 03:23:53,2024-12-16 23:37:56,390.9088888888889,15.0,96,3518.1800000000003,4.0,5.0,5.0,14.0,Champions
1861,2024-09-27,paid_search,GB,6.0,2181.8,1141.66,2024-10-28 23:44:57,2024-12-12 09:45:49,363.6333333333334,19.0,95,2181.8,3.0,4.0,4.0,11.0,Loyal Customers
1862,2024-04-18,paid_search,AU,0.0,0.0,0.0,,,0.0,257.0,257,0.0,,,,,No Orders
1863,2024-11-06,organic,US,1.0,541.4,268.90999999999997,2024-12-06 11:47:29,2024-12-06 11:47:29,541.4,25.0,55,541.4,3.0,1.0,2.0,6.0,Others
1864,2024-05-15,organic,CA,2.0,397.79999999999995,219.62,2024-06-27 10:01:34,2024-07-31 17:49:12,198.89999999999998,153.0,230,397.79999999999995,1.0,1.0,1.0,3.0,Lost
1865,2024-11-01,paid_search,FR,1.0,454.8,257.21,2024-12-17 22:52:43,2024-12-17 22:52:43,454.8,14.0,60,454.8,4.0,1.0,1.0,6.0,New Customers
1866,2024-05-28,organic,US,1.0,248.25,100.29,2024-07-07 01:46:31,2024-07-07 01:46:31,248.25,177.0,217,248.25,1.0,1.0,1.0,3.0,Lost
1867,2024-02-10,paid_search,US,3.0,843.6199999999999,340.58,2024-03-01 00:49:37,2024-05-07 10:35:34,281.20666666666665,238.0,325,843.6199999999999,1.0,2.0,2.0,5.0,Lost
1868,2024-10-05,paid_search,US,3.0,1026.65,465.9699999999999,2024-10-31 02:28:31,2024-12-06 11:27:59,342.2166666666667,25.0,87,1026.65,3.0,2.0,3.0,8.0,Potential Loyalists
1869,2024-01-12,referral,GB,0.0,0.0,0.0,,,0.0,354.0,354,0.0,,,,,No Orders
1870,2024-10-09,organic,DE,0.0,0.0,0.0,,,0.0,83.0,83,0.0,,,,,No Orders
1871,2024-01-16,social,GB,4.0,1376.3899999999999,723.15,2024-05-23 18:02:28,2024-12-20 16:52:02,344.09749999999997,11.0,350,1376.3899999999999,4.0,3.0,3.0,10.0,Loyal Customers
1872,2024-03-16,paid_search,US,2.0,575.58,216.73000000000002,2024-04-14 18:39:42,2024-08-18 18:44:33,287.79,135.0,290,575.58,1.0,1.0,2.0,4.0,Lost
1873,2024-08-08,organic,FR,6.0,2055.38,973.3,2024-08-15 12:36:30,2024-11-18 23:43:16,342.56333333333333,43.0,145,2055.38,2.0,4.0,4.0,10.0,At Risk
1874,2024-12-10,organic,DE,0.0,0.0,0.0,,,0.0,21.0,21,0.0,,,,,No Orders
1875,2024-05-29,organic,GB,10.0,3030.31,1328.9,2024-06-23 15:49:06,2024-11-23 17:18:47,303.031,38.0,216,3030.31,2.0,5.0,5.0,12.0,At Risk
1876,2024-02-14,organic,GB,1.0,17.67,7.740000000000002,2024-06-05 15:20:31,2024-06-05 15:20:31,17.67,209.0,321,17.67,1.0,1.0,1.0,3.0,Lost
1877,2024-03-26,organic,US,2.0,504.86,285.78999999999996,2024-05-25 11:16:20,2024-11-10 13:35:45,252.43,51.0,280,504.86,2.0,1.0,2.0,5.0,Lost
1878,2024-11-23,paid_search,FR,4.0,1354.5099999999998,615.5999999999999,2024-12-02 06:55:47,2024-12-27 19:23:43,338.62749999999994,4.0,38,1354.5099999999998,5.0,3.0,3.0,11.0,Loyal Customers
1879,2024-09-22,paid_search,US,7.0,1245.17,679.38,2024-09-28 00:00:11,2024-12-17 00:15:43,177.8814285714286,14.0,100,1245.17,4.0,4.0,3.0,11.0,Loyal Customers
1880,2024-02-06,organic,US,4.0,1116.82,537.3299999999999,2024-04-07 18:08:12,2024-11-21 20:26:01,279.205,40.0,329,1116.82,2.0,3.0,3.0,8.0,At Risk
1881,2024-05-20,organic,US,7.0,2905.47,1235.75,2024-07-04 00:22:21,2024-11-09 01:04:22,415.0671428571428,52.0,225,2905.47,2.0,4.0,5.0,11.0,At Risk
1882,2024-04-06,organic,DE,3.0,787.5400000000001,371.07000000000005,2024-04-21 04:42:05,2024-11-29 20:34:29,262.5133333333334,32.0,269,787.5400000000001,3.0,2.0,2.0,7.0,Potential Loyalists
1883,2024-03-06,paid_search,DE,2.0,866.1999999999999,508.34000000000003,2024-06-07 03:55:33,2024-08-20 03:06:43,433.09999999999997,133.0,300,866.1999999999999,1.0,1.0,2.0,4.0,Lost
1884,2024-11-05,organic,US,5.0,726.04,342.73,2024-11-11 13:24:14,2024-12-31 15:37:36,145.208,0.0,56,726.04,5.0,3.0,2.0,10.0,Potential Loyalists
1885,2024-08-14,paid_search,AU,1.0,536.33,264.67,2024-09-03 09:08:44,2024-09-03 09:08:44,536.33,119.0,139,536.33,1.0,1.0,2.0,4.0,Lost
1886,2024-03-06,organic,AU,0.0,0.0,0.0,,,0.0,300.0,300,0.0,,,,,No Orders
1887,2024-08-26,organic,US,3.0,814.3399999999999,419.6,2024-09-13 23:09:12,2024-12-31 08:34:55,271.44666666666666,0.0,127,814.3399999999999,5.0,2.0,2.0,9.0,New Customers
1888,2024-05-31,referral,FR,9.0,3143.82,1629.4,2024-07-07 15:47:37,2024-12-29 17:21:03,349.31333333333333,2.0,214,3143.82,5.0,5.0,5.0,15.0,Champions
1889,2024-01-23,organic,US,0.0,0.0,0.0,,,0.0,343.0,343,0.0,,,,,No Orders
1890,2024-06-13,organic,SE,10.0,4301.02,2038.6399999999999,2024-07-13 12:26:42,2024-12-20 18:53:56,430.10200000000003,11.0,201,4301.02,4.0,5.0,5.0,14.0,Champions
1891,2024-03-08,organic,US,1.0,95.92,52.42,2024-06-13 23:18:03,2024-06-13 23:18:03,95.92,201.0,298,95.92,1.0,1.0,1.0,3.0,Lost
1892,2024-03-30,affiliate,US,3.0,418.57,186.08,2024-08-21 05:36:20,2024-11-12 15:29:40,139.52333333333334,49.0,276,418.57,2.0,2.0,1.0,5.0,Lost
1893,2024-11-17,social,GB,7.0,2209.2400000000002,1010.78,2024-11-21 21:25:29,2024-12-22 09:55:35,315.6057142857143,9.0,44,2209.2400000000002,4.0,4.0,4.0,12.0,Champions
1894,2024-09-16,social,US,1.0,209.91,97.59,2024-12-28 10:42:33,2024-12-28 10:42:33,209.91,3.0,106,209.91,5.0,1.0,1.0,7.0,New Customers
1895,2024-02-19,affiliate,FR,0.0,0.0,0.0,,,0.0,316.0,316,0.0,,,,,No Orders
1896,2024-11-07,organic,GB,5.0,2248.64,1119.0,2024-11-27 13:08:02,2024-12-31 15:03:43,449.72799999999995,0.0,54,2248.64,5.0,3.0,5.0,13.0,Loyal Customers
1897,2024-07-29,affiliate,US,6.0,1587.75,833.37,2024-09-05 17:07:27,2024-12-25 10:50:17,264.625,6.0,155,1587.75,4.0,4.0,4.0,12.0,Champions
1898,2024-11-16,organic,GB,3.0,887.75,392.32,2024-11-18 05:03:10,2024-12-15 09:48:48,295.9166666666667,16.0,45,887.75,4.0,2.0,2.0,8.0,New Customers
1899,2024-09-30,social,AU,2.0,121.08,60.51,2024-11-13 16:36:31,2024-12-08 12:31:33,60.54,23.0,92,121.08,3.0,1.0,1.0,5.0,Others
1900,2024-05-04,paid_search,CA,6.0,1265.16,608.73,2024-05-20 17:43:01,2024-11-01 07:22:32,210.86,60.0,241,1265.16,2.0,4.0,3.0,9.0,At Risk
1901,2024-07-14,paid_search,GB,2.0,213.13000000000002,98.63,2024-10-22 09:57:27,2024-11-08 11:36:11,106.56500000000001,53.0,170,213.13000000000002,2.0,1.0,1.0,4.0,Lost
1902,2024-07-13,referral,US,6.0,1322.81,620.3900000000001,2024-07-26 17:06:29,2024-11-23 13:28:09,220.46833333333333,38.0,171,1322.81,2.0,4.0,3.0,9.0,At Risk
1903,2024-09-20,organic,US,7.0,2552.16,1215.08,2024-10-07 03:55:05,2024-12-01 21:21:05,364.5942857142857,30.0,102,2552.16,3.0,4.0,5.0,12.0,Loyal Customers
1904,2024-03-31,affiliate,AU,6.0,2562.57,1096.2800000000002,2024-06-04 11:11:11,2024-11-30 00:40:04,427.095,31.0,275,2562.57,3.0,4.0,5.0,12.0,Loyal Customers
1905,2024-05-01,paid_search,FR,6.0,1460.6399999999999,653.48,2024-05-13 19:59:17,2024-12-04 09:51:43,243.43999999999997,27.0,244,1460.6399999999999,3.0,4.0,4.0,11.0,Loyal Customers
1906,2024-03-30,social,DE,5.0,644.1,287.71000000000004,2024-04-24 21:50:51,2024-12-09 13:22:46,128.82,22.0,276,644.1,3.0,3.0,2.0,8.0,Potential Loyalists
1907,2024-04-18,affiliate,AU,7.0,1506.41,714.14,2024-05-11 09:03:47,2024-11-20 08:52:50,215.20142857142858,41.0,257,1506.41,2.0,4.0,4.0,10.0,At Risk
1908,2024-02-29,organic,US,4.0,1335.19,672.0400000000001,2024-03-28 06:54:09,2024-12-20 05:09:22,333.7975,11.0,306,1335.19,4.0,3.0,3.0,10.0,Loyal Customers
1909,2024-01-14,referral,FR,2.0,521.26,251.10000000000002,2024-02-23 03:46:31,2024-07-21 21:07:05,260.63,163.0,352,521.26,1.0,1.0,2.0,4.0,Lost
1910,2024-12-10,social,US,1.0,36.92,14.240000000000002,2024-12-21 23:32:22,2024-12-21 23:32:22,36.92,10.0,21,36.92,4.0,1.0,1.0,6.0,New Customers
1911,2024-01-28,social,US,3.0,381.66,164.17000000000002,2024-02-04 05:26:56,2024-11-29 14:08:53,127.22000000000001,32.0,338,381.66,3.0,2.0,1.0,6.0,Others
1912,2024-11-21,organic,GB,6.0,1894.51,999.3,2024-11-22 13:13:41,2024-12-16 09:04:42,315.75166666666667,15.0,40,1894.51,4.0,4.0,4.0,12.0,Champions
1913,2024-01-02,paid_search,US,14.0,5602.0,2730.57,2024-01-22 21:20:28,2024-12-22 15:11:12,400.14285714285717,9.0,364,5602.0,4.0,5.0,5.0,14.0,Champions
1914,2024-10-11,social,NL,7.0,2063.89,852.49,2024-10-12 02:28:00,2024-12-31 10:29:57,294.84142857142854,0.0,81,2063.89,5.0,4.0,4.0,13.0,Champions
1915,2024-04-30,paid_search,US,3.0,1487.46,636.91,2024-07-18 18:58:54,2024-10-24 14:21:08,495.82,68.0,245,1487.46,2.0,2.0,4.0,8.0,Lost
1916,2024-07-08,organic,CA,10.0,3183.29,1453.05,2024-07-15 21:27:24,2024-12-21 11:53:22,318.329,10.0,176,3183.29,4.0,5.0,5.0,14.0,Champions
1917,2024-04-13,organic,CA,1.0,93.08000000000001,34.16000000000001,2024-10-10 00:35:32,2024-10-10 00:35:32,93.08000000000001,82.0,262,93.08000000000001,1.0,1.0,1.0,3.0,Lost
1918,2024-06-28,email,FR,2.0,589.49,321.35,2024-07-23 02:06:37,2024-09-26 15:16:53,294.745,96.0,186,589.49,1.0,1.0,2.0,4.0,Lost
1919,2024-06-14,organic,NL,2.0,600.5,295.44000000000005,2024-07-18 05:25:52,2024-09-06 13:38:28,300.25,116.0,200,600.5,1.0,1.0,2.0,4.0,Lost
1920,2024-07-12,social,US,0.0,0.0,0.0,,,0.0,172.0,172,0.0,,,,,No Orders
1921,2024-05-23,affiliate,US,5.0,2240.19,1067.51,2024-06-26 16:18:20,2024-11-24 03:05:42,448.038,37.0,222,2240.19,3.0,3.0,5.0,11.0,Loyal Customers
1922,2024-07-15,organic,US,7.0,2464.27,1128.3,2024-08-13 09:55:28,2024-12-16 11:14:17,352.0385714285714,15.0,169,2464.27,4.0,4.0,5.0,13.0,Champions
1923,2024-10-29,organic,US,12.0,3714.6099999999997,1760.12,2024-10-29 05:22:45,2024-12-31 22:18:46,309.5508333333333,0.0,63,3714.6099999999997,5.0,5.0,5.0,15.0,Champions
1924,2024-06-08,social,AU,3.0,1192.1100000000001,570.23,2024-08-02 11:29:09,2024-10-25 10:07:46,397.37000000000006,67.0,206,1192.1100000000001,2.0,2.0,3.0,7.0,Lost
1925,2024-05-12,organic,GB,2.0,837.75,444.17999999999995,2024-10-17 15:11:31,2024-10-31 16:11:58,418.875,61.0,233,837.75,2.0,1.0,2.0,5.0,Lost
1926,2024-02-18,social,US,9.0,3083.15,1522.58,2024-03-08 06:14:48,2024-12-13 02:42:02,342.57222222222225,18.0,317,3083.15,3.0,5.0,5.0,13.0,Loyal Customers
1927,2024-05-11,social,US,5.0,1969.8799999999999,837.6999999999999,2024-06-05 23:11:58,2024-11-26 07:13:11,393.976,35.0,234,1969.8799999999999,3.0,3.0,4.0,10.0,Loyal Customers
1928,2024-02-15,social,GB,8.0,2479.32,1173.3300000000002,2024-03-03 08:32:36,2024-10-31 08:09:17,309.915,61.0,320,2479.32,2.0,5.0,5.0,12.0,At Risk
1929,2024-03-07,paid_search,FR,3.0,1469.52,739.4200000000001,2024-03-24 04:14:43,2024-09-02 23:02:53,489.84,120.0,299,1469.52,1.0,2.0,4.0,7.0,Lost
1930,2024-12-14,social,US,0.0,0.0,0.0,,,0.0,17.0,17,0.0,,,,,No Orders
1931,2024-02-02,social,CA,7.0,2174.5699999999997,1137.8999999999999,2024-03-10 02:10:46,2024-12-03 10:45:42,310.6528571428571,28.0,333,2174.5699999999997,3.0,4.0,4.0,11.0,Loyal Customers
1932,2024-06-25,organic,DE,10.0,2795.53,1281.47,2024-06-28 06:11:45,2024-12-26 05:54:37,279.553,5.0,189,2795.53,5.0,5.0,5.0,15.0,Champions
1933,2024-11-01,social,CA,3.0,636.19,319.64000000000004,2024-11-27 06:09:02,2024-12-27 17:37:34,212.06333333333336,4.0,60,636.19,5.0,2.0,2.0,9.0,New Customers
1934,2024-12-14,referral,US,7.0,2716.82,1308.97,2024-12-18 04:44:53,2024-12-27 11:06:15,388.1171428571429,4.0,17,2716.82,5.0,4.0,5.0,14.0,Champions
1935,2024-02-23,social,DE,1.0,179.19,76.78999999999999,2024-03-27 05:32:33,2024-03-27 05:32:33,179.19,279.0,312,179.19,1.0,1.0,1.0,3.0,Lost
1936,2024-02-29,paid_search,US,0.0,0.0,0.0,,,0.0,306.0,306,0.0,,,,,No Orders
1937,2024-05-16,organic,US,0.0,0.0,0.0,,,0.0,229.0,229,0.0,,,,,No Orders
1938,2024-07-21,organic,FR,0.0,0.0,0.0,,,0.0,163.0,163,0.0,,,,,No Orders
1939,2024-12-17,organic,DE,1.0,142.84,55.16,2024-12-26 16:45:16,2024-12-26 16:45:16,142.84,5.0,14,142.84,5.0,1.0,1.0,7.0,New Customers
1940,2024-03-17,organic,US,2.0,487.83000000000004,178.51000000000002,2024-08-06 15:10:35,2024-11-16 05:12:28,243.91500000000002,45.0,289,487.83000000000004,2.0,1.0,2.0,5.0,Lost
1941,2024-03-01,affiliate,AU,6.0,2048.88,909.48,2024-07-09 11:38:59,2024-12-25 20:35:31,341.48,6.0,305,2048.88,4.0,4.0,4.0,12.0,Champions
1942,2024-04-02,organic,US,5.0,1894.6399999999999,833.2,2024-07-25 00:37:56,2024-12-07 01:38:43,378.928,24.0,273,1894.6399999999999,3.0,3.0,4.0,10.0,Loyal Customers
1943,2024-11-16,email,DE,4.0,1128.6599999999999,520.6600000000001,2024-11-18 19:09:17,2024-12-29 12:46:34,282.16499999999996,2.0,45,1128.6599999999999,5.0,3.0,3.0,11.0,Loyal Customers
1944,2024-01-11,organic,SE,5.0,1491.0100000000002,683.27,2024-01-28 12:35:51,2024-10-24 01:21:43,298.20200000000006,68.0,355,1491.0100000000002,2.0,3.0,4.0,9.0,At Risk
1945,2024-05-19,organic,GB,11.0,3742.69,1771.5,2024-06-08 19:02:39,2024-12-30 05:59:28,340.24454545454546,1.0,226,3742.69,5.0,5.0,5.0,15.0,Champions
1946,2024-02-13,paid_search,CA,3.0,889.94,419.15999999999997,2024-04-26 05:58:06,2024-10-26 10:17:51,296.6466666666667,66.0,322,889.94,2.0,2.0,3.0,7.0,Lost
1947,2024-02-27,organic,DE,2.0,516.26,253.59,2024-08-05 00:01:17,2024-11-22 14:55:56,258.13,39.0,308,516.26,2.0,1.0,2.0,5.0,Lost
1948,2024-12-01,email,CA,21.0,8293.44,3845.0099999999998,2024-12-02 05:25:44,2024-12-27 18:32:18,394.9257142857143,4.0,30,8293.44,5.0,5.0,5.0,15.0,Champions
1949,2024-01-01,affiliate,DE,1.0,142.21,74.37,2024-07-08 09:18:37,2024-07-08 09:18:37,142.21,176.0,365,142.21,1.0,1.0,1.0,3.0,Lost
1950,2024-04-27,referral,FR,5.0,1580.1299999999999,857.48,2024-04-27 01:58:24,2024-10-17 08:47:31,316.02599999999995,75.0,248,1580.1299999999999,2.0,3.0,4.0,9.0,At Risk
1951,2024-12-01,organic,US,0.0,0.0,0.0,,,0.0,30.0,30,0.0,,,,,No Orders
1952,2024-08-10,email,CA,2.0,797.14,435.26,2024-08-25 03:09:09,2024-11-06 05:46:18,398.57,55.0,143,797.14,2.0,1.0,2.0,5.0,Lost
1953,2024-01-27,organic,US,0.0,0.0,0.0,,,0.0,339.0,339,0.0,,,,,No Orders
1954,2024-06-19,referral,SE,0.0,0.0,0.0,,,0.0,195.0,195,0.0,,,,,No Orders
1955,2024-12-21,paid_search,US,10.0,2641.71,1280.04,2024-12-21 04:08:10,2024-12-31 17:18:57,264.171,0.0,10,2641.71,5.0,5.0,5.0,15.0,Champions
1956,2024-05-26,organic,US,2.0,249.88,123.94999999999999,2024-07-06 07:46:26,2024-10-11 00:42:54,124.94,81.0,219,249.88,1.0,1.0,1.0,3.0,Lost
1957,2024-07-12,organic,AU,6.0,1689.51,837.19,2024-07-19 15:26:51,2024-12-11 20:49:29,281.585,20.0,172,1689.51,3.0,4.0,4.0,11.0,Loyal Customers
1958,2024-07-13,organic,US,3.0,436.07,211.72,2024-11-21 14:23:15,2024-12-30 04:37:42,145.35666666666665,1.0,171,436.07,5.0,2.0,1.0,8.0,New Customers
1959,2024-08-29,organic,US,9.0,2390.22,1171.31,2024-09-03 16:51:45,2024-12-31 21:00:55,265.58,0.0,124,2390.22,5.0,5.0,5.0,15.0,Champions
1960,2024-03-09,referral,FR,1.0,452.32000000000005,279.37,2024-11-07 22:37:53,2024-11-07 22:37:53,452.32000000000005,54.0,297,452.32000000000005,2.0,1.0,1.0,4.0,Lost
1961,2024-11-03,email,US,1.0,275.5,152.98999999999998,2024-12-22 21:27:08,2024-12-22 21:27:08,275.5,9.0,58,275.5,4.0,1.0,1.0,6.0,New Customers
1962,2024-12-27,affiliate,US,0.0,0.0,0.0,,,0.0,4.0,4,0.0,,,,,No Orders
1963,2024-02-22,organic,GB,3.0,867.13,395.07,2024-02-26 06:03:27,2024-07-09 00:22:01,289.04333333333335,175.0,313,867.13,1.0,2.0,2.0,5.0,Lost
1964,2024-10-26,social,US,1.0,597.1,324.97,2024-11-18 16:51:03,2024-11-18 16:51:03,597.1,43.0,66,597.1,2.0,1.0,2.0,5.0,Lost
1965,2024-10-25,organic,US,5.0,2139.44,957.24,2024-10-31 19:33:50,2024-12-14 11:35:37,427.88800000000003,17.0,67,2139.44,3.0,3.0,4.0,10.0,Loyal Customers
1966,2024-09-28,paid_search,US,5.0,423.76,209.5,2024-10-08 17:13:21,2024-12-13 08:28:48,84.752,18.0,94,423.76,3.0,3.0,1.0,7.0,Others
1967,2024-05-15,organic,US,0.0,0.0,0.0,,,0.0,230.0,230,0.0,,,,,No Orders
1968,2024-06-20,organic,US,2.0,1003.9200000000001,451.4,2024-06-26 19:20:51,2024-09-07 18:28:05,501.96000000000004,115.0,194,1003.9200000000001,1.0,1.0,3.0,5.0,Lost
1969,2024-11-03,social,US,4.0,1714.69,752.81,2024-12-01 09:58:37,2024-12-16 22:15:22,428.6725,15.0,58,1714.69,4.0,3.0,4.0,11.0,Loyal Customers
1970,2024-02-25,organic,DE,5.0,1222.76,617.0899999999999,2024-03-31 05:58:53,2024-06-21 10:11:56,244.552,193.0,310,1222.76,1.0,3.0,3.0,7.0,At Risk
1971,2024-10-30,paid_search,DE,2.0,889.43,381.95000000000005,2024-11-02 03:53:34,2024-11-06 18:54:03,444.715,55.0,62,889.43,2.0,1.0,3.0,6.0,Lost
1972,2024-12-02,social,US,2.0,731.1,372.5,2024-12-14 06:25:52,2024-12-27 18:08:50,365.55,4.0,29,731.1,5.0,1.0,2.0,8.0,New Customers
1973,2024-09-06,organic,US,2.0,592.0100000000001,244.86000000000004,2024-11-06 21:32:53,2024-11-09 08:04:09,296.00500000000005,52.0,116,592.0100000000001,2.0,1.0,2.0,5.0,Lost
1974,2024-05-04,referral,AU,1.0,587.56,268.45,2024-09-13 15:07:02,2024-09-13 15:07:02,587.56,109.0,241,587.56,1.0,1.0,2.0,4.0,Lost
1975,2024-07-23,paid_search,DE,0.0,0.0,0.0,,,0.0,161.0,161,0.0,,,,,No Orders
1976,2024-01-19,email,US,1.0,197.0,93.30000000000001,2024-10-14 09:00:08,2024-10-14 09:00:08,197.0,78.0,347,197.0,2.0,1.0,1.0,4.0,Lost
1977,2024-12-07,social,GB,2.0,229.64,108.49,2024-12-24 00:22:57,2024-12-26 01:18:09,114.82,5.0,24,229.64,5.0,1.0,1.0,7.0,New Customers
1978,2024-05-05,social,US,9.0,2634.0600000000004,1135.5400000000002,2024-05-12 11:21:56,2024-11-23 14:24:21,292.6733333333334,38.0,240,2634.0600000000004,2.0,5.0,5.0,12.0,At Risk
1979,2024-01-21,social,CA,2.0,625.1200000000001,334.58000000000004,2024-02-18 05:26:34,2024-09-28 04:43:30,312.56000000000006,94.0,345,625.1200000000001,1.0,1.0,2.0,4.0,Lost
1980,2024-10-17,referral,NL,0.0,0.0,0.0,,,0.0,75.0,75,0.0,,,,,No Orders
1981,2024-08-28,social,NL,2.0,1008.59,481.99,2024-10-09 23:09:20,2024-11-20 11:25:31,504.295,41.0,125,1008.59,2.0,1.0,3.0,6.0,Lost
1982,2024-08-15,organic,US,17.0,5655.48,2557.16,2024-08-21 03:09:53,2024-12-30 03:51:24,332.675294117647,1.0,138,5655.48,5.0,5.0,5.0,15.0,Champions
1983,2024-01-20,organic,US,4.0,1705.22,834.8000000000001,2024-01-24 12:45:03,2024-11-14 12:49:04,426.305,47.0,346,1705.22,2.0,3.0,4.0,9.0,At Risk
1984,2024-10-01,social,US,3.0,1080.8,507.46999999999997,2024-10-13 09:09:20,2024-12-04 22:04:06,360.26666666666665,27.0,91,1080.8,3.0,2.0,3.0,8.0,Potential Loyalists
1985,2024-08-21,organic,US,2.0,946.5100000000001,361.6100000000001,2024-09-10 06:03:36,2024-09-12 11:14:33,473.25500000000005,110.0,132,946.5100000000001,1.0,1.0,3.0,5.0,Lost
1986,2024-10-17,organic,US,4.0,1684.57,879.92,2024-11-03 11:34:22,2024-12-13 12:44:53,421.1425,18.0,75,1684.57,3.0,3.0,4.0,10.0,Loyal Customers
1987,2024-10-29,organic,DE,0.0,0.0,0.0,,,0.0,63.0,63,0.0,,,,,No Orders
1988,2024-03-18,paid_search,US,2.0,586.37,290.48,2024-04-28 12:06:19,2024-05-26 20:50:07,293.185,219.0,288,586.37,1.0,1.0,2.0,4.0,Lost
1989,2024-03-18,organic,NL,7.0,1628.1999999999998,727.3,2024-06-14 22:09:57,2024-12-15 12:48:13,232.59999999999997,16.0,288,1628.1999999999998,4.0,4.0,4.0,12.0,Champions
1990,2024-12-04,social,US,4.0,1111.95,484.01,2024-12-09 03:33:20,2024-12-23 20:33:39,277.9875,8.0,27,1111.95,4.0,3.0,3.0,10.0,Loyal Customers
1991,2024-07-13,email,US,1.0,63.55,30.8,2024-10-12 21:18:16,2024-10-12 21:18:16,63.55,80.0,171,63.55,2.0,1.0,1.0,4.0,Lost
1992,2024-06-09,email,AU,3.0,645.57,295.38,2024-08-11 00:50:59,2024-10-30 17:42:15,215.19000000000003,62.0,205,645.57,2.0,2.0,2.0,6.0,Lost
1993,2024-04-15,organic,FR,4.0,1804.61,917.8699999999999,2024-05-03 10:43:53,2024-10-21 22:58:44,451.1525,71.0,260,1804.61,2.0,3.0,4.0,9.0,At Risk
1994,2024-08-21,paid_search,US,5.0,1376.65,675.23,2024-08-31 11:01:07,2024-10-18 22:58:16,275.33000000000004,74.0,132,1376.65,2.0,3.0,3.0,8.0,At Risk
1995,2024-10-02,social,DE,3.0,402.45000000000005,168.98000000000002,2024-10-15 09:57:03,2024-12-12 22:04:06,134.15,19.0,90,402.45000000000005,3.0,2.0,1.0,6.0,Others
1996,2024-01-01,paid_search,US,8.0,2772.44,1305.8999999999999,2024-01-02 15:50:30,2024-10-04 08:58:16,346.555,88.0,365,2772.44,1.0,5.0,5.0,11.0,At Risk
1997,2024-07-21,social,US,1.0,139.2,54.91999999999999,2024-09-17 03:44:40,2024-09-17 03:44:40,139.2,105.0,163,139.2,1.0,1.0,1.0,3.0,Lost
1998,2024-12-29,organic,GB,1.0,438.39000000000004,225.15,2024-12-29 12:20:40,2024-12-29 12:20:40,438.39000000000004,2.0,2,438.39000000000004,5.0,1.0,1.0,7.0,New Customers
1999,2024-04-12,affiliate,US,5.0,1597.2199999999998,697.54,2024-05-08 20:05:58,2024-12-18 20:06:29,319.44399999999996,13.0,263,1597.2199999999998,4.0,3.0,4.0,11.0,Loyal Customers
2000,2024-04-12,organic,DE,2.0,398.16,181.79000000000002,2024-06-05 02:36:37,2024-08-29 23:50:49,199.08,124.0,263,398.16,1.0,1.0,1.0,3.0,Lost
