order_item_id,order_id,product_id,quantity,unit_price,line_total
1,1,35,4,58.61,234.44
2,2,73,2,9.88,19.76
3,2,75,5,35.8,179.0
4,2,61,5,46.79,233.95
5,3,32,4,22.86,91.44
6,3,90,5,19.05,95.25
7,3,99,4,19.38,77.52
8,4,114,2,33.93,67.86
9,4,51,2,106.77,213.54
10,4,16,5,33.75,168.75
11,4,108,4,19.63,78.52
12,5,74,3,59.44,178.32
13,6,16,5,33.35,166.75
14,6,94,3,25.83,77.49
15,7,85,3,67.16,201.48
16,8,100,1,38.91,38.91
17,8,52,5,47.98,239.89999999999998
18,8,57,1,72.49,72.49
19,8,16,2,35.13,70.26
20,9,52,4,46.17,184.68
21,9,68,4,27.1,108.4
22,9,105,4,15.22,60.88
23,9,26,5,19.58,97.89999999999999
24,10,6,3,75.83,227.49
25,11,36,5,21.49,107.44999999999999
26,11,25,3,66.95,200.85000000000002
27,11,55,3,33.33,99.99
28,11,85,2,71.16,142.32
29,12,44,3,17.98,53.94
30,12,42,3,25.55,76.65
31,12,47,5,25.32,126.6
32,12,118,1,22.12,22.12
33,13,48,3,51.9,155.7
34,13,86,1,37.61,37.61
35,13,3,1,29.7,29.7
36,14,14,3,71.54,214.62
37,14,45,3,43.72,131.16
38,14,64,2,43.75,87.5
39,14,48,4,49.98,199.92
40,15,33,1,106.16,106.16
41,16,72,4,32.82,131.28
42,16,32,3,21.71,65.13
43,17,58,1,56.96,56.96
44,17,14,5,76.6,383.0
45,17,21,3,67.91,203.73
46,18,109,3,20.57,61.71
47,18,71,4,17.8,71.2
48,18,37,3,9.71,29.130000000000003
49,19,5,4,92.97,371.88
50,19,94,4,26.82,107.28
51,19,40,2,18.96,37.92
52,20,55,4,36.0,144.0
53,20,75,4,34.45,137.8
54,20,9,1,33.88,33.88
55,20,75,4,36.02,144.08
56,21,120,2,28.63,57.26
57,22,22,1,59.05,59.05
58,22,113,4,31.61,126.44
59,22,41,4,52.61,210.44
60,22,1,3,16.52,49.56
61,23,55,4,33.68,134.72
62,24,25,3,68.56,205.68
63,24,50,3,43.64,130.92000000000002
64,25,21,2,65.38,130.76
65,25,83,4,38.44,153.76
66,26,44,3,17.87,53.61
67,26,89,1,18.62,18.62
68,26,26,2,19.65,39.3
69,26,5,2,90.83,181.66
70,27,40,4,20.15,80.6
71,27,90,5,17.88,89.39999999999999
72,28,118,1,21.73,21.73
73,28,106,1,52.53,52.53
74,28,1,3,17.15,51.449999999999996
75,28,110,5,70.14,350.7
76,29,48,2,49.62,99.24
77,30,7,4,12.86,51.44
78,30,29,4,10.84,43.36
79,30,107,1,70.88,70.88
80,30,72,2,32.03,64.06
81,31,20,1,36.57,36.57
82,32,96,5,77.45,387.25
83,32,41,1,51.41,51.41
84,32,15,1,18.63,18.63
85,33,46,4,13.78,55.12
86,33,93,1,24.08,24.08
87,34,36,2,21.6,43.2
88,35,20,3,35.63,106.89000000000001
89,35,36,3,21.38,64.14
90,35,96,5,78.72,393.6
91,36,21,5,64.6,323.0
92,36,56,5,22.41,112.05
93,36,80,5,9.92,49.6
94,36,8,3,20.62,61.86
95,37,70,5,66.83,334.15
96,37,94,4,27.83,111.32
97,37,74,3,60.19,180.57
98,38,23,5,72.74,363.7
99,38,63,1,50.13,50.13
100,38,109,2,20.04,40.08
101,39,27,2,52.53,105.06
102,39,20,3,36.36,109.08
103,39,71,2,17.51,35.02
104,39,51,3,100.6,301.79999999999995
105,40,79,5,19.94,99.7
106,40,73,4,10.1,40.4
107,41,7,5,13.86,69.3
108,42,88,2,37.94,75.88
109,42,119,2,40.99,81.98
110,42,17,3,48.25,144.75
111,43,70,3,71.68,215.04000000000002
112,43,45,4,42.99,171.96
113,43,77,2,20.99,41.98
114,43,71,1,18.81,18.81
115,44,69,3,60.8,182.39999999999998
116,45,17,5,50.06,250.3
117,45,83,1,36.39,36.39
118,46,81,1,77.93,77.93
119,46,79,5,21.48,107.4
120,47,24,2,46.73,93.46
121,47,96,3,75.77,227.31
122,47,26,4,19.27,77.08
123,47,20,4,36.79,147.16
124,48,40,5,19.44,97.2
125,48,20,1,36.66,36.66
126,48,41,5,55.67,278.35
127,48,27,3,52.79,158.37
128,49,10,1,77.66,77.66
129,49,116,3,97.14,291.42
130,49,82,3,19.19,57.57000000000001
131,50,43,1,41.51,41.51
132,50,46,3,13.62,40.86
133,51,38,1,110.24,110.24
134,51,90,4,19.84,79.36
135,51,28,4,22.57,90.28
136,52,11,1,27.59,27.59
137,52,58,3,59.79,179.37
138,53,27,2,50.14,100.28
139,53,109,4,19.77,79.08
140,53,44,2,16.5,33.0
141,54,81,5,76.76,383.8
142,54,48,3,54.27,162.81
143,54,23,5,70.28,351.4
144,54,39,1,8.13,8.13
145,55,101,5,54.44,272.2
146,55,10,1,73.75,73.75
147,55,114,1,32.57,32.57
148,56,3,1,29.78,29.78
149,56,86,2,36.5,73.0
150,56,83,5,38.48,192.39999999999998
151,56,72,4,33.18,132.72
152,57,9,1,33.16,33.16
153,57,81,5,82.82,414.09999999999997
154,57,9,2,33.07,66.14
155,58,89,5,17.57,87.85
156,58,94,2,26.3,52.6
157,59,104,4,45.23,180.92
158,60,47,4,23.18,92.72
159,60,80,5,10.4,52.0
160,60,23,4,70.95,283.8
161,60,64,1,43.49,43.49
162,61,87,5,30.65,153.25
163,61,22,2,59.97,119.94
164,62,100,5,41.0,205.0
165,62,45,1,46.09,46.09
166,62,112,5,60.97,304.85
167,62,11,2,28.2,56.4
168,63,27,5,50.64,253.2
169,63,88,4,36.77,147.08
170,63,24,5,43.13,215.65
171,63,120,1,29.81,29.81
172,64,113,4,29.87,119.48
173,64,12,4,39.7,158.8
174,64,102,5,18.2,91.0
175,65,53,4,42.95,171.8
176,65,102,1,18.98,18.98
177,65,85,5,73.35,366.75
178,66,38,2,107.9,215.8
179,66,4,5,29.6,148.0
180,67,39,4,8.31,33.24
181,68,53,4,43.33,173.32
182,68,65,4,14.81,59.24
183,68,96,4,71.34,285.36
184,68,99,3,19.36,58.08
185,69,36,4,21.51,86.04
186,69,24,5,42.99,214.95000000000002
187,69,80,1,10.37,10.37
188,69,90,5,18.53,92.65
189,70,73,4,9.36,37.44
190,70,75,3,35.3,105.89999999999999
191,70,85,5,66.07,330.34999999999997
192,71,50,5,41.34,206.70000000000002
193,71,29,3,10.95,32.849999999999994
194,71,95,1,103.87,103.87
195,71,21,1,64.37,64.37
196,72,7,4,12.6,50.4
197,73,3,2,30.98,61.96
198,73,48,2,51.73,103.46
199,73,58,1,59.59,59.59
200,74,66,2,97.15,194.3
201,75,23,4,69.43,277.72
202,75,52,4,47.54,190.16
203,75,79,5,21.63,108.14999999999999
204,76,35,4,59.8,239.2
205,76,66,1,94.49,94.49
206,76,33,4,104.95,419.8
207,76,101,3,54.87,164.60999999999999
208,77,54,1,60.37,60.37
209,77,97,4,46.11,184.44
210,78,41,5,51.67,258.35
211,78,44,5,17.68,88.4
212,79,91,4,31.41,125.64
213,79,36,2,21.61,43.22
214,79,87,3,31.1,93.30000000000001
215,80,10,3,72.5,217.5
216,80,101,3,56.49,169.47
217,81,91,1,31.7,31.7
218,81,68,3,27.29,81.87
219,81,60,2,31.15,62.3
220,81,45,2,46.2,92.4
221,82,41,2,53.69,107.38
222,82,38,4,112.58,450.32
223,83,85,1,70.37,70.37
224,83,25,3,68.08,204.24
225,84,33,1,103.32,103.32
226,84,47,5,24.51,122.55000000000001
227,85,58,2,61.18,122.36
228,85,33,5,101.19,505.95
229,86,53,1,41.88,41.88
230,86,97,4,45.69,182.76
231,87,33,5,106.47,532.35
232,87,21,1,67.76,67.76
233,87,95,5,108.47,542.35
234,87,33,5,103.23,516.15
235,88,85,5,70.18,350.90000000000003
236,88,115,4,35.15,140.6
237,88,63,1,47.47,47.47
238,89,66,1,96.37,96.37
239,89,83,2,37.73,75.46
240,90,16,4,34.91,139.64
241,91,11,3,28.31,84.92999999999999
242,91,22,1,59.2,59.2
243,91,52,2,45.45,90.9
244,91,101,5,56.4,282.0
245,92,73,5,10.27,51.349999999999994
246,93,104,5,46.15,230.75
247,93,48,4,53.72,214.88
248,94,97,1,47.92,47.92
249,94,86,1,39.19,39.19
250,94,13,5,41.39,206.95
251,95,63,1,47.33,47.33
252,96,77,4,22.2,88.8
253,96,46,3,13.81,41.43
254,97,93,1,23.81,23.81
255,97,50,5,40.93,204.65
256,97,86,5,39.27,196.35000000000002
257,97,86,4,39.14,156.56
258,98,27,5,52.53,262.65
259,99,8,2,19.87,39.74
260,100,106,5,48.85,244.25
261,101,101,3,58.89,176.67000000000002
262,101,115,4,38.13,152.52
263,101,7,3,12.85,38.55
264,102,84,5,47.86,239.3
265,103,16,4,32.79,131.16
266,104,59,5,20.72,103.6
267,104,98,3,60.82,182.46
268,105,31,5,25.95,129.75
269,105,45,4,43.56,174.24
270,105,59,2,19.04,38.08
271,106,56,2,24.4,48.8
272,106,3,4,31.34,125.36
273,106,45,1,44.14,44.14
274,106,102,5,17.92,89.60000000000001
275,107,12,4,38.9,155.6
276,108,42,3,27.6,82.80000000000001
277,108,74,5,59.75,298.75
278,108,47,2,24.69,49.38
279,109,83,5,38.35,191.75
280,109,33,1,104.1,104.1
281,109,23,4,73.06,292.24
282,109,111,2,36.93,73.86
283,110,91,4,28.7,114.8
284,110,36,2,21.73,43.46
285,110,12,2,40.17,80.34
286,111,53,2,41.52,83.04
287,111,93,5,23.69,118.45
288,111,74,3,61.25,183.75
289,111,85,3,72.39,217.17000000000002
290,112,64,2,45.07,90.14
291,113,110,4,70.04,280.16
292,114,15,2,19.53,39.06
293,114,98,3,60.1,180.3
294,114,117,2,57.07,114.14
295,115,102,5,19.65,98.25
296,115,34,2,47.86,95.72
297,116,115,4,35.07,140.28
298,116,116,1,94.66,94.66
299,116,102,2,18.07,36.14
300,117,39,3,8.49,25.47
301,117,96,5,72.97,364.85
302,117,103,3,14.18,42.54
303,118,24,1,45.97,45.97
304,118,32,5,22.52,112.6
305,119,91,2,29.36,58.72
306,119,98,2,59.18,118.36
307,119,76,2,13.23,26.46
308,119,65,5,14.68,73.4
309,120,116,2,90.88,181.76
310,120,41,5,56.0,280.0
311,120,87,5,30.57,152.85
312,120,115,5,36.3,181.5
313,121,32,3,22.88,68.64
314,121,9,5,35.22,176.1
315,122,20,5,35.3,176.5
316,123,81,2,82.96,165.92
317,123,34,2,44.3,88.6
318,123,86,1,35.85,35.85
319,123,58,2,57.31,114.62
320,124,104,3,43.47,130.41
321,124,79,4,21.91,87.64
322,124,72,3,34.48,103.44
323,124,26,2,18.83,37.66
324,125,40,2,20.68,41.36
325,125,28,1,24.27,24.27
326,125,8,2,20.21,40.42
327,125,37,1,10.19,10.19
328,126,114,4,32.43,129.72
329,127,97,2,45.93,91.86
330,127,29,1,11.24,11.24
331,127,44,4,16.53,66.12
332,128,87,3,30.91,92.73
333,128,10,1,74.61,74.61
334,128,87,4,30.59,122.36
335,128,66,4,93.9,375.6
336,129,86,5,37.5,187.5
337,129,1,4,16.69,66.76
338,130,113,4,29.38,117.52
339,130,81,4,81.29,325.16
340,130,21,4,63.87,255.48
341,130,102,4,18.0,72.0
342,131,4,4,28.81,115.24
343,131,20,3,37.31,111.93
344,131,95,1,106.82,106.82
345,132,102,5,19.31,96.55
346,132,12,5,39.74,198.70000000000002
347,133,82,1,18.76,18.76
348,133,98,4,60.48,241.92
349,133,12,4,39.84,159.36
350,134,9,2,33.9,67.8
351,134,28,2,22.86,45.72
352,134,27,4,49.62,198.48
353,135,28,5,23.09,115.45
354,135,96,2,77.44,154.88
355,135,25,4,65.45,261.8
356,136,64,3,44.37,133.10999999999999
357,137,41,1,54.22,54.22
358,137,39,1,8.69,8.69
359,138,109,5,20.0,100.0
360,138,39,1,8.29,8.29
361,138,27,1,51.92,51.92
362,139,28,2,22.64,45.28
363,139,112,5,61.7,308.5
364,139,101,4,53.53,214.12
365,140,66,3,89.02,267.06
366,140,67,4,27.62,110.48
367,141,63,1,49.24,49.24
368,141,71,1,17.75,17.75
369,141,81,3,81.12,243.36
370,141,8,2,20.83,41.66
371,142,97,3,47.05,141.14999999999998
372,142,91,4,30.61,122.44
373,143,115,2,38.66,77.32
374,143,52,5,47.76,238.79999999999998
375,144,1,5,17.9,89.5
376,144,45,1,44.49,44.49
377,145,48,1,50.47,50.47
378,145,74,2,57.28,114.56
379,145,22,1,60.71,60.71
380,146,10,3,77.79,233.37
381,146,19,2,39.65,79.3
382,146,83,4,37.95,151.8
383,147,18,5,16.87,84.35000000000001
384,147,77,1,22.21,22.21
385,148,86,1,37.38,37.38
386,148,69,1,60.87,60.87
387,148,7,5,13.18,65.9
388,148,14,5,77.07,385.34999999999997
389,149,101,4,58.62,234.48
390,150,75,4,35.83,143.32
391,150,91,4,30.78,123.12
392,150,113,2,32.39,64.78
393,150,50,3,42.52,127.56
394,151,108,5,18.7,93.5
395,152,52,2,48.84,97.68
396,152,109,1,19.45,19.45
397,153,82,2,17.71,35.42
398,153,27,3,53.33,159.99
399,154,2,4,41.68,166.72
400,154,110,3,70.09,210.27
401,155,47,3,24.71,74.13
402,155,104,4,45.52,182.08
403,155,22,2,60.57,121.14
404,156,56,4,23.95,95.8
405,156,22,2,63.06,126.12
406,156,15,1,19.54,19.54
407,156,67,1,27.32,27.32
408,157,54,2,62.66,125.32
409,157,30,1,19.13,19.13
410,157,41,1,51.73,51.73
411,157,46,3,14.31,42.93
412,158,27,5,50.45,252.25
413,158,87,5,29.9,149.5
414,158,36,4,21.26,85.04
415,159,75,5,37.3,186.5
416,160,89,4,18.56,74.24
417,160,40,1,19.34,19.34
418,160,8,4,21.36,85.44
419,160,6,3,71.03,213.09
420,161,71,5,18.0,90.0
421,161,4,2,28.09,56.18
422,162,15,5,18.63,93.14999999999999
423,162,59,4,21.06,84.24
424,162,35,4,60.45,241.8
425,163,51,1,107.51,107.51
426,163,85,5,69.25,346.25
427,163,96,3,71.29,213.87
428,163,47,4,24.66,98.64
429,164,10,3,75.25,225.75
430,164,24,1,43.7,43.7
431,164,102,3,18.26,54.78
432,165,2,4,43.39,173.56
433,166,26,1,20.59,20.59
434,166,117,2,58.36,116.72
435,167,43,4,39.97,159.88
436,167,5,2,85.95,171.9
437,167,104,2,45.36,90.72
438,167,89,1,18.44,18.44
439,168,101,3,55.58,166.74
440,168,82,1,18.3,18.3
441,168,62,5,11.52,57.599999999999994
442,168,86,1,39.06,39.06
443,169,10,1,76.3,76.3
444,169,13,5,39.57,197.85
445,169,71,2,18.44,36.88
446,170,57,1,71.06,71.06
447,170,92,3,8.09,24.27
448,171,113,1,30.82,30.82
449,171,32,3,21.92,65.76
450,171,40,4,19.6,78.4
451,171,22,3,62.49,187.47
452,172,97,5,48.43,242.15
453,172,60,4,31.39,125.56
454,172,42,4,26.66,106.64
455,173,90,4,19.47,77.88
456,173,56,4,22.67,90.68
457,173,61,3,46.66,139.98
458,174,100,1,39.03,39.03
459,174,29,2,11.37,22.74
460,174,79,2,20.01,40.02
461,174,105,2,14.61,29.22
462,175,106,2,47.55,95.1
463,175,105,4,14.01,56.04
464,175,26,5,19.37,96.85000000000001
465,175,79,3,21.77,65.31
466,176,69,3,60.09,180.27
467,176,9,2,34.21,68.42
468,176,65,4,15.46,61.84
469,176,28,4,22.6,90.4
470,177,63,1,45.52,45.52
471,177,75,3,33.61,100.83
472,177,84,3,49.81,149.43
473,178,94,3,25.46,76.38
474,179,71,3,18.26,54.78
475,179,57,1,65.43,65.43
476,180,117,4,61.4,245.6
477,181,37,5,10.4,52.0
478,181,36,1,22.01,22.01
479,181,107,5,72.14,360.7
480,181,116,3,97.2,291.6
481,182,46,5,13.12,65.6
482,182,104,1,44.73,44.73
483,183,110,1,69.5,69.5
484,184,103,1,12.96,12.96
485,184,64,3,42.91,128.73
486,184,92,3,8.27,24.81
487,185,74,5,62.14,310.7
488,185,5,3,93.21,279.63
489,185,15,5,19.69,98.45
490,186,113,2,30.24,60.48
491,187,33,1,107.2,107.2
492,187,21,5,62.43,312.15
493,188,117,1,62.16,62.16
494,188,41,5,53.63,268.15000000000003
495,189,87,3,31.41,94.23
496,189,95,3,110.77,332.31
497,189,58,2,58.08,116.16
498,189,77,2,21.38,42.76
499,190,63,2,46.73,93.46
500,191,55,4,33.65,134.6
501,191,11,3,27.86,83.58
502,191,13,1,43.28,43.28
503,191,94,1,27.8,27.8
504,192,103,4,14.16,56.64
505,193,9,4,33.56,134.24
506,193,38,2,108.17,216.34
507,193,47,2,23.69,47.38
508,193,5,5,91.25,456.25
509,194,50,1,42.48,42.48
510,195,115,5,38.01,190.04999999999998
511,196,73,5,9.3,46.5
512,196,110,1,68.51,68.51
513,197,50,3,40.44,121.32
514,197,91,3,29.5,88.5
515,197,116,5,95.43,477.15000000000003
516,197,65,3,15.86,47.58
517,198,96,1,76.02,76.02
518,198,24,2,42.55,85.1
519,199,116,3,90.98,272.94
520,199,119,2,42.73,85.46
521,199,63,3,48.26,144.78
522,199,13,5,42.58,212.89999999999998
523,200,37,5,10.2,51.0
524,200,37,2,10.16,20.32
525,201,118,1,22.96,22.96
526,201,8,5,21.65,108.25
527,202,10,3,79.47,238.41
528,202,101,3,56.51,169.53
529,202,112,1,65.31,65.31
530,203,31,4,26.75,107.0
531,204,12,5,39.47,197.35
532,205,114,1,34.0,34.0
533,205,97,2,45.6,91.2
534,206,88,3,36.58,109.74
535,206,94,3,25.68,77.03999999999999
536,206,114,2,32.71,65.42
537,206,80,4,10.71,42.84
538,207,13,2,39.19,78.38
539,208,94,2,26.78,53.56
540,208,11,3,27.71,83.13
541,208,11,1,27.67,27.67
542,208,59,5,19.59,97.95
543,209,45,3,44.05,132.14999999999998
544,209,69,5,58.95,294.75
545,209,41,2,51.73,103.46
546,210,102,1,17.9,17.9
547,210,118,2,22.8,45.6
548,211,116,4,94.25,377.0
549,212,57,1,69.84,69.84
550,212,64,3,45.28,135.84
551,212,6,4,69.71,278.84
552,213,106,5,50.45,252.25
553,213,32,4,21.36,85.44
554,214,30,2,19.46,38.92
555,215,102,4,19.48,77.92
556,215,118,4,23.16,92.64
557,215,107,3,68.21,204.63
558,216,3,4,30.23,120.92
559,216,112,3,62.7,188.10000000000002
560,216,51,3,109.17,327.51
561,216,18,4,17.68,70.72
562,217,19,5,37.47,187.35
563,217,83,5,37.7,188.5
564,218,97,1,45.17,45.17
565,218,49,2,22.45,44.9
566,219,73,5,9.64,48.2
567,219,89,4,18.14,72.56
568,219,51,4,108.55,434.2
569,219,99,4,18.31,73.24
570,220,35,3,61.59,184.77
571,220,32,4,22.23,88.92
572,221,58,5,59.28,296.4
573,222,61,1,45.35,45.35
574,222,38,1,113.45,113.45
575,222,40,4,20.78,83.12
576,222,37,1,9.95,9.95
577,223,55,3,36.22,108.66
578,223,84,1,48.61,48.61
579,223,35,2,63.84,127.68
580,224,83,1,35.9,35.9
581,224,41,3,55.65,166.95
582,224,23,1,69.07,69.07
583,224,33,5,103.82,519.0999999999999
584,225,99,4,18.72,74.88
585,225,36,4,21.39,85.56
586,225,78,4,16.5,66.0
587,225,70,1,68.45,68.45
588,226,84,3,49.88,149.64000000000001
589,226,73,2,9.92,19.84
590,226,120,5,29.76,148.8
591,226,111,4,35.78,143.12
592,227,39,1,8.75,8.75
593,227,47,5,24.94,124.7
594,228,44,3,18.0,54.0
595,228,79,3,20.66,61.980000000000004
596,228,59,1,19.24,19.24
597,229,116,3,95.06,285.18
598,229,86,2,38.34,76.68
599,230,56,2,24.22,48.44
600,230,39,2,7.88,15.76
601,230,94,1,27.0,27.0
602,230,100,5,37.58,187.89999999999998
603,231,117,3,59.22,177.66
604,231,66,2,98.88,197.76
605,231,95,3,108.23,324.69
606,231,106,2,48.86,97.72
607,232,10,3,76.89,230.67000000000002
608,232,18,1,17.36,17.36
609,232,24,1,44.6,44.6
610,233,28,4,22.39,89.56
611,233,36,1,21.27,21.27
612,234,1,5,17.47,87.35
613,234,83,2,35.03,70.06
614,234,73,3,9.38,28.14
615,234,81,5,80.33,401.65
616,235,95,3,105.93,317.79
617,235,17,2,48.23,96.46
618,235,40,5,20.56,102.8
619,235,54,4,61.49,245.96
620,236,32,4,21.41,85.64
621,237,51,2,108.2,216.4
622,237,56,1,23.52,23.52
623,237,83,2,35.9,71.8
624,237,27,4,52.67,210.68
625,238,32,2,22.08,44.16
626,238,35,4,60.33,241.32
627,239,29,3,10.8,32.400000000000006
628,239,100,2,40.38,80.76
629,240,72,2,32.09,64.18
630,240,97,1,46.35,46.35
631,241,10,2,78.58,157.16
632,241,85,5,66.67,333.35
633,241,81,3,84.52,253.56
634,241,95,4,103.63,414.52
635,242,53,5,42.78,213.9
636,242,90,4,19.25,77.0
637,243,65,4,15.01,60.04
638,243,97,3,46.25,138.75
639,243,97,3,45.7,137.10000000000002
640,244,102,3,18.53,55.59
641,244,22,2,63.18,126.36
642,245,87,1,29.52,29.52
643,245,26,4,20.67,82.68
644,245,58,4,59.06,236.24
645,245,109,3,20.62,61.86
646,246,16,4,35.58,142.32
647,247,89,4,17.05,68.2
648,247,37,5,10.73,53.650000000000006
649,247,32,5,22.65,113.25
650,248,7,2,13.62,27.24
651,248,87,2,30.47,60.94
652,249,100,3,39.45,118.35000000000001
653,249,55,2,35.39,70.78
654,249,24,4,42.92,171.68
655,249,75,1,34.31,34.31
656,250,118,2,23.47,46.94
657,250,95,3,105.44,316.32
658,250,92,1,8.07,8.07
659,250,6,3,75.66,226.98
660,251,108,1,18.6,18.6
661,251,74,5,62.61,313.05
662,252,78,1,17.4,17.4
663,252,41,3,55.44,166.32
664,252,106,2,50.13,100.26
665,252,62,3,12.07,36.21
666,253,30,4,18.4,73.6
667,253,44,2,17.92,35.84
668,253,27,4,50.32,201.28
669,254,113,1,31.2,31.2
670,255,97,5,45.26,226.29999999999998
671,255,72,4,31.82,127.28
672,255,93,5,24.23,121.15
673,255,102,2,18.74,37.48
674,256,42,4,26.25,105.0
675,256,31,3,25.32,75.96000000000001
676,256,110,2,71.02,142.04
677,257,44,4,17.45,69.8
678,257,5,3,90.15,270.45000000000005
679,257,95,4,110.56,442.24
680,257,27,1,51.31,51.31
681,258,29,1,11.9,11.9
682,258,85,4,67.2,268.8
683,259,120,3,29.32,87.96000000000001
684,259,11,1,27.49,27.49
685,260,80,4,9.97,39.88
686,261,40,1,20.15,20.15
687,262,108,1,19.75,19.75
688,262,108,3,18.74,56.22
689,262,13,1,40.67,40.67
690,263,6,4,76.2,304.8
691,263,50,3,41.86,125.58
692,263,8,5,21.32,106.6
693,263,41,3,55.33,165.99
694,264,21,1,63.3,63.3
695,264,117,3,60.72,182.16
696,264,86,4,38.92,155.68
697,265,18,5,18.22,91.1
698,265,75,1,33.96,33.96
699,265,90,4,18.28,73.12
700,266,98,4,57.69,230.76
701,267,76,5,13.01,65.05
702,268,71,3,17.6,52.800000000000004
703,268,103,5,13.62,68.1
704,269,31,3,25.27,75.81
705,269,118,1,23.31,23.31
706,269,26,1,20.72,20.72
707,270,97,1,45.41,45.41
708,270,116,3,89.88,269.64
709,271,31,5,25.14,125.7
710,271,79,3,22.08,66.24
711,271,101,5,56.79,283.95
712,271,36,3,20.53,61.59
713,272,64,4,43.7,174.8
714,272,97,2,48.96,97.92
715,273,79,1,21.58,21.58
716,273,98,4,60.34,241.36
717,273,34,1,44.65,44.65
718,273,61,5,50.07,250.35
719,274,98,5,63.01,315.05
720,274,28,2,22.25,44.5
721,275,54,1,60.22,60.22
722,275,64,5,42.13,210.65
723,276,98,5,61.16,305.79999999999995
724,276,91,3,31.67,95.01
725,277,52,2,45.11,90.22
726,277,115,3,36.16,108.47999999999999
727,277,74,5,59.95,299.75
728,277,75,3,34.54,103.62
729,278,13,1,39.49,39.49
730,278,28,4,22.9,91.6
731,279,12,5,37.9,189.5
732,279,2,1,42.59,42.59
733,280,115,3,38.84,116.52000000000001
734,281,34,3,47.91,143.73
735,281,88,4,38.94,155.76
736,282,63,3,45.42,136.26
737,283,21,2,62.32,124.64
738,283,98,4,62.14,248.56
739,283,72,1,33.44,33.44
740,283,91,3,29.24,87.72
741,284,94,2,27.83,55.66
742,284,99,5,19.19,95.95
743,284,72,4,31.83,127.32
744,284,20,4,37.0,148.0
745,285,54,1,61.66,61.66
746,285,89,3,18.68,56.04
747,286,101,4,58.62,234.48
748,286,63,3,45.16,135.48
749,286,7,1,13.25,13.25
750,286,119,3,39.13,117.39000000000001
751,287,77,4,21.46,85.84
752,287,67,4,27.25,109.0
753,288,57,2,69.13,138.26
754,288,52,3,49.24,147.72
755,288,78,5,16.32,81.6
756,288,76,5,13.11,65.55
757,289,35,2,63.0,126.0
758,290,47,4,24.18,96.72
759,290,20,5,34.62,173.1
760,290,38,1,114.04,114.04
761,290,117,3,56.33,168.99
762,291,31,4,25.85,103.4
763,292,104,2,44.44,88.88
764,292,53,2,42.27,84.54
765,293,110,5,65.97,329.85
766,293,69,1,59.48,59.48
767,294,93,2,24.29,48.58
768,295,47,5,23.11,115.55
769,295,8,4,21.75,87.0
770,295,43,4,41.62,166.48
771,295,76,3,13.26,39.78
772,296,29,2,11.85,23.7
773,296,46,4,13.76,55.04
774,297,6,2,69.34,138.68
775,297,41,2,52.23,104.46
776,298,12,3,40.25,120.75
777,299,30,1,19.8,19.8
778,299,47,4,25.5,102.0
779,299,22,5,59.73,298.65
780,300,10,4,73.71,294.84
781,301,17,2,48.62,97.24
782,301,79,1,21.75,21.75
783,302,15,4,18.46,73.84
784,302,5,3,91.24,273.71999999999997
785,302,86,5,38.97,194.85
786,302,56,3,24.09,72.27
787,303,112,1,61.8,61.8
788,303,47,5,23.98,119.9
789,303,46,2,13.86,27.72
790,303,6,4,72.43,289.72
791,304,13,1,40.16,40.16
792,305,101,5,54.01,270.05
793,305,27,5,49.9,249.5
794,305,9,1,33.3,33.3
795,306,90,5,17.99,89.94999999999999
796,306,120,4,30.84,123.36
797,306,42,5,27.02,135.1
798,307,47,2,25.45,50.9
799,307,80,2,10.59,21.18
800,307,14,3,77.14,231.42000000000002
801,307,25,3,68.11,204.32999999999998
802,308,105,4,14.66,58.64
803,309,91,5,28.97,144.85
804,309,18,5,17.7,88.5
805,310,79,5,21.34,106.7
806,311,115,2,36.87,73.74
807,311,27,1,51.75,51.75
808,311,26,1,20.4,20.4
809,312,112,1,61.76,61.76
810,312,116,4,90.97,363.88
811,312,63,3,46.62,139.85999999999999
812,313,58,2,60.92,121.84
813,314,27,4,53.41,213.64
814,315,7,1,13.62,13.62
815,316,69,2,63.33,126.66
816,317,19,3,40.53,121.59
817,317,50,2,42.63,85.26
818,317,113,2,30.32,60.64
819,318,111,5,36.6,183.0
820,319,56,4,24.22,96.88
821,319,38,2,117.58,235.16
822,319,118,5,22.31,111.55
823,319,107,1,67.32,67.32
824,320,73,5,10.24,51.2
825,320,90,4,19.01,76.04
826,320,53,2,44.72,89.44
827,321,82,5,17.53,87.65
828,322,67,1,27.87,27.87
829,322,23,3,70.01,210.03000000000003
830,322,9,3,33.75,101.25
831,322,11,5,26.83,134.14999999999998
832,323,96,2,78.04,156.08
833,323,104,5,42.08,210.39999999999998
834,323,62,1,12.32,12.32
835,324,69,2,62.14,124.28
836,324,111,1,37.04,37.04
837,324,116,2,96.51,193.02
838,324,86,4,38.42,153.68
839,325,62,1,12.2,12.2
840,325,54,1,59.64,59.64
841,325,71,3,18.76,56.28
842,326,90,1,19.73,19.73
843,326,120,4,30.33,121.32
844,326,80,4,10.23,40.92
845,327,86,4,39.3,157.2
846,327,4,1,27.79,27.79
847,328,44,3,17.77,53.31
848,328,34,2,44.71,89.42
849,328,100,1,39.0,39.0
850,329,31,1,24.84,24.84
851,329,36,2,20.87,41.74
852,329,79,4,20.42,81.68
853,329,64,3,43.4,130.2
854,330,49,1,22.91,22.91
855,330,29,2,11.95,23.9
856,330,108,1,18.71,18.71
857,330,120,1,29.11,29.11
858,331,8,5,20.32,101.6
859,331,113,5,30.99,154.95
860,331,99,1,18.29,18.29
861,332,105,3,14.01,42.03
862,332,53,5,44.25,221.25
863,332,49,3,21.98,65.94
864,332,74,2,60.33,120.66
865,333,88,1,36.6,36.6
866,333,113,1,31.68,31.68
867,333,32,5,20.89,104.45
868,333,116,4,94.41,377.64
869,334,47,5,23.36,116.8
870,334,80,5,10.54,52.699999999999996
871,334,97,2,45.31,90.62
872,335,79,4,20.62,82.48
873,335,7,1,13.49,13.49
874,335,106,4,50.73,202.92
875,335,6,4,71.3,285.2
876,336,65,3,15.16,45.480000000000004
877,337,80,3,10.14,30.42
878,337,31,3,24.64,73.92
879,337,93,5,23.47,117.35
880,337,72,3,34.55,103.64999999999999
881,338,47,3,24.3,72.9
882,338,19,2,38.59,77.18
883,338,81,5,80.62,403.1
884,338,13,1,42.07,42.07
885,339,109,4,19.39,77.56
886,339,14,3,74.9,224.70000000000002
887,340,12,2,37.03,74.06
888,340,25,3,69.33,207.99
889,340,100,4,40.91,163.64
890,340,102,2,18.34,36.68
891,341,70,2,68.84,137.68
892,341,96,5,73.43,367.15000000000003
893,341,51,3,103.59,310.77
894,341,120,5,29.47,147.35
895,342,7,2,13.58,27.16
896,343,74,5,60.33,301.65
897,343,47,3,24.27,72.81
898,343,43,2,37.74,75.48
899,343,96,4,71.61,286.44
900,344,93,5,24.21,121.05000000000001
901,344,66,2,97.2,194.4
902,344,105,5,13.93,69.65
903,345,22,2,62.59,125.18
904,346,10,5,79.72,398.6
905,347,28,3,24.0,72.0
906,347,12,3,38.21,114.63
907,347,102,2,18.31,36.62
908,348,62,1,12.56,12.56
909,348,52,1,46.78,46.78
910,348,60,1,29.35,29.35
911,349,12,4,38.66,154.64
912,349,78,4,17.67,70.68
913,349,117,3,61.67,185.01
914,349,18,5,17.96,89.80000000000001
915,350,31,5,25.45,127.25
916,350,94,3,27.5,82.5
917,350,96,4,78.39,313.56
918,351,34,1,47.31,47.31
919,351,2,3,43.96,131.88
920,352,87,3,30.93,92.78999999999999
921,352,31,2,26.91,53.82
922,353,98,2,61.01,122.02
923,353,41,1,52.22,52.22
924,353,118,3,22.71,68.13
925,354,104,3,45.96,137.88
926,354,9,1,32.86,32.86
927,355,90,3,18.69,56.07000000000001
928,355,87,2,31.87,63.74
929,355,37,3,10.27,30.81
930,356,111,5,37.12,185.6
931,357,95,3,107.87,323.61
932,357,32,4,22.31,89.24
933,357,98,2,61.26,122.52
934,357,86,5,36.34,181.70000000000002
935,358,62,3,12.6,37.8
936,359,107,2,65.95,131.9
937,360,61,1,48.73,48.73
938,360,33,5,106.14,530.7
939,360,62,3,11.6,34.8
940,360,59,1,19.18,19.18
941,361,21,3,64.13,192.39
942,361,69,2,59.33,118.66
943,362,98,4,63.76,255.04
944,362,106,1,52.0,52.0
945,362,86,4,39.17,156.68
946,363,59,1,21.06,21.06
947,363,102,4,18.31,73.24
948,364,112,2,64.08,128.16
949,364,98,5,60.58,302.9
950,364,96,3,71.62,214.86
951,364,95,1,105.67,105.67
952,365,59,5,19.15,95.75
953,366,94,5,28.12,140.6
954,366,46,2,14.21,28.42
955,367,114,2,33.6,67.2
956,368,107,1,65.91,65.91
957,368,73,4,9.26,37.04
958,368,87,3,29.96,89.88
959,369,100,1,40.42,40.42
960,369,70,4,70.23,280.92
961,369,97,2,48.16,96.32
962,370,89,2,17.21,34.42
963,370,33,5,103.85,519.25
964,371,19,4,38.98,155.92
965,371,68,1,27.49,27.49
966,371,1,3,17.76,53.28
967,371,88,3,36.92,110.76
968,372,83,1,36.45,36.45
969,372,13,1,42.31,42.31
970,372,38,5,116.7,583.5
971,372,64,1,44.05,44.05
972,373,88,3,39.71,119.13
973,373,1,5,17.22,86.1
974,373,67,2,26.48,52.96
975,373,29,4,11.75,47.0
976,374,48,3,54.36,163.07999999999998
977,374,59,4,19.56,78.24
978,374,24,2,45.6,91.2
979,374,37,2,10.12,20.24
980,375,50,3,41.06,123.18
981,375,93,1,24.35,24.35
982,375,35,3,63.67,191.01
983,375,77,4,20.93,83.72
984,376,44,5,17.55,87.75
985,376,33,2,100.77,201.54
986,377,14,1,75.56,75.56
987,377,3,2,31.57,63.14
988,377,42,5,25.8,129.0
989,377,31,3,25.49,76.47
990,378,91,1,31.67,31.67
991,378,63,2,47.24,94.48
992,378,7,5,12.61,63.05
993,379,92,5,8.28,41.4
994,380,48,1,51.41,51.41
995,381,73,3,10.05,30.150000000000002
996,381,16,5,33.95,169.75
997,382,7,1,12.68,12.68
998,382,13,1,42.34,42.34
999,382,56,3,23.01,69.03
1000,383,107,1,65.57,65.57
1001,384,116,3,95.9,287.70000000000005
1002,384,97,4,49.72,198.88
1003,384,109,2,21.23,42.46
1004,385,93,5,23.62,118.10000000000001
1005,385,90,5,18.39,91.95
1006,385,51,4,108.89,435.56
1007,386,35,3,58.67,176.01
1008,386,76,1,13.5,13.5
1009,386,3,2,31.8,63.6
1010,387,22,5,62.89,314.45
1011,387,55,3,35.42,106.26
1012,387,76,3,13.79,41.37
1013,387,45,4,43.07,172.28
1014,388,93,2,22.19,44.38
1015,388,82,2,18.93,37.86
1016,389,32,2,23.2,46.4
1017,390,9,5,33.33,166.64999999999998
1018,390,33,3,102.9,308.70000000000005
1019,390,111,1,39.45,39.45
1020,390,28,3,24.38,73.14
1021,391,89,2,17.74,35.48
1022,391,83,3,38.11,114.33
1023,391,117,5,59.05,295.25
1024,392,111,2,36.9,73.8
1025,392,104,2,44.74,89.48
1026,392,38,3,110.67,332.01
1027,393,52,1,48.29,48.29
1028,393,59,2,19.58,39.16
1029,393,80,1,10.33,10.33
1030,394,18,5,17.89,89.45
1031,394,102,4,19.59,78.36
1032,395,78,1,16.13,16.13
1033,396,25,2,69.89,139.78
1034,396,6,1,75.89,75.89
1035,396,2,4,44.53,178.12
1036,397,44,1,16.65,16.65
1037,397,37,4,10.49,41.96
1038,397,19,3,40.38,121.14000000000001
1039,397,53,4,42.08,168.32
1040,398,3,5,31.93,159.65
1041,399,75,5,34.6,173.0
1042,399,54,2,62.99,125.98
1043,400,32,5,22.05,110.25
1044,400,55,1,33.79,33.79
1045,400,54,1,61.48,61.48
1046,400,102,5,19.0,95.0
1047,401,78,5,17.42,87.10000000000001
1048,401,29,4,11.14,44.56
1049,402,99,2,17.88,35.76
1050,403,40,3,19.18,57.54
1051,403,28,5,23.41,117.05
1052,403,88,2,36.56,73.12
1053,403,96,3,76.5,229.5
1054,404,1,2,17.27,34.54
1055,405,113,1,30.02,30.02
1056,406,76,3,13.57,40.71
1057,406,50,4,42.14,168.56
1058,407,91,2,30.41,60.82
1059,407,67,4,28.5,114.0
1060,408,115,5,37.28,186.4
1061,408,2,5,41.21,206.05
1062,409,65,5,15.3,76.5
1063,409,86,3,36.42,109.26
1064,409,5,4,92.77,371.08
1065,409,105,4,14.73,58.92
1066,410,42,5,26.83,134.14999999999998
1067,410,3,3,30.71,92.13
1068,410,47,5,23.64,118.2
1069,411,102,3,19.17,57.510000000000005
1070,411,116,5,95.53,477.65
1071,412,18,2,17.2,34.4
1072,412,47,1,23.88,23.88
1073,412,102,2,19.74,39.48
1074,413,3,2,31.57,63.14
1075,413,66,5,89.63,448.15
1076,413,66,4,91.74,366.96
1077,414,45,4,46.96,187.84
1078,414,39,1,8.53,8.53
1079,414,113,4,29.97,119.88
1080,415,43,4,39.66,158.64
1081,415,74,5,57.96,289.8
1082,416,91,2,30.54,61.08
1083,416,5,4,86.3,345.2
1084,416,100,1,38.08,38.08
1085,417,92,4,7.98,31.92
1086,417,24,5,46.82,234.1
1087,418,22,4,58.15,232.6
1088,418,69,3,62.22,186.66
1089,419,111,3,36.27,108.81
1090,420,107,1,66.27,66.27
1091,421,20,3,33.63,100.89000000000001
1092,421,73,4,9.34,37.36
1093,421,59,5,20.09,100.45
1094,421,83,1,36.7,36.7
1095,422,63,3,46.42,139.26
1096,422,69,2,64.9,129.8
1097,422,68,2,26.01,52.02
1098,422,3,4,31.59,126.36
1099,423,64,1,44.31,44.31
1100,423,18,1,16.93,16.93
1101,424,53,2,41.99,83.98
1102,424,66,2,90.73,181.46
1103,425,86,4,38.09,152.36
1104,425,102,2,19.36,38.72
1105,425,19,5,37.75,188.75
1106,425,71,5,18.9,94.5
1107,426,95,4,110.11,440.44
1108,426,40,3,19.33,57.989999999999995
1109,426,5,4,88.45,353.8
1110,427,112,1,65.4,65.4
1111,428,102,5,19.86,99.3
1112,428,86,2,37.05,74.1
1113,428,90,3,19.53,58.59
1114,429,37,5,10.67,53.35
1115,429,96,1,78.25,78.25
1116,429,120,1,30.13,30.13
1117,429,36,4,20.77,83.08
1118,430,57,5,69.07,345.34999999999997
1119,431,102,5,19.29,96.44999999999999
1120,431,27,5,49.62,248.1
1121,431,83,3,37.41,112.22999999999999
1122,431,4,4,29.27,117.08
1123,432,117,5,59.87,299.34999999999997
1124,432,9,1,35.83,35.83
1125,432,3,5,32.03,160.15
1126,432,50,5,40.62,203.1
1127,433,95,1,108.42,108.42
1128,434,26,3,19.97,59.91
1129,434,75,3,34.67,104.01
1130,434,41,4,54.49,217.96
1131,434,119,3,41.51,124.53
1132,435,57,5,71.36,356.8
1133,435,54,3,59.57,178.71
1134,435,3,3,31.6,94.80000000000001
1135,436,34,2,44.46,88.92
1136,437,3,5,30.47,152.35
1137,437,106,3,50.73,152.19
1138,437,58,3,59.21,177.63
1139,437,40,4,18.92,75.68
1140,438,30,4,18.87,75.48
1141,438,85,4,68.37,273.48
1142,438,78,1,17.78,17.78
1143,438,40,5,20.84,104.2
1144,439,35,5,59.86,299.3
1145,439,114,4,33.46,133.84
1146,439,8,3,21.01,63.03
1147,440,64,4,43.77,175.08
1148,440,116,4,95.41,381.64
1149,440,39,2,8.71,17.42
1150,440,8,3,20.58,61.739999999999995
1151,441,99,1,18.1,18.1
1152,441,109,1,21.2,21.2
1153,441,8,3,21.35,64.05000000000001
1154,441,46,4,13.32,53.28
1155,442,12,4,36.37,145.48
1156,442,108,5,19.6,98.0
1157,443,101,2,57.03,114.06
1158,444,98,3,59.09,177.27
1159,444,39,5,8.44,42.199999999999996
1160,444,86,1,36.04,36.04
1161,444,22,4,59.57,238.28
1162,445,18,2,17.05,34.1
1163,445,71,2,18.66,37.32
1164,445,117,3,58.06,174.18
1165,445,31,2,25.38,50.76
1166,446,57,3,70.88,212.64
1167,446,119,4,38.77,155.08
1168,447,52,3,48.6,145.8
1169,447,99,3,17.86,53.58
1170,447,83,2,34.89,69.78
1171,448,107,1,68.9,68.9
1172,448,41,2,56.24,112.48
1173,448,101,3,54.31,162.93
1174,449,99,2,18.37,36.74
1175,449,107,1,70.28,70.28
1176,450,109,3,21.08,63.239999999999995
1177,450,41,3,53.63,160.89000000000001
1178,450,100,5,39.04,195.2
1179,451,81,5,79.06,395.3
1180,451,11,3,27.0,81.0
1181,451,109,1,19.48,19.48
1182,452,87,4,29.49,117.96
1183,452,83,3,37.51,112.53
1184,452,9,3,34.55,103.64999999999999
1185,452,120,4,30.47,121.88
1186,453,117,4,60.28,241.12
1187,453,104,3,42.01,126.03
1188,454,41,5,53.68,268.4
1189,455,9,2,34.79,69.58
1190,455,90,4,18.14,72.56
1191,456,61,3,50.06,150.18
1192,457,31,5,26.79,133.95
1193,458,34,5,47.61,238.05
1194,458,81,2,81.49,162.98
1195,458,106,5,51.86,259.3
1196,459,70,3,67.3,201.89999999999998
1197,459,113,2,32.13,64.26
1198,459,68,4,27.33,109.32
1199,459,68,5,24.85,124.25
1200,460,44,4,17.39,69.56
1201,461,7,1,12.63,12.63
1202,461,31,3,26.37,79.11
1203,462,42,2,27.68,55.36
1204,463,75,2,34.26,68.52
1205,463,23,4,70.69,282.76
1206,464,62,1,11.55,11.55
1207,464,64,5,44.96,224.8
1208,464,62,5,11.58,57.9
1209,465,119,1,42.87,42.87
1210,465,23,2,69.4,138.8
1211,465,42,2,25.69,51.38
1212,465,45,1,47.44,47.44
1213,466,89,1,18.18,18.18
1214,466,80,4,10.3,41.2
1215,466,100,3,40.1,120.30000000000001
1216,466,64,2,45.96,91.92
1217,467,100,3,40.33,120.99
1218,467,4,2,28.75,57.5
1219,467,18,3,17.2,51.599999999999994
1220,467,74,1,60.1,60.1
1221,468,29,1,11.48,11.48
1222,468,36,5,20.51,102.55000000000001
1223,469,27,2,48.96,97.92
1224,469,17,2,49.53,99.06
1225,469,36,4,21.64,86.56
1226,469,110,3,66.15,198.45000000000002
1227,470,6,1,71.95,71.95
1228,470,120,4,28.9,115.6
1229,471,65,1,15.4,15.4
1230,472,93,3,24.43,73.28999999999999
1231,472,89,2,17.3,34.6
1232,472,8,4,21.51,86.04
1233,472,32,3,22.43,67.28999999999999
1234,473,105,3,15.22,45.660000000000004
1235,473,77,5,20.91,104.55
1236,473,45,3,47.22,141.66
1237,473,66,1,96.99,96.99
1238,474,52,1,49.54,49.54
1239,475,12,2,39.36,78.72
1240,476,113,1,30.26,30.26
1241,476,29,5,11.28,56.4
1242,476,104,4,42.5,170.0
1243,476,29,4,10.78,43.12
1244,477,73,4,10.23,40.92
1245,477,59,4,20.72,82.88
1246,478,107,2,65.93,131.86
1247,478,76,1,13.09,13.09
1248,478,72,1,32.13,32.13
1249,478,37,3,10.0,30.0
1250,479,104,2,46.17,92.34
1251,479,16,5,36.29,181.45
1252,479,61,5,47.37,236.85
1253,479,33,4,107.73,430.92
1254,480,56,3,22.49,67.47
1255,480,5,5,92.77,463.84999999999997
1256,480,83,3,34.87,104.60999999999999
1257,481,90,3,18.54,55.62
1258,482,84,4,47.84,191.36
1259,482,84,2,45.31,90.62
1260,482,5,3,86.58,259.74
1261,483,81,2,79.13,158.26
1262,484,40,1,19.81,19.81
1263,484,75,4,34.39,137.56
1264,484,78,5,16.62,83.10000000000001
1265,485,36,3,20.22,60.66
1266,485,17,1,47.75,47.75
1267,485,14,2,74.68,149.36
1268,486,54,5,58.4,292.0
1269,486,72,4,33.39,133.56
1270,487,1,2,16.77,33.54
1271,487,88,5,37.15,185.75
1272,488,30,1,18.9,18.9
1273,488,98,3,58.32,174.96
1274,488,84,3,45.21,135.63
1275,488,88,1,39.47,39.47
1276,489,25,1,65.92,65.92
1277,489,80,4,10.44,41.76
1278,490,82,1,18.04,18.04
1279,490,99,3,18.41,55.230000000000004
1280,490,69,4,59.84,239.36
1281,490,92,3,8.11,24.33
1282,491,56,2,23.49,46.98
1283,491,114,5,32.78,163.9
1284,491,86,3,36.56,109.68
1285,491,1,3,16.74,50.22
1286,492,95,4,103.77,415.08
1287,492,18,2,16.64,33.28
1288,492,8,2,20.96,41.92
1289,492,70,5,72.01,360.05
1290,493,60,2,30.58,61.16
1291,493,49,4,21.61,86.44
1292,493,50,4,40.48,161.92
1293,493,41,2,53.49,106.98
1294,494,111,2,39.16,78.32
1295,494,90,2,18.2,36.4
1296,494,96,3,71.87,215.61
1297,495,65,4,15.28,61.12
1298,495,90,4,18.98,75.92
1299,495,64,2,46.51,93.02
1300,495,109,3,20.33,60.989999999999995
1301,496,6,4,69.2,276.8
1302,496,96,1,76.58,76.58
1303,496,56,1,22.59,22.59
1304,497,39,1,8.59,8.59
1305,498,73,1,9.71,9.71
1306,499,110,5,70.33,351.65
1307,499,34,2,44.13,88.26
1308,499,58,5,59.2,296.0
1309,500,29,5,11.62,58.099999999999994
1310,500,99,2,17.85,35.7
1311,500,67,1,27.77,27.77
1312,501,36,2,21.34,42.68
1313,501,110,4,68.62,274.48
1314,501,28,3,22.49,67.47
1315,501,14,5,71.62,358.1
1316,502,31,2,25.2,50.4
1317,502,38,1,110.21,110.21
1318,502,32,4,22.28,89.12
1319,503,7,5,12.53,62.65
1320,504,119,3,39.86,119.58
1321,504,40,4,19.31,77.24
1322,504,116,3,95.94,287.82
1323,504,84,2,46.77,93.54
1324,505,97,3,48.5,145.5
1325,505,39,5,8.6,43.0
1326,506,79,5,21.48,107.4
1327,506,48,5,49.56,247.8
1328,506,44,3,17.57,52.71
1329,506,113,1,32.11,32.11
1330,507,104,3,43.74,131.22
1331,508,42,5,27.66,138.3
1332,509,1,5,17.61,88.05
1333,510,65,3,15.57,46.71
1334,510,116,1,93.12,93.12
1335,510,113,5,30.59,152.95
1336,510,57,5,67.74,338.7
1337,511,62,3,12.44,37.32
1338,512,104,3,45.91,137.73
1339,512,21,4,64.06,256.24
1340,512,33,2,105.72,211.44
1341,513,18,5,17.8,89.0
1342,513,71,2,17.43,34.86
1343,513,108,4,19.53,78.12
1344,514,38,4,111.39,445.56
1345,514,107,1,67.32,67.32
1346,514,62,1,11.83,11.83
1347,514,31,4,25.5,102.0
1348,515,116,3,92.62,277.86
1349,515,75,5,34.91,174.54999999999998
1350,515,66,4,96.11,384.44
1351,516,20,5,36.97,184.85
1352,517,67,1,28.64,28.64
1353,518,28,4,23.59,94.36
1354,519,51,3,106.85,320.54999999999995
1355,519,111,2,39.11,78.22
1356,519,120,2,29.89,59.78
1357,520,49,5,21.68,108.4
1358,520,39,3,8.14,24.42
1359,521,26,1,19.41,19.41
1360,522,26,3,20.77,62.31
1361,523,63,4,48.85,195.4
1362,524,117,4,58.91,235.64
1363,524,103,3,13.29,39.87
1364,525,35,4,63.69,254.76
1365,525,100,5,40.15,200.75
1366,525,57,1,66.89,66.89
1367,525,80,3,10.29,30.869999999999997
1368,526,31,5,25.22,126.1
1369,526,98,3,64.0,192.0
1370,526,56,5,23.49,117.44999999999999
1371,526,94,5,25.57,127.85
1372,527,30,1,18.79,18.79
1373,527,116,2,92.97,185.94
1374,528,51,2,104.98,209.96
1375,528,79,3,20.4,61.199999999999996
1376,529,65,4,15.53,62.12
1377,529,72,5,31.94,159.70000000000002
1378,529,31,3,27.29,81.87
1379,529,109,1,20.94,20.94
1380,530,26,5,19.65,98.25
1381,530,44,2,16.9,33.8
1382,530,52,2,45.89,91.78
1383,530,60,5,28.85,144.25
1384,531,28,5,24.09,120.45
1385,531,104,5,46.13,230.65
1386,532,74,5,59.93,299.65
1387,532,118,1,23.78,23.78
1388,533,43,1,41.58,41.58
1389,534,51,3,105.84,317.52
1390,535,69,5,60.47,302.35
1391,535,71,2,18.57,37.14
1392,535,21,2,63.29,126.58
1393,535,101,5,58.85,294.25
1394,536,120,5,28.64,143.2
1395,537,63,3,46.92,140.76
1396,538,46,3,13.18,39.54
1397,538,49,2,22.23,44.46
1398,539,8,5,20.9,104.5
1399,539,8,5,20.64,103.2
1400,540,45,2,45.89,91.78
1401,541,26,4,19.48,77.92
1402,541,36,3,21.1,63.300000000000004
1403,541,40,4,20.14,80.56
1404,542,22,3,62.88,188.64000000000001
1405,542,49,4,23.67,94.68
1406,542,5,4,87.98,351.92
1407,543,94,3,26.67,80.01
1408,543,84,2,45.5,91.0
1409,543,21,1,63.31,63.31
1410,544,20,5,34.71,173.55
1411,544,9,4,36.26,145.04
1412,544,23,3,72.64,217.92000000000002
1413,544,71,3,18.72,56.16
1414,545,10,3,74.29,222.87
1415,545,1,3,17.91,53.730000000000004
1416,545,69,3,63.85,191.55
1417,545,112,5,59.98,299.9
1418,546,57,3,67.74,203.21999999999997
1419,546,31,4,26.55,106.2
1420,547,100,3,38.34,115.02000000000001
1421,547,101,4,54.83,219.32
1422,547,101,1,59.22,59.22
1423,547,46,4,13.7,54.8
1424,548,5,2,88.77,177.54
1425,548,120,3,29.16,87.48
1426,548,108,4,19.51,78.04
1427,549,61,3,48.5,145.5
1428,550,95,1,109.57,109.57
1429,550,116,3,94.2,282.6
1430,551,7,1,13.8,13.8
1431,552,57,2,69.58,139.16
1432,552,104,3,44.3,132.89999999999998
1433,552,86,4,38.53,154.12
1434,552,14,3,73.04,219.12
1435,553,8,2,21.19,42.38
1436,553,40,1,19.66,19.66
1437,553,54,1,57.85,57.85
1438,554,15,3,18.69,56.07000000000001
1439,554,33,5,105.74,528.6999999999999
1440,554,62,5,12.63,63.150000000000006
1441,554,96,3,75.65,226.95000000000002
1442,555,69,2,61.5,123.0
1443,556,64,2,46.1,92.2
1444,556,90,3,18.26,54.78
1445,556,77,4,20.87,83.48
1446,557,28,3,23.03,69.09
1447,557,31,3,24.84,74.52
1448,557,14,4,74.68,298.72
1449,558,15,5,18.54,92.69999999999999
1450,558,100,3,37.77,113.31
1451,558,82,1,17.82,17.82
1452,559,77,5,21.25,106.25
1453,559,54,5,60.42,302.1
1454,560,11,3,25.92,77.76
1455,561,51,1,106.13,106.13
1456,561,19,5,39.96,199.8
1457,561,116,1,94.76,94.76
1458,561,49,5,22.77,113.85
1459,562,15,1,18.99,18.99
1460,562,34,1,46.18,46.18
1461,563,78,2,16.59,33.18
1462,563,55,3,33.73,101.19
1463,563,8,5,20.91,104.55
1464,563,44,1,17.8,17.8
1465,564,83,2,36.55,73.1
1466,564,64,4,43.23,172.92
1467,565,68,3,25.38,76.14
1468,565,80,5,9.85,49.25
1469,566,88,3,40.12,120.35999999999999
1470,566,52,4,46.65,186.6
1471,567,91,2,31.53,63.06
1472,568,109,2,21.19,42.38
1473,568,16,3,34.3,102.89999999999999
1474,568,88,4,38.08,152.32
1475,569,33,5,102.26,511.3
1476,569,13,2,41.73,83.46
1477,569,31,4,25.19,100.76
1478,569,112,2,61.25,122.5
1479,570,73,2,9.55,19.1
1480,570,56,1,23.0,23.0
1481,571,32,2,21.06,42.12
1482,572,64,4,44.4,177.6
1483,573,62,3,11.55,34.650000000000006
1484,574,49,5,23.43,117.15
1485,574,54,2,59.66,119.32
1486,575,87,3,31.48,94.44
1487,575,71,1,17.27,17.27
1488,576,4,2,29.44,58.88
1489,576,43,1,38.41,38.41
1490,576,8,2,21.07,42.14
1491,577,111,1,37.23,37.23
1492,577,39,4,8.44,33.76
1493,578,116,5,88.67,443.35
1494,578,30,1,19.98,19.98
1495,579,43,2,39.63,79.26
1496,580,50,5,42.22,211.1
1497,580,110,1,66.01,66.01
1498,580,11,4,27.99,111.96
1499,581,96,3,78.72,236.16
1500,581,79,5,22.03,110.15
1501,582,28,3,24.2,72.6
1502,582,102,1,18.67,18.67
1503,582,68,3,25.3,75.9
1504,583,61,5,46.59,232.95000000000002
1505,584,46,3,14.09,42.269999999999996
1506,584,51,1,102.45,102.45
1507,584,97,1,46.3,46.3
1508,585,117,3,57.94,173.82
1509,585,108,4,18.9,75.6
1510,585,41,2,53.91,107.82
1511,585,75,2,36.19,72.38
1512,586,120,5,29.26,146.3
1513,586,76,5,13.0,65.0
1514,586,1,5,17.86,89.3
1515,587,87,3,29.74,89.22
1516,587,69,5,62.8,314.0
1517,588,60,3,30.35,91.05000000000001
1518,588,5,5,89.83,449.15
1519,588,57,2,71.96,143.92
1520,589,95,5,100.08,500.4
1521,589,68,3,27.01,81.03
1522,589,33,5,103.27,516.35
1523,589,99,3,19.39,58.17
1524,590,54,5,59.86,299.3
1525,590,78,3,16.38,49.14
1526,590,2,5,43.75,218.75
1527,591,18,5,18.26,91.30000000000001
1528,591,25,1,65.45,65.45
1529,591,17,3,51.87,155.60999999999999
1530,592,52,1,48.12,48.12
1531,592,50,2,42.87,85.74
1532,592,10,1,78.49,78.49
1533,592,80,3,9.91,29.73
1534,593,58,2,57.97,115.94
1535,593,47,1,24.45,24.45
1536,594,30,2,19.81,39.62
1537,595,46,3,13.44,40.32
1538,595,20,1,37.22,37.22
1539,595,108,5,18.34,91.7
1540,595,62,2,12.16,24.32
1541,596,105,2,14.71,29.42
1542,596,103,1,13.61,13.61
1543,597,58,1,55.89,55.89
1544,597,48,4,51.42,205.68
1545,598,87,1,29.72,29.72
1546,598,47,1,24.38,24.38
1547,598,55,4,34.66,138.64
1548,599,50,2,42.89,85.78
1549,600,73,4,9.32,37.28
1550,600,7,4,13.09,52.36
1551,601,33,4,108.22,432.88
1552,601,82,1,18.72,18.72
1553,601,60,4,29.14,116.56
1554,602,84,5,49.04,245.2
1555,602,78,5,16.65,83.25
1556,602,40,5,19.91,99.55
1557,603,54,5,60.71,303.55
1558,604,9,5,33.22,166.1
1559,604,92,2,8.49,16.98
1560,604,54,2,61.33,122.66
1561,604,33,3,105.76,317.28000000000003
1562,605,65,1,15.51,15.51
1563,605,2,4,42.27,169.08
1564,606,50,5,40.29,201.45
1565,606,110,2,65.95,131.9
1566,606,46,2,13.39,26.78
1567,606,44,4,16.89,67.56
1568,607,54,4,58.58,234.32
1569,607,31,4,27.25,109.0
1570,607,27,3,48.68,146.04
1571,607,58,1,60.76,60.76
1572,608,80,2,10.16,20.32
1573,608,30,1,19.39,19.39
1574,608,26,1,19.38,19.38
1575,609,88,4,40.02,160.08
1576,609,61,1,45.59,45.59
1577,609,37,1,9.97,9.97
1578,609,102,2,19.78,39.56
1579,610,120,3,29.16,87.48
1580,611,102,1,18.37,18.37
1581,611,34,1,44.71,44.71
1582,612,118,5,21.9,109.5
1583,613,44,5,16.85,84.25
1584,613,10,2,74.44,148.88
1585,614,65,3,14.87,44.61
1586,614,115,4,35.29,141.16
1587,614,1,2,17.43,34.86
1588,615,1,3,17.6,52.800000000000004
1589,615,1,5,17.63,88.14999999999999
1590,615,101,1,54.3,54.3
1591,616,29,1,11.56,11.56
1592,617,60,5,31.41,157.05
1593,618,10,5,79.71,398.54999999999995
1594,618,114,4,33.83,135.32
1595,618,92,5,8.03,40.15
1596,618,69,4,65.04,260.16
1597,619,105,4,14.21,56.84
1598,619,25,1,64.89,64.89
1599,620,50,5,40.87,204.35
1600,620,117,2,58.15,116.3
1601,621,62,5,12.29,61.449999999999996
1602,621,37,1,10.74,10.74
1603,621,74,3,61.37,184.10999999999999
1604,622,113,4,31.55,126.2
1605,623,12,1,37.02,37.02
1606,623,120,2,30.29,60.58
1607,624,57,1,67.38,67.38
1608,624,11,3,26.71,80.13
1609,624,116,1,92.01,92.01
1610,625,69,2,64.64,129.28
1611,626,25,3,66.23,198.69
1612,626,22,3,62.67,188.01
1613,626,11,1,27.34,27.34
1614,626,64,5,42.25,211.25
1615,627,34,3,46.52,139.56
1616,627,39,2,8.46,16.92
1617,627,66,2,98.55,197.1
1618,628,116,1,90.91,90.91
1619,628,105,5,13.87,69.35
1620,628,13,4,40.89,163.56
1621,628,43,1,38.79,38.79
1622,629,27,5,51.16,255.79999999999998
1623,629,42,4,26.76,107.04
1624,629,109,4,19.91,79.64
1625,630,42,1,27.84,27.84
1626,630,78,2,16.37,32.74
1627,630,101,3,54.63,163.89000000000001
1628,630,33,4,103.02,412.08
1629,631,57,2,69.32,138.64
1630,631,98,5,61.09,305.45000000000005
1631,632,40,3,20.29,60.87
1632,632,81,5,77.16,385.79999999999995
1633,632,22,1,62.99,62.99
1634,633,111,2,35.78,71.56
1635,633,16,3,35.0,105.0
1636,633,83,4,36.7,146.8
1637,633,117,3,57.78,173.34
1638,634,18,2,17.17,34.34
1639,634,59,5,20.01,100.05000000000001
1640,634,114,1,30.96,30.96
1641,634,9,1,34.1,34.1
1642,635,37,2,10.13,20.26
1643,635,109,1,20.23,20.23
1644,635,17,2,49.76,99.52
1645,635,115,5,38.76,193.79999999999998
1646,636,90,3,19.62,58.86
1647,636,29,3,11.62,34.86
1648,637,25,2,71.69,143.38
1649,637,38,4,111.26,445.04
1650,637,64,2,43.34,86.68
1651,638,116,2,92.32,184.64
1652,638,96,1,76.67,76.67
1653,638,2,4,44.4,177.6
1654,639,71,4,18.26,73.04
1655,640,39,3,8.04,24.119999999999997
1656,640,64,2,42.95,85.9
1657,641,52,5,46.57,232.85
1658,641,71,5,17.85,89.25
1659,641,93,3,22.99,68.97
1660,642,29,2,11.58,23.16
1661,642,45,4,46.08,184.32
1662,642,6,4,71.52,286.08
1663,643,41,2,55.04,110.08
1664,643,119,5,40.27,201.35000000000002
1665,643,88,2,36.52,73.04
1666,644,82,1,18.72,18.72
1667,644,102,2,19.44,38.88
1668,644,69,4,63.24,252.96
1669,645,12,3,37.09,111.27000000000001
1670,645,79,4,20.87,83.48
1671,645,18,3,17.94,53.82000000000001
1672,646,24,1,42.81,42.81
1673,646,80,4,10.8,43.2
1674,646,111,4,35.72,142.88
1675,647,38,5,109.57,547.8499999999999
1676,647,37,1,10.34,10.34
1677,647,81,1,80.44,80.44
1678,648,38,2,114.5,229.0
1679,648,21,4,64.9,259.6
1680,649,28,1,24.29,24.29
1681,650,97,5,49.72,248.6
1682,650,74,5,61.64,308.2
1683,650,39,4,8.4,33.6
1684,651,120,5,29.23,146.15
1685,651,41,4,54.4,217.6
1686,652,83,1,37.74,37.74
1687,652,22,5,62.0,310.0
1688,652,113,4,29.37,117.48
1689,652,26,5,20.18,100.9
1690,653,52,1,46.02,46.02
1691,653,72,2,32.98,65.96
1692,653,63,1,48.88,48.88
1693,653,70,4,73.0,292.0
1694,654,93,4,22.18,88.72
1695,654,99,3,18.41,55.230000000000004
1696,655,41,1,51.18,51.18
1697,656,76,1,13.53,13.53
1698,657,69,5,59.93,299.65
1699,657,52,2,45.63,91.26
1700,657,61,5,45.74,228.70000000000002
1701,658,97,3,48.44,145.32
1702,658,82,1,17.63,17.63
1703,658,2,3,43.22,129.66
1704,658,8,5,20.14,100.7
1705,659,85,3,70.66,211.98
1706,659,64,5,42.6,213.0
1707,659,66,4,91.31,365.24
1708,659,102,5,19.58,97.89999999999999
1709,660,27,5,48.32,241.6
1710,660,31,4,24.7,98.8
1711,660,77,2,22.37,44.74
1712,660,94,4,25.94,103.76
1713,661,119,2,39.69,79.38
1714,662,112,4,59.08,236.32
1715,663,42,4,26.6,106.4
1716,663,22,4,59.52,238.08
1717,663,77,2,22.6,45.2
1718,663,23,2,67.79,135.58
1719,664,53,5,45.83,229.14999999999998
1720,664,37,2,9.74,19.48
1721,664,48,4,50.15,200.6
1722,665,107,5,66.36,331.8
1723,665,37,2,10.52,21.04
1724,665,103,2,13.19,26.38
1725,665,28,1,22.29,22.29
1726,666,36,1,21.01,21.01
1727,666,29,4,11.07,44.28
1728,666,90,1,19.09,19.09
1729,666,93,2,23.19,46.38
1730,667,5,1,86.28,86.28
1731,667,39,1,8.66,8.66
1732,667,113,5,30.08,150.39999999999998
1733,668,64,2,41.97,83.94
1734,668,22,3,60.7,182.10000000000002
1735,669,26,4,20.44,81.76
1736,669,56,5,23.3,116.5
1737,669,26,4,20.49,81.96
1738,670,53,3,41.59,124.77000000000001
1739,670,71,1,17.57,17.57
1740,670,56,3,23.66,70.98
1741,671,70,4,71.65,286.6
1742,671,7,1,12.61,12.61
1743,671,61,4,48.33,193.32
1744,671,7,1,13.57,13.57
1745,672,84,5,45.63,228.15
1746,672,63,5,45.88,229.4
1747,672,77,1,21.85,21.85
1748,672,41,5,53.28,266.4
1749,673,25,2,67.73,135.46
1750,674,82,1,19.13,19.13
1751,674,7,5,12.59,62.95
1752,674,59,2,20.52,41.04
1753,674,33,3,107.77,323.31
1754,675,43,5,39.22,196.1
1755,675,52,5,48.47,242.35
1756,675,56,3,23.53,70.59
1757,676,25,4,66.58,266.32
1758,676,16,2,34.55,69.1
1759,676,58,1,55.88,55.88
1760,677,35,4,62.71,250.84
1761,677,5,3,86.0,258.0
1762,678,103,5,13.2,66.0
1763,678,58,2,58.05,116.1
1764,679,11,2,27.35,54.7
1765,679,43,4,39.84,159.36
1766,679,15,3,19.26,57.78
1767,679,116,1,96.73,96.73
1768,680,59,4,19.98,79.92
1769,681,106,5,50.91,254.54999999999998
1770,681,42,4,25.42,101.68
1771,681,115,4,38.24,152.96
1772,682,113,1,30.44,30.44
1773,682,80,3,10.42,31.259999999999998
1774,682,51,4,110.15,440.6
1775,682,117,3,60.97,182.91
1776,683,69,5,61.45,307.25
1777,683,23,5,70.38,351.9
1778,683,9,3,33.32,99.96000000000001
1779,683,64,5,44.87,224.35
1780,684,30,1,19.28,19.28
1781,685,90,5,19.04,95.19999999999999
1782,686,66,1,91.65,91.65
1783,686,58,5,59.9,299.5
1784,686,34,3,44.72,134.16
1785,687,26,2,19.65,39.3
1786,688,25,5,65.75,328.75
1787,688,79,1,21.5,21.5
1788,688,95,3,101.91,305.73
1789,688,117,2,59.9,119.8
1790,689,82,2,19.05,38.1
1791,689,63,5,48.1,240.5
1792,689,83,1,37.01,37.01
1793,689,30,5,19.94,99.7
1794,690,106,1,52.73,52.73
1795,690,5,2,87.32,174.64
1796,690,109,2,20.19,40.38
1797,690,13,2,40.54,81.08
1798,691,114,2,31.01,62.02
1799,691,94,4,26.38,105.52
1800,692,51,1,107.04,107.04
1801,692,59,3,20.77,62.31
1802,693,36,3,21.66,64.98
1803,693,26,3,18.76,56.28
1804,693,38,2,112.05,224.1
1805,694,104,5,46.42,232.10000000000002
1806,695,31,2,26.12,52.24
1807,695,53,3,45.75,137.25
1808,695,83,3,36.0,108.0
1809,696,96,3,74.45,223.35000000000002
1810,696,37,2,10.17,20.34
1811,696,98,4,63.12,252.48
1812,696,22,2,58.85,117.7
1813,697,87,3,30.51,91.53
1814,698,14,5,77.58,387.9
1815,699,117,3,58.3,174.89999999999998
1816,699,12,2,37.98,75.96
1817,700,108,4,20.04,80.16
1818,700,92,2,8.22,16.44
1819,700,16,5,34.68,173.4
1820,700,93,5,22.26,111.30000000000001
1821,701,42,5,27.83,139.14999999999998
1822,701,118,5,23.22,116.1
1823,702,115,4,38.72,154.88
1824,702,112,4,64.36,257.44
1825,702,79,2,21.61,43.22
1826,703,108,2,18.53,37.06
1827,703,54,5,60.08,300.4
1828,703,8,4,19.82,79.28
1829,703,104,4,44.61,178.44
1830,704,6,2,76.42,152.84
1831,704,77,2,21.57,43.14
1832,705,65,2,14.98,29.96
1833,706,45,4,44.26,177.04
1834,706,89,3,18.05,54.150000000000006
1835,706,33,3,108.72,326.15999999999997
1836,706,112,4,62.89,251.56
1837,707,103,5,13.86,69.3
1838,707,111,5,37.01,185.04999999999998
1839,708,102,2,18.61,37.22
1840,708,100,3,37.97,113.91
1841,708,111,3,35.94,107.82
1842,709,111,5,38.86,194.3
1843,709,95,4,108.03,432.12
1844,709,96,5,72.32,361.59999999999997
1845,709,23,2,71.02,142.04
1846,710,21,3,66.08,198.24
1847,710,47,3,25.2,75.6
1848,710,44,3,16.49,49.47
1849,710,40,3,19.06,57.17999999999999
1850,711,36,5,20.41,102.05
1851,711,31,2,25.26,50.52
1852,711,69,3,59.77,179.31
1853,711,96,1,78.23,78.23
1854,712,98,4,64.02,256.08
1855,712,15,1,19.37,19.37
1856,713,65,4,15.64,62.56
1857,713,58,4,58.76,235.04
1858,713,96,5,76.23,381.15000000000003
1859,714,104,3,45.96,137.88
1860,714,40,4,20.67,82.68
1861,715,95,5,103.58,517.9
1862,715,72,2,33.89,67.78
1863,715,33,2,98.97,197.94
1864,716,68,3,25.13,75.39
1865,716,5,1,88.25,88.25
1866,717,7,2,13.19,26.38
1867,717,50,3,40.3,120.89999999999999
1868,717,116,2,96.28,192.56
1869,717,72,1,33.01,33.01
1870,718,81,4,79.93,319.72
1871,718,103,2,13.92,27.84
1872,718,54,1,61.47,61.47
1873,718,64,4,45.44,181.76
1874,719,34,2,44.84,89.68
1875,719,32,3,21.62,64.86
1876,719,111,4,36.74,146.96
1877,719,83,2,37.72,75.44
1878,720,16,3,34.07,102.21000000000001
1879,720,49,4,21.85,87.4
1880,721,93,4,23.33,93.32
1881,721,100,2,37.87,75.74
1882,721,80,2,10.4,20.8
1883,721,3,1,30.68,30.68
1884,722,45,1,44.19,44.19
1885,723,51,2,109.54,219.08
1886,723,22,5,59.8,299.0
1887,723,51,5,105.2,526.0
1888,724,45,5,46.3,231.5
1889,725,71,2,18.23,36.46
1890,725,38,3,107.82,323.46
1891,725,44,2,17.13,34.26
1892,726,105,2,15.09,30.18
1893,726,49,1,23.68,23.68
1894,726,23,5,67.98,339.90000000000003
1895,726,89,4,17.53,70.12
1896,727,32,4,21.53,86.12
1897,727,21,2,68.07,136.14
1898,727,92,5,8.76,43.8
1899,727,29,2,11.31,22.62
1900,728,1,1,17.62,17.62
1901,728,13,3,39.69,119.07
1902,729,90,5,19.17,95.85000000000001
1903,729,31,4,24.74,98.96
1904,729,48,5,49.38,246.9
1905,729,61,3,47.23,141.69
1906,730,34,2,47.4,94.8
1907,731,23,3,67.11,201.32999999999998
1908,731,9,3,33.99,101.97
1909,731,9,5,35.1,175.5
1910,732,110,2,66.37,132.74
1911,732,120,2,28.07,56.14
1912,733,77,3,21.9,65.69999999999999
1913,734,55,3,33.76,101.28
1914,734,98,3,59.67,179.01
1915,734,100,1,40.7,40.7
1916,734,54,5,60.75,303.75
1917,735,89,3,18.34,55.019999999999996
1918,735,12,3,36.97,110.91
1919,735,20,3,36.41,109.22999999999999
1920,735,102,5,18.21,91.05000000000001
1921,736,62,4,12.54,50.16
1922,737,98,3,62.07,186.21
1923,737,69,3,63.19,189.57
1924,738,15,2,18.5,37.0
1925,738,19,1,38.84,38.84
1926,738,64,5,42.12,210.6
1927,739,14,5,74.09,370.45000000000005
1928,740,102,2,17.92,35.84
1929,740,32,2,20.9,41.8
1930,741,84,5,45.9,229.5
1931,742,32,2,22.46,44.92
1932,743,93,4,22.67,90.68
1933,744,34,5,47.61,238.05
1934,744,63,5,47.92,239.60000000000002
1935,744,31,4,25.83,103.32
1936,745,106,1,49.7,49.7
1937,745,66,5,93.44,467.2
1938,745,63,1,46.2,46.2
1939,746,36,2,20.77,41.54
1940,746,22,1,57.1,57.1
1941,747,93,1,23.11,23.11
1942,748,7,1,13.03,13.03
1943,748,7,3,12.56,37.68
1944,748,79,1,21.26,21.26
1945,748,75,2,36.52,73.04
1946,749,40,1,19.22,19.22
1947,749,93,4,23.23,92.92
1948,749,8,4,21.8,87.2
1949,750,53,2,45.38,90.76
1950,750,109,5,19.73,98.65
1951,750,39,1,8.07,8.07
1952,750,95,1,102.39,102.39
1953,751,37,3,10.32,30.96
1954,751,28,5,24.3,121.5
1955,751,40,2,19.33,38.66
1956,751,35,5,61.65,308.25
1957,752,15,2,19.48,38.96
1958,752,110,4,65.14,260.56
1959,752,70,2,66.63,133.26
1960,753,116,3,88.65,265.95000000000005
1961,754,75,2,35.27,70.54
1962,754,108,2,18.77,37.54
1963,754,47,3,23.9,71.69999999999999
1964,754,23,2,74.28,148.56
1965,755,115,3,36.23,108.69
1966,756,100,3,38.35,115.05000000000001
1967,756,110,3,69.46,208.38
1968,756,111,1,39.28,39.28
1969,757,36,3,21.27,63.81
1970,758,66,4,96.61,386.44
1971,758,88,1,37.3,37.3
1972,758,106,2,48.45,96.9
1973,758,14,1,79.26,79.26
1974,759,112,2,65.36,130.72
1975,759,91,5,29.76,148.8
1976,759,57,1,71.25,71.25
1977,759,89,2,17.5,35.0
1978,760,34,1,43.54,43.54
1979,760,43,5,40.51,202.54999999999998
1980,760,24,3,45.0,135.0
1981,760,47,1,23.12,23.12
1982,761,38,2,112.39,224.78
1983,761,71,4,18.14,72.56
1984,762,53,4,43.07,172.28
1985,762,34,4,43.49,173.96
1986,762,47,3,25.38,76.14
1987,763,69,3,64.87,194.61
1988,764,96,5,78.3,391.5
1989,764,107,2,70.4,140.8
1990,764,32,5,22.99,114.94999999999999
1991,764,54,5,62.42,312.1
1992,765,86,5,37.58,187.89999999999998
1993,766,25,4,68.35,273.4
1994,766,89,2,18.13,36.26
1995,766,67,4,27.21,108.84
1996,766,17,3,47.85,143.55
1997,767,79,5,21.97,109.85
1998,768,20,5,35.45,177.25
1999,768,64,1,42.33,42.33
2000,769,38,4,118.62,474.48
2001,769,3,4,31.59,126.36
2002,769,82,4,18.7,74.8
2003,770,81,5,84.84,424.20000000000005
2004,770,33,1,107.81,107.81
2005,770,5,5,86.22,431.1
2006,770,106,1,51.26,51.26
2007,771,51,1,100.64,100.64
2008,771,103,4,13.89,55.56
2009,771,50,5,40.46,202.3
2010,772,90,5,18.56,92.8
2011,772,102,1,19.53,19.53
2012,773,82,5,17.71,88.55000000000001
2013,773,104,4,46.4,185.6
2014,774,8,3,20.07,60.21
2015,774,94,4,25.42,101.68
2016,774,87,2,29.18,58.36
2017,775,99,3,19.36,58.08
2018,775,77,2,21.78,43.56
2019,776,27,2,50.95,101.9
2020,777,73,4,10.11,40.44
2021,777,86,2,37.45,74.9
2022,777,120,4,31.03,124.12
2023,778,90,2,17.87,35.74
2024,778,101,5,54.31,271.55
2025,779,94,1,27.56,27.56
2026,779,13,2,42.93,85.86
2027,779,96,2,76.87,153.74
2028,779,85,3,68.22,204.66
2029,780,20,3,36.75,110.25
2030,781,23,1,68.65,68.65
2031,781,31,3,25.81,77.42999999999999
2032,781,71,3,18.51,55.53
2033,782,95,3,104.44,313.32
2034,782,106,3,51.82,155.46
2035,782,18,4,17.58,70.32
2036,782,118,4,23.7,94.8
2037,783,15,1,18.53,18.53
2038,783,71,4,18.23,72.92
2039,783,118,5,23.22,116.1
2040,783,50,3,41.09,123.27000000000001
2041,784,117,2,58.94,117.88
2042,784,76,3,13.74,41.22
2043,784,41,1,52.08,52.08
2044,785,106,3,47.97,143.91
2045,785,2,1,43.53,43.53
2046,785,92,2,8.68,17.36
2047,785,48,5,54.26,271.3
2048,786,86,5,38.97,194.85
2049,786,4,3,30.03,90.09
2050,787,109,5,19.41,97.05
2051,787,18,2,17.62,35.24
2052,788,73,2,9.92,19.84
2053,788,27,5,50.88,254.4
2054,788,111,4,38.89,155.56
2055,788,101,3,59.17,177.51
2056,789,101,2,59.11,118.22
2057,790,46,4,13.03,52.12
2058,790,22,5,57.24,286.2
2059,790,1,2,16.45,32.9
2060,790,25,4,66.92,267.68
2061,791,77,2,22.4,44.8
2062,791,41,2,54.08,108.16
2063,791,9,2,34.56,69.12
2064,792,120,5,30.33,151.64999999999998
2065,792,108,2,18.77,37.54
2066,792,53,3,45.8,137.39999999999998
2067,793,30,5,18.66,93.3
2068,794,54,3,59.35,178.05
2069,794,29,1,11.8,11.8
2070,794,9,5,35.66,178.29999999999998
2071,795,48,1,49.78,49.78
2072,795,20,5,33.85,169.25
2073,796,13,2,41.8,83.6
2074,797,119,4,41.68,166.72
2075,797,3,4,31.86,127.44
2076,797,100,2,37.12,74.24
2077,798,110,2,70.37,140.74
2078,798,52,1,46.7,46.7
2079,798,104,2,43.68,87.36
2080,798,61,1,48.49,48.49
2081,799,110,1,70.31,70.31
2082,799,100,3,38.7,116.10000000000001
2083,799,82,5,17.46,87.30000000000001
2084,800,69,2,63.04,126.08
2085,801,2,4,43.7,174.8
2086,801,34,2,47.95,95.9
2087,802,117,4,59.53,238.12
2088,802,111,3,38.05,114.14999999999999
2089,802,86,4,38.87,155.48
2090,803,60,4,29.44,117.76
2091,803,50,5,39.35,196.75
2092,803,51,3,107.59,322.77
2093,804,88,2,39.14,78.28
2094,804,32,1,22.93,22.93
2095,804,69,4,60.33,241.32
2096,805,76,2,13.06,26.12
2097,806,81,1,76.83,76.83
2098,806,20,3,36.28,108.84
2099,806,99,5,18.14,90.7
2100,806,53,2,43.8,87.6
2101,807,113,3,30.99,92.97
2102,808,54,3,59.59,178.77
2103,808,96,4,71.67,286.68
2104,808,14,5,76.16,380.79999999999995
2105,808,108,3,19.29,57.87
2106,809,4,3,28.4,85.19999999999999
2107,809,69,3,63.13,189.39000000000001
2108,810,90,4,19.79,79.16
2109,810,41,4,56.09,224.36
2110,810,115,2,38.43,76.86
2111,810,81,2,82.8,165.6
2112,811,109,4,20.89,83.56
2113,812,67,3,28.47,85.41
2114,812,85,4,69.04,276.16
2115,812,7,1,12.76,12.76
2116,813,8,5,21.46,107.30000000000001
2117,813,70,5,70.5,352.5
2118,813,45,5,46.74,233.70000000000002
2119,813,51,1,109.85,109.85
2120,814,74,3,59.26,177.78
2121,814,45,4,47.2,188.8
2122,814,120,2,28.26,56.52
2123,814,87,5,29.92,149.60000000000002
2124,815,73,1,9.73,9.73
2125,815,107,4,72.16,288.64
2126,816,3,3,32.12,96.35999999999999
2127,816,24,3,44.87,134.60999999999999
2128,817,100,4,39.4,157.6
2129,817,96,3,74.84,224.52
2130,817,71,1,18.72,18.72
2131,817,21,3,67.64,202.92000000000002
2132,818,36,5,20.4,102.0
2133,818,70,1,66.47,66.47
2134,818,11,1,26.12,26.12
2135,819,102,4,19.66,78.64
2136,819,40,1,20.34,20.34
2137,819,109,5,19.55,97.75
2138,819,65,3,15.55,46.650000000000006
2139,820,38,4,112.23,448.92
2140,821,5,4,91.01,364.04
2141,821,99,5,18.95,94.75
2142,822,80,5,10.51,52.55
2143,822,106,5,48.96,244.8
2144,823,27,4,53.19,212.76
2145,823,21,2,67.81,135.62
2146,824,29,2,10.8,21.6
2147,824,47,2,24.74,49.48
2148,824,46,5,13.79,68.94999999999999
2149,824,94,3,26.77,80.31
2150,825,115,1,35.41,35.41
2151,825,2,1,43.63,43.63
2152,825,65,3,15.61,46.83
2153,825,76,1,12.49,12.49
2154,826,29,4,11.29,45.16
2155,826,50,1,42.0,42.0
2156,826,88,4,36.98,147.92
2157,827,63,3,50.1,150.3
2158,828,8,4,21.3,85.2
2159,828,51,3,106.88,320.64
2160,829,40,2,19.76,39.52
2161,829,24,1,42.86,42.86
2162,830,13,3,42.88,128.64000000000001
2163,830,42,1,25.33,25.33
2164,830,104,5,45.63,228.15
2165,831,104,4,42.78,171.12
2166,831,19,5,40.02,200.10000000000002
2167,832,74,3,59.87,179.60999999999999
2168,832,89,5,17.82,89.1
2169,832,58,4,61.68,246.72
2170,833,5,5,94.94,474.7
2171,833,85,2,66.43,132.86
2172,833,20,4,36.96,147.84
2173,833,23,3,67.06,201.18
2174,834,35,4,61.38,245.52
2175,834,11,2,28.27,56.54
2176,834,113,2,30.39,60.78
2177,835,66,5,95.94,479.7
2178,835,98,3,61.53,184.59
2179,835,2,5,43.27,216.35000000000002
2180,835,23,2,73.35,146.7
2181,836,18,2,17.73,35.46
2182,836,9,3,35.68,107.03999999999999
2183,837,87,1,29.34,29.34
2184,837,20,3,34.39,103.17
2185,837,109,1,20.46,20.46
2186,838,90,1,19.5,19.5
2187,838,35,1,62.47,62.47
2188,839,33,2,103.93,207.86
2189,839,46,4,14.19,56.76
2190,840,65,2,15.85,31.7
2191,840,82,1,18.6,18.6
2192,841,54,5,57.94,289.7
2193,841,97,1,47.92,47.92
2194,841,93,4,22.87,91.48
2195,842,32,3,21.72,65.16
2196,842,48,1,53.81,53.81
2197,842,100,4,41.05,164.2
2198,843,88,1,39.25,39.25
2199,843,117,1,58.19,58.19
2200,843,12,1,37.46,37.46
2201,844,11,1,26.03,26.03
2202,844,61,2,45.55,91.1
2203,844,27,1,48.63,48.63
2204,844,89,1,18.24,18.24
2205,845,88,1,37.15,37.15
2206,845,54,2,57.51,115.02
2207,845,5,1,94.87,94.87
2208,846,43,2,40.59,81.18
2209,846,35,4,61.39,245.56
2210,846,48,1,51.93,51.93
2211,847,102,5,19.78,98.9
2212,847,89,3,18.12,54.36
2213,847,82,2,17.52,35.04
2214,847,2,1,43.86,43.86
2215,848,77,1,21.67,21.67
2216,849,63,4,50.16,200.64
2217,850,74,1,59.84,59.84
2218,851,49,3,23.43,70.28999999999999
2219,852,61,1,49.37,49.37
2220,853,41,3,51.12,153.35999999999999
2221,854,93,5,24.46,122.30000000000001
2222,854,49,5,22.8,114.0
2223,854,104,3,45.86,137.57999999999998
2224,855,112,2,63.24,126.48
2225,855,96,2,74.85,149.7
2226,855,64,2,43.21,86.42
2227,856,58,2,56.68,113.36
2228,856,63,4,48.72,194.88
2229,856,94,1,25.56,25.56
2230,857,104,5,43.13,215.65
2231,857,91,1,30.34,30.34
2232,857,86,4,36.3,145.2
2233,857,55,4,35.34,141.36
2234,858,31,4,25.59,102.36
2235,858,41,4,52.35,209.4
2236,858,120,3,30.27,90.81
2237,858,50,1,40.34,40.34
2238,859,58,4,56.74,226.96
2239,859,60,2,29.12,58.24
2240,860,43,2,38.46,76.92
2241,861,18,5,16.5,82.5
2242,861,27,1,52.06,52.06
2243,862,27,3,51.26,153.78
2244,862,24,2,42.69,85.38
2245,862,13,1,41.06,41.06
2246,862,113,5,32.06,160.3
2247,863,9,4,34.53,138.12
2248,863,15,3,20.06,60.17999999999999
2249,863,68,5,25.08,125.39999999999999
2250,863,111,2,37.98,75.96
2251,864,84,2,47.63,95.26
2252,865,16,1,34.82,34.82
2253,866,74,4,60.05,240.2
2254,866,72,5,33.08,165.39999999999998
2255,866,88,5,40.06,200.3
2256,867,35,1,59.87,59.87
2257,867,49,2,23.14,46.28
2258,867,116,5,89.95,449.75
2259,867,96,5,74.09,370.45000000000005
2260,868,31,2,26.08,52.16
2261,868,90,3,19.27,57.81
2262,868,104,3,46.26,138.78
2263,868,86,1,38.2,38.2
2264,869,76,2,13.42,26.84
2265,869,92,4,8.29,33.16
2266,869,65,4,14.81,59.24
2267,869,28,1,23.98,23.98
2268,870,59,3,19.76,59.28
2269,870,69,2,64.52,129.04
2270,871,92,4,8.67,34.68
2271,871,93,4,22.29,89.16
2272,871,16,4,32.83,131.32
2273,871,12,3,38.19,114.57
2274,872,20,2,34.45,68.9
2275,872,30,1,18.65,18.65
2276,872,34,4,45.26,181.04
2277,873,59,5,20.62,103.10000000000001
2278,873,86,3,36.08,108.24
2279,874,50,1,43.44,43.44
2280,875,55,3,35.55,106.64999999999999
2281,875,110,1,69.64,69.64
2282,875,91,5,29.17,145.85000000000002
2283,876,91,4,29.14,116.56
2284,876,91,5,29.67,148.35000000000002
2285,877,5,4,93.96,375.84
2286,877,89,5,18.54,92.69999999999999
2287,878,56,3,22.74,68.22
2288,879,76,5,13.04,65.19999999999999
2289,880,92,3,8.35,25.049999999999997
2290,881,7,2,12.95,25.9
2291,882,81,5,84.49,422.45
2292,882,106,2,51.05,102.1
2293,882,65,2,15.12,30.24
2294,882,79,3,19.93,59.79
2295,883,11,3,26.08,78.24
2296,884,91,3,30.41,91.23
2297,884,110,4,69.57,278.28
2298,885,43,3,40.19,120.57
2299,885,50,5,42.83,214.14999999999998
2300,885,63,5,49.03,245.15
2301,885,18,4,17.95,71.8
2302,886,11,2,27.66,55.32
2303,887,11,1,28.39,28.39
2304,887,20,1,34.87,34.87
2305,887,95,4,101.66,406.64
2306,888,76,1,13.57,13.57
2307,888,74,4,58.66,234.64
2308,889,10,3,73.74,221.21999999999997
2309,889,31,4,26.13,104.52
2310,890,113,5,31.17,155.85000000000002
2311,890,64,1,42.28,42.28
2312,891,10,3,76.89,230.67000000000002
2313,891,114,5,31.55,157.75
2314,891,68,2,25.16,50.32
2315,892,60,4,31.65,126.6
2316,892,72,4,32.14,128.56
2317,892,47,5,24.04,120.19999999999999
2318,892,83,1,35.23,35.23
2319,893,37,5,10.7,53.5
2320,893,43,1,37.68,37.68
2321,893,22,1,57.07,57.07
2322,894,24,1,44.38,44.38
2323,895,110,4,65.04,260.16
2324,896,25,1,66.07,66.07
2325,896,21,4,63.76,255.04
2326,896,58,2,58.42,116.84
2327,897,7,4,13.74,54.96
2328,897,50,4,41.13,164.52
2329,898,18,2,17.92,35.84
2330,899,31,5,27.23,136.15
2331,899,22,2,62.36,124.72
2332,899,104,1,45.97,45.97
2333,900,51,4,108.14,432.56
2334,900,1,1,16.56,16.56
2335,901,110,2,65.4,130.8
2336,901,120,3,28.9,86.69999999999999
2337,901,17,5,50.76,253.79999999999998
2338,901,12,4,38.02,152.08
2339,902,18,4,17.4,69.6
2340,902,33,3,107.71,323.13
2341,902,53,2,41.41,82.82
2342,902,96,5,78.14,390.7
2343,903,109,1,20.38,20.38
2344,904,103,1,13.63,13.63
2345,904,112,1,60.87,60.87
2346,904,7,4,12.73,50.92
2347,904,115,2,37.2,74.4
2348,905,79,1,21.78,21.78
2349,905,16,1,35.43,35.43
2350,905,120,4,30.54,122.16
2351,905,85,3,68.51,205.53000000000003
2352,906,91,3,30.67,92.01
2353,906,78,4,17.06,68.24
2354,906,95,3,100.94,302.82
2355,907,4,5,29.31,146.54999999999998
2356,907,67,3,26.38,79.14
2357,907,81,4,82.66,330.64
2358,908,104,2,46.14,92.28
2359,908,84,3,49.44,148.32
2360,909,30,1,18.82,18.82
2361,909,79,2,21.27,42.54
2362,910,30,5,19.67,98.35000000000001
2363,911,26,5,20.05,100.25
2364,912,75,3,33.64,100.92
2365,912,40,2,19.92,39.84
2366,912,40,4,19.9,79.6
2367,913,67,4,28.75,115.0
2368,913,24,1,46.26,46.26
2369,913,17,4,50.68,202.72
2370,914,53,1,41.97,41.97
2371,915,20,1,35.7,35.7
2372,915,89,3,18.64,55.92
2373,916,84,4,45.81,183.24
2374,916,114,2,33.7,67.4
2375,916,20,5,33.92,169.60000000000002
2376,917,90,3,19.78,59.34
2377,918,3,4,32.1,128.4
2378,919,75,3,37.26,111.78
2379,919,23,3,69.55,208.64999999999998
2380,919,87,2,31.86,63.72
2381,919,10,3,74.64,223.92000000000002
2382,920,6,2,69.85,139.7
2383,920,34,1,45.35,45.35
2384,921,43,4,40.96,163.84
2385,921,92,2,7.93,15.86
2386,922,24,1,44.54,44.54
2387,923,95,5,106.65,533.25
2388,924,60,4,31.17,124.68
2389,924,9,2,33.7,67.4
2390,924,115,4,35.4,141.6
2391,925,69,1,60.13,60.13
2392,925,103,2,13.66,27.32
2393,926,11,2,27.69,55.38
2394,926,55,3,34.64,103.92
2395,927,23,3,70.87,212.61
2396,928,62,3,11.9,35.7
2397,928,95,2,100.96,201.92
2398,928,102,2,18.05,36.1
2399,928,117,1,59.41,59.41
2400,929,32,1,23.05,23.05
2401,929,33,2,103.6,207.2
2402,929,93,4,23.38,93.52
2403,929,94,5,27.62,138.1
2404,930,40,5,19.96,99.80000000000001
2405,930,42,2,25.33,50.66
2406,931,24,3,44.24,132.72
2407,932,95,2,100.2,200.4
2408,932,14,1,78.64,78.64
2409,932,69,4,65.21,260.84
2410,932,47,1,23.56,23.56
2411,933,66,1,94.39,94.39
2412,933,111,5,35.86,179.3
2413,933,98,5,59.07,295.35
2414,934,109,3,19.37,58.11
2415,934,84,3,45.02,135.06
2416,934,52,4,48.28,193.12
2417,934,117,3,58.96,176.88
2418,935,68,4,26.71,106.84
2419,935,44,1,17.99,17.99
2420,935,103,5,14.06,70.3
2421,936,115,1,35.11,35.11
2422,936,58,4,58.04,232.16
2423,936,100,5,40.84,204.20000000000002
2424,936,60,1,31.64,31.64
2425,937,60,2,30.88,61.76
2426,938,64,2,43.11,86.22
2427,938,61,3,47.42,142.26
2428,938,108,1,18.82,18.82
2429,939,109,3,19.72,59.16
2430,939,96,5,73.33,366.65
2431,940,71,1,18.33,18.33
2432,940,14,5,76.93,384.65000000000003
2433,940,41,4,54.05,216.2
2434,940,17,3,52.16,156.48
2435,941,5,3,92.69,278.07
2436,941,76,1,13.05,13.05
2437,941,36,5,21.66,108.3
2438,942,10,1,73.84,73.84
2439,942,27,1,50.46,50.46
2440,942,8,4,19.91,79.64
2441,943,16,1,36.01,36.01
2442,943,60,1,29.46,29.46
2443,943,81,2,77.29,154.58
2444,943,95,3,108.54,325.62
2445,944,48,2,54.09,108.18
2446,944,89,5,18.55,92.75
2447,944,12,5,37.64,188.2
2448,945,16,3,36.31,108.93
2449,945,40,3,19.4,58.199999999999996
2450,945,77,3,21.21,63.63
2451,946,17,2,48.28,96.56
2452,946,1,3,16.38,49.14
2453,946,72,2,33.14,66.28
2454,947,49,5,23.32,116.6
2455,948,52,3,48.05,144.14999999999998
2456,948,51,3,105.2,315.6
2457,948,113,2,31.43,62.86
2458,949,14,1,78.26,78.26
2459,949,74,1,58.73,58.73
2460,950,92,2,8.33,16.66
2461,951,92,4,8.7,34.8
2462,951,11,5,26.69,133.45000000000002
2463,952,41,4,51.1,204.4
2464,952,116,1,91.03,91.03
2465,953,91,1,30.78,30.78
2466,953,111,3,35.81,107.43
2467,954,89,3,17.34,52.019999999999996
2468,954,9,1,34.36,34.36
2469,955,119,3,40.3,120.89999999999999
2470,955,101,1,58.81,58.81
2471,955,80,4,10.35,41.4
2472,955,1,5,17.97,89.85
2473,956,110,1,67.03,67.03
2474,956,107,2,69.57,139.14
2475,956,105,4,14.58,58.32
2476,956,36,4,20.2,80.8
2477,957,111,3,35.62,106.85999999999999
2478,958,1,5,16.84,84.2
2479,958,69,3,59.14,177.42000000000002
2480,959,93,4,23.93,95.72
2481,959,27,3,52.76,158.28
2482,960,117,5,58.36,291.8
2483,960,71,3,17.36,52.08
2484,960,20,1,34.17,34.17
2485,960,111,5,37.57,187.85
2486,961,16,3,34.3,102.89999999999999
2487,961,117,4,62.13,248.52
2488,962,118,3,23.81,71.42999999999999
2489,962,114,2,34.02,68.04
2490,962,39,2,8.45,16.9
2491,963,53,1,45.15,45.15
2492,964,91,1,31.24,31.24
2493,964,97,2,46.39,92.78
2494,964,26,4,20.0,80.0
2495,965,59,1,20.04,20.04
2496,965,47,4,24.44,97.76
2497,966,84,4,47.2,188.8
2498,966,93,4,22.71,90.84
2499,966,52,4,48.99,195.96
2500,966,108,5,18.56,92.8
2501,967,37,2,9.97,19.94
2502,968,91,4,31.26,125.04
2503,968,54,5,62.68,313.4
2504,969,13,4,43.02,172.08
2505,969,37,5,10.71,53.550000000000004
2506,969,101,5,54.2,271.0
2507,969,51,3,105.28,315.84000000000003
2508,970,95,4,101.94,407.76
2509,971,82,3,18.39,55.17
2510,971,50,5,42.51,212.54999999999998
2511,972,25,1,71.68,71.68
2512,972,87,5,32.23,161.14999999999998
2513,973,82,5,18.57,92.85
2514,973,38,2,112.02,224.04
2515,973,9,1,34.1,34.1
2516,974,47,3,24.38,73.14
2517,975,1,4,16.57,66.28
2518,975,93,2,23.02,46.04
2519,975,28,4,22.56,90.24
2520,976,48,3,49.29,147.87
2521,976,25,2,71.58,143.16
2522,976,110,3,66.44,199.32
2523,976,100,1,38.94,38.94
2524,977,113,3,31.61,94.83
2525,977,91,4,30.29,121.16
2526,978,15,5,19.86,99.3
2527,979,80,2,10.76,21.52
2528,979,55,1,34.34,34.34
2529,980,85,1,69.18,69.18
2530,980,84,5,46.0,230.0
2531,980,80,5,10.79,53.949999999999996
2532,981,76,4,12.55,50.2
2533,981,100,3,40.31,120.93
2534,981,105,5,14.98,74.9
2535,982,65,4,15.84,63.36
2536,982,1,2,17.53,35.06
2537,982,3,2,30.65,61.3
2538,983,5,5,91.2,456.0
2539,983,104,1,42.89,42.89
2540,983,55,4,33.96,135.84
2541,983,57,1,71.16,71.16
2542,984,34,4,45.9,183.6
2543,984,112,2,65.14,130.28
2544,984,29,1,11.1,11.1
2545,984,108,1,18.82,18.82
2546,985,81,1,80.75,80.75
2547,985,48,5,49.38,246.9
2548,986,80,5,10.58,52.9
2549,986,112,2,60.13,120.26
2550,986,8,2,21.03,42.06
2551,986,8,1,20.01,20.01
2552,987,21,3,64.59,193.77
2553,987,80,5,10.38,51.900000000000006
2554,988,63,3,47.8,143.39999999999998
2555,989,82,4,19.34,77.36
2556,989,49,5,23.16,115.8
2557,989,101,5,56.5,282.5
2558,990,57,2,70.15,140.3
2559,990,57,2,70.78,141.56
2560,990,58,3,61.41,184.23
2561,990,29,1,10.96,10.96
2562,991,118,3,23.34,70.02
2563,991,6,4,69.17,276.68
2564,992,4,1,27.68,27.68
2565,992,57,5,70.59,352.95000000000005
2566,992,83,5,36.81,184.05
2567,993,55,2,36.27,72.54
2568,993,95,2,104.15,208.3
2569,993,43,5,38.25,191.25
2570,994,28,5,23.82,119.1
2571,994,77,4,21.88,87.52
2572,994,30,2,18.76,37.52
2573,994,64,3,44.1,132.3
2574,995,77,4,21.94,87.76
2575,996,14,4,72.99,291.96
2576,997,28,2,24.04,48.08
2577,997,6,1,73.74,73.74
2578,998,26,1,18.86,18.86
2579,999,107,2,68.97,137.94
2580,999,2,3,42.4,127.19999999999999
2581,999,90,1,19.63,19.63
2582,999,22,1,59.87,59.87
2583,1000,56,2,22.44,44.88
2584,1000,1,5,17.56,87.8
2585,1000,60,2,29.42,58.84
2586,1001,112,4,65.32,261.28
2587,1001,14,4,71.63,286.52
2588,1001,38,4,108.91,435.64
2589,1002,32,5,23.19,115.95
2590,1002,85,2,72.99,145.98
2591,1002,99,1,17.89,17.89
2592,1003,33,1,102.95,102.95
2593,1003,16,3,36.1,108.30000000000001
2594,1004,107,3,67.31,201.93
2595,1005,13,3,42.69,128.07
2596,1005,103,5,13.53,67.64999999999999
2597,1005,67,1,28.75,28.75
2598,1005,94,4,27.21,108.84
2599,1006,101,2,58.11,116.22
2600,1006,84,4,46.72,186.88
2601,1007,46,1,14.43,14.43
2602,1007,39,1,8.22,8.22
2603,1008,78,3,16.12,48.36
2604,1008,62,2,12.41,24.82
2605,1009,109,5,19.64,98.2
2606,1009,92,4,7.99,31.96
2607,1010,107,3,70.31,210.93
2608,1010,48,2,53.19,106.38
2609,1010,57,4,70.0,280.0
2610,1010,106,3,48.76,146.28
2611,1011,36,4,20.31,81.24
2612,1012,100,4,38.29,153.16
2613,1013,69,5,63.3,316.5
2614,1014,51,2,99.98,199.96
2615,1014,111,4,38.96,155.84
2616,1014,32,3,23.12,69.36
2617,1015,82,1,19.17,19.17
2618,1016,43,2,39.38,78.76
2619,1016,115,1,37.02,37.02
2620,1016,66,2,94.08,188.16
2621,1016,70,1,70.36,70.36
2622,1017,38,1,117.54,117.54
2623,1017,3,1,31.78,31.78
2624,1017,120,1,29.01,29.01
2625,1018,54,3,57.7,173.10000000000002
2626,1018,80,5,10.38,51.900000000000006
2627,1018,109,3,19.26,57.78
2628,1019,43,3,40.44,121.32
2629,1019,5,4,92.23,368.92
2630,1020,94,3,27.23,81.69
2631,1020,75,1,34.55,34.55
2632,1021,78,3,17.38,52.14
2633,1021,46,5,13.43,67.15
2634,1021,110,2,67.21,134.42
2635,1021,49,1,23.23,23.23
2636,1022,5,4,88.41,353.64
2637,1022,69,4,64.6,258.4
2638,1022,94,4,26.26,105.04
2639,1022,50,4,43.04,172.16
2640,1023,55,2,36.79,73.58
2641,1024,111,3,37.04,111.12
2642,1024,71,5,17.13,85.64999999999999
2643,1025,37,1,9.96,9.96
2644,1026,44,4,17.63,70.52
2645,1026,92,4,7.99,31.96
2646,1027,90,2,19.6,39.2
2647,1027,12,5,38.75,193.75
2648,1027,93,1,24.05,24.05
2649,1028,40,5,20.41,102.05
2650,1029,17,3,51.17,153.51
2651,1030,19,1,37.16,37.16
2652,1030,106,3,51.36,154.07999999999998
2653,1031,27,2,51.86,103.72
2654,1031,62,3,12.19,36.57
2655,1031,68,4,27.16,108.64
2656,1032,60,4,30.26,121.04
2657,1032,42,1,26.77,26.77
2658,1032,4,4,29.25,117.0
2659,1033,6,4,74.79,299.16
2660,1034,58,1,61.26,61.26
2661,1034,104,5,44.79,223.95
2662,1034,102,1,18.58,18.58
2663,1035,82,2,18.44,36.88
2664,1036,34,2,47.83,95.66
2665,1036,115,1,35.69,35.69
2666,1037,46,4,14.31,57.24
2667,1037,97,3,49.05,147.14999999999998
2668,1037,17,5,49.16,245.79999999999998
2669,1038,68,2,27.21,54.42
2670,1039,27,5,52.25,261.25
2671,1039,56,3,24.41,73.23
2672,1039,94,1,26.78,26.78
2673,1040,114,2,33.22,66.44
2674,1041,9,2,34.07,68.14
2675,1042,51,3,103.55,310.65
2676,1042,9,4,33.44,133.76
2677,1042,66,1,94.69,94.69
2678,1043,120,5,28.06,140.29999999999998
2679,1043,41,1,56.02,56.02
2680,1044,46,5,13.48,67.4
2681,1044,34,2,46.27,92.54
2682,1045,102,5,19.81,99.05
2683,1045,102,1,18.71,18.71
2684,1046,98,2,58.11,116.22
2685,1046,30,5,18.92,94.60000000000001
2686,1046,26,1,20.76,20.76
2687,1047,18,2,18.23,36.46
2688,1048,23,3,72.09,216.27
2689,1049,88,1,39.13,39.13
2690,1049,66,2,93.78,187.56
2691,1049,101,4,56.34,225.36
2692,1049,79,3,21.14,63.42
2693,1050,112,3,61.63,184.89000000000001
2694,1050,7,4,13.64,54.56
2695,1051,81,5,84.13,420.65
2696,1051,15,5,19.78,98.9
2697,1051,42,1,25.96,25.96
2698,1052,55,4,34.05,136.2
2699,1053,62,3,12.67,38.01
2700,1054,26,3,19.05,57.150000000000006
2701,1054,23,2,69.79,139.58
2702,1054,18,2,16.57,33.14
2703,1054,26,4,19.16,76.64
2704,1055,83,5,36.32,181.6
2705,1055,108,3,18.38,55.14
2706,1056,41,2,54.07,108.14
2707,1056,102,2,18.73,37.46
2708,1057,98,1,60.41,60.41
2709,1058,34,3,46.95,140.85000000000002
2710,1058,24,4,44.33,177.32
2711,1059,46,4,13.1,52.4
2712,1060,14,4,76.77,307.08
2713,1060,116,5,94.59,472.95000000000005
2714,1060,98,5,60.95,304.75
2715,1060,48,2,48.98,97.96
2716,1061,62,5,12.63,63.150000000000006
2717,1061,40,1,19.45,19.45
2718,1061,1,4,16.91,67.64
2719,1061,25,3,66.0,198.0
2720,1062,6,1,73.96,73.96
2721,1063,49,2,22.98,45.96
2722,1064,51,5,109.13,545.65
2723,1064,44,4,17.36,69.44
2724,1064,83,3,35.72,107.16
2725,1065,89,4,18.44,73.76
2726,1065,67,1,27.23,27.23
2727,1065,42,1,27.68,27.68
2728,1065,42,4,25.47,101.88
2729,1066,55,3,34.88,104.64000000000001
2730,1066,89,2,18.81,37.62
2731,1067,39,1,8.54,8.54
2732,1067,86,3,36.79,110.37
2733,1067,39,4,8.53,34.12
2734,1067,66,2,89.15,178.3
2735,1068,31,3,24.65,73.94999999999999
2736,1069,11,1,27.08,27.08
2737,1069,60,5,31.63,158.15
2738,1069,85,5,70.19,350.95
2739,1070,52,2,45.51,91.02
2740,1070,94,3,26.97,80.91
2741,1070,7,4,13.75,55.0
2742,1070,6,1,73.48,73.48
2743,1071,112,3,60.89,182.67000000000002
2744,1071,68,2,27.48,54.96
2745,1072,42,3,27.81,83.42999999999999
2746,1072,78,3,16.9,50.699999999999996
2747,1072,91,3,31.33,93.99
2748,1073,106,4,49.08,196.32
2749,1073,109,2,19.65,39.3
2750,1074,43,4,39.5,158.0
2751,1074,2,2,45.24,90.48
2752,1074,49,1,23.39,23.39
2753,1074,15,4,20.05,80.2
2754,1075,62,3,12.43,37.29
2755,1075,23,4,72.87,291.48
2756,1075,81,2,83.6,167.2
2757,1075,107,4,65.66,262.64
2758,1076,25,1,69.8,69.8
2759,1076,66,5,89.78,448.9
2760,1076,115,5,36.91,184.54999999999998
2761,1076,38,2,113.04,226.08
2762,1077,96,2,77.25,154.5
2763,1077,6,1,76.29,76.29
2764,1077,77,5,21.08,105.39999999999999
2765,1077,5,1,94.32,94.32
2766,1078,9,5,35.37,176.85
2767,1079,70,1,70.47,70.47
2768,1079,105,5,14.84,74.2
2769,1079,85,2,67.64,135.28
2770,1080,50,3,39.55,118.64999999999999
2771,1080,47,1,23.53,23.53
2772,1080,57,2,67.97,135.94
2773,1081,35,5,60.28,301.4
2774,1082,2,3,41.72,125.16
2775,1082,97,2,48.67,97.34
2776,1082,64,5,44.5,222.5
2777,1082,104,5,45.08,225.39999999999998
2778,1083,70,3,66.6,199.79999999999998
2779,1084,47,2,24.26,48.52
2780,1084,8,5,21.71,108.55000000000001
2781,1085,90,3,19.57,58.71
2782,1086,73,2,9.97,19.94
2783,1086,105,3,14.64,43.92
2784,1086,30,2,20.03,40.06
2785,1086,46,2,13.16,26.32
2786,1087,29,4,10.83,43.32
2787,1088,20,2,36.33,72.66
2788,1088,107,3,67.91,203.73
2789,1088,45,4,43.53,174.12
2790,1089,1,5,18.05,90.25
2791,1089,8,5,19.84,99.2
2792,1089,41,5,55.29,276.45
2793,1090,5,4,89.29,357.16
2794,1091,107,3,68.1,204.29999999999998
2795,1091,99,3,18.58,55.739999999999995
2796,1091,109,1,19.92,19.92
2797,1091,103,4,12.94,51.76
2798,1092,6,5,74.52,372.59999999999997
2799,1093,78,4,16.98,67.92
2800,1093,103,5,13.35,66.75
2801,1093,103,3,13.55,40.650000000000006
2802,1094,56,1,23.26,23.26
2803,1095,113,5,30.14,150.7
2804,1095,21,3,62.85,188.55
2805,1095,83,3,37.76,113.28
2806,1096,33,4,106.64,426.56
2807,1097,110,3,65.55,196.64999999999998
2808,1097,108,3,18.5,55.5
2809,1097,111,4,37.73,150.92
2810,1098,8,2,21.23,42.46
2811,1098,33,3,105.22,315.65999999999997
2812,1098,47,1,23.69,23.69
2813,1099,114,2,33.27,66.54
2814,1099,80,4,10.0,40.0
2815,1099,119,3,40.89,122.67
2816,1100,105,2,14.01,28.02
2817,1100,34,5,44.97,224.85
2818,1100,23,2,70.73,141.46
2819,1100,76,3,13.26,39.78
2820,1101,95,1,101.16,101.16
2821,1101,27,5,50.14,250.7
2822,1102,81,5,80.98,404.90000000000003
2823,1102,48,5,53.29,266.45
2824,1102,94,2,26.07,52.14
2825,1102,75,3,36.54,109.62
2826,1103,84,3,49.82,149.46
2827,1103,5,2,91.61,183.22
2828,1103,102,1,19.34,19.34
2829,1103,78,4,17.49,69.96
2830,1104,25,1,70.9,70.9
2831,1104,59,5,19.18,95.9
2832,1105,34,1,44.8,44.8
2833,1105,15,3,19.07,57.21
2834,1106,58,2,57.59,115.18
2835,1106,83,2,35.53,71.06
2836,1106,95,5,110.11,550.55
2837,1107,114,1,33.4,33.4
2838,1107,76,5,12.77,63.849999999999994
2839,1107,1,3,16.79,50.37
2840,1107,48,4,52.39,209.56
2841,1108,53,3,43.39,130.17000000000002
2842,1109,118,1,22.37,22.37
2843,1110,16,3,35.72,107.16
2844,1111,107,1,72.12,72.12
2845,1111,25,3,67.28,201.84
2846,1111,81,3,81.9,245.70000000000002
2847,1112,59,3,19.68,59.04
2848,1112,117,4,62.2,248.8
2849,1113,35,2,60.12,120.24
2850,1113,58,5,56.8,284.0
2851,1113,78,3,16.77,50.31
2852,1114,23,4,69.38,277.52
2853,1114,32,3,22.07,66.21000000000001
2854,1115,91,2,28.96,57.92
2855,1115,94,3,27.08,81.24
2856,1116,81,5,82.99,414.95
2857,1116,23,3,68.97,206.91
2858,1116,26,1,19.24,19.24
2859,1116,109,4,19.89,79.56
2860,1117,109,2,20.27,40.54
2861,1117,49,4,21.8,87.2
2862,1118,67,5,28.0,140.0
2863,1118,7,3,13.42,40.26
2864,1119,79,5,22.08,110.39999999999999
2865,1120,12,4,40.23,160.92
2866,1120,11,4,26.83,107.32
2867,1121,64,5,45.04,225.2
2868,1121,102,5,19.33,96.64999999999999
2869,1121,110,4,70.11,280.44
2870,1121,52,5,45.44,227.2
2871,1122,62,4,11.59,46.36
2872,1123,66,5,91.95,459.75
2873,1123,55,4,34.3,137.2
2874,1124,87,3,31.63,94.89
2875,1124,93,2,24.1,48.2
2876,1125,56,5,23.23,116.15
2877,1125,28,5,23.4,117.0
2878,1126,101,3,56.42,169.26
2879,1126,82,1,17.51,17.51
2880,1126,49,5,22.51,112.55000000000001
2881,1126,27,2,48.72,97.44
2882,1127,49,4,21.87,87.48
2883,1127,102,2,19.23,38.46
2884,1127,40,5,19.96,99.80000000000001
2885,1127,106,3,49.76,149.28
2886,1128,30,2,19.69,39.38
2887,1128,24,4,45.2,180.8
2888,1129,8,4,20.37,81.48
2889,1129,18,2,17.69,35.38
2890,1129,32,1,21.56,21.56
2891,1130,87,5,29.46,147.3
2892,1130,64,5,46.38,231.9
2893,1130,79,4,21.76,87.04
2894,1130,12,1,38.54,38.54
2895,1131,75,5,33.95,169.75
2896,1131,78,3,16.81,50.42999999999999
2897,1131,62,4,12.16,48.64
2898,1131,77,4,21.45,85.8
2899,1132,16,3,33.39,100.17
2900,1132,60,2,30.2,60.4
2901,1132,87,5,31.96,159.8
2902,1133,17,3,48.89,146.67000000000002
2903,1134,20,5,36.87,184.35
2904,1134,90,1,18.62,18.62
2905,1135,66,4,91.78,367.12
2906,1135,27,1,52.86,52.86
2907,1136,42,1,25.44,25.44
2908,1136,106,5,51.5,257.5
2909,1136,40,1,19.81,19.81
2910,1137,44,1,16.38,16.38
2911,1138,100,1,39.77,39.77
2912,1139,25,2,67.33,134.66
2913,1139,55,1,36.11,36.11
2914,1139,38,1,113.48,113.48
2915,1139,60,3,31.14,93.42
2916,1140,32,2,20.94,41.88
2917,1141,108,3,19.24,57.72
2918,1141,17,1,49.85,49.85
2919,1141,68,4,27.15,108.6
2920,1141,77,3,22.65,67.94999999999999
2921,1142,97,5,47.29,236.45
2922,1142,12,5,37.45,187.25
2923,1142,104,2,44.05,88.1
2924,1142,30,2,19.63,39.26
2925,1143,84,5,45.38,226.9
2926,1143,7,2,13.86,27.72
2927,1143,18,5,17.65,88.25
2928,1143,64,1,43.92,43.92
2929,1144,15,4,19.25,77.0
2930,1144,54,3,62.66,187.98
2931,1145,53,5,43.1,215.5
2932,1145,57,1,67.05,67.05
2933,1145,8,5,21.26,106.30000000000001
2934,1146,88,5,36.6,183.0
2935,1146,37,3,10.09,30.27
2936,1146,86,4,36.25,145.0
2937,1147,26,3,20.28,60.84
2938,1148,26,4,20.51,82.04
2939,1148,5,3,93.11,279.33
2940,1149,103,4,12.93,51.72
2941,1149,48,3,49.73,149.19
2942,1150,17,5,52.1,260.5
2943,1150,30,5,19.41,97.05
2944,1151,17,4,48.66,194.64
2945,1151,13,1,41.56,41.56
2946,1151,9,2,35.44,70.88
2947,1152,88,2,39.1,78.2
2948,1152,70,1,68.67,68.67
2949,1153,110,5,68.59,342.95000000000005
2950,1154,117,2,56.78,113.56
2951,1155,75,4,37.0,148.0
2952,1155,65,5,15.71,78.55000000000001
2953,1155,112,2,64.81,129.62
2954,1156,114,4,31.66,126.64
2955,1156,20,4,34.5,138.0
2956,1156,72,4,33.07,132.28
2957,1157,93,1,23.02,23.02
2958,1157,105,3,14.02,42.06
2959,1157,50,3,42.77,128.31
2960,1157,77,1,20.88,20.88
2961,1158,59,5,19.03,95.15
2962,1159,76,4,13.61,54.44
2963,1159,80,4,10.01,40.04
2964,1160,71,2,18.69,37.38
2965,1160,95,5,106.15,530.75
2966,1161,9,3,34.98,104.94
2967,1161,8,1,19.84,19.84
2968,1161,101,5,55.96,279.8
2969,1162,47,3,25.32,75.96000000000001
2970,1162,47,3,24.89,74.67
2971,1163,92,4,8.14,32.56
2972,1163,66,1,89.4,89.4
2973,1164,65,1,14.65,14.65
2974,1164,113,3,31.93,95.78999999999999
2975,1164,42,5,26.55,132.75
2976,1164,32,5,22.02,110.1
2977,1165,5,2,93.62,187.24
2978,1166,114,5,32.33,161.64999999999998
2979,1166,1,5,17.16,85.8
2980,1166,50,5,39.56,197.8
2981,1166,52,2,48.95,97.9
2982,1167,112,4,61.95,247.8
2983,1167,59,5,20.96,104.80000000000001
2984,1168,1,3,16.76,50.28
2985,1169,28,5,22.7,113.5
2986,1169,62,2,11.43,22.86
2987,1169,96,5,76.74,383.7
2988,1170,7,1,13.25,13.25
2989,1171,87,4,30.01,120.04
2990,1171,21,2,64.06,128.12
2991,1171,23,3,69.27,207.81
2992,1172,17,4,49.24,196.96
2993,1172,23,3,69.3,207.89999999999998
2994,1172,74,5,59.53,297.65
2995,1172,104,3,45.94,137.82
2996,1173,9,3,34.72,104.16
2997,1173,111,2,38.63,77.26
2998,1174,27,4,51.3,205.2
2999,1174,119,2,39.88,79.76
3000,1174,98,4,63.86,255.44
3001,1174,83,3,35.39,106.17
3002,1175,59,3,20.97,62.91
3003,1176,112,3,65.17,195.51
3004,1176,57,1,66.74,66.74
3005,1177,18,4,16.78,67.12
3006,1178,40,5,19.43,97.15
3007,1178,19,4,39.56,158.24
3008,1178,32,1,21.89,21.89
3009,1179,5,4,93.55,374.2
3010,1179,57,1,72.53,72.53
3011,1179,65,4,15.14,60.56
3012,1180,62,3,11.45,34.349999999999994
3013,1180,27,5,53.47,267.35
3014,1180,32,3,21.87,65.61
3015,1180,69,1,62.09,62.09
3016,1181,40,5,20.13,100.64999999999999
3017,1181,1,3,17.74,53.22
3018,1182,87,5,30.65,153.25
3019,1182,64,1,42.11,42.11
3020,1182,23,2,71.65,143.3
3021,1182,107,1,68.6,68.6
3022,1183,31,2,26.09,52.18
3023,1183,88,3,37.49,112.47
3024,1183,6,4,69.11,276.44
3025,1184,45,2,43.52,87.04
3026,1184,30,3,19.33,57.989999999999995
3027,1184,9,4,35.14,140.56
3028,1185,52,3,45.63,136.89000000000001
3029,1186,30,5,19.04,95.19999999999999
3030,1186,31,1,26.33,26.33
3031,1186,61,4,47.39,189.56
3032,1186,105,5,14.78,73.89999999999999
3033,1187,31,3,27.16,81.48
3034,1187,19,2,38.41,76.82
3035,1187,94,1,27.58,27.58
3036,1187,50,5,40.32,201.6
3037,1188,113,1,31.22,31.22
3038,1188,86,1,38.88,38.88
3039,1188,22,1,62.58,62.58
3040,1188,93,1,23.12,23.12
3041,1189,1,2,17.85,35.7
3042,1189,55,2,35.05,70.1
3043,1190,11,3,27.77,83.31
3044,1190,93,5,23.4,117.0
3045,1190,97,2,47.7,95.4
3046,1191,113,1,29.56,29.56
3047,1192,7,1,13.68,13.68
3048,1192,102,5,18.49,92.44999999999999
3049,1192,90,1,18.08,18.08
3050,1193,103,5,13.3,66.5
3051,1193,49,1,21.75,21.75
3052,1193,79,1,19.98,19.98
3053,1194,52,1,46.88,46.88
3054,1194,82,5,18.42,92.10000000000001
3055,1194,88,1,40.02,40.02
3056,1194,36,5,20.7,103.5
3057,1195,39,1,8.58,8.58
3058,1195,119,4,41.37,165.48
3059,1195,98,3,60.63,181.89000000000001
3060,1196,7,2,12.57,25.14
3061,1196,12,4,39.77,159.08
3062,1196,96,4,76.17,304.68
3063,1196,87,3,29.8,89.4
3064,1197,26,1,19.3,19.3
3065,1197,109,2,20.77,41.54
3066,1197,3,1,31.62,31.62
3067,1197,20,4,36.33,145.32
3068,1198,67,2,26.99,53.98
3069,1199,67,4,26.59,106.36
3070,1199,26,3,19.63,58.89
3071,1199,77,4,21.92,87.68
3072,1199,101,3,56.55,169.64999999999998
3073,1200,16,2,34.69,69.38
3074,1201,95,4,107.83,431.32
3075,1201,66,5,94.62,473.1
3076,1202,109,4,19.68,78.72
3077,1202,31,1,24.71,24.71
3078,1202,83,2,36.53,73.06
3079,1202,91,5,29.27,146.35
3080,1203,44,4,16.97,67.88
3081,1203,69,4,60.3,241.2
3082,1203,89,4,17.88,71.52
3083,1204,50,2,40.31,80.62
3084,1204,80,5,10.1,50.5
3085,1204,90,1,18.24,18.24
3086,1204,29,5,11.5,57.5
3087,1205,88,2,39.14,78.28
3088,1205,72,2,32.99,65.98
3089,1205,26,4,20.8,83.2
3090,1206,102,3,18.72,56.16
3091,1206,4,5,28.22,141.1
3092,1206,73,5,10.1,50.5
3093,1207,30,5,19.08,95.39999999999999
3094,1207,86,3,36.93,110.78999999999999
3095,1207,106,5,50.3,251.5
3096,1208,80,4,9.92,39.68
3097,1208,48,2,53.91,107.82
3098,1208,77,3,22.57,67.71000000000001
3099,1208,25,2,71.34,142.68
3100,1209,11,2,27.28,54.56
3101,1210,45,4,44.47,177.88
3102,1210,74,3,57.67,173.01
3103,1211,46,2,13.97,27.94
3104,1211,14,5,73.22,366.1
3105,1211,55,2,34.43,68.86
3106,1212,105,4,13.74,54.96
3107,1212,55,2,36.87,73.74
3108,1213,56,2,24.16,48.32
3109,1213,36,3,21.42,64.26
3110,1213,58,3,60.19,180.57
3111,1213,36,4,21.68,86.72
3112,1214,115,2,35.83,71.66
3113,1214,96,1,74.98,74.98
3114,1214,85,1,69.25,69.25
3115,1215,80,1,9.82,9.82
3116,1216,40,5,20.1,100.5
3117,1216,82,1,17.7,17.7
3118,1216,116,5,93.36,466.8
3119,1217,23,4,72.59,290.36
3120,1217,104,1,42.47,42.47
3121,1218,120,2,28.59,57.18
3122,1218,8,4,21.71,86.84
3123,1219,11,3,28.0,84.0
3124,1220,59,5,20.62,103.10000000000001
3125,1220,82,3,17.75,53.25
3126,1220,63,2,48.58,97.16
3127,1220,90,2,18.14,36.28
3128,1221,99,4,18.59,74.36
3129,1221,33,4,99.25,397.0
3130,1222,63,4,46.79,187.16
3131,1222,10,1,79.63,79.63
3132,1222,15,2,19.45,38.9
3133,1222,89,4,17.04,68.16
3134,1223,108,2,19.81,39.62
3135,1223,68,4,25.87,103.48
3136,1224,88,5,37.55,187.75
3137,1224,116,2,89.66,179.32
3138,1224,10,2,75.26,150.52
3139,1224,88,4,37.42,149.68
3140,1225,75,4,37.02,148.08
3141,1225,112,2,63.63,127.26
3142,1226,37,3,10.67,32.01
3143,1227,77,3,20.76,62.28
3144,1227,102,5,17.96,89.80000000000001
3145,1228,60,4,30.58,122.32
3146,1229,33,1,105.55,105.55
3147,1229,114,1,33.23,33.23
3148,1229,19,5,39.39,196.95
3149,1229,99,4,17.84,71.36
3150,1230,101,5,57.42,287.1
3151,1230,5,1,93.34,93.34
3152,1230,43,3,40.54,121.62
3153,1230,70,1,72.0,72.0
3154,1231,13,3,40.89,122.67
3155,1232,18,2,16.67,33.34
3156,1233,40,2,20.7,41.4
3157,1233,114,2,33.38,66.76
3158,1233,52,1,47.7,47.7
3159,1233,82,1,17.73,17.73
3160,1234,73,3,9.43,28.29
3161,1234,55,2,34.02,68.04
3162,1234,11,2,26.35,52.7
3163,1235,116,4,95.79,383.16
3164,1235,65,3,15.14,45.42
3165,1235,41,5,52.48,262.4
3166,1235,54,4,59.12,236.48
3167,1236,54,5,58.7,293.5
3168,1236,118,4,22.9,91.6
3169,1236,48,5,51.38,256.90000000000003
3170,1237,119,4,42.56,170.24
3171,1237,16,4,33.32,133.28
3172,1237,25,2,70.83,141.66
3173,1238,18,4,17.05,68.2
3174,1238,114,3,34.11,102.33
3175,1239,71,2,18.33,36.66
3176,1239,59,1,20.93,20.93
3177,1240,9,5,36.07,180.35
3178,1240,20,2,35.44,70.88
3179,1240,112,2,61.84,123.68
3180,1241,116,4,89.49,357.96
3181,1241,40,4,19.54,78.16
3182,1241,86,4,36.62,146.48
3183,1241,39,4,8.18,32.72
3184,1242,116,5,89.52,447.59999999999997
3185,1242,17,5,48.33,241.64999999999998
3186,1243,11,3,28.24,84.72
3187,1243,43,1,40.93,40.93
3188,1244,22,1,62.47,62.47
3189,1244,83,2,35.37,70.74
3190,1244,111,3,39.32,117.96000000000001
3191,1245,115,3,35.95,107.85000000000001
3192,1246,118,4,22.09,88.36
3193,1246,24,4,43.09,172.36
3194,1246,7,4,12.69,50.76
3195,1247,22,4,58.74,234.96
3196,1248,92,5,8.77,43.849999999999994
3197,1248,17,1,51.0,51.0
3198,1248,83,2,36.73,73.46
3199,1249,69,5,61.08,305.4
3200,1249,95,1,106.51,106.51
3201,1249,15,3,19.0,57.0
3202,1249,53,4,45.36,181.44
3203,1250,11,5,26.69,133.45000000000002
3204,1250,3,5,29.6,148.0
3205,1250,90,5,18.41,92.05
3206,1250,67,1,28.57,28.57
3207,1251,96,5,75.67,378.35
3208,1252,10,3,77.68,233.04000000000002
3209,1252,38,4,113.21,452.84
3210,1252,17,2,49.36,98.72
3211,1253,70,4,67.84,271.36
3212,1253,68,1,27.02,27.02
3213,1254,90,3,18.57,55.71
3214,1254,11,1,26.03,26.03
3215,1255,6,3,71.36,214.07999999999998
3216,1255,103,5,13.01,65.05
3217,1255,77,3,21.97,65.91
3218,1256,15,1,19.06,19.06
3219,1256,35,3,60.6,181.8
3220,1256,50,2,40.38,80.76
3221,1256,50,2,39.73,79.46
3222,1257,88,3,36.86,110.58
3223,1257,43,2,39.1,78.2
3224,1257,72,2,33.3,66.6
3225,1258,87,1,29.15,29.15
3226,1258,13,4,39.0,156.0
3227,1258,57,4,66.35,265.4
3228,1259,31,5,25.99,129.95
3229,1259,92,3,8.2,24.599999999999998
3230,1259,16,1,34.3,34.3
3231,1260,38,2,111.0,222.0
3232,1260,75,5,36.15,180.75
3233,1260,65,4,14.91,59.64
3234,1261,5,3,87.42,262.26
3235,1261,109,5,20.81,104.05
3236,1262,10,2,79.61,159.22
3237,1262,53,1,43.83,43.83
3238,1262,8,4,19.92,79.68
3239,1262,70,5,71.85,359.25
3240,1263,43,1,39.4,39.4
3241,1263,81,1,82.3,82.3
3242,1263,76,4,13.27,53.08
3243,1264,110,4,67.75,271.0
3244,1264,6,1,71.9,71.9
3245,1264,77,5,21.16,105.8
3246,1265,41,5,53.01,265.05
3247,1266,74,2,57.8,115.6
3248,1266,116,5,94.34,471.70000000000005
3249,1267,101,5,53.87,269.34999999999997
3250,1267,117,3,60.7,182.10000000000002
3251,1268,120,4,30.53,122.12
3252,1268,94,3,27.07,81.21000000000001
3253,1268,108,5,19.92,99.60000000000001
3254,1269,83,1,36.0,36.0
3255,1270,15,1,19.06,19.06
3256,1270,108,2,19.27,38.54
3257,1271,82,1,18.69,18.69
3258,1271,104,1,44.19,44.19
3259,1272,40,4,18.94,75.76
3260,1272,71,3,18.0,54.0
3261,1272,50,3,39.4,118.19999999999999
3262,1273,2,4,43.16,172.64
3263,1274,78,5,16.11,80.55
3264,1274,37,2,10.2,20.4
3265,1274,18,3,17.16,51.480000000000004
3266,1275,26,4,19.78,79.12
3267,1275,84,1,47.65,47.65
3268,1275,86,3,38.56,115.68
3269,1276,36,3,21.92,65.76
3270,1276,41,2,52.23,104.46
3271,1276,99,4,19.57,78.28
3272,1277,57,2,68.13,136.26
3273,1278,45,2,43.68,87.36
3274,1278,103,4,13.64,54.56
3275,1278,6,3,72.08,216.24
3276,1279,82,1,18.07,18.07
3277,1279,72,4,33.29,133.16
3278,1280,48,2,52.73,105.46
3279,1280,90,4,18.75,75.0
3280,1281,34,3,44.62,133.85999999999999
3281,1282,75,2,36.52,73.04
3282,1282,31,1,26.38,26.38
3283,1283,94,2,27.12,54.24
3284,1283,51,4,109.47,437.88
3285,1284,97,4,49.87,199.48
3286,1285,70,5,66.32,331.59999999999997
3287,1285,6,2,71.03,142.06
3288,1285,74,5,61.9,309.5
3289,1285,1,4,16.54,66.16
3290,1286,88,2,36.49,72.98
3291,1286,27,2,50.0,100.0
3292,1286,118,3,23.52,70.56
3293,1287,27,4,50.43,201.72
3294,1287,55,3,34.1,102.30000000000001
3295,1288,68,1,25.26,25.26
3296,1289,18,4,17.49,69.96
3297,1289,28,3,23.1,69.30000000000001
3298,1289,117,1,60.16,60.16
3299,1290,44,1,17.67,17.67
3300,1291,93,3,22.1,66.30000000000001
3301,1291,55,3,34.51,103.53
3302,1292,26,1,19.86,19.86
3303,1293,73,4,9.95,39.8
3304,1294,17,4,48.82,195.28
3305,1294,120,3,29.52,88.56
3306,1294,82,1,17.66,17.66
3307,1294,83,1,35.05,35.05
3308,1295,4,1,30.3,30.3
3309,1295,32,5,22.14,110.7
3310,1296,47,2,24.17,48.34
3311,1297,43,1,39.44,39.44
3312,1297,14,2,78.91,157.82
3313,1298,6,4,72.32,289.28
3314,1299,72,2,32.03,64.06
3315,1299,51,4,100.38,401.52
3316,1299,29,1,11.74,11.74
3317,1300,71,5,18.82,94.1
3318,1300,119,3,42.69,128.07
3319,1301,114,5,31.35,156.75
3320,1302,106,4,50.86,203.44
3321,1302,33,1,104.63,104.63
3322,1303,21,4,64.59,258.36
3323,1303,30,5,19.8,99.0
3324,1303,38,3,118.07,354.21
3325,1303,3,1,29.43,29.43
3326,1304,38,3,107.41,322.23
3327,1304,69,3,60.08,180.24
3328,1304,30,4,19.8,79.2
3329,1305,120,1,30.9,30.9
3330,1305,102,4,19.23,76.92
3331,1305,45,2,42.98,85.96
3332,1306,50,2,41.81,83.62
3333,1306,60,4,29.92,119.68
3334,1306,40,3,20.45,61.349999999999994
3335,1306,7,5,13.55,67.75
3336,1307,47,2,23.49,46.98
3337,1307,69,2,60.87,121.74
3338,1308,31,5,25.2,126.0
3339,1308,26,3,19.82,59.46
3340,1309,63,2,45.55,91.1
3341,1309,2,5,43.88,219.4
3342,1309,89,1,17.87,17.87
3343,1309,83,3,36.84,110.52000000000001
3344,1310,116,2,95.96,191.92
3345,1310,18,5,17.37,86.85000000000001
3346,1310,96,1,77.51,77.51
3347,1311,13,2,43.02,86.04
3348,1312,93,1,22.32,22.32
3349,1312,28,1,22.42,22.42
3350,1312,99,2,18.13,36.26
3351,1312,17,3,51.04,153.12
3352,1313,98,3,61.73,185.19
3353,1313,75,3,35.84,107.52000000000001
3354,1313,6,5,74.24,371.2
3355,1313,33,5,103.82,519.0999999999999
3356,1314,58,2,57.31,114.62
3357,1314,81,1,77.99,77.99
3358,1315,89,4,18.74,74.96
3359,1315,66,1,91.45,91.45
3360,1316,83,4,35.99,143.96
3361,1316,43,1,40.63,40.63
3362,1316,40,1,20.39,20.39
3363,1317,24,4,44.95,179.8
3364,1317,81,4,80.82,323.28
3365,1317,81,2,84.63,169.26
3366,1318,110,2,67.48,134.96
3367,1319,63,1,49.65,49.65
3368,1320,74,5,63.01,315.05
3369,1320,87,5,29.3,146.5
3370,1320,105,1,14.72,14.72
3371,1320,61,4,50.1,200.4
3372,1321,90,5,18.75,93.75
3373,1321,97,5,46.8,234.0
3374,1321,70,3,68.72,206.16
3375,1321,66,1,96.53,96.53
3376,1322,81,3,82.11,246.32999999999998
3377,1322,98,2,60.47,120.94
3378,1322,67,2,28.09,56.18
3379,1322,66,4,94.92,379.68
3380,1323,27,3,49.8,149.39999999999998
3381,1323,116,1,87.85,87.85
3382,1324,7,4,12.51,50.04
3383,1324,103,5,13.43,67.15
3384,1324,47,1,24.74,24.74
3385,1325,31,5,27.13,135.65
3386,1325,28,1,24.3,24.3
3387,1325,88,3,37.78,113.34
3388,1326,35,1,60.99,60.99
3389,1326,16,5,34.32,171.6
3390,1327,56,4,22.59,90.36
3391,1327,110,5,65.66,328.29999999999995
3392,1327,105,1,15.0,15.0
3393,1327,42,4,25.52,102.08
3394,1328,78,5,16.18,80.9
3395,1328,58,1,57.22,57.22
3396,1329,48,5,51.61,258.05
3397,1330,3,1,29.14,29.14
3398,1331,19,1,38.46,38.46
3399,1331,105,2,14.98,29.96
3400,1331,116,5,91.4,457.0
3401,1331,114,5,32.8,164.0
3402,1332,115,3,38.71,116.13
3403,1333,57,3,70.52,211.56
3404,1333,8,1,21.29,21.29
3405,1333,23,5,74.25,371.25
3406,1334,96,1,72.02,72.02
3407,1334,84,4,49.68,198.72
3408,1335,119,2,39.35,78.7
3409,1335,36,5,19.92,99.60000000000001
3410,1335,48,1,51.48,51.48
3411,1335,116,2,96.42,192.84
3412,1336,110,4,66.41,265.64
3413,1336,38,4,108.43,433.72
3414,1336,115,1,35.05,35.05
3415,1336,70,1,68.85,68.85
3416,1337,120,2,31.11,62.22
3417,1337,6,4,74.28,297.12
3418,1338,70,4,69.71,278.84
3419,1338,119,3,39.57,118.71000000000001
3420,1338,116,3,97.06,291.18
3421,1339,70,2,66.29,132.58
3422,1339,6,3,69.34,208.02
3423,1339,118,4,22.34,89.36
3424,1339,19,2,38.93,77.86
3425,1340,37,1,10.64,10.64
3426,1340,106,2,51.22,102.44
3427,1340,64,4,43.77,175.08
3428,1340,31,5,26.38,131.9
3429,1341,3,3,31.32,93.96000000000001
3430,1341,22,5,58.2,291.0
3431,1341,93,3,22.93,68.78999999999999
3432,1341,87,4,29.88,119.52
3433,1342,20,3,36.72,110.16
3434,1342,109,1,21.07,21.07
3435,1342,52,2,49.48,98.96
3436,1343,84,4,47.96,191.84
3437,1343,81,4,79.44,317.76
3438,1344,14,4,75.38,301.52
3439,1344,10,2,78.92,157.84
3440,1344,74,1,61.08,61.08
3441,1345,95,5,109.21,546.05
3442,1345,113,2,29.63,59.26
3443,1345,97,4,47.55,190.2
3444,1346,71,1,18.57,18.57
3445,1346,64,5,44.4,222.0
3446,1347,49,5,22.29,111.44999999999999
3447,1347,73,4,9.61,38.44
3448,1347,115,2,35.23,70.46
3449,1347,12,1,39.89,39.89
3450,1348,58,2,59.82,119.64
3451,1348,54,3,62.71,188.13
3452,1349,37,5,9.86,49.3
3453,1349,101,4,54.73,218.92
3454,1349,66,3,94.38,283.14
3455,1349,11,4,26.18,104.72
3456,1350,84,4,48.11,192.44
3457,1350,119,4,40.08,160.32
3458,1350,23,1,68.27,68.27
3459,1351,59,3,19.69,59.07000000000001
3460,1351,29,5,11.91,59.55
3461,1351,2,4,43.96,175.84
3462,1351,52,2,48.12,96.24
3463,1352,41,3,55.13,165.39000000000001
3464,1352,109,4,20.95,83.8
3465,1352,61,1,48.17,48.17
3466,1353,76,1,13.09,13.09
3467,1353,116,3,88.74,266.21999999999997
3468,1353,64,1,45.54,45.54
3469,1354,85,3,67.81,203.43
3470,1354,64,4,42.68,170.72
3471,1354,70,3,72.83,218.49
3472,1354,26,5,20.1,100.5
3473,1355,116,1,93.56,93.56
3474,1355,37,3,10.43,31.29
3475,1356,36,5,20.62,103.10000000000001
3476,1356,41,4,55.83,223.32
3477,1357,46,5,13.73,68.65
3478,1357,43,3,39.88,119.64000000000001
3479,1357,93,1,22.92,22.92
3480,1357,87,2,32.26,64.52
3481,1358,72,5,32.83,164.14999999999998
3482,1358,36,2,19.92,39.84
3483,1359,27,5,53.04,265.2
3484,1359,82,4,18.26,73.04
3485,1359,91,4,30.54,122.16
3486,1360,49,5,22.19,110.95
3487,1360,33,5,99.15,495.75
3488,1360,55,3,33.66,100.97999999999999
3489,1361,68,4,25.58,102.32
3490,1362,8,1,21.62,21.62
3491,1362,103,1,14.2,14.2
3492,1363,87,5,29.46,147.3
3493,1364,34,1,46.38,46.38
3494,1365,100,1,40.85,40.85
3495,1365,92,1,8.18,8.18
3496,1366,61,1,49.91,49.91
3497,1366,104,3,44.17,132.51
3498,1367,25,1,67.16,67.16
3499,1367,39,1,8.59,8.59
3500,1367,120,5,28.36,141.8
3501,1368,24,1,44.76,44.76
3502,1368,103,1,13.08,13.08
3503,1369,104,3,44.15,132.45
3504,1369,46,2,13.77,27.54
3505,1369,56,2,23.62,47.24
3506,1369,113,3,29.8,89.4
3507,1370,38,1,116.94,116.94
3508,1371,45,4,47.27,189.08
3509,1371,2,4,45.21,180.84
3510,1371,43,1,40.01,40.01
3511,1371,24,3,45.64,136.92000000000002
3512,1372,25,2,71.19,142.38
3513,1372,62,3,11.57,34.71
3514,1372,93,4,23.83,95.32
3515,1373,100,2,39.34,78.68
3516,1374,45,4,46.32,185.28
3517,1375,61,4,46.24,184.96
3518,1376,10,5,74.28,371.4
3519,1376,34,1,47.69,47.69
3520,1377,38,3,108.46,325.38
3521,1377,112,3,65.1,195.29999999999998
3522,1378,102,5,19.31,96.55
3523,1379,45,2,44.12,88.24
3524,1379,21,2,66.55,133.1
3525,1379,20,4,36.97,147.88
3526,1380,62,2,11.69,23.38
3527,1380,114,1,33.14,33.14
3528,1380,72,3,34.46,103.38
3529,1380,48,5,50.32,251.6
3530,1381,100,2,40.76,81.52
3531,1381,58,1,56.32,56.32
3532,1381,27,3,52.13,156.39000000000001
3533,1381,100,3,37.2,111.60000000000001
3534,1382,110,2,67.95,135.9
3535,1383,35,4,57.89,231.56
3536,1383,118,1,23.97,23.97
3537,1383,64,3,45.84,137.52
3538,1383,29,1,11.81,11.81
3539,1384,104,5,46.31,231.55
3540,1384,17,3,51.0,153.0
3541,1385,31,4,25.4,101.6
3542,1386,45,4,47.66,190.64
3543,1387,108,4,18.96,75.84
3544,1387,114,4,33.75,135.0
3545,1387,23,5,72.6,363.0
3546,1387,2,4,44.07,176.28
3547,1388,103,1,13.74,13.74
3548,1388,65,2,14.43,28.86
3549,1389,48,3,52.07,156.21
3550,1389,1,5,16.53,82.65
3551,1389,66,3,98.88,296.64
3552,1390,17,5,48.33,241.64999999999998
3553,1390,67,4,28.87,115.48
3554,1390,19,2,40.32,80.64
3555,1391,25,5,69.49,347.45
3556,1391,16,3,34.78,104.34
3557,1391,21,3,64.72,194.16
3558,1391,85,1,71.63,71.63
3559,1392,86,1,36.96,36.96
3560,1392,56,3,23.94,71.82000000000001
3561,1392,100,4,37.75,151.0
3562,1393,116,5,95.77,478.84999999999997
3563,1393,17,4,51.26,205.04
3564,1393,28,3,24.11,72.33
3565,1393,91,2,29.97,59.94
3566,1394,71,3,18.36,55.08
3567,1394,40,1,19.88,19.88
3568,1395,70,3,67.95,203.85000000000002
3569,1395,72,1,32.75,32.75
3570,1395,72,4,32.52,130.08
3571,1396,65,1,14.69,14.69
3572,1397,4,3,27.7,83.1
3573,1397,90,2,19.16,38.32
3574,1397,23,4,72.53,290.12
3575,1397,66,4,92.06,368.24
3576,1398,65,2,16.03,32.06
3577,1398,12,2,37.22,74.44
3578,1398,35,5,61.43,307.15
3579,1398,34,5,47.21,236.05
3580,1399,25,5,69.85,349.25
3581,1399,48,2,51.11,102.22
3582,1400,36,1,21.73,21.73
3583,1401,69,4,63.67,254.68
3584,1401,8,2,20.35,40.7
3585,1401,21,2,66.85,133.7
3586,1401,62,4,11.85,47.4
3587,1402,41,1,52.32,52.32
3588,1402,50,5,40.94,204.7
3589,1402,8,2,20.67,41.34
3590,1402,31,2,24.64,49.28
3591,1403,39,4,8.11,32.44
3592,1403,3,4,31.19,124.76
3593,1403,62,4,11.9,47.6
3594,1403,7,3,13.38,40.14
3595,1404,113,4,31.48,125.92
3596,1405,5,2,94.76,189.52
3597,1405,22,3,59.72,179.16
3598,1405,63,1,48.11,48.11
3599,1405,4,3,29.86,89.58
3600,1406,75,2,36.11,72.22
3601,1406,46,5,13.77,68.85
3602,1407,3,5,31.55,157.75
3603,1408,73,1,9.93,9.93
3604,1408,9,4,35.22,140.88
3605,1408,73,1,9.55,9.55
3606,1409,80,2,10.64,21.28
3607,1409,42,3,26.75,80.25
3608,1409,73,2,10.12,20.24
3609,1409,5,5,86.96,434.79999999999995
3610,1410,105,1,14.31,14.31
3611,1410,111,5,38.33,191.64999999999998
3612,1410,21,5,68.02,340.09999999999997
3613,1410,61,4,49.61,198.44
3614,1411,50,5,41.95,209.75
3615,1412,94,2,27.42,54.84
3616,1412,26,4,19.57,78.28
3617,1412,48,4,49.89,199.56
3618,1412,45,2,45.22,90.44
3619,1413,100,2,40.92,81.84
3620,1413,63,2,47.02,94.04
3621,1413,95,1,105.82,105.82
3622,1413,10,3,79.43,238.29000000000002
3623,1414,12,1,36.74,36.74
3624,1414,114,2,30.95,61.9
3625,1414,7,5,13.36,66.8
3626,1414,81,1,79.38,79.38
3627,1415,18,4,17.7,70.8
3628,1415,63,2,47.13,94.26
3629,1415,99,1,18.77,18.77
3630,1415,57,3,72.42,217.26
3631,1416,33,2,103.92,207.84
3632,1416,20,4,36.15,144.6
3633,1416,48,5,54.37,271.84999999999997
3634,1417,114,4,32.13,128.52
3635,1418,70,4,66.05,264.2
3636,1419,56,4,23.81,95.24
3637,1419,79,2,21.34,42.68
3638,1419,64,3,43.58,130.74
3639,1420,52,5,48.67,243.35000000000002
3640,1421,20,3,36.47,109.41
3641,1421,54,3,58.46,175.38
3642,1421,33,4,100.92,403.68
3643,1422,40,3,20.24,60.72
3644,1423,37,1,10.14,10.14
3645,1423,12,3,36.84,110.52000000000001
3646,1423,63,1,45.7,45.7
3647,1423,18,4,16.49,65.96
3648,1424,50,5,39.64,198.2
3649,1424,107,2,70.23,140.46
3650,1425,102,2,19.74,39.48
3651,1426,117,1,61.2,61.2
3652,1426,18,2,17.36,34.72
3653,1427,100,4,39.85,159.4
3654,1427,98,1,61.44,61.44
3655,1427,37,3,9.93,29.79
3656,1427,44,5,16.96,84.80000000000001
3657,1428,22,5,60.05,300.25
3658,1428,116,1,90.44,90.44
3659,1428,62,5,12.62,63.099999999999994
3660,1429,35,5,59.32,296.6
3661,1429,12,4,39.14,156.56
3662,1429,61,5,46.9,234.5
3663,1429,110,3,67.59,202.77
3664,1430,46,3,14.03,42.089999999999996
3665,1430,93,4,23.96,95.84
3666,1431,41,5,52.16,260.79999999999995
3667,1431,117,1,59.66,59.66
3668,1431,77,4,22.15,88.6
3669,1432,103,2,12.84,25.68
3670,1433,73,5,10.03,50.15
3671,1433,50,4,42.01,168.04
3672,1434,6,1,73.99,73.99
3673,1434,38,3,109.77,329.31
3674,1435,28,5,23.45,117.25
3675,1435,101,4,56.71,226.84
3676,1435,69,4,61.07,244.28
3677,1436,71,1,18.32,18.32
3678,1436,118,5,21.72,108.6
3679,1436,106,4,50.14,200.56
3680,1437,81,5,76.92,384.6
3681,1438,40,5,19.73,98.65
3682,1438,14,5,78.42,392.1
3683,1438,66,4,93.45,373.8
3684,1439,119,3,42.91,128.73
3685,1439,56,1,23.94,23.94
3686,1439,118,1,23.9,23.9
3687,1439,22,4,62.56,250.24
3688,1440,8,5,21.67,108.35000000000001
3689,1440,65,5,14.96,74.80000000000001
3690,1441,45,5,46.81,234.05
3691,1442,11,1,26.88,26.88
3692,1442,114,3,33.67,101.01
3693,1443,45,4,45.13,180.52
3694,1443,31,4,24.63,98.52
3695,1444,65,3,15.89,47.67
3696,1444,102,5,19.26,96.30000000000001
3697,1444,18,2,17.74,35.48
3698,1444,44,5,17.82,89.1
3699,1445,91,3,31.73,95.19
3700,1446,81,4,82.93,331.72
3701,1446,23,3,71.26,213.78000000000003
3702,1447,4,2,28.21,56.42
3703,1447,88,3,39.28,117.84
3704,1447,26,3,19.76,59.28
3705,1448,3,4,30.68,122.72
3706,1448,106,1,50.91,50.91
3707,1448,83,1,37.6,37.6
3708,1448,55,2,34.27,68.54
3709,1449,49,2,22.31,44.62
3710,1449,105,4,14.08,56.32
3711,1449,95,4,108.34,433.36
3712,1450,64,1,44.09,44.09
3713,1451,68,1,26.44,26.44
3714,1451,65,5,15.28,76.39999999999999
3715,1451,46,4,14.23,56.92
3716,1452,61,5,48.18,240.9
3717,1453,80,4,10.84,43.36
3718,1454,78,3,17.12,51.36
3719,1454,47,2,24.27,48.54
3720,1454,100,5,37.25,186.25
3721,1455,43,5,39.38,196.9
3722,1455,89,3,17.6,52.800000000000004
3723,1456,52,3,47.92,143.76
3724,1457,114,2,31.96,63.92
3725,1457,86,5,36.65,183.25
3726,1458,87,1,32.33,32.33
3727,1458,74,1,58.8,58.8
3728,1459,22,5,62.41,312.04999999999995
3729,1459,110,5,69.95,349.75
3730,1459,85,2,68.41,136.82
3731,1460,1,3,17.04,51.12
3732,1460,36,2,21.48,42.96
3733,1460,20,5,35.06,175.3
3734,1460,17,1,47.44,47.44
3735,1461,60,3,30.18,90.53999999999999
3736,1462,96,3,75.49,226.46999999999997
3737,1462,81,5,79.24,396.2
3738,1462,113,3,29.51,88.53
3739,1463,11,2,27.17,54.34
3740,1463,76,3,13.8,41.400000000000006
3741,1463,36,4,21.9,87.6
3742,1464,2,5,44.98,224.89999999999998
3743,1464,119,1,40.28,40.28
3744,1464,16,4,33.35,133.4
3745,1464,40,3,20.86,62.58
3746,1465,62,1,12.52,12.52
3747,1465,46,2,13.29,26.58
3748,1466,19,3,38.81,116.43
3749,1467,29,5,11.5,57.5
3750,1467,82,5,18.63,93.14999999999999
3751,1467,3,3,31.07,93.21000000000001
3752,1467,8,4,21.88,87.52
3753,1468,35,3,58.53,175.59
3754,1469,118,4,23.78,95.12
3755,1469,20,5,34.65,173.25
3756,1470,79,1,21.14,21.14
3757,1470,46,5,13.81,69.05
3758,1470,62,1,12.32,12.32
3759,1471,28,5,23.1,115.5
3760,1472,111,3,36.01,108.03
3761,1472,49,1,23.58,23.58
3762,1473,6,1,70.46,70.46
3763,1474,33,5,101.42,507.1
3764,1474,39,4,7.94,31.76
3765,1474,110,3,67.81,203.43
3766,1474,4,5,29.52,147.6
3767,1475,35,5,60.87,304.34999999999997
3768,1475,22,1,57.55,57.55
3769,1476,23,3,73.25,219.75
3770,1476,119,4,38.96,155.84
3771,1476,92,4,8.77,35.08
3772,1477,114,3,32.05,96.14999999999999
3773,1478,98,2,61.31,122.62
3774,1478,104,2,45.21,90.42
3775,1478,68,1,26.25,26.25
3776,1479,63,3,49.37,148.10999999999999
3777,1479,42,3,27.36,82.08
3778,1479,9,5,34.9,174.5
3779,1479,101,1,53.43,53.43
3780,1480,46,3,13.93,41.79
3781,1481,81,4,83.12,332.48
3782,1481,116,3,95.73,287.19
3783,1481,46,1,13.79,13.79
3784,1482,17,4,49.02,196.08
3785,1482,47,1,23.9,23.9
3786,1482,115,4,36.4,145.6
3787,1483,1,2,17.61,35.22
3788,1484,31,4,26.52,106.08
3789,1484,7,1,13.33,13.33
3790,1485,93,4,23.98,95.92
3791,1485,17,1,49.74,49.74
3792,1485,33,2,104.66,209.32
3793,1485,30,4,19.91,79.64
3794,1486,6,2,72.92,145.84
3795,1486,112,3,61.0,183.0
3796,1487,47,3,24.05,72.15
3797,1488,99,2,18.27,36.54
3798,1488,63,3,46.27,138.81
3799,1488,5,2,91.24,182.48
3800,1489,23,3,67.14,201.42000000000002
3801,1489,2,4,42.59,170.36
3802,1489,30,4,19.46,77.84
3803,1489,71,2,17.43,34.86
3804,1490,15,4,20.06,80.24
3805,1490,46,4,13.91,55.64
3806,1491,4,3,29.59,88.77
3807,1492,97,4,47.56,190.24
3808,1493,43,3,40.81,122.43
3809,1493,117,1,60.58,60.58
3810,1494,40,3,20.57,61.71
3811,1494,60,5,29.4,147.0
3812,1495,60,3,29.94,89.82000000000001
3813,1495,22,3,60.41,181.23
3814,1495,89,4,17.63,70.52
3815,1495,108,5,18.78,93.9
3816,1496,103,3,12.81,38.43
3817,1496,51,2,103.43,206.86
3818,1496,92,4,8.31,33.24
3819,1497,51,4,108.17,432.68
3820,1497,18,4,17.73,70.92
3821,1498,85,4,68.53,274.12
3822,1498,49,5,23.32,116.6
3823,1498,45,2,43.63,87.26
3824,1499,9,2,33.88,67.76
3825,1500,29,5,11.18,55.9
3826,1501,50,1,39.4,39.4
3827,1501,90,5,19.6,98.0
3828,1501,48,2,51.28,102.56
3829,1501,23,4,69.29,277.16
3830,1502,48,5,52.99,264.95
3831,1502,5,5,90.52,452.59999999999997
3832,1502,56,4,24.26,97.04
3833,1502,60,2,30.75,61.5
3834,1503,85,2,72.6,145.2
3835,1503,5,4,92.31,369.24
3836,1503,76,4,13.55,54.2
3837,1504,95,2,104.73,209.46
3838,1504,98,3,58.33,174.99
3839,1505,118,5,22.79,113.94999999999999
3840,1505,82,1,18.5,18.5
3841,1505,114,3,31.63,94.89
3842,1505,42,3,25.82,77.46000000000001
3843,1506,18,5,17.16,85.8
3844,1506,1,2,17.12,34.24
3845,1507,112,1,63.11,63.11
3846,1507,15,3,18.64,55.92
3847,1507,14,2,71.9,143.8
3848,1508,89,5,17.59,87.95
3849,1508,43,4,38.54,154.16
3850,1508,62,2,12.22,24.44
3851,1509,11,2,27.0,54.0
3852,1510,51,1,105.76,105.76
3853,1510,99,1,18.48,18.48
3854,1510,69,3,62.56,187.68
3855,1510,27,4,48.25,193.0
3856,1511,19,4,39.51,158.04
3857,1511,80,1,9.83,9.83
3858,1511,85,1,71.65,71.65
3859,1512,92,3,8.71,26.130000000000003
3860,1513,15,1,19.12,19.12
3861,1513,46,5,13.04,65.19999999999999
3862,1513,8,3,20.47,61.41
3863,1513,95,3,101.13,303.39
3864,1514,31,4,24.8,99.2
3865,1514,40,3,20.16,60.480000000000004
3866,1515,68,1,26.63,26.63
3867,1516,18,2,17.62,35.24
3868,1516,93,2,22.47,44.94
3869,1516,56,1,22.52,22.52
3870,1517,68,3,25.62,76.86
3871,1518,86,1,37.04,37.04
3872,1518,80,1,10.02,10.02
3873,1518,5,5,93.92,469.6
3874,1519,12,1,36.44,36.44
3875,1519,97,1,47.31,47.31
3876,1519,106,3,52.47,157.41
3877,1520,31,5,27.3,136.5
3878,1521,3,2,30.03,60.06
3879,1521,82,2,18.67,37.34
3880,1521,119,4,42.15,168.6
3881,1521,14,5,73.16,365.79999999999995
3882,1522,11,2,27.51,55.02
3883,1522,47,1,25.46,25.46
3884,1523,74,2,62.42,124.84
3885,1523,56,5,24.26,121.30000000000001
3886,1524,57,2,69.82,139.64
3887,1525,57,5,69.93,349.65000000000003
3888,1525,119,3,39.69,119.07
3889,1525,33,3,107.68,323.04
3890,1526,12,4,39.44,157.76
3891,1527,64,5,43.94,219.7
3892,1528,58,4,60.81,243.24
3893,1528,34,2,44.46,88.92
3894,1529,116,2,96.05,192.1
3895,1529,20,1,35.95,35.95
3896,1530,17,3,47.46,142.38
3897,1530,17,5,49.09,245.45000000000002
3898,1530,113,2,31.58,63.16
3899,1530,108,2,19.72,39.44
3900,1531,115,5,36.41,182.04999999999998
3901,1531,16,1,33.52,33.52
3902,1531,3,2,29.55,59.1
3903,1532,48,2,54.27,108.54
3904,1532,58,5,57.95,289.75
3905,1532,31,5,25.71,128.55
3906,1533,74,5,57.84,289.20000000000005
3907,1534,74,5,59.15,295.75
3908,1534,81,1,84.73,84.73
3909,1534,42,1,26.57,26.57
3910,1535,4,5,29.83,149.14999999999998
3911,1535,35,2,63.56,127.12
3912,1536,21,1,68.13,68.13
3913,1536,117,3,61.73,185.19
3914,1537,101,5,58.73,293.65
3915,1537,120,4,29.95,119.8
3916,1537,91,3,31.43,94.28999999999999
3917,1538,16,1,35.57,35.57
3918,1539,55,4,36.98,147.92
3919,1539,84,1,49.4,49.4
3920,1540,8,1,20.97,20.97
3921,1540,107,4,65.36,261.44
3922,1541,102,1,19.85,19.85
3923,1541,117,1,59.57,59.57
3924,1541,36,5,21.93,109.65
3925,1541,36,3,20.78,62.34
3926,1542,76,4,13.36,53.44
3927,1542,95,4,109.72,438.88
3928,1542,33,5,100.5,502.5
3929,1542,40,4,19.58,78.32
3930,1543,42,4,27.62,110.48
3931,1543,75,3,35.44,106.32
3932,1543,13,1,41.82,41.82
3933,1543,62,4,12.12,48.48
3934,1544,30,3,19.11,57.33
3935,1544,85,3,68.67,206.01
3936,1544,90,2,19.78,39.56
3937,1545,110,5,69.34,346.70000000000005
3938,1545,44,4,17.95,71.8
3939,1545,14,3,78.19,234.57
3940,1546,28,1,22.34,22.34
3941,1546,27,3,52.87,158.60999999999999
3942,1546,1,2,16.51,33.02
3943,1547,71,3,18.81,56.42999999999999
3944,1547,79,1,21.07,21.07
3945,1547,43,3,38.87,116.60999999999999
3946,1547,35,5,61.8,309.0
3947,1548,67,2,29.03,58.06
3948,1548,19,3,41.14,123.42
3949,1548,94,3,25.97,77.91
3950,1549,29,5,11.67,58.35
3951,1549,84,5,46.07,230.35
3952,1549,81,5,76.76,383.8
3953,1549,92,3,8.06,24.18
3954,1550,65,3,15.66,46.980000000000004
3955,1550,20,4,34.07,136.28
3956,1551,6,1,74.67,74.67
3957,1551,4,4,30.59,122.36
3958,1551,17,2,51.08,102.16
3959,1552,105,3,14.13,42.39
3960,1552,13,4,42.77,171.08
3961,1552,55,3,36.26,108.78
3962,1553,59,2,20.24,40.48
3963,1553,77,1,22.92,22.92
3964,1553,15,3,18.41,55.230000000000004
3965,1553,9,1,32.82,32.82
3966,1554,102,5,18.39,91.95
3967,1554,85,5,68.17,340.85
3968,1554,74,4,57.86,231.44
3969,1554,13,2,41.35,82.7
3970,1555,85,4,66.82,267.28
3971,1556,95,3,106.85,320.54999999999995
3972,1556,102,2,18.12,36.24
3973,1556,8,3,20.66,61.980000000000004
3974,1556,68,1,26.07,26.07
3975,1557,10,1,73.18,73.18
3976,1557,41,2,56.29,112.58
3977,1557,42,1,25.44,25.44
3978,1557,17,5,48.27,241.35000000000002
3979,1558,26,5,19.52,97.6
3980,1558,113,2,32.0,64.0
3981,1558,119,2,41.03,82.06
3982,1558,63,4,46.93,187.72
3983,1559,55,2,35.06,70.12
3984,1559,117,4,61.56,246.24
3985,1560,57,1,68.6,68.6
3986,1560,52,3,46.18,138.54
3987,1560,6,1,70.67,70.67
3988,1561,18,4,18.02,72.08
3989,1562,59,4,19.5,78.0
3990,1563,38,3,113.71,341.13
3991,1563,8,5,21.32,106.6
3992,1563,88,4,37.0,148.0
3993,1564,76,2,12.49,24.98
3994,1564,8,3,21.97,65.91
3995,1564,118,3,23.58,70.74
3996,1564,31,4,27.19,108.76
3997,1565,40,4,20.0,80.0
3998,1566,21,4,63.32,253.28
3999,1566,97,1,47.51,47.51
4000,1566,115,1,37.94,37.94
4001,1566,116,2,93.62,187.24
4002,1567,12,1,38.25,38.25
4003,1568,117,3,59.72,179.16
4004,1569,7,2,12.81,25.62
4005,1569,90,4,18.64,74.56
4006,1569,79,4,20.92,83.68
4007,1570,105,5,14.87,74.35
4008,1570,65,1,15.28,15.28
4009,1571,43,3,39.49,118.47
4010,1572,80,4,10.81,43.24
4011,1572,71,2,17.43,34.86
4012,1572,22,5,62.14,310.7
4013,1572,80,4,9.78,39.12
4014,1573,83,3,36.19,108.57
4015,1573,27,1,49.27,49.27
4016,1573,77,3,21.79,65.37
4017,1573,38,1,113.22,113.22
4018,1574,64,2,43.75,87.5
4019,1575,44,2,16.33,32.66
4020,1575,80,1,10.03,10.03
4021,1575,8,1,20.37,20.37
4022,1575,24,5,44.65,223.25
4023,1576,55,3,34.88,104.64000000000001
4024,1577,81,1,78.13,78.13
4025,1577,95,2,106.71,213.42
4026,1577,23,3,70.51,211.53000000000003
4027,1578,78,5,16.45,82.25
4028,1578,119,3,39.02,117.06
4029,1578,76,1,12.63,12.63
4030,1578,7,3,12.6,37.8
4031,1579,73,4,9.3,37.2
4032,1579,46,1,13.14,13.14
4033,1580,3,4,30.08,120.32
4034,1581,50,2,41.61,83.22
4035,1581,1,5,17.21,86.05000000000001
4036,1581,15,3,19.86,59.58
4037,1582,21,3,68.0,204.0
4038,1582,28,4,22.68,90.72
4039,1582,110,5,70.36,351.8
4040,1582,30,1,19.3,19.3
4041,1583,103,2,13.84,27.68
4042,1584,20,1,36.57,36.57
4043,1584,70,1,68.93,68.93
4044,1584,40,3,19.71,59.13
4045,1584,47,3,24.91,74.73
4046,1585,63,4,49.27,197.08
4047,1585,116,4,92.07,368.28
4048,1585,84,5,46.23,231.14999999999998
4049,1586,8,2,21.26,42.52
4050,1586,112,3,64.14,192.42000000000002
4051,1586,12,1,39.42,39.42
4052,1586,57,3,68.24,204.71999999999997
4053,1587,75,1,34.27,34.27
4054,1587,66,5,93.95,469.75
4055,1588,66,3,91.8,275.4
4056,1588,85,1,68.35,68.35
4057,1588,118,2,23.27,46.54
4058,1589,27,4,49.96,199.84
4059,1589,97,4,48.91,195.64
4060,1590,1,4,17.07,68.28
4061,1590,113,4,29.89,119.56
4062,1590,48,5,51.41,257.04999999999995
4063,1591,87,5,30.23,151.15
4064,1592,31,3,25.48,76.44
4065,1592,112,5,60.34,301.70000000000005
4066,1593,64,4,43.05,172.2
4067,1593,83,1,37.58,37.58
4068,1593,28,4,24.12,96.48
4069,1593,64,2,43.9,87.8
4070,1594,92,5,8.17,40.85
4071,1594,70,2,70.55,141.1
4072,1594,21,3,66.32,198.95999999999998
4073,1594,109,5,20.35,101.75
4074,1595,30,4,19.68,78.72
4075,1596,13,1,40.79,40.79
4076,1597,77,5,22.17,110.85000000000001
4077,1597,68,3,26.21,78.63
4078,1598,56,3,22.87,68.61
4079,1599,48,1,49.66,49.66
4080,1599,2,1,42.03,42.03
4081,1600,80,3,10.31,30.93
4082,1601,26,2,19.14,38.28
4083,1601,73,1,10.24,10.24
4084,1601,108,1,18.99,18.99
4085,1602,48,4,49.79,199.16
4086,1603,69,3,64.9,194.70000000000002
4087,1603,83,3,37.91,113.72999999999999
4088,1603,70,3,67.82,203.45999999999998
4089,1603,65,5,15.5,77.5
4090,1604,55,3,35.98,107.94
4091,1605,23,5,70.69,353.45
4092,1606,81,2,81.41,162.82
4093,1606,77,4,22.62,90.48
4094,1606,50,4,41.43,165.72
4095,1607,4,2,29.06,58.12
4096,1608,2,1,44.55,44.55
4097,1608,99,1,19.63,19.63
4098,1608,14,4,78.67,314.68
4099,1609,109,1,20.49,20.49
4100,1610,7,4,13.26,53.04
4101,1610,10,4,76.91,307.64
4102,1610,27,4,48.54,194.16
4103,1610,31,1,27.04,27.04
4104,1611,38,1,107.78,107.78
4105,1611,16,2,32.95,65.9
4106,1611,14,3,71.66,214.98
4107,1612,93,1,23.88,23.88
4108,1612,112,3,60.87,182.60999999999999
4109,1613,9,1,34.28,34.28
4110,1613,74,1,58.35,58.35
4111,1613,65,2,15.91,31.82
4112,1614,83,3,38.51,115.53
4113,1614,47,3,24.11,72.33
4114,1614,28,4,24.25,97.0
4115,1615,91,1,29.47,29.47
4116,1615,78,1,17.21,17.21
4117,1615,77,5,20.99,104.94999999999999
4118,1615,18,3,18.06,54.17999999999999
4119,1616,66,4,93.26,373.04
4120,1616,112,4,63.78,255.12
4121,1616,61,2,48.47,96.94
4122,1617,108,1,19.84,19.84
4123,1617,94,5,26.41,132.05
4124,1617,47,4,24.53,98.12
4125,1617,58,3,59.29,177.87
4126,1618,37,5,9.9,49.5
4127,1618,51,3,101.39,304.17
4128,1618,23,1,72.3,72.3
4129,1618,4,4,28.37,113.48
4130,1619,88,5,38.91,194.54999999999998
4131,1620,33,2,109.34,218.68
4132,1620,108,1,18.8,18.8
4133,1620,45,5,47.08,235.39999999999998
4134,1620,78,1,16.99,16.99
4135,1621,70,1,70.29,70.29
4136,1621,31,5,25.34,126.7
4137,1621,81,2,84.28,168.56
4138,1621,54,4,61.5,246.0
4139,1622,116,3,94.71,284.13
4140,1623,46,5,14.24,71.2
4141,1623,34,5,43.81,219.05
4142,1623,3,3,29.31,87.92999999999999
4143,1623,66,4,89.82,359.28
4144,1624,62,1,12.55,12.55
4145,1624,91,5,31.54,157.7
4146,1624,22,5,59.73,298.65
4147,1625,38,2,115.29,230.58
4148,1625,29,3,11.8,35.400000000000006
4149,1625,66,5,92.56,462.8
4150,1626,33,2,101.68,203.36
4151,1626,51,1,110.0,110.0
4152,1626,112,5,60.29,301.45
4153,1627,48,1,51.68,51.68
4154,1627,117,1,59.91,59.91
4155,1628,8,3,20.62,61.86
4156,1628,55,3,35.13,105.39000000000001
4157,1628,3,2,31.59,63.18
4158,1628,67,5,28.49,142.45
4159,1629,36,1,21.6,21.6
4160,1629,23,5,69.12,345.6
4161,1629,110,4,66.07,264.28
4162,1630,80,2,10.05,20.1
4163,1630,24,3,44.99,134.97
4164,1631,86,1,36.07,36.07
4165,1631,8,5,21.91,109.55
4166,1631,62,4,12.47,49.88
4167,1632,75,5,37.26,186.29999999999998
4168,1632,17,1,48.51,48.51
4169,1632,116,5,94.1,470.5
4170,1632,11,5,28.52,142.6
4171,1633,7,3,13.11,39.33
4172,1633,60,4,30.12,120.48
4173,1634,90,2,17.95,35.9
4174,1634,66,3,98.47,295.40999999999997
4175,1634,14,5,77.23,386.15000000000003
4176,1634,11,5,28.69,143.45000000000002
4177,1635,17,2,48.39,96.78
4178,1636,118,3,23.48,70.44
4179,1636,113,2,30.02,60.04
4180,1636,10,2,73.11,146.22
4181,1636,85,4,72.76,291.04
4182,1637,99,3,18.02,54.06
4183,1637,68,4,26.65,106.6
4184,1637,19,5,38.77,193.85000000000002
4185,1638,20,1,37.09,37.09
4186,1638,84,3,47.58,142.74
4187,1638,68,1,26.56,26.56
4188,1639,21,1,67.02,67.02
4189,1639,8,1,20.56,20.56
4190,1639,52,2,49.71,99.42
4191,1640,48,1,49.35,49.35
4192,1640,118,4,21.94,87.76
4193,1641,85,2,70.93,141.86
4194,1642,51,2,104.12,208.24
4195,1643,69,5,61.04,305.2
4196,1643,63,4,48.94,195.76
4197,1643,82,4,18.94,75.76
4198,1643,70,4,72.35,289.4
4199,1644,14,2,72.73,145.46
4200,1644,63,4,49.21,196.84
4201,1645,92,1,8.5,8.5
4202,1646,109,3,21.0,63.0
4203,1647,115,5,37.29,186.45
4204,1647,81,2,83.91,167.82
4205,1648,109,4,20.83,83.32
4206,1648,3,1,31.99,31.99
4207,1648,11,3,27.78,83.34
4208,1649,24,1,44.41,44.41
4209,1649,12,5,37.94,189.7
4210,1650,79,3,20.82,62.46
4211,1650,62,5,12.29,61.449999999999996
4212,1651,66,5,92.32,461.59999999999997
4213,1651,63,1,45.2,45.2
4214,1651,59,3,19.18,57.54
4215,1652,103,4,13.92,55.68
4216,1652,25,3,71.31,213.93
4217,1652,45,4,43.24,172.96
4218,1653,12,3,37.65,112.94999999999999
4219,1654,62,5,12.1,60.5
4220,1654,42,4,27.32,109.28
4221,1655,25,3,69.69,209.07
4222,1655,66,5,98.78,493.9
4223,1655,114,4,32.77,131.08
4224,1656,93,2,23.13,46.26
4225,1656,15,2,19.88,39.76
4226,1656,43,1,38.85,38.85
4227,1657,109,3,19.63,58.89
4228,1657,26,3,19.28,57.84
4229,1658,107,3,67.59,202.77
4230,1659,108,4,19.22,76.88
4231,1660,7,2,12.9,25.8
4232,1661,119,2,42.35,84.7
4233,1662,94,4,28.14,112.56
4234,1662,60,4,31.65,126.6
4235,1662,41,3,54.69,164.07
4236,1662,56,4,23.81,95.24
4237,1663,27,5,48.51,242.54999999999998
4238,1663,94,3,26.72,80.16
4239,1664,49,4,23.0,92.0
4240,1664,53,2,45.45,90.9
4241,1665,111,3,35.9,107.69999999999999
4242,1665,6,2,73.0,146.0
4243,1666,48,4,51.3,205.2
4244,1666,74,2,57.73,115.46
4245,1666,30,5,20.1,100.5
4246,1667,21,5,68.1,340.5
4247,1668,63,2,45.87,91.74
4248,1668,23,1,68.85,68.85
4249,1668,50,4,41.78,167.12
4250,1668,11,5,26.65,133.25
4251,1669,3,5,31.18,155.9
4252,1669,89,2,18.47,36.94
4253,1670,23,1,70.13,70.13
4254,1670,4,1,30.6,30.6
4255,1670,3,3,29.47,88.41
4256,1671,69,2,60.14,120.28
4257,1671,63,1,48.77,48.77
4258,1671,70,1,69.92,69.92
4259,1672,77,2,22.11,44.22
4260,1672,79,1,21.11,21.11
4261,1672,87,5,31.91,159.55
4262,1672,103,5,13.33,66.65
4263,1673,25,1,65.11,65.11
4264,1673,12,3,39.1,117.30000000000001
4265,1673,97,1,47.45,47.45
4266,1673,9,1,35.02,35.02
4267,1674,50,2,40.31,80.62
4268,1675,74,5,61.76,308.8
4269,1675,6,4,69.56,278.24
4270,1675,117,4,57.47,229.88
4271,1676,112,1,59.08,59.08
4272,1677,101,2,57.43,114.86
4273,1678,84,3,48.83,146.49
4274,1678,96,2,75.56,151.12
4275,1678,68,4,25.29,101.16
4276,1679,91,3,28.82,86.46000000000001
4277,1679,5,3,88.24,264.71999999999997
4278,1680,25,3,67.45,202.35000000000002
4279,1680,2,5,43.33,216.64999999999998
4280,1681,15,3,19.58,58.739999999999995
4281,1682,68,4,27.39,109.56
4282,1682,92,3,8.62,25.86
4283,1682,106,1,49.32,49.32
4284,1683,20,3,33.69,101.07
4285,1683,78,5,17.79,88.94999999999999
4286,1683,90,4,19.21,76.84
4287,1684,1,3,16.94,50.82000000000001
4288,1685,40,5,20.77,103.85
4289,1685,77,5,20.89,104.45
4290,1686,17,5,49.03,245.15
4291,1687,42,5,26.57,132.85
4292,1687,56,2,22.77,45.54
4293,1687,15,1,18.28,18.28
4294,1687,9,3,33.24,99.72
4295,1688,98,2,61.9,123.8
4296,1688,11,1,28.69,28.69
4297,1688,70,4,73.2,292.8
4298,1689,51,1,104.56,104.56
4299,1689,87,1,31.57,31.57
4300,1690,108,1,18.68,18.68
4301,1691,20,3,36.2,108.60000000000001
4302,1691,114,4,32.33,129.32
4303,1691,14,5,76.47,382.35
4304,1691,106,4,47.63,190.52
4305,1692,62,3,12.4,37.2
4306,1692,6,2,73.37,146.74
4307,1693,64,2,44.49,88.98
4308,1693,106,4,48.64,194.56
4309,1693,70,1,68.61,68.61
4310,1694,12,1,36.54,36.54
4311,1694,90,4,18.55,74.2
4312,1694,102,5,18.42,92.10000000000001
4313,1695,80,5,10.62,53.099999999999994
4314,1695,50,4,39.87,159.48
4315,1696,82,5,17.77,88.85
4316,1696,41,4,55.35,221.4
4317,1696,21,1,65.81,65.81
4318,1696,103,2,13.71,27.42
4319,1697,51,1,100.75,100.75
4320,1698,92,2,8.48,16.96
4321,1698,72,5,33.36,166.8
4322,1699,106,5,49.94,249.7
4323,1700,63,5,49.95,249.75
4324,1700,37,3,9.98,29.94
4325,1701,37,2,10.3,20.6
4326,1701,63,2,45.79,91.58
4327,1701,114,1,32.09,32.09
4328,1701,23,5,68.99,344.95
4329,1702,17,3,50.87,152.60999999999999
4330,1702,32,1,22.66,22.66
4331,1703,117,2,61.6,123.2
4332,1703,74,3,58.35,175.05
4333,1703,94,4,27.17,108.68
4334,1703,68,5,26.19,130.95000000000002
4335,1704,72,2,32.98,65.96
4336,1704,76,4,12.78,51.12
4337,1704,16,5,35.26,176.29999999999998
4338,1704,76,4,13.33,53.32
4339,1705,68,2,27.29,54.58
4340,1705,99,2,18.95,37.9
4341,1706,11,1,27.91,27.91
4342,1706,62,3,11.87,35.61
4343,1706,112,2,60.26,120.52
4344,1706,99,3,19.64,58.92
4345,1707,35,1,61.39,61.39
4346,1707,88,5,38.31,191.55
4347,1708,48,4,54.38,217.52
4348,1708,96,2,73.38,146.76
4349,1709,77,1,22.3,22.3
4350,1709,58,2,56.91,113.82
4351,1710,3,1,30.41,30.41
4352,1711,92,1,8.24,8.24
4353,1711,66,4,96.46,385.84
4354,1712,64,1,44.11,44.11
4355,1712,86,3,36.8,110.39999999999999
4356,1712,110,4,66.26,265.04
4357,1713,25,3,70.7,212.10000000000002
4358,1713,109,1,19.62,19.62
4359,1713,19,2,38.95,77.9
4360,1713,78,1,16.81,16.81
4361,1714,59,5,19.97,99.85
4362,1714,91,4,30.79,123.16
4363,1715,65,5,15.85,79.25
4364,1716,70,1,67.13,67.13
4365,1716,53,2,44.54,89.08
4366,1717,80,2,9.93,19.86
4367,1717,36,4,19.86,79.44
4368,1718,35,1,57.59,57.59
4369,1718,50,5,43.2,216.0
4370,1718,25,3,70.76,212.28000000000003
4371,1718,38,5,111.23,556.15
4372,1719,10,2,77.09,154.18
4373,1719,30,5,18.46,92.30000000000001
4374,1719,50,5,42.58,212.89999999999998
4375,1720,57,3,72.66,217.98
4376,1720,76,5,13.77,68.85
4377,1720,48,2,52.4,104.8
4378,1720,75,4,35.26,141.04
4379,1721,53,5,42.94,214.7
4380,1721,53,1,42.52,42.52
4381,1722,1,3,16.51,49.53
4382,1722,94,1,25.93,25.93
4383,1723,84,3,47.79,143.37
4384,1724,7,2,12.88,25.76
4385,1725,6,1,74.64,74.64
4386,1725,89,5,18.41,92.05
4387,1726,25,2,68.1,136.2
4388,1726,108,4,20.09,80.36
4389,1727,97,1,48.97,48.97
4390,1727,50,2,39.62,79.24
4391,1727,119,1,42.14,42.14
4392,1728,64,4,45.8,183.2
4393,1729,119,2,40.18,80.36
4394,1729,7,5,13.19,65.95
4395,1729,72,3,31.37,94.11
4396,1729,99,1,18.29,18.29
4397,1730,32,4,23.1,92.4
4398,1730,100,5,40.83,204.14999999999998
4399,1730,101,4,57.39,229.56
4400,1730,94,4,25.4,101.6
4401,1731,79,5,19.97,99.85
4402,1731,12,1,38.74,38.74
4403,1731,119,2,39.68,79.36
4404,1731,106,4,50.9,203.6
4405,1732,66,4,89.95,359.8
4406,1732,48,1,54.32,54.32
4407,1733,64,1,42.47,42.47
4408,1733,119,3,40.14,120.42
4409,1733,6,2,69.82,139.64
4410,1734,58,1,57.89,57.89
4411,1734,24,3,44.05,132.14999999999998
4412,1734,98,2,61.79,123.58
4413,1735,81,5,83.72,418.6
4414,1735,110,5,69.96,349.79999999999995
4415,1735,120,1,30.33,30.33
4416,1735,14,5,79.26,396.3
4417,1736,58,2,55.79,111.58
4418,1736,112,1,64.21,64.21
4419,1736,4,1,28.06,28.06
4420,1736,105,2,14.64,29.28
4421,1737,48,3,53.36,160.07999999999998
4422,1737,65,5,15.49,77.45
4423,1737,16,2,33.1,66.2
4424,1738,41,4,51.87,207.48
4425,1738,116,1,96.44,96.44
4426,1738,112,5,65.0,325.0
4427,1738,17,3,51.14,153.42000000000002
4428,1739,68,3,25.6,76.80000000000001
4429,1739,15,3,18.56,55.67999999999999
4430,1740,119,4,39.0,156.0
4431,1740,55,4,35.04,140.16
4432,1741,31,2,25.68,51.36
4433,1742,66,5,91.42,457.1
4434,1742,25,1,69.35,69.35
4435,1743,87,5,29.77,148.85
4436,1743,42,4,25.42,101.68
4437,1744,45,1,44.95,44.95
4438,1745,91,3,30.98,92.94
4439,1745,108,2,18.63,37.26
4440,1746,25,1,68.9,68.9
4441,1746,72,5,31.43,157.15
4442,1747,37,5,9.97,49.85
4443,1747,6,3,75.48,226.44
4444,1747,31,1,25.01,25.01
4445,1747,5,2,91.79,183.58
4446,1748,94,4,25.38,101.52
4447,1748,57,3,69.39,208.17000000000002
4448,1749,66,3,91.4,274.20000000000005
4449,1749,53,5,42.28,211.4
4450,1749,33,1,104.33,104.33
4451,1750,55,5,36.96,184.8
4452,1750,19,5,38.03,190.15
4453,1750,7,2,13.27,26.54
4454,1750,19,5,38.62,193.1
4455,1751,7,2,13.47,26.94
4456,1751,67,4,29.1,116.4
4457,1751,8,4,20.72,82.88
4458,1751,47,5,25.31,126.55
4459,1752,89,1,18.69,18.69
4460,1752,70,3,72.37,217.11
4461,1752,73,5,9.51,47.55
4462,1753,35,1,62.02,62.02
4463,1753,17,1,49.0,49.0
4464,1754,19,1,37.84,37.84
4465,1754,52,3,47.32,141.96
4466,1754,107,3,68.83,206.49
4467,1755,114,4,32.98,131.92
4468,1756,17,3,48.91,146.73
4469,1756,9,5,33.08,165.39999999999998
4470,1757,56,1,22.8,22.8
4471,1757,23,4,73.11,292.44
4472,1757,17,3,51.75,155.25
4473,1757,47,3,23.16,69.48
4474,1758,116,3,89.77,269.31
4475,1759,29,4,10.85,43.4
4476,1759,11,4,27.35,109.4
4477,1760,20,5,34.26,171.29999999999998
4478,1761,75,2,36.49,72.98
4479,1761,117,1,61.37,61.37
4480,1761,116,1,92.64,92.64
4481,1762,92,4,8.32,33.28
4482,1762,64,1,44.43,44.43
4483,1762,88,4,37.35,149.4
4484,1762,8,1,21.31,21.31
4485,1763,112,5,63.47,317.35
4486,1764,95,5,101.54,507.70000000000005
4487,1765,23,2,69.3,138.6
4488,1765,36,5,20.9,104.5
4489,1765,107,5,71.96,359.79999999999995
4490,1765,66,5,90.61,453.05
4491,1766,118,4,21.8,87.2
4492,1766,48,2,49.67,99.34
4493,1767,71,2,17.47,34.94
4494,1768,1,2,17.46,34.92
4495,1769,109,5,19.24,96.19999999999999
4496,1769,101,4,53.54,214.16
4497,1769,98,1,63.35,63.35
4498,1769,91,1,29.04,29.04
4499,1770,39,5,8.16,40.8
4500,1770,5,3,88.89,266.67
4501,1770,40,3,20.48,61.44
4502,1770,81,5,84.16,420.79999999999995
4503,1771,82,3,18.95,56.849999999999994
4504,1772,104,3,44.33,132.99
4505,1772,67,5,27.97,139.85
4506,1773,41,2,53.31,106.62
4507,1774,47,5,25.49,127.44999999999999
4508,1774,118,1,23.94,23.94
4509,1775,6,5,74.92,374.6
4510,1775,79,1,21.87,21.87
4511,1775,3,3,30.78,92.34
4512,1775,56,2,23.47,46.94
4513,1776,12,4,39.34,157.36
4514,1776,27,3,50.11,150.32999999999998
4515,1776,49,4,23.14,92.56
4516,1776,39,3,8.25,24.75
4517,1777,4,2,30.49,60.98
4518,1777,95,4,103.91,415.64
4519,1778,18,2,17.64,35.28
4520,1778,86,2,35.51,71.02
4521,1778,117,5,59.87,299.34999999999997
4522,1779,30,5,19.73,98.65
4523,1779,55,3,36.39,109.17
4524,1780,78,5,17.62,88.10000000000001
4525,1780,112,2,62.34,124.68
4526,1780,46,1,13.85,13.85
4527,1780,23,5,69.38,346.9
4528,1781,14,5,78.91,394.54999999999995
4529,1781,44,3,17.38,52.14
4530,1781,100,5,38.05,190.25
4531,1782,81,5,83.99,419.95
4532,1782,28,2,23.8,47.6
4533,1782,119,1,41.63,41.63
4534,1782,77,4,20.97,83.88
4535,1783,84,5,45.1,225.5
4536,1783,1,3,17.42,52.260000000000005
4537,1784,109,3,19.54,58.62
4538,1784,9,2,35.29,70.58
4539,1784,6,2,73.71,147.42
4540,1784,84,4,46.63,186.52
4541,1785,37,2,10.15,20.3
4542,1785,113,3,32.04,96.12
4543,1786,106,4,51.05,204.2
4544,1786,66,2,92.07,184.14
4545,1786,63,2,47.66,95.32
4546,1787,21,4,64.9,259.6
4547,1788,21,4,62.12,248.48
4548,1789,2,4,42.81,171.24
4549,1789,21,3,62.62,187.85999999999999
4550,1789,54,1,58.08,58.08
4551,1790,92,4,8.21,32.84
4552,1790,9,1,36.41,36.41
4553,1790,19,2,39.51,79.02
4554,1791,46,4,13.45,53.8
4555,1792,60,2,29.11,58.22
4556,1793,51,5,103.53,517.65
4557,1793,22,4,58.76,235.04
4558,1793,91,5,31.45,157.25
4559,1793,25,3,68.46,205.38
4560,1794,15,3,19.93,59.79
4561,1795,48,1,50.72,50.72
4562,1795,119,5,39.24,196.20000000000002
4563,1795,15,4,19.76,79.04
4564,1795,16,5,35.01,175.04999999999998
4565,1796,80,2,10.52,21.04
4566,1797,75,2,34.17,68.34
4567,1797,20,2,34.79,69.58
4568,1798,79,3,20.05,60.150000000000006
4569,1799,91,5,29.53,147.65
4570,1799,77,2,22.23,44.46
4571,1799,63,2,49.2,98.4
4572,1800,56,1,24.38,24.38
4573,1800,42,3,26.14,78.42
4574,1800,9,1,33.73,33.73
4575,1801,74,1,62.15,62.15
4576,1801,95,2,103.95,207.9
4577,1801,49,3,22.54,67.62
4578,1802,89,3,17.38,52.14
4579,1802,10,5,72.32,361.59999999999997
4580,1802,12,5,37.11,185.55
4581,1803,38,3,109.54,328.62
4582,1803,42,5,27.25,136.25
4583,1803,63,5,48.35,241.75
4584,1804,4,1,27.86,27.86
4585,1805,13,3,39.04,117.12
4586,1805,88,2,38.29,76.58
4587,1806,88,1,38.67,38.67
4588,1807,93,4,23.74,94.96
4589,1807,43,3,38.88,116.64000000000001
4590,1807,81,4,81.19,324.76
4591,1808,25,2,69.02,138.04
4592,1808,105,5,13.76,68.8
4593,1809,1,3,18.15,54.449999999999996
4594,1810,74,2,62.74,125.48
4595,1810,11,2,26.99,53.98
4596,1810,100,2,39.44,78.88
4597,1810,29,1,11.24,11.24
4598,1811,3,5,31.69,158.45000000000002
4599,1811,45,2,43.33,86.66
4600,1812,108,4,18.61,74.44
4601,1813,19,3,40.05,120.14999999999999
4602,1814,33,1,101.48,101.48
4603,1814,66,5,98.76,493.8
4604,1815,105,5,14.99,74.95
4605,1815,24,4,46.38,185.52
4606,1815,44,2,16.54,33.08
4607,1815,115,1,35.75,35.75
4608,1816,84,4,49.06,196.24
4609,1817,68,4,25.96,103.84
4610,1817,44,5,17.58,87.89999999999999
4611,1818,96,1,76.23,76.23
4612,1818,113,5,32.18,160.9
4613,1819,51,1,108.12,108.12
4614,1819,115,1,37.58,37.58
4615,1819,25,4,69.24,276.96
4616,1820,102,4,19.46,77.84
4617,1820,54,2,60.14,120.28
4618,1820,26,4,19.81,79.24
4619,1821,50,2,43.39,86.78
4620,1821,49,1,23.46,23.46
4621,1822,75,2,36.88,73.76
4622,1822,96,5,76.62,383.1
4623,1822,110,3,66.85,200.54999999999998
4624,1822,17,4,52.08,208.32
4625,1823,29,4,11.08,44.32
4626,1824,101,4,55.23,220.92
4627,1824,12,4,37.25,149.0
4628,1825,36,1,21.42,21.42
4629,1826,86,1,37.74,37.74
4630,1826,65,1,15.35,15.35
4631,1827,1,1,17.63,17.63
4632,1827,18,4,18.0,72.0
4633,1828,96,3,73.35,220.04999999999998
4634,1828,41,2,55.14,110.28
4635,1828,88,5,38.48,192.39999999999998
4636,1828,81,3,83.99,251.96999999999997
4637,1829,100,4,37.16,148.64
4638,1829,70,4,67.7,270.8
4639,1829,11,1,26.43,26.43
4640,1830,16,2,32.89,65.78
4641,1831,25,2,69.48,138.96
4642,1831,22,4,62.02,248.08
4643,1831,67,2,27.92,55.84
4644,1832,56,3,24.13,72.39
4645,1832,40,5,20.15,100.75
4646,1832,69,2,63.02,126.04
4647,1832,102,5,18.34,91.7
4648,1833,45,2,47.5,95.0
4649,1834,56,1,23.3,23.3
4650,1834,107,1,72.33,72.33
4651,1834,52,3,47.02,141.06
4652,1835,10,1,75.5,75.5
4653,1835,23,2,72.28,144.56
4654,1836,33,2,107.61,215.22
4655,1836,68,2,25.44,50.88
4656,1836,49,1,23.94,23.94
4657,1836,42,3,25.28,75.84
4658,1837,100,2,37.21,74.42
4659,1837,55,4,33.73,134.92
4660,1838,58,3,59.0,177.0
4661,1838,33,3,105.78,317.34000000000003
4662,1838,56,4,24.29,97.16
4663,1839,74,3,59.61,178.82999999999998
4664,1839,111,1,38.66,38.66
4665,1839,101,4,56.98,227.92
4666,1840,1,5,17.11,85.55
4667,1840,3,3,30.84,92.52
4668,1841,101,4,54.62,218.48
4669,1841,28,4,24.12,96.48
4670,1842,4,1,29.32,29.32
4671,1842,82,1,19.05,19.05
4672,1842,117,4,58.53,234.12
4673,1842,85,2,67.43,134.86
4674,1843,17,2,49.76,99.52
4675,1843,36,3,20.93,62.79
4676,1843,35,3,59.58,178.74
4677,1843,35,5,61.4,307.0
4678,1844,76,5,12.88,64.4
4679,1844,90,1,19.04,19.04
4680,1845,36,3,21.02,63.06
4681,1845,68,4,24.85,99.4
4682,1846,59,2,20.38,40.76
4683,1847,47,3,24.03,72.09
4684,1847,22,4,62.1,248.4
4685,1848,7,4,13.51,54.04
4686,1848,114,5,33.47,167.35
4687,1848,79,1,20.5,20.5
4688,1848,101,3,57.77,173.31
4689,1849,36,3,21.3,63.900000000000006
4690,1849,26,5,20.63,103.14999999999999
4691,1849,70,3,70.76,212.28000000000003
4692,1850,84,1,45.56,45.56
4693,1850,87,2,30.84,61.68
4694,1851,66,5,95.33,476.65
4695,1851,56,1,24.34,24.34
4696,1851,68,5,25.57,127.85
4697,1851,31,3,25.59,76.77
4698,1852,20,2,36.69,73.38
4699,1852,26,2,19.99,39.98
4700,1852,41,2,53.35,106.7
4701,1853,85,5,71.33,356.65
4702,1853,105,5,13.76,68.8
4703,1854,107,4,68.14,272.56
4704,1855,48,1,51.21,51.21
4705,1856,118,1,21.83,21.83
4706,1856,119,5,42.84,214.20000000000002
4707,1856,97,2,49.78,99.56
4708,1857,9,1,34.97,34.97
4709,1858,73,2,9.6,19.2
4710,1859,35,4,61.69,246.76
4711,1859,104,4,46.32,185.28
4712,1860,27,2,52.91,105.82
4713,1860,47,3,23.81,71.42999999999999
4714,1860,31,5,26.55,132.75
4715,1861,106,2,48.28,96.56
4716,1861,69,1,63.2,63.2
4717,1861,52,2,46.19,92.38
4718,1862,98,5,62.85,314.25
4719,1862,72,3,33.54,100.62
4720,1862,73,4,9.26,37.04
4721,1862,21,2,65.64,131.28
4722,1863,46,5,13.66,68.3
4723,1863,60,1,31.57,31.57
4724,1863,51,1,105.38,105.38
4725,1864,41,5,51.46,257.3
4726,1864,119,4,42.1,168.4
4727,1864,44,5,17.82,89.1
4728,1864,72,3,33.05,99.14999999999999
4729,1865,72,4,34.16,136.64
4730,1865,26,3,19.37,58.11
4731,1866,106,1,49.01,49.01
4732,1866,19,2,40.71,81.42
4733,1866,100,5,38.72,193.6
4734,1867,72,5,34.57,172.85
4735,1868,42,3,27.79,83.37
4736,1869,33,5,104.68,523.4000000000001
4737,1869,89,2,18.44,36.88
4738,1869,54,2,62.06,124.12
4739,1870,66,4,92.52,370.08
4740,1870,44,1,17.07,17.07
4741,1871,42,1,27.7,27.7
4742,1871,33,2,104.37,208.74
4743,1871,109,1,19.82,19.82
4744,1872,107,3,66.27,198.81
4745,1872,20,4,35.21,140.84
4746,1872,17,4,49.58,198.32
4747,1872,97,1,47.36,47.36
4748,1873,44,5,17.6,88.0
4749,1873,26,3,20.75,62.25
4750,1873,26,2,19.53,39.06
4751,1873,108,3,19.89,59.67
4752,1874,32,1,22.35,22.35
4753,1874,87,5,31.84,159.2
4754,1875,55,3,34.88,104.64000000000001
4755,1875,56,2,23.23,46.46
4756,1875,41,4,52.54,210.16
4757,1876,10,2,77.5,155.0
4758,1876,11,4,26.72,106.88
4759,1876,22,3,59.61,178.82999999999998
4760,1876,35,5,60.83,304.15
4761,1877,20,3,36.68,110.03999999999999
4762,1878,34,4,46.4,185.6
4763,1878,92,3,8.38,25.14
4764,1878,2,5,41.52,207.60000000000002
4765,1879,75,5,33.84,169.20000000000002
4766,1879,63,3,46.94,140.82
4767,1879,27,4,48.36,193.44
4768,1880,35,2,58.98,117.96
4769,1880,45,5,47.43,237.15
4770,1880,33,4,101.17,404.68
4771,1881,38,2,116.88,233.76
4772,1881,51,5,106.6,533.0
4773,1882,79,4,20.19,80.76
4774,1882,78,1,16.42,16.42
4775,1883,40,5,18.88,94.39999999999999
4776,1883,35,2,57.73,115.46
4777,1883,93,1,24.27,24.27
4778,1884,92,2,8.77,17.54
4779,1884,84,3,49.64,148.92000000000002
4780,1885,83,1,36.04,36.04
4781,1885,30,3,18.31,54.92999999999999
4782,1886,80,3,10.6,31.799999999999997
4783,1886,39,3,8.12,24.36
4784,1886,64,3,42.84,128.52
4785,1886,66,3,93.54,280.62
4786,1887,96,1,71.92,71.92
4787,1887,109,5,19.23,96.15
4788,1887,51,4,104.89,419.56
4789,1887,14,2,76.34,152.68
4790,1888,3,1,30.95,30.95
4791,1888,44,5,16.28,81.4
4792,1888,52,3,45.44,136.32
4793,1889,72,5,31.77,158.85
4794,1890,43,3,39.01,117.03
4795,1890,39,2,8.51,17.02
4796,1890,89,2,17.01,34.02
4797,1891,35,1,58.74,58.74
4798,1892,6,3,74.79,224.37
4799,1893,52,4,46.95,187.8
4800,1894,75,1,35.28,35.28
4801,1895,24,1,42.95,42.95
4802,1895,2,1,42.52,42.52
4803,1895,73,3,9.6,28.799999999999997
4804,1895,23,3,74.15,222.45000000000002
4805,1896,106,3,50.4,151.2
4806,1896,41,5,51.58,257.9
4807,1896,110,5,69.52,347.59999999999997
4808,1897,11,5,28.59,142.95
4809,1897,57,2,65.66,131.32
4810,1897,50,3,41.57,124.71000000000001
4811,1898,36,4,20.74,82.96
4812,1898,44,2,17.36,34.72
4813,1898,46,5,13.16,65.8
4814,1898,8,1,20.12,20.12
4815,1899,28,3,23.6,70.80000000000001
4816,1899,34,4,45.62,182.48
4817,1900,72,1,33.55,33.55
4818,1901,36,5,21.43,107.15
4819,1902,17,1,51.54,51.54
4820,1903,83,2,37.57,75.14
4821,1904,39,2,8.7,17.4
4822,1904,3,4,30.92,123.68
4823,1904,21,2,67.08,134.16
4824,1905,67,3,29.06,87.17999999999999
4825,1905,25,2,68.1,136.2
4826,1905,112,2,59.81,119.62
4827,1906,81,3,83.54,250.62
4828,1906,36,2,20.11,40.22
4829,1907,120,3,29.08,87.24
4830,1907,86,3,38.52,115.56
4831,1907,82,2,17.86,35.72
4832,1908,9,3,33.56,100.68
4833,1909,30,3,19.83,59.489999999999995
4834,1909,73,3,9.6,28.799999999999997
4835,1909,49,4,22.78,91.12
4836,1910,103,2,13.16,26.32
4837,1910,76,3,12.97,38.910000000000004
4838,1910,10,3,78.15,234.45000000000002
4839,1911,105,4,15.03,60.12
4840,1911,113,4,30.87,123.48
4841,1911,86,2,37.4,74.8
4842,1912,93,2,23.77,47.54
4843,1912,18,2,17.0,34.0
4844,1912,89,2,18.39,36.78
4845,1913,73,3,10.22,30.660000000000004
4846,1913,16,2,33.31,66.62
4847,1913,24,5,44.19,220.95
4848,1913,66,5,90.31,451.55
4849,1914,45,4,43.42,173.68
4850,1915,70,4,70.3,281.2
4851,1915,116,2,90.51,181.02
4852,1916,76,3,12.83,38.49
4853,1917,108,1,19.05,19.05
4854,1917,4,1,29.78,29.78
4855,1917,31,3,25.41,76.23
4856,1917,107,1,69.19,69.19
4857,1918,88,5,39.64,198.2
4858,1919,43,4,37.91,151.64
4859,1919,40,4,19.2,76.8
4860,1920,90,5,18.91,94.55
4861,1921,1,3,16.85,50.550000000000004
4862,1921,10,5,79.42,397.1
4863,1921,103,1,12.89,12.89
4864,1922,91,5,29.71,148.55
4865,1922,99,1,17.78,17.78
4866,1923,58,1,55.55,55.55
4867,1923,36,4,19.99,79.96
4868,1923,48,4,51.18,204.72
4869,1924,93,2,22.91,45.82
4870,1924,29,1,11.29,11.29
4871,1924,4,2,28.78,57.56
4872,1924,60,3,28.82,86.46000000000001
4873,1925,65,2,15.4,30.8
4874,1925,51,5,102.95,514.75
4875,1925,118,5,22.92,114.60000000000001
4876,1925,73,3,10.08,30.240000000000002
4877,1926,95,2,110.07,220.14
4878,1926,29,1,11.83,11.83
4879,1927,70,1,68.66,68.66
4880,1927,43,1,38.35,38.35
4881,1928,44,2,17.25,34.5
4882,1928,13,5,42.75,213.75
4883,1929,89,4,18.48,73.92
4884,1929,56,1,23.21,23.21
4885,1929,118,3,23.49,70.47
4886,1930,71,2,17.38,34.76
4887,1930,24,4,42.58,170.32
4888,1930,87,3,32.05,96.14999999999999
4889,1930,6,4,76.36,305.44
4890,1931,90,1,19.31,19.31
4891,1931,46,2,13.49,26.98
4892,1931,5,2,86.26,172.52
4893,1932,63,5,45.32,226.6
4894,1932,58,4,55.67,222.68
4895,1932,30,1,18.75,18.75
4896,1933,13,1,40.14,40.14
4897,1933,74,4,58.41,233.64
4898,1933,55,2,36.59,73.18
4899,1933,37,3,9.87,29.61
4900,1934,68,2,25.12,50.24
4901,1935,118,2,22.6,45.2
4902,1936,105,1,14.9,14.9
4903,1937,32,3,21.99,65.97
4904,1937,45,4,46.07,184.28
4905,1937,97,3,48.16,144.48
4906,1938,16,1,33.24,33.24
4907,1938,116,2,95.01,190.02
4908,1938,50,4,39.81,159.24
4909,1938,60,4,30.85,123.4
4910,1939,117,5,62.0,310.0
4911,1940,24,3,43.01,129.03
4912,1940,20,5,34.09,170.45000000000002
4913,1940,107,4,72.51,290.04
4914,1941,87,5,32.24,161.20000000000002
4915,1941,49,1,22.72,22.72
4916,1941,13,2,39.62,79.24
4917,1941,66,2,95.31,190.62
4918,1942,92,1,8.37,8.37
4919,1942,6,3,72.06,216.18
4920,1942,26,1,20.24,20.24
4921,1942,42,4,25.84,103.36
4922,1943,34,2,47.02,94.04
4923,1943,67,2,28.28,56.56
4924,1943,119,2,39.19,78.38
4925,1943,84,2,47.14,94.28
4926,1944,62,3,12.09,36.269999999999996
4927,1944,115,5,36.83,184.14999999999998
4928,1945,99,1,18.69,18.69
4929,1945,71,1,18.52,18.52
4930,1945,7,2,13.25,26.5
4931,1946,33,4,101.26,405.04
4932,1946,112,4,62.88,251.52
4933,1946,67,5,27.23,136.15
4934,1947,112,4,60.31,241.24
4935,1947,9,2,36.41,72.82
4936,1948,22,4,61.02,244.08
4937,1948,18,3,17.08,51.239999999999995
4938,1948,12,4,37.43,149.72
4939,1949,43,3,39.34,118.02000000000001
4940,1949,120,5,30.45,152.25
4941,1949,3,4,31.45,125.8
4942,1950,113,5,31.18,155.9
4943,1950,10,5,78.46,392.29999999999995
4944,1950,2,3,43.58,130.74
4945,1950,1,2,17.8,35.6
4946,1951,93,2,24.06,48.12
4947,1951,22,2,60.58,121.16
4948,1951,14,1,72.8,72.8
4949,1952,100,2,40.02,80.04
4950,1952,77,5,22.6,113.0
4951,1952,43,1,39.83,39.83
4952,1953,92,5,8.53,42.65
4953,1953,109,1,20.22,20.22
4954,1954,65,1,14.44,14.44
4955,1954,107,5,71.01,355.05
4956,1955,42,3,26.44,79.32000000000001
4957,1955,104,2,46.49,92.98
4958,1955,78,1,16.11,16.11
4959,1955,26,1,20.53,20.53
4960,1956,76,2,12.65,25.3
4961,1956,42,1,25.4,25.4
4962,1956,9,4,34.26,137.04
4963,1956,57,5,66.72,333.6
4964,1957,8,2,21.23,42.46
4965,1957,52,1,48.04,48.04
4966,1957,108,5,19.95,99.75
4967,1958,10,4,78.69,314.76
4968,1958,82,2,18.02,36.04
4969,1958,29,4,11.71,46.84
4970,1959,72,4,34.38,137.52
4971,1959,75,4,34.78,139.12
4972,1960,92,1,8.23,8.23
4973,1960,82,2,17.75,35.5
4974,1961,30,3,20.17,60.510000000000005
4975,1961,44,4,17.96,71.84
4976,1961,69,3,63.44,190.32
4977,1962,36,2,19.9,39.8
4978,1963,102,2,18.89,37.78
4979,1964,71,3,18.68,56.04
4980,1964,83,1,35.02,35.02
4981,1964,80,5,10.23,51.150000000000006
4982,1965,43,4,38.0,152.0
4983,1965,86,4,38.96,155.84
4984,1965,78,4,17.19,68.76
4985,1966,98,3,61.63,184.89000000000001
4986,1966,41,3,52.62,157.85999999999999
4987,1966,71,4,17.8,71.2
4988,1966,108,4,19.79,79.16
4989,1967,46,4,13.13,52.52
4990,1967,101,1,57.48,57.48
4991,1968,42,5,26.56,132.79999999999998
4992,1969,16,3,34.2,102.60000000000001
4993,1969,5,4,91.48,365.92
4994,1969,60,1,28.64,28.64
4995,1970,50,3,41.6,124.80000000000001
4996,1970,31,3,26.16,78.48
4997,1971,105,2,13.89,27.78
4998,1972,101,5,54.04,270.2
4999,1972,76,3,13.0,39.0
5000,1972,93,5,24.36,121.8
5001,1973,72,3,33.24,99.72
5002,1973,78,3,17.05,51.150000000000006
5003,1973,27,3,53.45,160.35000000000002
5004,1974,3,4,30.72,122.88
5005,1975,72,4,31.22,124.88
5006,1975,14,5,77.99,389.95
5007,1975,22,2,63.08,126.16
5008,1976,63,4,50.01,200.04
5009,1976,41,5,52.03,260.15
5010,1976,48,5,51.91,259.54999999999995
5011,1977,71,3,17.8,53.400000000000006
5012,1977,102,3,18.75,56.25
5013,1977,6,4,71.54,286.16
5014,1978,34,3,43.41,130.23
5015,1978,38,1,109.74,109.74
5016,1978,30,4,18.34,73.36
5017,1979,11,4,27.31,109.24
5018,1979,33,3,100.8,302.4
5019,1980,20,3,35.49,106.47
5020,1980,106,3,48.52,145.56
5021,1981,43,3,40.46,121.38
5022,1981,42,4,27.74,110.96
5023,1981,84,1,47.92,47.92
5024,1982,72,2,31.49,62.98
5025,1983,33,5,100.52,502.59999999999997
5026,1983,36,5,21.65,108.25
5027,1983,3,1,30.33,30.33
5028,1984,27,1,51.88,51.88
5029,1984,48,1,52.63,52.63
5030,1984,52,5,46.07,230.35
5031,1984,27,5,49.8,249.0
5032,1985,105,3,14.81,44.43
5033,1986,94,4,25.38,101.52
5034,1987,53,4,43.5,174.0
5035,1988,99,5,18.03,90.15
5036,1988,38,5,113.44,567.2
5037,1988,81,5,80.56,402.8
5038,1989,95,2,106.1,212.2
5039,1989,74,2,59.01,118.02
5040,1990,38,1,110.08,110.08
5041,1990,88,5,38.28,191.4
5042,1990,13,3,40.99,122.97
5043,1991,46,1,13.68,13.68
5044,1991,102,5,18.93,94.65
5045,1991,79,5,20.99,104.94999999999999
5046,1991,43,5,39.04,195.2
5047,1992,51,4,102.48,409.92
5048,1992,49,5,23.31,116.55
5049,1992,52,5,47.73,238.64999999999998
5050,1992,28,3,22.5,67.5
5051,1993,95,3,102.25,306.75
5052,1993,11,2,27.26,54.52
5053,1994,95,4,100.31,401.24
5054,1995,67,5,26.75,133.75
5055,1995,49,5,21.88,109.39999999999999
5056,1995,96,5,78.16,390.79999999999995
5057,1996,113,2,30.58,61.16
5058,1997,51,4,108.83,435.32
5059,1997,65,2,15.01,30.02
5060,1997,54,1,61.47,61.47
5061,1998,59,5,20.07,100.35
5062,1998,43,2,38.57,77.14
5063,1999,61,5,49.79,248.95
5064,1999,3,3,31.81,95.42999999999999
5065,2000,94,4,27.45,109.8
5066,2001,12,3,39.01,117.03
5067,2002,117,3,59.0,177.0
5068,2003,47,5,23.33,116.64999999999999
5069,2003,83,1,36.3,36.3
5070,2004,4,1,29.89,29.89
5071,2004,41,4,53.54,214.16
5072,2005,114,5,34.13,170.65
5073,2005,63,5,48.3,241.5
5074,2006,55,4,33.91,135.64
5075,2007,37,1,9.77,9.77
5076,2008,83,1,35.5,35.5
5077,2008,79,2,21.11,42.22
5078,2008,63,4,49.99,199.96
5079,2009,120,1,31.12,31.12
5080,2009,67,2,28.62,57.24
5081,2009,104,2,43.12,86.24
5082,2009,57,1,72.62,72.62
5083,2010,57,3,72.22,216.66
5084,2010,71,2,18.26,36.52
5085,2010,42,1,25.22,25.22
5086,2011,95,3,102.73,308.19
5087,2011,55,3,35.11,105.33
5088,2011,33,2,102.06,204.12
5089,2011,38,1,114.65,114.65
5090,2012,40,1,20.01,20.01
5091,2012,119,5,42.92,214.60000000000002
5092,2012,39,5,8.26,41.3
5093,2013,25,4,64.89,259.56
5094,2014,83,2,34.87,69.74
5095,2014,98,4,58.67,234.68
5096,2014,51,5,102.1,510.5
5097,2015,50,5,42.21,211.05
5098,2016,73,4,9.95,39.8
5099,2016,79,1,21.78,21.78
5100,2016,14,3,71.39,214.17000000000002
5101,2016,111,5,38.24,191.20000000000002
5102,2017,45,4,45.57,182.28
5103,2017,72,1,32.02,32.02
5104,2017,7,5,13.33,66.65
5105,2018,75,3,34.13,102.39000000000001
5106,2018,13,1,39.06,39.06
5107,2018,5,1,89.96,89.96
5108,2018,115,3,37.45,112.35000000000001
5109,2019,16,5,34.69,173.45
5110,2019,90,4,19.43,77.72
5111,2019,65,3,14.8,44.400000000000006
5112,2019,30,3,18.85,56.550000000000004
5113,2020,45,2,45.7,91.4
5114,2020,17,1,49.26,49.26
5115,2020,74,3,61.68,185.04
5116,2021,100,1,37.05,37.05
5117,2021,47,5,24.95,124.75
5118,2021,112,2,64.37,128.74
5119,2021,21,2,66.6,133.2
5120,2022,113,3,31.13,93.39
5121,2022,96,2,73.22,146.44
5122,2022,8,4,20.11,80.44
5123,2023,102,1,19.65,19.65
5124,2023,8,5,21.99,109.94999999999999
5125,2023,117,2,57.26,114.52
5126,2023,82,4,18.19,72.76
5127,2024,25,5,66.32,331.59999999999997
5128,2025,110,1,65.64,65.64
5129,2025,38,3,115.73,347.19
5130,2026,15,3,19.93,59.79
5131,2026,34,1,45.2,45.2
5132,2026,104,4,45.92,183.68
5133,2026,112,5,64.77,323.84999999999997
5134,2027,112,1,63.54,63.54
5135,2027,72,5,33.83,169.14999999999998
5136,2027,23,3,67.68,203.04000000000002
5137,2027,111,5,38.68,193.4
5138,2028,63,2,45.89,91.78
5139,2028,107,1,70.6,70.6
5140,2028,12,4,40.19,160.76
5141,2028,30,3,18.74,56.22
5142,2029,28,4,23.42,93.68
5143,2029,52,5,47.37,236.85
5144,2030,103,5,13.06,65.3
5145,2030,50,1,39.37,39.37
5146,2030,73,1,10.04,10.04
5147,2031,59,2,20.85,41.7
5148,2032,115,1,36.02,36.02
5149,2033,120,5,30.14,150.7
5150,2033,105,3,14.65,43.95
5151,2033,21,1,64.01,64.01
5152,2034,103,3,13.18,39.54
5153,2034,93,4,24.23,96.92
5154,2035,43,4,39.27,157.08
5155,2035,28,5,24.69,123.45
5156,2035,119,4,42.27,169.08
5157,2036,89,4,18.54,74.16
5158,2037,31,1,25.2,25.2
5159,2037,25,5,67.66,338.29999999999995
5160,2037,72,4,31.55,126.2
5161,2037,64,4,43.68,174.72
5162,2038,100,5,41.1,205.5
5163,2039,81,5,81.79,408.95000000000005
5164,2039,98,3,59.8,179.39999999999998
5165,2039,52,4,46.47,185.88
5166,2040,117,5,57.57,287.85
5167,2040,116,1,88.86,88.86
5168,2040,114,1,31.35,31.35
5169,2041,85,2,68.72,137.44
5170,2041,46,4,13.62,54.48
5171,2041,19,5,38.64,193.2
5172,2041,68,2,25.21,50.42
5173,2042,45,2,44.23,88.46
5174,2042,21,1,64.83,64.83
5175,2043,38,2,108.35,216.7
5176,2043,97,1,45.15,45.15
5177,2044,36,3,21.6,64.80000000000001
5178,2044,12,5,37.14,185.7
5179,2044,26,3,19.35,58.050000000000004
5180,2045,22,3,57.65,172.95
5181,2045,23,5,68.39,341.95
5182,2046,52,1,49.19,49.19
5183,2046,105,5,15.12,75.6
5184,2046,45,2,44.86,89.72
5185,2047,119,1,39.61,39.61
5186,2047,105,3,14.78,44.339999999999996
5187,2047,20,1,34.38,34.38
5188,2047,73,3,9.95,29.849999999999998
5189,2048,95,4,107.57,430.28
5190,2048,86,4,38.58,154.32
5191,2048,28,1,22.86,22.86
5192,2048,86,4,36.7,146.8
5193,2049,63,2,46.41,92.82
5194,2049,29,1,11.55,11.55
5195,2050,24,2,47.07,94.14
5196,2050,45,3,44.9,134.7
5197,2050,33,2,102.49,204.98
5198,2051,66,3,94.74,284.21999999999997
5199,2052,50,4,40.83,163.32
5200,2053,15,1,18.28,18.28
5201,2053,85,2,69.67,139.34
5202,2054,8,2,21.08,42.16
5203,2055,57,4,68.55,274.2
5204,2055,7,2,13.56,27.12
5205,2055,98,4,62.0,248.0
5206,2055,39,4,8.28,33.12
5207,2056,12,1,40.17,40.17
5208,2056,30,4,19.35,77.4
5209,2057,69,2,61.16,122.32
5210,2057,94,2,26.4,52.8
5211,2057,13,1,39.06,39.06
5212,2057,39,3,8.46,25.380000000000003
5213,2058,15,4,19.55,78.2
5214,2058,30,1,18.61,18.61
5215,2059,38,1,116.51,116.51
5216,2059,71,1,18.31,18.31
5217,2059,13,5,39.21,196.05
5218,2059,74,2,58.46,116.92
5219,2060,94,5,28.16,140.8
5220,2061,114,1,30.8,30.8
5221,2061,61,3,49.88,149.64000000000001
5222,2061,59,3,20.69,62.07000000000001
5223,2062,78,5,17.35,86.75
5224,2062,120,2,29.78,59.56
5225,2063,7,2,12.85,25.7
5226,2063,22,3,58.05,174.14999999999998
5227,2063,27,2,48.54,97.08
5228,2063,23,1,71.2,71.2
5229,2064,63,1,49.56,49.56
5230,2065,6,3,70.25,210.75
5231,2066,10,4,73.82,295.28
5232,2066,81,1,77.68,77.68
5233,2066,20,3,35.94,107.82
5234,2066,40,4,20.41,81.64
5235,2067,3,5,31.7,158.5
5236,2067,92,1,8.12,8.12
5237,2067,110,5,69.18,345.90000000000003
5238,2068,83,2,36.41,72.82
5239,2068,52,3,49.96,149.88
5240,2068,48,1,52.77,52.77
5241,2069,6,3,69.86,209.57999999999998
5242,2069,31,2,25.44,50.88
5243,2069,56,2,23.75,47.5
5244,2070,7,5,13.47,67.35000000000001
5245,2070,107,1,68.19,68.19
5246,2071,75,2,34.7,69.4
5247,2071,23,2,68.92,137.84
5248,2071,107,4,67.69,270.76
5249,2071,29,3,10.89,32.67
5250,2072,80,3,10.17,30.509999999999998
5251,2072,118,1,22.02,22.02
5252,2072,44,2,16.63,33.26
5253,2073,103,5,13.12,65.6
5254,2074,111,3,36.24,108.72
5255,2074,66,5,93.97,469.85
5256,2075,79,1,21.38,21.38
5257,2075,23,2,73.49,146.98
5258,2075,101,1,56.45,56.45
5259,2075,27,4,48.51,194.04
5260,2076,36,1,20.57,20.57
5261,2076,104,3,44.47,133.41
5262,2077,25,1,69.82,69.82
5263,2077,82,3,17.89,53.67
5264,2077,44,1,17.6,17.6
5265,2078,43,4,40.68,162.72
5266,2079,110,3,69.52,208.56
5267,2080,4,4,29.7,118.8
5268,2081,90,1,18.33,18.33
5269,2081,17,4,50.3,201.2
5270,2081,97,1,46.28,46.28
5271,2082,88,1,40.08,40.08
5272,2082,75,5,33.78,168.9
5273,2082,78,2,17.26,34.52
5274,2083,3,4,31.79,127.16
5275,2084,44,5,16.84,84.2
5276,2084,88,1,37.4,37.4
5277,2084,72,5,31.52,157.6
5278,2084,24,5,44.91,224.54999999999998
5279,2085,91,3,29.27,87.81
5280,2085,36,2,21.14,42.28
5281,2085,78,2,17.08,34.16
5282,2086,77,2,20.98,41.96
5283,2086,29,3,11.61,34.83
5284,2087,6,1,76.12,76.12
5285,2087,115,3,38.59,115.77000000000001
5286,2088,91,3,29.14,87.42
5287,2088,3,4,31.64,126.56
5288,2088,24,1,45.99,45.99
5289,2089,67,2,29.2,58.4
5290,2089,107,1,67.13,67.13
5291,2089,27,5,51.32,256.6
5292,2089,64,5,44.43,222.15
5293,2090,85,5,72.11,360.55
5294,2091,106,5,47.87,239.35
5295,2091,68,5,26.23,131.15
5296,2091,51,2,104.29,208.58
5297,2092,24,5,47.1,235.5
5298,2092,66,1,97.12,97.12
5299,2092,61,1,50.06,50.06
5300,2093,107,2,70.39,140.78
5301,2093,63,2,46.34,92.68
5302,2093,93,4,23.72,94.88
5303,2093,51,4,108.54,434.16
5304,2094,60,1,29.52,29.52
5305,2094,6,3,73.55,220.64999999999998
5306,2095,60,1,28.91,28.91
5307,2095,25,5,65.73,328.65000000000003
5308,2096,39,4,8.22,32.88
5309,2096,117,1,59.47,59.47
5310,2096,82,4,18.28,73.12
5311,2096,23,2,67.29,134.58
5312,2097,67,2,28.74,57.48
5313,2097,56,4,22.81,91.24
5314,2097,91,2,31.57,63.14
5315,2097,36,3,20.37,61.11
5316,2098,78,5,17.24,86.19999999999999
5317,2098,91,2,30.12,60.24
5318,2098,87,1,29.16,29.16
5319,2098,70,3,70.45,211.35000000000002
5320,2099,3,1,29.09,29.09
5321,2099,86,5,35.65,178.25
5322,2099,116,4,94.24,376.96
5323,2099,77,3,21.82,65.46000000000001
5324,2100,71,3,18.7,56.099999999999994
5325,2101,61,1,47.53,47.53
5326,2101,11,4,28.75,115.0
5327,2101,116,4,87.99,351.96
5328,2102,45,5,47.29,236.45
5329,2102,85,4,67.64,270.56
5330,2102,66,2,90.87,181.74
5331,2103,83,3,36.55,109.64999999999999
5332,2103,10,2,77.11,154.22
5333,2104,83,4,37.08,148.32
5334,2104,67,5,27.42,137.10000000000002
5335,2105,57,2,69.87,139.74
5336,2105,90,4,18.76,75.04
5337,2105,78,1,16.43,16.43
5338,2105,91,4,28.78,115.12
5339,2106,73,4,9.92,39.68
5340,2107,95,4,106.62,426.48
5341,2107,107,2,69.0,138.0
5342,2107,98,4,60.55,242.2
5343,2107,118,5,22.84,114.2
5344,2108,65,1,14.61,14.61
5345,2108,58,5,59.72,298.6
5346,2109,9,2,35.92,71.84
5347,2109,73,2,9.37,18.74
5348,2109,82,1,18.94,18.94
5349,2109,35,1,60.21,60.21
5350,2110,5,3,92.95,278.85
5351,2110,102,4,18.88,75.52
5352,2110,16,4,33.49,133.96
5353,2111,86,4,37.05,148.2
5354,2112,117,4,56.99,227.96
5355,2113,111,1,35.63,35.63
5356,2113,27,3,48.39,145.17000000000002
5357,2113,73,3,10.24,30.72
5358,2113,113,1,32.57,32.57
5359,2114,86,2,35.59,71.18
5360,2114,35,2,58.75,117.5
5361,2114,12,1,38.3,38.3
5362,2114,63,3,48.38,145.14000000000001
5363,2115,73,3,9.43,28.29
5364,2116,23,3,68.6,205.79999999999998
5365,2116,46,1,13.75,13.75
5366,2116,51,5,99.87,499.35
5367,2117,61,2,47.93,95.86
5368,2117,7,4,13.73,54.92
5369,2117,40,3,20.88,62.64
5370,2118,101,1,56.55,56.55
5371,2119,35,2,59.9,119.8
5372,2119,97,4,48.74,194.96
5373,2119,99,2,19.55,39.1
5374,2120,104,2,44.25,88.5
5375,2121,67,4,28.86,115.44
5376,2121,44,4,17.01,68.04
5377,2122,31,5,25.84,129.2
5378,2123,65,3,15.35,46.05
5379,2124,93,3,23.16,69.48
5380,2124,100,4,38.03,152.12
5381,2124,9,3,35.97,107.91
5382,2124,112,2,65.29,130.58
5383,2125,36,2,21.05,42.1
5384,2125,31,5,26.76,133.8
5385,2125,41,5,52.12,260.59999999999997
5386,2126,44,2,17.49,34.98
5387,2126,22,1,58.97,58.97
5388,2126,39,5,8.03,40.15
5389,2127,102,1,18.84,18.84
5390,2127,4,2,27.75,55.5
5391,2128,81,1,78.89,78.89
5392,2129,106,4,48.65,194.6
5393,2129,81,1,80.64,80.64
5394,2129,57,2,69.01,138.02
5395,2130,72,4,33.49,133.96
5396,2131,65,1,14.62,14.62
5397,2132,46,5,13.64,68.2
5398,2132,102,4,17.96,71.84
5399,2133,80,4,10.64,42.56
5400,2133,7,3,13.74,41.22
5401,2134,89,2,18.83,37.66
5402,2135,30,3,19.21,57.63
5403,2135,65,5,15.79,78.94999999999999
5404,2135,21,3,64.94,194.82
5405,2136,57,2,66.88,133.76
5406,2136,18,2,18.02,36.04
5407,2137,27,3,48.48,145.44
5408,2137,105,5,14.62,73.1
5409,2137,11,3,28.61,85.83
5410,2137,37,4,9.98,39.92
5411,2138,5,3,87.86,263.58
5412,2139,23,3,67.79,203.37
5413,2139,86,1,37.41,37.41
5414,2140,67,2,28.25,56.5
5415,2140,42,5,26.6,133.0
5416,2140,11,5,26.88,134.4
5417,2140,86,2,37.12,74.24
5418,2141,31,3,26.89,80.67
5419,2141,61,4,50.0,200.0
5420,2142,16,5,33.87,169.35
5421,2143,54,1,61.03,61.03
5422,2143,105,2,14.97,29.94
5423,2143,76,3,13.34,40.019999999999996
5424,2143,58,3,61.0,183.0
5425,2144,22,4,61.22,244.88
5426,2144,32,2,21.46,42.92
5427,2145,118,4,23.08,92.32
5428,2145,113,5,31.16,155.8
5429,2145,40,2,19.53,39.06
5430,2145,78,3,16.2,48.599999999999994
5431,2146,93,4,24.14,96.56
5432,2146,50,5,42.74,213.70000000000002
5433,2146,30,4,18.22,72.88
5434,2146,41,3,54.93,164.79
5435,2147,57,1,70.17,70.17
5436,2147,44,1,16.89,16.89
5437,2147,60,1,31.09,31.09
5438,2148,19,3,40.48,121.44
5439,2148,37,3,10.61,31.83
5440,2148,22,2,57.5,115.0
5441,2148,42,3,26.23,78.69
5442,2149,34,4,43.43,173.72
5443,2149,53,1,44.6,44.6
5444,2149,120,2,29.36,58.72
5445,2150,101,4,57.78,231.12
5446,2150,75,2,36.55,73.1
5447,2150,61,3,45.58,136.74
5448,2151,40,4,20.79,83.16
5449,2151,11,2,27.34,54.68
5450,2152,75,1,37.2,37.2
5451,2153,27,2,48.96,97.92
5452,2153,5,4,88.79,355.16
5453,2153,119,2,40.66,81.32
5454,2154,26,5,20.68,103.4
5455,2154,11,1,26.21,26.21
5456,2154,72,3,33.03,99.09
5457,2154,78,5,16.29,81.44999999999999
5458,2155,33,4,101.25,405.0
5459,2155,26,1,19.98,19.98
5460,2155,17,2,48.69,97.38
5461,2155,52,1,46.44,46.44
5462,2156,49,5,23.16,115.8
5463,2156,43,4,40.99,163.96
5464,2156,111,2,35.69,71.38
5465,2156,118,3,22.17,66.51
5466,2157,105,3,14.52,43.56
5467,2157,67,5,29.04,145.2
5468,2157,116,1,91.4,91.4
5469,2157,30,3,18.74,56.22
5470,2158,89,4,17.14,68.56
5471,2158,73,5,9.47,47.35
5472,2158,74,2,59.92,119.84
5473,2159,9,2,33.86,67.72
5474,2160,18,4,17.57,70.28
5475,2161,112,3,61.01,183.03
5476,2161,33,5,101.41,507.04999999999995
5477,2162,42,2,26.98,53.96
5478,2162,83,2,37.47,74.94
5479,2162,107,3,72.02,216.06
5480,2162,48,3,52.03,156.09
5481,2163,98,1,63.72,63.72
5482,2163,74,1,58.15,58.15
5483,2163,23,3,70.95,212.85000000000002
5484,2163,68,1,26.07,26.07
5485,2164,116,3,94.54,283.62
5486,2164,119,1,39.69,39.69
5487,2164,120,1,28.45,28.45
5488,2165,9,3,34.38,103.14000000000001
5489,2165,97,1,48.3,48.3
5490,2165,57,4,70.62,282.48
5491,2165,55,3,35.8,107.39999999999999
5492,2166,51,1,106.47,106.47
5493,2166,81,4,77.78,311.12
5494,2167,61,2,49.23,98.46
5495,2167,10,4,76.38,305.52
5496,2167,48,5,49.32,246.6
5497,2168,111,4,36.57,146.28
5498,2169,17,2,48.62,97.24
5499,2170,27,3,48.94,146.82
5500,2170,14,2,72.47,144.94
5501,2170,87,2,31.98,63.96
5502,2171,98,5,60.53,302.65
5503,2171,97,4,46.97,187.88
5504,2171,9,3,35.74,107.22
5505,2172,117,2,58.51,117.02
5506,2172,108,3,18.9,56.699999999999996
5507,2172,99,4,18.17,72.68
5508,2173,104,4,42.4,169.6
5509,2173,99,1,18.16,18.16
5510,2174,5,5,93.24,466.2
5511,2174,85,3,70.17,210.51
5512,2174,110,2,68.37,136.74
5513,2175,70,4,68.67,274.68
5514,2175,110,3,67.68,203.04000000000002
5515,2176,6,2,74.13,148.26
5516,2176,72,5,32.57,162.85
5517,2177,117,5,58.3,291.5
5518,2177,68,5,25.49,127.44999999999999
5519,2178,54,1,58.34,58.34
5520,2178,35,5,61.18,305.9
5521,2179,96,2,71.85,143.7
5522,2179,114,2,31.32,62.64
5523,2180,46,4,13.86,55.44
5524,2181,60,3,31.15,93.44999999999999
5525,2181,55,5,34.29,171.45
5526,2181,76,4,12.48,49.92
5527,2182,56,1,23.73,23.73
5528,2182,88,1,36.54,36.54
5529,2183,119,1,40.12,40.12
5530,2184,37,2,10.17,20.34
5531,2184,26,3,20.29,60.87
5532,2184,67,5,28.64,143.2
5533,2184,61,2,47.35,94.7
5534,2185,52,1,49.38,49.38
5535,2185,19,3,38.64,115.92
5536,2185,14,3,75.11,225.32999999999998
5537,2186,60,5,29.84,149.2
5538,2187,87,1,31.1,31.1
5539,2188,66,2,92.99,185.98
5540,2189,94,4,27.97,111.88
5541,2189,17,1,51.63,51.63
5542,2190,114,3,32.1,96.30000000000001
5543,2191,84,4,45.12,180.48
5544,2191,80,1,10.37,10.37
5545,2191,100,3,38.0,114.0
5546,2191,114,5,31.87,159.35
5547,2192,98,3,60.59,181.77
5548,2192,58,1,60.48,60.48
5549,2193,88,4,39.4,157.6
5550,2193,51,1,105.48,105.48
5551,2193,17,5,51.04,255.2
5552,2194,119,5,40.01,200.04999999999998
5553,2195,75,1,35.43,35.43
5554,2196,95,2,100.74,201.48
5555,2196,84,5,45.26,226.29999999999998
5556,2197,41,4,51.74,206.96
5557,2197,92,3,8.57,25.71
5558,2197,40,4,20.75,83.0
5559,2198,86,5,37.86,189.3
5560,2198,99,4,17.85,71.4
5561,2198,76,3,13.33,39.99
5562,2198,58,2,57.22,114.44
5563,2199,88,5,39.93,199.65
5564,2200,9,3,35.45,106.35000000000001
5565,2200,103,5,13.3,66.5
5566,2201,61,5,47.47,237.35
5567,2201,69,2,63.5,127.0
5568,2202,25,4,71.35,285.4
5569,2202,18,4,17.03,68.12
5570,2203,44,2,17.63,35.26
5571,2203,98,3,62.06,186.18
5572,2204,2,5,42.26,211.29999999999998
5573,2204,80,3,10.05,30.150000000000002
5574,2204,119,4,39.61,158.44
5575,2204,83,1,35.35,35.35
5576,2205,36,2,20.53,41.06
5577,2205,36,1,20.13,20.13
5578,2205,41,2,52.25,104.5
5579,2205,18,2,17.14,34.28
5580,2206,72,1,33.06,33.06
5581,2206,94,3,26.57,79.71000000000001
5582,2207,62,3,11.83,35.49
5583,2208,6,3,69.97,209.91
5584,2208,104,2,44.61,89.22
5585,2209,49,3,23.57,70.71000000000001
5586,2209,62,3,12.21,36.63
5587,2209,62,1,12.15,12.15
5588,2209,77,3,21.56,64.67999999999999
5589,2210,3,5,30.7,153.5
5590,2210,30,4,19.52,78.08
5591,2210,72,4,32.14,128.56
5592,2210,47,2,25.42,50.84
5593,2211,15,5,18.1,90.5
5594,2211,111,3,36.88,110.64000000000001
5595,2211,29,5,11.96,59.800000000000004
5596,2212,27,1,52.58,52.58
5597,2212,120,5,28.22,141.1
5598,2212,28,2,23.12,46.24
5599,2213,68,4,26.69,106.76
5600,2213,63,1,47.91,47.91
5601,2214,117,3,62.07,186.21
5602,2214,115,4,38.04,152.16
5603,2215,60,4,30.68,122.72
5604,2215,6,2,73.72,147.44
5605,2215,97,2,49.88,99.76
5606,2215,77,2,21.84,43.68
5607,2216,5,5,85.51,427.55
5608,2217,17,2,51.12,102.24
5609,2217,35,4,60.89,243.56
5610,2218,102,1,19.55,19.55
5611,2218,34,3,45.45,136.35000000000002
5612,2218,107,4,66.52,266.08
5613,2218,9,3,35.18,105.53999999999999
5614,2219,62,5,12.59,62.95
5615,2219,115,4,35.33,141.32
5616,2219,78,2,16.38,32.76
5617,2220,61,4,46.4,185.6
5618,2221,47,2,23.35,46.7
5619,2221,72,1,33.08,33.08
5620,2221,31,5,24.82,124.1
5621,2221,63,3,50.08,150.24
5622,2222,7,3,12.74,38.22
5623,2223,30,5,18.26,91.30000000000001
5624,2223,88,4,37.73,150.92
5625,2224,111,4,37.44,149.76
5626,2224,52,5,49.14,245.7
5627,2224,81,1,81.66,81.66
5628,2224,55,1,36.95,36.95
5629,2225,15,3,18.86,56.58
5630,2226,116,1,88.7,88.7
5631,2227,56,3,24.32,72.96000000000001
5632,2227,14,3,75.9,227.70000000000002
5633,2227,1,5,17.28,86.4
5634,2227,25,1,67.91,67.91
5635,2228,81,5,78.01,390.05
5636,2228,40,2,19.59,39.18
5637,2228,63,1,46.78,46.78
5638,2229,20,5,34.95,174.75
5639,2230,109,2,19.77,39.54
5640,2230,117,2,59.36,118.72
5641,2231,114,1,33.34,33.34
5642,2231,75,3,37.17,111.51
5643,2231,12,1,36.81,36.81
5644,2231,15,4,19.81,79.24
5645,2232,11,3,26.9,80.69999999999999
5646,2232,60,2,30.23,60.46
5647,2232,108,4,18.49,73.96
5648,2233,96,1,72.37,72.37
5649,2233,62,5,12.47,62.35
5650,2234,90,4,18.88,75.52
5651,2235,57,1,67.16,67.16
5652,2235,75,5,37.03,185.15
5653,2236,69,2,64.44,128.88
5654,2236,73,5,9.64,48.2
5655,2237,56,4,22.58,90.32
5656,2237,90,5,18.57,92.85
5657,2238,74,3,61.15,183.45
5658,2239,33,4,102.38,409.52
5659,2239,114,2,32.4,64.8
5660,2240,60,4,31.6,126.4
5661,2241,73,1,10.22,10.22
5662,2241,64,1,44.04,44.04
5663,2241,39,4,8.66,34.64
5664,2241,10,1,74.98,74.98
5665,2242,26,2,19.72,39.44
5666,2242,115,3,35.8,107.39999999999999
5667,2243,116,4,90.19,360.76
5668,2244,20,3,36.21,108.63
5669,2244,70,5,71.69,358.45
5670,2245,31,4,26.17,104.68
5671,2245,69,2,62.99,125.98
5672,2245,79,4,20.61,82.44
5673,2246,4,4,30.43,121.72
5674,2246,115,5,37.66,188.29999999999998
5675,2246,111,5,39.0,195.0
5676,2247,115,4,37.98,151.92
5677,2247,57,4,68.81,275.24
5678,2248,87,3,31.27,93.81
5679,2248,120,2,28.48,56.96
5680,2248,23,5,69.74,348.7
5681,2249,21,2,65.9,131.8
5682,2250,97,5,45.77,228.85000000000002
5683,2251,40,4,20.54,82.16
5684,2251,22,4,59.41,237.64
5685,2252,26,2,20.63,41.26
5686,2252,83,4,37.86,151.44
5687,2252,46,5,13.4,67.0
5688,2253,37,3,9.69,29.07
5689,2253,118,5,21.79,108.94999999999999
5690,2253,118,3,21.82,65.46000000000001
5691,2254,50,5,40.56,202.8
5692,2254,28,3,22.28,66.84
5693,2255,100,5,38.92,194.60000000000002
5694,2255,91,1,30.52,30.52
5695,2255,91,5,31.16,155.8
5696,2256,26,4,20.57,82.28
5697,2257,36,5,19.9,99.5
5698,2257,10,5,79.76,398.8
5699,2258,70,3,70.17,210.51
5700,2258,6,4,74.08,296.32
5701,2258,103,2,13.11,26.22
5702,2259,38,5,113.01,565.0500000000001
5703,2259,74,1,58.95,58.95
5704,2259,20,1,35.12,35.12
5705,2259,32,2,21.74,43.48
5706,2260,33,3,100.6,301.79999999999995
5707,2261,104,2,43.53,87.06
5708,2261,118,5,23.4,117.0
5709,2262,67,5,27.18,135.9
5710,2262,13,2,42.18,84.36
5711,2262,118,5,22.74,113.69999999999999
5712,2262,35,2,63.75,127.5
5713,2263,79,3,20.72,62.16
5714,2263,28,5,24.61,123.05
5715,2263,54,5,57.32,286.6
5716,2263,5,2,86.4,172.8
5717,2264,53,4,42.45,169.8
5718,2264,81,5,83.91,419.54999999999995
5719,2265,106,3,51.33,153.99
5720,2266,115,2,36.04,72.08
5721,2266,118,5,21.64,108.2
5722,2266,117,2,61.36,122.72
5723,2267,50,5,43.01,215.04999999999998
5724,2267,32,3,21.49,64.47
5725,2267,20,4,33.7,134.8
5726,2268,20,5,37.24,186.20000000000002
5727,2268,5,3,89.0,267.0
5728,2269,86,2,36.33,72.66
5729,2269,39,2,8.72,17.44
5730,2270,61,1,48.99,48.99
5731,2270,42,3,25.64,76.92
5732,2270,65,2,15.16,30.32
5733,2271,52,4,47.12,188.48
5734,2271,71,4,17.77,71.08
5735,2271,18,5,17.71,88.55000000000001
5736,2272,109,1,19.45,19.45
5737,2272,60,4,29.98,119.92
5738,2273,84,2,47.7,95.4
5739,2273,114,4,32.9,131.6
5740,2273,11,5,26.34,131.7
5741,2273,28,2,24.28,48.56
5742,2274,66,5,94.5,472.5
5743,2274,83,3,38.37,115.10999999999999
5744,2274,57,4,68.07,272.28
5745,2274,5,4,94.15,376.6
5746,2275,84,4,45.48,181.92
5747,2275,78,5,17.79,88.94999999999999
5748,2275,2,1,44.72,44.72
5749,2276,113,3,30.76,92.28
5750,2276,107,4,65.89,263.56
5751,2276,34,1,47.15,47.15
5752,2276,74,3,59.44,178.32
5753,2277,98,5,61.71,308.55
5754,2277,54,2,59.77,119.54
5755,2278,10,1,73.71,73.71
5756,2279,49,2,21.74,43.48
5757,2279,43,3,41.74,125.22
5758,2279,98,1,59.29,59.29
5759,2280,1,3,17.17,51.510000000000005
5760,2280,114,4,32.72,130.88
5761,2280,43,5,40.87,204.35
5762,2281,47,4,23.69,94.76
5763,2281,38,1,116.49,116.49
5764,2282,3,5,29.39,146.95
5765,2282,84,4,49.09,196.36
5766,2283,89,5,18.67,93.35000000000001
5767,2284,36,2,21.84,43.68
5768,2285,15,1,18.14,18.14
5769,2285,99,3,18.75,56.25
5770,2285,84,2,49.45,98.9
5771,2286,35,3,62.6,187.8
5772,2287,81,5,83.9,419.5
5773,2287,27,2,52.07,104.14
5774,2287,77,2,22.64,45.28
5775,2287,60,5,28.77,143.85
5776,2288,23,5,68.49,342.45
5777,2288,79,4,21.52,86.08
5778,2289,22,1,62.17,62.17
5779,2290,107,5,66.67,333.35
5780,2290,13,1,42.45,42.45
5781,2290,98,5,59.12,295.59999999999997
5782,2291,35,4,61.78,247.12
5783,2291,63,3,47.74,143.22
5784,2291,103,1,13.88,13.88
5785,2292,118,1,22.67,22.67
5786,2293,60,1,29.23,29.23
5787,2293,36,2,21.66,43.32
5788,2293,90,3,19.7,59.099999999999994
5789,2293,120,2,29.99,59.98
5790,2294,36,4,21.75,87.0
5791,2294,47,1,23.04,23.04
5792,2294,100,4,39.24,156.96
5793,2295,32,1,21.78,21.78
5794,2295,68,3,26.76,80.28
5795,2295,46,1,13.48,13.48
5796,2296,62,5,11.45,57.25
5797,2297,71,3,17.92,53.760000000000005
5798,2297,62,2,12.18,24.36
5799,2298,57,1,70.33,70.33
5800,2298,46,2,14.21,28.42
5801,2298,7,2,13.89,27.78
5802,2298,94,1,27.49,27.49
5803,2299,43,3,38.89,116.67
5804,2300,9,1,36.21,36.21
5805,2300,60,1,30.74,30.74
5806,2300,99,1,19.53,19.53
5807,2300,80,1,10.23,10.23
5808,2301,72,5,31.62,158.1
5809,2302,115,4,37.62,150.48
5810,2302,81,4,77.57,310.28
5811,2302,115,5,38.36,191.8
5812,2303,108,3,19.55,58.650000000000006
5813,2303,62,2,11.99,23.98
5814,2304,9,3,33.26,99.78
5815,2305,69,3,60.64,181.92000000000002
5816,2305,114,1,31.74,31.74
5817,2305,84,2,45.23,90.46
5818,2306,27,3,49.01,147.03
5819,2306,101,3,56.95,170.85000000000002
5820,2307,101,2,53.57,107.14
5821,2307,90,1,18.81,18.81
5822,2308,19,2,39.51,79.02
5823,2309,87,3,29.89,89.67
5824,2309,104,2,46.64,93.28
5825,2310,54,3,59.9,179.7
5826,2311,83,2,37.58,75.16
5827,2311,105,2,14.06,28.12
5828,2311,89,5,17.03,85.15
5829,2312,80,5,9.85,49.25
5830,2313,50,4,40.56,162.24
5831,2314,20,3,34.75,104.25
5832,2314,33,5,100.9,504.5
5833,2314,72,1,32.29,32.29
5834,2315,89,1,17.19,17.19
5835,2315,38,4,117.91,471.64
5836,2315,46,5,13.44,67.2
5837,2316,25,1,69.93,69.93
5838,2316,43,3,41.43,124.28999999999999
5839,2317,78,1,17.73,17.73
5840,2317,1,5,17.38,86.89999999999999
5841,2317,78,2,16.64,33.28
5842,2318,8,5,21.78,108.9
5843,2318,115,4,38.75,155.0
5844,2318,89,1,18.38,18.38
5845,2318,118,5,23.02,115.1
5846,2319,45,5,43.69,218.45
5847,2319,50,4,42.02,168.08
5848,2319,58,5,56.97,284.85
5849,2320,22,5,58.14,290.7
5850,2320,87,3,30.39,91.17
5851,2320,17,3,49.32,147.96
5852,2320,102,5,18.88,94.39999999999999
5853,2321,117,1,58.64,58.64
5854,2321,31,3,24.71,74.13
5855,2322,48,3,51.57,154.71
5856,2322,5,1,88.32,88.32
5857,2323,42,4,26.83,107.32
5858,2323,26,4,19.59,78.36
5859,2324,75,1,35.1,35.1
5860,2324,95,5,109.46,547.3
5861,2325,7,3,13.53,40.589999999999996
5862,2325,21,1,67.22,67.22
5863,2325,78,1,17.19,17.19
5864,2326,55,2,36.57,73.14
5865,2327,106,2,50.8,101.6
5866,2327,95,3,100.27,300.81
5867,2327,87,3,30.72,92.16
5868,2327,117,4,59.82,239.28
5869,2328,51,4,109.16,436.64
5870,2329,79,3,21.06,63.17999999999999
5871,2329,14,2,73.23,146.46
5872,2329,12,4,38.15,152.6
5873,2330,29,1,11.29,11.29
5874,2330,36,5,21.07,105.35
5875,2331,32,3,21.5,64.5
5876,2331,81,4,79.22,316.88
5877,2331,47,1,25.44,25.44
5878,2332,85,1,69.62,69.62
5879,2333,17,1,51.67,51.67
5880,2334,43,2,41.63,83.26
5881,2334,70,4,71.92,287.68
5882,2335,120,5,29.28,146.4
5883,2335,44,4,16.59,66.36
5884,2335,69,3,64.06,192.18
5885,2335,60,3,30.54,91.62
5886,2336,2,1,42.62,42.62
5887,2336,35,1,62.71,62.71
5888,2337,35,5,61.22,306.1
5889,2337,55,5,36.2,181.0
5890,2338,23,5,70.79,353.95000000000005
5891,2339,86,5,37.84,189.20000000000002
5892,2340,57,4,68.06,272.24
5893,2340,11,5,26.91,134.55
5894,2340,43,1,40.62,40.62
5895,2340,62,1,11.92,11.92
5896,2341,27,5,50.4,252.0
5897,2342,75,1,34.7,34.7
5898,2342,92,2,8.61,17.22
5899,2342,81,3,83.45,250.35000000000002
5900,2342,81,3,77.75,233.25
5901,2343,111,2,38.27,76.54
5902,2343,63,5,46.38,231.9
5903,2343,94,2,26.03,52.06
5904,2343,42,4,25.71,102.84
5905,2344,89,4,17.38,69.52
5906,2344,70,1,68.88,68.88
5907,2344,105,5,14.16,70.8
5908,2344,10,2,73.55,147.1
5909,2345,110,4,68.66,274.64
5910,2345,28,4,24.19,96.76
5911,2345,101,1,55.91,55.91
5912,2346,46,5,13.02,65.1
5913,2346,74,1,60.56,60.56
5914,2346,41,3,55.51,166.53
5915,2347,102,2,19.09,38.18
5916,2347,88,2,39.79,79.58
5917,2347,40,1,18.84,18.84
5918,2347,16,1,33.5,33.5
5919,2348,115,1,37.51,37.51
5920,2348,117,4,58.58,234.32
5921,2348,21,1,63.14,63.14
5922,2349,39,3,8.68,26.04
5923,2349,28,2,23.23,46.46
5924,2349,28,1,24.32,24.32
5925,2350,20,1,37.22,37.22
5926,2350,88,5,36.49,182.45000000000002
5927,2351,94,5,28.01,140.05
5928,2351,73,4,9.99,39.96
5929,2351,53,3,44.82,134.46
5930,2351,118,2,22.07,44.14
5931,2352,89,5,17.3,86.5
5932,2352,8,3,20.83,62.489999999999995
5933,2353,62,4,11.62,46.48
5934,2353,21,4,66.71,266.84
5935,2353,49,3,23.72,71.16
5936,2354,48,2,54.12,108.24
5937,2355,108,3,18.87,56.61
5938,2355,99,5,18.79,93.94999999999999
5939,2355,52,4,45.96,183.84
5940,2356,93,4,22.92,91.68
5941,2357,75,2,34.62,69.24
5942,2358,67,2,27.89,55.78
5943,2358,104,3,43.23,129.69
5944,2359,75,1,33.66,33.66
5945,2359,26,1,19.27,19.27
5946,2359,48,3,49.69,149.07
5947,2360,49,4,21.65,86.6
5948,2360,102,2,18.81,37.62
5949,2360,18,2,17.65,35.3
5950,2360,58,4,61.1,244.4
5951,2361,66,1,91.04,91.04
5952,2361,115,1,35.27,35.27
5953,2361,95,4,108.04,432.16
5954,2362,32,3,22.09,66.27
5955,2362,7,1,13.77,13.77
5956,2362,16,4,34.38,137.52
5957,2363,8,5,21.7,108.5
5958,2364,49,2,21.71,43.42
5959,2365,89,4,18.84,75.36
5960,2366,79,4,20.83,83.32
5961,2367,86,4,38.85,155.4
5962,2367,64,3,42.1,126.30000000000001
5963,2368,49,1,22.0,22.0
5964,2368,99,1,18.93,18.93
5965,2368,44,3,16.26,48.78
5966,2369,71,3,18.09,54.269999999999996
5967,2370,34,1,44.58,44.58
5968,2370,44,2,17.19,34.38
5969,2371,8,2,21.44,42.88
5970,2371,73,5,9.9,49.5
5971,2371,62,4,12.38,49.52
5972,2372,38,5,111.48,557.4
5973,2373,74,2,61.3,122.6
5974,2373,16,5,34.64,173.2
5975,2373,104,4,44.37,177.48
5976,2374,4,1,29.58,29.58
5977,2374,66,3,93.98,281.94
5978,2375,33,2,103.69,207.38
5979,2375,19,5,38.36,191.8
5980,2375,21,3,65.92,197.76
5981,2375,37,3,10.0,30.0
5982,2376,76,5,12.47,62.35
5983,2376,95,2,100.65,201.3
5984,2377,112,4,64.8,259.2
5985,2377,75,5,36.75,183.75
5986,2377,60,3,31.63,94.89
5987,2378,93,3,23.19,69.57000000000001
5988,2378,98,2,59.39,118.78
5989,2378,50,2,43.64,87.28
5990,2378,51,5,106.04,530.2
5991,2379,9,3,36.1,108.30000000000001
5992,2379,2,2,42.8,85.6
5993,2379,108,3,19.82,59.46
5994,2380,104,1,45.63,45.63
5995,2380,42,2,27.01,54.02
5996,2380,114,5,31.6,158.0
5997,2381,11,4,28.31,113.24
5998,2381,115,5,36.8,184.0
5999,2381,71,5,18.45,92.25
6000,2382,63,1,47.86,47.86
6001,2382,90,3,18.08,54.239999999999995
6002,2383,28,1,23.31,23.31
6003,2383,58,1,57.86,57.86
6004,2383,28,2,24.52,49.04
6005,2384,74,1,62.06,62.06
6006,2384,50,5,40.67,203.35000000000002
6007,2385,51,3,106.06,318.18
6008,2385,90,5,18.74,93.69999999999999
6009,2386,98,2,61.86,123.72
6010,2386,104,3,44.02,132.06
6011,2386,95,2,104.48,208.96
6012,2386,22,3,61.94,185.82
6013,2387,87,3,32.17,96.51
6014,2387,86,1,35.61,35.61
6015,2388,3,4,29.06,116.24
6016,2388,24,2,44.93,89.86
6017,2388,62,1,12.35,12.35
6018,2389,37,5,10.67,53.35
6019,2390,95,4,103.19,412.76
6020,2390,93,1,23.27,23.27
6021,2391,30,1,19.83,19.83
6022,2391,3,1,30.09,30.09
6023,2391,32,3,21.04,63.12
6024,2392,109,4,20.99,83.96
6025,2392,109,4,19.75,79.0
6026,2392,61,1,50.22,50.22
6027,2393,102,2,18.38,36.76
6028,2393,68,1,26.52,26.52
6029,2394,119,5,42.69,213.45
6030,2395,19,1,38.14,38.14
6031,2395,60,4,29.94,119.76
6032,2395,22,2,59.74,119.48
6033,2396,15,5,19.12,95.60000000000001
6034,2396,19,2,38.58,77.16
6035,2397,1,2,17.32,34.64
6036,2397,114,3,32.92,98.76
6037,2397,85,5,68.26,341.3
6038,2397,60,3,30.56,91.67999999999999
6039,2398,99,3,18.18,54.54
6040,2399,69,2,60.51,121.02
6041,2399,52,2,45.4,90.8
6042,2399,59,5,20.79,103.94999999999999
6043,2400,52,4,47.15,188.6
6044,2400,49,5,22.25,111.25
6045,2401,101,5,57.32,286.6
6046,2401,117,3,58.5,175.5
6047,2402,23,5,70.7,353.5
6048,2402,89,1,17.66,17.66
6049,2402,8,2,20.39,40.78
6050,2403,96,3,78.96,236.88
6051,2403,116,1,87.88,87.88
6052,2403,87,1,30.14,30.14
6053,2404,66,3,95.58,286.74
6054,2405,114,1,32.35,32.35
6055,2405,93,5,23.31,116.55
6056,2405,95,3,106.42,319.26
6057,2406,115,5,37.94,189.7
6058,2407,66,4,90.01,360.04
6059,2407,98,2,58.04,116.08
6060,2407,108,4,18.93,75.72
6061,2407,57,1,68.72,68.72
6062,2408,88,3,39.68,119.03999999999999
6063,2409,78,4,16.08,64.32
6064,2409,119,3,41.4,124.19999999999999
6065,2409,76,2,12.93,25.86
6066,2409,87,5,30.55,152.75
6067,2410,112,2,62.76,125.52
6068,2410,2,2,42.16,84.32
6069,2411,17,4,48.3,193.2
6070,2411,40,2,20.43,40.86
6071,2412,84,2,49.16,98.32
6072,2413,53,1,42.46,42.46
6073,2413,104,4,44.93,179.72
6074,2413,10,1,76.02,76.02
6075,2413,44,5,17.31,86.55
6076,2414,18,1,18.06,18.06
6077,2414,85,1,70.42,70.42
6078,2414,33,5,108.22,541.1
6079,2415,30,3,19.11,57.33
6080,2416,74,4,57.18,228.72
6081,2417,11,4,26.37,105.48
6082,2417,112,2,63.27,126.54
6083,2418,4,3,28.82,86.46000000000001
6084,2418,42,3,26.49,79.47
6085,2419,64,5,45.39,226.95
6086,2420,2,5,44.02,220.10000000000002
6087,2420,7,1,13.52,13.52
6088,2421,118,4,21.72,86.88
6089,2421,72,5,34.35,171.75
6090,2422,4,3,28.78,86.34
6091,2422,46,3,14.03,42.089999999999996
6092,2422,40,4,19.69,78.76
6093,2422,1,2,16.73,33.46
6094,2423,69,2,62.4,124.8
6095,2423,28,4,22.44,89.76
6096,2424,78,5,16.14,80.7
6097,2425,89,4,17.49,69.96
6098,2426,51,4,104.04,416.16
6099,2426,46,1,13.36,13.36
6100,2426,77,1,22.96,22.96
6101,2426,88,5,36.49,182.45000000000002
6102,2427,48,4,53.67,214.68
6103,2428,98,1,60.37,60.37
6104,2429,35,2,62.37,124.74
6105,2430,96,2,78.48,156.96
6106,2431,45,4,45.7,182.8
6107,2431,81,3,80.65,241.95000000000002
6108,2431,120,1,30.01,30.01
6109,2431,90,4,19.8,79.2
6110,2432,39,1,7.95,7.95
6111,2432,69,4,62.5,250.0
6112,2432,25,5,68.14,340.7
6113,2432,56,4,24.1,96.4
6114,2433,75,5,33.98,169.89999999999998
6115,2433,8,3,21.2,63.599999999999994
6116,2433,48,2,50.59,101.18
6117,2434,118,3,23.46,70.38
6118,2435,120,4,28.25,113.0
6119,2435,101,3,58.32,174.96
6120,2435,86,1,35.43,35.43
6121,2436,81,2,83.93,167.86
6122,2436,64,3,44.18,132.54
6123,2436,78,2,17.71,35.42
6124,2436,29,5,10.79,53.949999999999996
6125,2437,70,5,72.73,363.65000000000003
6126,2437,67,4,27.97,111.88
6127,2437,12,2,36.6,73.2
6128,2437,34,1,48.02,48.02
6129,2438,39,4,8.12,32.48
6130,2438,83,5,35.39,176.95
6131,2438,41,4,51.21,204.84
6132,2439,26,1,19.8,19.8
6133,2439,96,2,76.63,153.26
6134,2439,61,3,46.76,140.28
6135,2440,73,1,9.97,9.97
6136,2440,41,3,55.6,166.8
6137,2441,48,1,51.42,51.42
6138,2442,70,3,73.05,219.14999999999998
6139,2442,40,3,19.04,57.12
6140,2442,115,4,37.81,151.24
6141,2442,103,2,13.84,27.68
6142,2443,116,3,93.22,279.65999999999997
6143,2443,95,2,101.5,203.0
6144,2443,11,3,27.48,82.44
6145,2443,98,5,58.71,293.55
6146,2444,30,1,18.33,18.33
6147,2444,48,3,51.89,155.67000000000002
6148,2444,51,5,106.03,530.15
6149,2445,58,2,60.47,120.94
6150,2445,97,3,45.92,137.76
6151,2446,69,1,64.9,64.9
6152,2446,65,1,15.34,15.34
6153,2446,24,3,45.51,136.53
6154,2446,96,3,72.6,217.79999999999998
6155,2447,44,2,17.68,35.36
6156,2447,81,3,82.0,246.0
6157,2448,59,1,19.36,19.36
6158,2448,79,3,21.03,63.09
6159,2449,81,5,79.7,398.5
6160,2449,67,4,29.3,117.2
6161,2449,54,3,63.23,189.69
6162,2449,86,5,37.76,188.79999999999998
6163,2450,19,5,38.65,193.25
6164,2450,117,1,59.21,59.21
6165,2450,52,4,46.34,185.36
6166,2450,118,4,23.49,93.96
6167,2451,64,1,44.28,44.28
6168,2452,16,3,34.71,104.13
6169,2452,79,4,20.02,80.08
6170,2453,63,4,45.57,182.28
6171,2453,103,1,13.09,13.09
6172,2454,101,2,55.94,111.88
6173,2455,28,1,23.31,23.31
6174,2455,93,3,24.18,72.53999999999999
6175,2455,68,1,26.94,26.94
6176,2455,55,4,35.66,142.64
6177,2456,51,5,99.67,498.35
6178,2456,82,4,18.52,74.08
6179,2456,83,3,38.47,115.41
6180,2456,106,4,50.1,200.4
6181,2457,105,4,14.56,58.24
6182,2457,30,4,18.26,73.04
6183,2457,58,4,57.14,228.56
6184,2458,119,5,41.29,206.45
6185,2458,102,1,19.59,19.59
6186,2458,54,3,61.82,185.46
6187,2459,1,4,17.87,71.48
6188,2459,28,5,24.19,120.95
6189,2460,110,1,68.64,68.64
6190,2460,85,2,69.94,139.88
6191,2460,95,1,103.93,103.93
6192,2460,93,2,24.08,48.16
6193,2461,17,2,49.5,99.0
6194,2461,71,2,18.05,36.1
6195,2461,82,1,19.39,19.39
6196,2461,12,3,37.48,112.44
6197,2462,62,4,11.97,47.88
6198,2462,33,2,99.68,199.36
6199,2462,117,4,58.33,233.32
6200,2463,31,2,27.05,54.1
6201,2463,37,4,9.97,39.88
6202,2463,107,3,71.41,214.23
6203,2463,74,5,60.17,300.85
6204,2464,114,4,32.62,130.48
6205,2465,63,2,50.07,100.14
6206,2465,23,3,70.49,211.46999999999997
6207,2465,27,3,49.86,149.57999999999998
6208,2465,21,1,66.21,66.21
6209,2466,98,2,60.87,121.74
6210,2466,3,2,30.52,61.04
6211,2467,90,1,19.64,19.64
6212,2468,53,2,44.64,89.28
6213,2468,66,5,93.13,465.65
6214,2468,100,5,37.75,188.75
6215,2468,114,3,31.02,93.06
6216,2469,35,4,59.12,236.48
6217,2469,112,4,65.43,261.72
6218,2469,110,4,65.0,260.0
6219,2469,99,2,19.74,39.48
6220,2470,15,3,19.33,57.989999999999995
6221,2471,19,5,39.09,195.45000000000002
6222,2471,5,1,93.52,93.52
6223,2471,108,3,18.87,56.61
6224,2472,115,1,35.19,35.19
6225,2472,37,1,9.87,9.87
6226,2472,64,4,45.66,182.64
6227,2472,69,2,62.6,125.2
6228,2473,47,3,24.18,72.53999999999999
6229,2473,117,3,60.97,182.91
6230,2473,114,3,32.41,97.22999999999999
6231,2474,28,2,23.4,46.8
6232,2474,66,3,98.06,294.18
6233,2475,24,1,45.16,45.16
6234,2476,11,2,27.78,55.56
6235,2476,103,2,13.69,27.38
6236,2477,104,3,43.28,129.84
6237,2477,2,1,45.73,45.73
6238,2477,66,5,89.41,447.04999999999995
6239,2478,21,2,63.97,127.94
6240,2478,68,5,25.74,128.7
6241,2478,40,4,20.87,83.48
6242,2478,65,2,15.39,30.78
6243,2479,89,3,17.67,53.010000000000005
6244,2480,11,2,26.83,53.66
6245,2481,58,2,56.07,112.14
6246,2481,42,5,25.26,126.30000000000001
6247,2481,48,5,49.81,249.05
6248,2481,112,3,62.05,186.14999999999998
6249,2482,111,1,36.7,36.7
6250,2482,79,3,22.1,66.30000000000001
6251,2482,91,4,29.55,118.2
6252,2482,47,3,25.12,75.36
6253,2483,76,4,13.65,54.6
6254,2483,57,1,66.97,66.97
6255,2483,41,3,52.11,156.32999999999998
6256,2484,95,3,107.87,323.61
6257,2484,104,2,46.48,92.96
6258,2485,43,5,39.83,199.14999999999998
6259,2485,31,3,25.63,76.89
6260,2485,49,2,21.63,43.26
6261,2486,114,3,33.47,100.41
6262,2487,93,4,22.72,90.88
6263,2488,32,1,21.35,21.35
6264,2488,75,5,34.38,171.9
6265,2488,99,2,19.09,38.18
6266,2489,43,1,39.33,39.33
6267,2489,110,3,69.95,209.85000000000002
6268,2490,113,5,29.64,148.2
6269,2491,28,2,23.93,47.86
6270,2491,73,3,10.14,30.42
6271,2491,28,1,24.33,24.33
6272,2492,81,3,77.85,233.54999999999998
6273,2492,10,2,76.68,153.36
6274,2492,77,1,22.88,22.88
6275,2493,41,3,55.34,166.02
6276,2493,62,3,12.52,37.56
6277,2493,61,4,49.92,199.68
6278,2493,120,5,28.39,141.95
6279,2494,11,4,26.44,105.76
6280,2494,70,5,71.81,359.05
6281,2494,18,3,17.93,53.79
6282,2495,78,5,16.24,81.19999999999999
6283,2495,51,1,108.8,108.8
6284,2495,20,4,34.77,139.08
6285,2496,22,2,62.87,125.74
6286,2496,15,5,18.18,90.9
6287,2496,93,4,23.58,94.32
6288,2497,110,1,71.2,71.2
6289,2498,39,2,8.39,16.78
6290,2498,46,1,13.17,13.17
6291,2499,6,4,69.76,279.04
6292,2499,21,2,65.72,131.44
6293,2500,19,4,40.06,160.24
6294,2500,114,1,33.51,33.51
6295,2500,37,3,10.31,30.93
6296,2501,95,2,103.34,206.68
6297,2501,18,2,16.66,33.32
6298,2502,22,3,61.18,183.54
6299,2502,26,1,19.88,19.88
6300,2502,24,2,43.68,87.36
6301,2503,25,4,71.5,286.0
6302,2503,35,2,61.16,122.32
6303,2503,51,2,107.96,215.92
6304,2504,23,3,71.53,214.59
6305,2504,63,2,45.92,91.84
6306,2505,44,5,17.92,89.60000000000001
6307,2505,75,1,35.74,35.74
6308,2506,70,3,70.73,212.19
6309,2506,110,4,67.86,271.44
6310,2506,75,2,36.47,72.94
6311,2507,83,5,38.31,191.55
6312,2508,101,5,55.3,276.5
6313,2508,24,3,46.48,139.44
6314,2509,105,4,13.9,55.6
6315,2510,54,2,59.69,119.38
6316,2510,80,5,10.75,53.75
6317,2511,88,3,38.73,116.19
6318,2511,26,4,18.8,75.2
6319,2511,67,2,27.45,54.9
6320,2512,35,3,62.14,186.42000000000002
6321,2513,21,2,64.01,128.02
6322,2513,106,2,48.74,97.48
6323,2513,95,5,108.86,544.3
6324,2514,23,2,68.85,137.7
6325,2514,24,5,43.42,217.10000000000002
6326,2515,11,1,27.91,27.91
6327,2516,42,4,27.11,108.44
6328,2516,30,5,18.17,90.85000000000001
6329,2516,89,1,18.02,18.02
6330,2516,49,1,21.71,21.71
6331,2517,117,2,61.92,123.84
6332,2517,68,2,26.83,53.66
6333,2517,107,1,70.67,70.67
6334,2518,12,3,39.32,117.96000000000001
6335,2518,117,3,57.39,172.17000000000002
6336,2519,40,5,19.04,95.19999999999999
6337,2519,48,2,51.39,102.78
6338,2519,72,4,33.55,134.2
6339,2520,53,3,45.81,137.43
6340,2520,38,4,110.66,442.64
6341,2520,20,5,37.01,185.04999999999998
6342,2520,51,3,100.17,300.51
6343,2521,57,5,67.59,337.95000000000005
6344,2522,16,3,34.18,102.53999999999999
6345,2522,94,2,26.34,52.68
6346,2522,22,5,62.29,311.45
6347,2522,9,4,34.38,137.52
6348,2523,39,3,8.55,25.650000000000002
6349,2524,39,5,8.65,43.25
6350,2524,36,4,20.96,83.84
6351,2524,112,5,61.55,307.75
6352,2524,72,1,31.14,31.14
6353,2525,22,4,61.63,246.52
6354,2525,63,3,49.97,149.91
6355,2526,36,1,20.37,20.37
6356,2526,115,2,38.61,77.22
6357,2527,113,4,32.54,130.16
6358,2527,71,1,18.28,18.28
6359,2527,42,3,26.95,80.85
6360,2527,17,4,51.63,206.52
6361,2528,100,2,41.0,82.0
6362,2529,3,5,31.0,155.0
6363,2530,35,5,57.68,288.4
6364,2530,66,4,96.52,386.08
6365,2531,31,4,25.42,101.68
6366,2531,88,2,38.44,76.88
6367,2531,23,5,71.66,358.29999999999995
6368,2531,103,3,13.31,39.93
6369,2532,8,1,20.05,20.05
6370,2532,41,2,53.89,107.78
6371,2533,50,4,41.37,165.48
6372,2533,119,3,42.89,128.67000000000002
6373,2533,86,3,35.74,107.22
6374,2534,119,4,42.42,169.68
6375,2534,61,2,47.74,95.48
6376,2535,113,2,30.03,60.06
6377,2535,49,5,22.26,111.30000000000001
6378,2535,4,3,27.68,83.03999999999999
6379,2535,25,4,68.57,274.28
6380,2536,46,4,14.34,57.36
6381,2536,83,3,37.57,112.71000000000001
6382,2536,26,3,19.32,57.96
6383,2536,31,5,25.57,127.85
6384,2537,79,3,20.57,61.71
6385,2537,4,4,28.04,112.16
6386,2537,107,2,66.49,132.98
6387,2537,116,3,94.77,284.31
6388,2538,98,3,61.39,184.17000000000002
6389,2538,114,1,31.76,31.76
6390,2539,20,5,34.6,173.0
6391,2539,26,4,20.23,80.92
6392,2540,105,1,13.86,13.86
6393,2540,29,3,11.04,33.12
6394,2540,85,5,68.62,343.1
6395,2540,70,3,72.4,217.20000000000002
6396,2541,36,2,21.65,43.3
6397,2541,52,1,45.42,45.42
6398,2541,54,3,60.52,181.56
6399,2542,107,5,71.41,357.04999999999995
6400,2542,65,2,15.3,30.6
6401,2543,52,5,47.32,236.6
6402,2543,81,3,84.0,252.0
6403,2544,17,4,51.08,204.32
6404,2545,39,5,8.32,41.6
6405,2546,66,4,90.74,362.96
6406,2546,75,4,34.25,137.0
6407,2547,14,1,73.23,73.23
6408,2547,38,4,114.34,457.36
6409,2547,54,3,60.46,181.38
6410,2547,1,2,17.5,35.0
6411,2548,70,4,67.43,269.72
6412,2548,102,5,18.9,94.5
6413,2548,114,4,32.86,131.44
6414,2549,78,5,17.59,87.95
6415,2550,36,3,20.45,61.349999999999994
6416,2551,86,5,36.53,182.65
6417,2551,78,2,17.83,35.66
6418,2551,5,1,86.06,86.06
6419,2551,1,4,17.24,68.96
6420,2552,120,2,30.94,61.88
6421,2552,105,1,14.55,14.55
6422,2552,49,3,22.94,68.82000000000001
6423,2552,39,1,8.11,8.11
6424,2553,12,3,39.3,117.89999999999999
6425,2553,29,3,11.93,35.79
6426,2553,12,2,38.21,76.42
6427,2553,13,3,42.72,128.16
6428,2554,103,3,12.84,38.519999999999996
6429,2554,95,2,109.3,218.6
6430,2554,95,1,110.59,110.59
6431,2554,7,4,13.68,54.72
6432,2555,45,1,43.31,43.31
6433,2555,75,5,35.96,179.8
6434,2555,67,5,26.6,133.0
6435,2556,38,1,108.15,108.15
6436,2556,49,2,21.74,43.48
6437,2557,86,3,36.0,108.0
6438,2557,102,3,18.94,56.82000000000001
6439,2557,116,5,95.07,475.34999999999997
6440,2558,86,1,36.07,36.07
6441,2558,33,5,98.87,494.35
6442,2558,109,4,20.09,80.36
6443,2559,75,3,35.18,105.53999999999999
6444,2559,92,2,8.3,16.6
6445,2559,45,4,45.55,182.2
6446,2559,67,1,29.23,29.23
6447,2560,62,1,11.79,11.79
6448,2560,88,5,38.68,193.4
6449,2560,10,5,78.64,393.2
6450,2561,65,3,15.12,45.36
6451,2562,25,5,64.78,323.9
6452,2562,20,2,34.93,69.86
6453,2562,96,2,76.85,153.7
6454,2563,65,1,14.73,14.73
6455,2563,42,2,27.04,54.08
6456,2563,81,2,76.86,153.72
6457,2564,1,1,17.57,17.57
6458,2564,110,5,67.74,338.7
6459,2564,39,3,8.49,25.47
6460,2564,15,5,18.11,90.55
6461,2565,81,2,84.5,169.0
6462,2566,102,5,19.03,95.15
6463,2566,117,3,60.41,181.23
6464,2566,91,2,31.26,62.52
6465,2566,103,3,12.86,38.58
6466,2567,38,2,109.25,218.5
6467,2568,91,5,29.17,145.85000000000002
6468,2568,2,2,41.89,83.78
6469,2568,112,5,59.6,298.0
6470,2569,97,4,49.49,197.96
6471,2569,80,3,10.15,30.450000000000003
6472,2570,112,3,59.78,179.34
6473,2571,63,4,48.72,194.88
6474,2571,39,1,8.2,8.2
6475,2572,65,3,14.76,44.28
6476,2572,7,4,13.79,55.16
6477,2572,114,4,33.67,134.68
6478,2573,61,5,48.23,241.14999999999998
6479,2574,1,4,17.26,69.04
6480,2574,73,3,9.36,28.08
6481,2574,62,5,12.04,60.199999999999996
6482,2575,119,1,40.47,40.47
6483,2575,93,1,23.33,23.33
6484,2575,33,1,103.24,103.24
6485,2576,5,4,90.51,362.04
6486,2576,53,2,43.87,87.74
6487,2576,99,2,17.93,35.86
6488,2576,88,1,37.23,37.23
6489,2577,102,4,18.78,75.12
6490,2577,100,3,40.71,122.13
6491,2577,63,5,49.86,249.3
6492,2578,97,4,47.73,190.92
6493,2578,100,3,39.35,118.05000000000001
6494,2578,13,1,41.28,41.28
6495,2579,18,5,17.01,85.05000000000001
6496,2579,29,2,11.33,22.66
6497,2579,114,5,32.72,163.6
6498,2579,103,1,14.02,14.02
6499,2580,6,4,71.72,286.88
6500,2581,112,4,60.4,241.6
6501,2581,5,1,86.88,86.88
6502,2581,93,4,22.87,91.48
6503,2581,63,1,47.68,47.68
6504,2582,78,3,17.81,53.42999999999999
6505,2582,89,5,17.33,86.64999999999999
6506,2582,105,2,13.79,27.58
6507,2582,85,4,68.02,272.08
6508,2583,66,1,95.03,95.03
6509,2583,67,3,29.18,87.53999999999999
6510,2583,116,3,94.38,283.14
6511,2583,95,1,108.69,108.69
6512,2584,75,5,35.89,179.45
6513,2584,73,1,10.24,10.24
6514,2584,36,1,21.14,21.14
6515,2584,103,4,13.75,55.0
6516,2585,87,5,32.28,161.4
6517,2585,14,2,75.77,151.54
6518,2585,96,4,73.16,292.64
6519,2585,118,2,23.91,47.82
6520,2586,88,4,38.61,154.44
6521,2586,106,5,51.73,258.65
6522,2586,94,3,26.48,79.44
6523,2587,108,2,20.2,40.4
6524,2587,70,2,71.76,143.52
6525,2587,44,3,17.38,52.14
6526,2587,57,1,70.97,70.97
6527,2588,114,1,33.57,33.57
6528,2588,84,4,49.27,197.08
6529,2589,17,3,50.14,150.42000000000002
6530,2590,47,3,24.78,74.34
6531,2591,10,4,79.64,318.56
6532,2592,108,3,19.41,58.230000000000004
6533,2592,48,2,49.0,98.0
6534,2592,9,1,32.83,32.83
6535,2593,112,3,64.08,192.24
6536,2593,102,3,17.97,53.91
6537,2594,117,3,60.5,181.5
6538,2594,43,1,41.33,41.33
6539,2594,60,5,30.37,151.85
6540,2594,61,5,46.42,232.10000000000002
6541,2595,91,2,31.62,63.24
6542,2595,100,1,39.08,39.08
6543,2596,65,5,14.71,73.55000000000001
6544,2596,66,4,93.08,372.32
6545,2596,14,3,77.43,232.29000000000002
6546,2596,23,1,71.3,71.3
6547,2597,79,1,21.16,21.16
6548,2597,55,2,33.46,66.92
6549,2597,18,1,17.25,17.25
6550,2597,13,1,41.95,41.95
6551,2598,79,5,20.29,101.44999999999999
6552,2598,108,4,20.24,80.96
6553,2599,29,1,10.81,10.81
6554,2599,66,4,91.6,366.4
6555,2599,32,4,20.97,83.88
6556,2600,99,1,18.27,18.27
6557,2600,81,5,79.06,395.3
6558,2600,42,1,26.52,26.52
6559,2601,56,5,24.21,121.05000000000001
6560,2601,65,2,14.91,29.82
6561,2601,100,3,37.83,113.49
6562,2601,59,3,19.4,58.199999999999996
6563,2602,82,2,17.62,35.24
6564,2602,57,5,66.48,332.40000000000003
6565,2603,36,1,20.5,20.5
6566,2603,74,4,58.24,232.96
6567,2604,94,2,25.56,51.12
6568,2604,118,5,23.93,119.65
6569,2604,8,3,19.96,59.88
6570,2604,118,5,23.4,117.0
6571,2605,89,3,17.47,52.41
6572,2605,33,4,104.86,419.44
6573,2605,47,4,22.99,91.96
6574,2605,82,2,17.47,34.94
6575,2606,37,4,10.05,40.2
6576,2607,41,2,54.81,109.62
6577,2608,63,1,50.02,50.02
6578,2608,84,4,47.26,189.04
6579,2608,109,2,20.63,41.26
6580,2608,103,4,13.59,54.36
6581,2609,31,4,27.17,108.68
6582,2609,23,4,71.19,284.76
6583,2610,120,5,28.9,144.5
6584,2610,113,4,31.64,126.56
6585,2610,71,5,18.65,93.25
6586,2611,84,5,49.24,246.20000000000002
6587,2611,31,5,26.8,134.0
6588,2611,75,1,33.93,33.93
6589,2611,83,4,36.47,145.88
6590,2612,36,5,20.79,103.94999999999999
6591,2612,89,5,18.82,94.1
6592,2613,46,2,13.22,26.44
6593,2613,64,5,44.07,220.35
6594,2614,6,5,74.68,373.40000000000003
6595,2614,16,4,32.92,131.68
6596,2614,76,2,13.7,27.4
6597,2614,98,4,62.18,248.72
6598,2615,69,1,59.7,59.7
6599,2615,98,2,62.04,124.08
6600,2615,97,3,48.08,144.24
6601,2616,92,5,8.02,40.099999999999994
6602,2616,100,3,40.96,122.88
6603,2616,91,4,30.28,121.12
6604,2617,100,3,39.2,117.60000000000001
6605,2617,46,5,13.99,69.95
6606,2618,48,5,50.04,250.2
6607,2618,60,2,30.47,60.94
6608,2618,65,3,14.95,44.849999999999994
6609,2619,80,2,10.73,21.46
6610,2619,66,4,97.86,391.44
6611,2619,20,1,36.44,36.44
6612,2619,48,2,49.87,99.74
6613,2620,73,5,9.74,48.7
6614,2620,4,4,30.62,122.48
6615,2620,14,5,74.22,371.1
6616,2620,113,4,30.4,121.6
6617,2621,102,4,18.31,73.24
6618,2621,70,3,66.51,199.53000000000003
6619,2621,15,3,18.21,54.63
6620,2622,31,3,25.08,75.24
6621,2622,93,1,23.11,23.11
6622,2622,88,2,38.65,77.3
6623,2622,27,5,51.07,255.35
6624,2623,8,4,20.73,82.92
6625,2623,112,2,64.73,129.46
6626,2623,87,1,31.77,31.77
6627,2623,79,2,20.78,41.56
6628,2624,105,4,14.49,57.96
6629,2624,52,5,49.44,247.2
6630,2624,13,2,39.78,79.56
6631,2625,6,2,71.78,143.56
6632,2625,118,3,23.07,69.21000000000001
6633,2625,73,1,9.71,9.71
6634,2626,89,3,18.02,54.06
6635,2626,46,3,13.06,39.18
6636,2627,14,2,75.24,150.48
6637,2627,96,3,78.86,236.57999999999998
6638,2627,96,3,78.73,236.19
6639,2628,96,5,76.79,383.95000000000005
6640,2628,63,4,49.83,199.32
6641,2628,83,5,37.59,187.95000000000002
6642,2628,38,3,109.59,328.77
6643,2629,33,2,106.33,212.66
6644,2629,4,1,30.7,30.7
6645,2629,21,2,66.28,132.56
6646,2630,53,2,44.95,89.9
6647,2630,60,3,30.79,92.37
6648,2630,54,3,57.23,171.69
6649,2631,55,3,33.38,100.14000000000001
6650,2631,27,2,52.23,104.46
6651,2631,81,5,79.02,395.09999999999997
6652,2632,54,4,60.04,240.16
6653,2632,64,1,43.46,43.46
6654,2632,71,3,17.4,52.199999999999996
6655,2633,60,1,29.55,29.55
6656,2633,67,4,27.66,110.64
6657,2633,58,2,57.33,114.66
6658,2634,46,3,14.4,43.2
6659,2635,61,1,50.0,50.0
6660,2636,82,5,17.66,88.3
6661,2637,105,1,14.08,14.08
6662,2637,12,4,36.82,147.28
6663,2637,21,3,65.86,197.57999999999998
6664,2637,15,1,19.15,19.15
6665,2638,3,5,29.4,147.0
6666,2638,100,3,39.67,119.01
6667,2638,27,5,50.12,250.6
6668,2638,35,3,60.54,181.62
6669,2639,38,1,116.0,116.0
6670,2639,104,2,42.12,84.24
6671,2640,74,1,62.37,62.37
6672,2641,13,3,39.46,118.38
6673,2642,102,4,18.95,75.8
6674,2642,119,3,42.74,128.22
6675,2643,86,2,39.19,78.38
6676,2643,58,2,60.14,120.28
6677,2643,120,3,30.03,90.09
6678,2644,6,2,72.96,145.92
6679,2644,1,4,16.64,66.56
6680,2645,94,2,26.72,53.44
6681,2645,23,5,69.5,347.5
6682,2645,7,2,13.76,27.52
6683,2646,11,1,25.95,25.95
6684,2647,54,5,60.82,304.1
6685,2647,80,1,10.68,10.68
6686,2647,54,1,57.29,57.29
6687,2648,52,2,47.89,95.78
6688,2648,18,1,17.47,17.47
6689,2649,38,3,108.01,324.03000000000003
6690,2649,114,5,33.18,165.9
6691,2649,38,1,112.3,112.3
6692,2649,42,3,26.41,79.23
6693,2650,108,2,18.36,36.72
6694,2650,8,4,20.66,82.64
6695,2650,10,2,72.71,145.42
6696,2650,108,2,19.71,39.42
6697,2651,38,1,116.67,116.67
6698,2651,29,1,10.98,10.98
6699,2652,60,5,28.95,144.75
6700,2652,5,3,94.67,284.01
6701,2652,50,5,41.25,206.25
6702,2652,2,5,44.54,222.7
6703,2653,83,3,35.56,106.68
6704,2653,103,3,13.02,39.06
6705,2653,73,5,9.57,47.85
6706,2653,22,4,61.75,247.0
6707,2654,97,2,47.54,95.08
6708,2655,80,5,10.68,53.4
6709,2655,102,5,17.89,89.45
6710,2655,110,1,68.1,68.1
6711,2656,48,4,51.27,205.08
6712,2656,117,1,57.25,57.25
6713,2656,104,2,43.66,87.32
6714,2657,71,4,17.96,71.84
6715,2657,76,4,13.0,52.0
6716,2658,55,2,36.67,73.34
6717,2658,104,3,43.72,131.16
6718,2658,7,1,13.72,13.72
6719,2658,56,3,23.52,70.56
6720,2659,13,2,42.51,85.02
6721,2659,4,5,29.47,147.35
6722,2659,113,4,31.88,127.52
6723,2660,79,2,20.4,40.8
6724,2660,56,3,22.32,66.96000000000001
6725,2660,116,5,93.78,468.9
6726,2660,12,5,37.38,186.9
6727,2661,112,5,62.09,310.45000000000005
6728,2662,59,3,19.48,58.44
6729,2662,19,3,39.7,119.10000000000001
6730,2662,36,4,21.44,85.76
6731,2662,59,4,20.03,80.12
6732,2663,97,1,46.72,46.72
6733,2663,105,1,14.65,14.65
6734,2663,16,3,35.76,107.28
6735,2663,50,3,40.6,121.80000000000001
6736,2664,50,1,39.87,39.87
6737,2664,63,1,48.02,48.02
6738,2664,67,3,27.66,82.98
6739,2664,120,1,29.74,29.74
6740,2665,33,1,103.8,103.8
6741,2665,58,2,59.27,118.54
6742,2666,34,5,47.86,239.3
6743,2666,23,1,68.62,68.62
6744,2666,48,3,50.27,150.81
6745,2666,5,5,94.94,474.7
6746,2667,94,1,28.1,28.1
6747,2668,56,5,23.22,116.1
6748,2669,54,4,60.05,240.2
6749,2669,62,1,12.15,12.15
6750,2669,63,3,47.93,143.79
6751,2670,111,1,38.43,38.43
6752,2670,71,2,18.02,36.04
6753,2670,96,5,77.1,385.5
6754,2670,99,5,19.28,96.4
6755,2671,8,1,20.55,20.55
6756,2672,97,5,48.36,241.8
6757,2672,99,5,18.84,94.2
6758,2673,77,4,22.88,91.52
6759,2674,9,3,34.76,104.28
6760,2675,1,4,17.77,71.08
6761,2676,2,3,41.68,125.03999999999999
6762,2676,85,2,70.76,141.52
6763,2676,66,1,90.11,90.11
6764,2676,45,1,46.09,46.09
6765,2677,64,2,43.45,86.9
6766,2677,55,4,35.66,142.64
6767,2677,38,5,112.52,562.6
6768,2677,92,2,8.63,17.26
6769,2678,56,2,22.39,44.78
6770,2678,66,1,91.41,91.41
6771,2678,111,5,37.24,186.20000000000002
6772,2679,110,1,66.68,66.68
6773,2680,82,3,17.63,52.89
6774,2680,109,1,20.1,20.1
6775,2680,42,5,26.78,133.9
6776,2681,45,5,46.39,231.95
6777,2681,113,4,29.99,119.96
6778,2681,107,1,67.4,67.4
6779,2682,20,3,35.29,105.87
6780,2682,1,5,17.88,89.39999999999999
6781,2682,22,5,59.4,297.0
6782,2682,91,1,30.98,30.98
6783,2683,28,5,24.41,122.05
6784,2683,119,3,39.48,118.44
6785,2684,28,5,23.82,119.1
6786,2685,21,3,62.99,188.97
6787,2685,9,1,35.7,35.7
6788,2685,114,3,32.01,96.03
6789,2685,38,5,114.74,573.6999999999999
6790,2686,99,5,19.59,97.95
6791,2686,66,4,91.47,365.88
6792,2686,20,5,35.99,179.95000000000002
6793,2686,27,4,51.14,204.56
6794,2687,11,3,27.81,83.42999999999999
6795,2687,13,5,39.41,197.04999999999998
6796,2687,97,2,45.41,90.82
6797,2687,79,1,21.79,21.79
6798,2688,20,5,34.69,173.45
6799,2688,51,4,106.84,427.36
6800,2688,28,4,23.94,95.76
6801,2689,79,2,20.33,40.66
6802,2689,16,3,34.15,102.44999999999999
6803,2689,30,4,18.4,73.6
6804,2689,81,4,77.34,309.36
6805,2690,91,2,31.49,62.98
6806,2691,117,2,60.29,120.58
6807,2691,117,2,58.27,116.54
6808,2692,86,3,37.63,112.89000000000001
6809,2692,32,4,22.33,89.32
6810,2693,100,2,37.08,74.16
6811,2693,77,2,21.47,42.94
6812,2694,116,2,93.37,186.74
6813,2695,92,2,8.22,16.44
6814,2695,97,5,46.36,231.8
6815,2695,66,1,93.63,93.63
6816,2695,97,3,48.56,145.68
6817,2696,35,1,62.26,62.26
6818,2696,11,3,27.62,82.86
6819,2697,26,4,20.32,81.28
6820,2698,69,3,59.74,179.22
6821,2699,78,3,16.34,49.019999999999996
6822,2700,60,3,31.0,93.0
6823,2700,58,1,57.21,57.21
6824,2700,24,5,43.4,217.0
6825,2701,101,2,54.02,108.04
6826,2701,28,1,23.31,23.31
6827,2701,11,2,27.48,54.96
6828,2701,19,2,38.23,76.46
6829,2702,4,2,28.76,57.52
6830,2703,120,4,31.06,124.24
6831,2704,45,1,44.12,44.12
6832,2704,96,2,74.54,149.08
6833,2704,57,1,68.06,68.06
6834,2704,111,2,37.81,75.62
6835,2705,77,4,22.58,90.32
6836,2705,30,2,20.0,40.0
6837,2706,14,4,74.57,298.28
6838,2707,21,3,64.65,193.95000000000002
6839,2708,71,2,18.11,36.22
6840,2708,4,2,30.38,60.76
6841,2708,98,2,58.17,116.34
6842,2709,35,3,63.75,191.25
6843,2710,110,5,69.66,348.29999999999995
6844,2710,15,2,18.97,37.94
6845,2711,108,5,19.49,97.44999999999999
6846,2711,105,4,15.18,60.72
6847,2711,63,3,46.15,138.45
6848,2711,58,2,61.33,122.66
6849,2712,108,2,18.63,37.26
6850,2712,98,4,63.82,255.28
6851,2713,65,5,14.45,72.25
6852,2714,40,3,20.3,60.900000000000006
6853,2714,9,1,32.9,32.9
6854,2714,112,3,62.06,186.18
6855,2714,117,2,56.27,112.54
6856,2715,105,4,13.78,55.12
6857,2715,1,3,17.79,53.37
6858,2716,52,1,49.61,49.61
6859,2716,35,2,62.09,124.18
6860,2717,53,5,45.11,225.55
6861,2717,6,5,70.27,351.34999999999997
6862,2718,65,2,15.39,30.78
6863,2718,66,3,93.92,281.76
6864,2718,30,2,19.89,39.78
6865,2718,69,5,62.44,312.2
6866,2719,66,5,98.06,490.3
6867,2719,77,2,22.77,45.54
6868,2720,29,2,11.19,22.38
6869,2720,17,1,51.14,51.14
6870,2721,39,4,8.65,34.6
6871,2721,3,5,30.17,150.85000000000002
6872,2721,84,3,48.87,146.60999999999999
6873,2721,32,3,20.89,62.67
6874,2722,39,2,8.25,16.5
6875,2722,7,4,13.39,53.56
6876,2723,63,1,46.97,46.97
6877,2723,5,2,93.85,187.7
6878,2723,57,4,70.14,280.56
6879,2724,32,1,22.13,22.13
6880,2725,76,2,13.66,27.32
6881,2725,120,4,30.38,121.52
6882,2725,68,2,25.47,50.94
6883,2726,97,2,48.9,97.8
6884,2726,24,4,44.89,179.56
6885,2727,44,5,16.61,83.05
6886,2727,98,2,63.91,127.82
6887,2727,46,2,13.58,27.16
6888,2728,111,2,35.7,71.4
6889,2728,112,2,65.07,130.14
6890,2729,90,5,18.12,90.60000000000001
6891,2730,80,4,10.27,41.08
6892,2730,42,5,26.62,133.1
6893,2730,101,2,57.85,115.7
6894,2730,119,1,39.03,39.03
6895,2731,104,1,45.49,45.49
6896,2731,42,5,27.13,135.65
6897,2732,21,2,63.88,127.76
6898,2732,110,1,69.84,69.84
6899,2732,2,4,42.0,168.0
6900,2733,96,2,78.93,157.86
6901,2733,33,1,109.04,109.04
6902,2733,93,2,23.72,47.44
6903,2733,72,4,32.31,129.24
6904,2734,14,2,74.71,149.42
6905,2734,110,5,69.62,348.1
6906,2735,113,3,30.02,90.06
6907,2735,38,1,111.06,111.06
6908,2735,20,5,35.27,176.35000000000002
6909,2735,103,2,13.9,27.8
6910,2736,53,2,41.92,83.84
6911,2736,80,2,9.9,19.8
6912,2737,99,3,19.55,58.650000000000006
6913,2738,79,3,22.06,66.17999999999999
6914,2738,57,3,69.3,207.89999999999998
6915,2738,86,4,38.23,152.92
6916,2738,10,2,73.45,146.9
6917,2739,62,5,12.53,62.65
6918,2739,73,3,10.14,30.42
6919,2739,81,5,77.72,388.6
6920,2739,27,1,52.2,52.2
6921,2740,96,2,72.93,145.86
6922,2740,40,5,19.76,98.80000000000001
6923,2740,71,2,17.65,35.3
6924,2741,85,4,72.42,289.68
6925,2741,5,2,89.88,179.76
6926,2741,115,5,38.17,190.85000000000002
6927,2741,62,4,12.2,48.8
6928,2742,1,3,17.24,51.72
6929,2742,72,2,33.45,66.9
6930,2742,32,5,20.9,104.5
6931,2743,106,5,50.32,251.6
6932,2743,20,3,34.33,102.99
6933,2743,1,3,17.78,53.34
6934,2743,88,4,39.88,159.52
6935,2744,6,1,74.81,74.81
6936,2745,24,4,46.89,187.56
6937,2745,45,4,43.58,174.32
6938,2745,105,4,14.05,56.2
6939,2745,97,3,48.46,145.38
6940,2746,73,3,9.39,28.17
6941,2747,59,5,20.05,100.25
6942,2747,81,4,82.22,328.88
6943,2747,37,4,9.91,39.64
6944,2747,107,3,68.26,204.78000000000003
6945,2748,84,3,49.05,147.14999999999998
6946,2748,71,2,17.71,35.42
6947,2748,61,1,48.73,48.73
6948,2748,76,5,13.78,68.89999999999999
6949,2749,69,3,63.79,191.37
6950,2750,83,3,37.74,113.22
6951,2750,52,4,46.58,186.32
6952,2750,36,4,20.22,80.88
6953,2751,88,5,39.38,196.9
6954,2751,37,4,10.16,40.64
6955,2752,2,5,44.34,221.70000000000002
6956,2752,9,4,33.9,135.6
6957,2753,1,5,16.73,83.65
6958,2753,63,1,47.66,47.66
6959,2753,82,4,17.67,70.68
6960,2753,35,1,61.15,61.15
6961,2754,4,3,28.41,85.23
6962,2754,78,1,16.32,16.32
6963,2755,41,3,53.54,160.62
6964,2755,96,2,75.95,151.9
6965,2755,44,3,17.67,53.010000000000005
6966,2756,78,5,16.56,82.8
6967,2756,74,2,60.41,120.82
6968,2757,35,1,61.25,61.25
6969,2757,93,1,22.5,22.5
6970,2757,98,5,57.78,288.9
6971,2758,99,2,18.96,37.92
6972,2758,39,2,8.35,16.7
6973,2759,34,4,47.84,191.36
6974,2759,35,5,61.36,306.8
6975,2760,20,1,34.36,34.36
6976,2760,106,4,51.39,205.56
6977,2760,118,2,21.68,43.36
6978,2761,100,3,39.89,119.67
6979,2762,6,1,75.31,75.31
6980,2762,114,1,31.35,31.35
6981,2762,98,4,59.41,237.64
6982,2762,9,4,33.14,132.56
6983,2763,3,2,29.62,59.24
6984,2763,31,2,25.3,50.6
6985,2763,59,3,19.56,58.67999999999999
6986,2763,43,3,39.52,118.56
6987,2764,77,5,22.85,114.25
6988,2764,84,2,45.37,90.74
6989,2764,58,3,57.62,172.85999999999999
6990,2765,46,4,13.32,53.28
6991,2765,68,2,26.87,53.74
6992,2766,13,1,43.02,43.02
6993,2767,4,3,28.99,86.97
6994,2767,96,2,78.41,156.82
6995,2767,19,5,40.59,202.95000000000002
6996,2768,118,2,22.49,44.98
6997,2768,67,3,26.68,80.03999999999999
6998,2769,64,3,46.45,139.35000000000002
6999,2770,100,2,40.33,80.66
7000,2770,25,3,69.84,209.52
7001,2771,66,4,93.37,373.48
7002,2771,56,2,22.6,45.2
7003,2771,60,4,29.65,118.6
7004,2771,111,5,37.37,186.85
7005,2772,119,5,41.39,206.95
7006,2773,49,4,21.83,87.32
7007,2773,47,1,24.81,24.81
7008,2774,33,5,106.78,533.9
7009,2774,47,5,25.51,127.55000000000001
7010,2775,52,5,48.9,244.5
7011,2775,9,4,36.39,145.56
7012,2775,28,1,22.39,22.39
7013,2775,94,4,27.96,111.84
7014,2776,86,1,38.57,38.57
7015,2776,9,4,34.85,139.4
7016,2777,108,1,18.97,18.97
7017,2777,17,1,47.98,47.98
7018,2778,20,4,33.87,135.48
7019,2778,7,2,13.0,26.0
7020,2779,19,1,38.75,38.75
7021,2779,24,1,46.04,46.04
7022,2779,108,2,18.77,37.54
7023,2779,53,3,42.54,127.62
7024,2780,24,4,43.33,173.32
7025,2780,6,3,76.38,229.14
7026,2781,30,3,18.46,55.38
7027,2781,50,5,41.58,207.89999999999998
7028,2782,53,4,42.9,171.6
7029,2782,58,3,59.02,177.06
7030,2783,25,5,64.74,323.7
7031,2783,14,4,78.18,312.72
7032,2783,59,2,19.82,39.64
7033,2783,7,3,12.86,38.58
7034,2784,107,1,67.61,67.61
7035,2784,38,4,118.89,475.56
7036,2784,79,4,20.73,82.92
7037,2785,79,1,20.96,20.96
7038,2785,5,1,93.67,93.67
7039,2785,73,1,10.28,10.28
7040,2786,76,1,13.81,13.81
7041,2787,16,2,33.18,66.36
7042,2788,70,4,70.07,280.28
7043,2789,12,5,38.75,193.75
7044,2789,56,3,24.01,72.03
7045,2790,23,3,70.62,211.86
7046,2790,40,3,19.8,59.400000000000006
7047,2790,105,4,14.26,57.04
7048,2790,108,4,19.73,78.92
7049,2791,112,1,63.32,63.32
7050,2791,116,3,97.39,292.17
7051,2791,63,2,48.09,96.18
7052,2791,104,5,46.28,231.4
7053,2792,109,5,21.24,106.19999999999999
7054,2792,34,2,43.46,86.92
7055,2792,16,3,32.83,98.49
7056,2792,48,2,54.29,108.58
7057,2793,79,1,21.24,21.24
7058,2793,15,1,18.62,18.62
7059,2793,78,5,16.84,84.2
7060,2794,40,2,19.75,39.5
7061,2794,54,1,57.66,57.66
7062,2794,46,2,14.32,28.64
7063,2795,89,4,17.57,70.28
7064,2795,40,3,19.97,59.91
7065,2796,57,1,71.72,71.72
7066,2796,76,3,13.7,41.099999999999994
7067,2796,103,5,13.05,65.25
7068,2797,55,3,33.94,101.82
7069,2798,17,5,47.95,239.75
7070,2799,68,2,25.44,50.88
7071,2799,3,2,30.02,60.04
7072,2799,80,3,10.56,31.68
7073,2799,46,5,13.22,66.10000000000001
7074,2800,78,5,16.44,82.2
7075,2800,16,5,34.06,170.3
7076,2801,60,1,28.66,28.66
7077,2801,22,4,58.61,234.44
7078,2801,67,1,27.74,27.74
7079,2802,6,4,73.35,293.4
7080,2802,63,2,48.33,96.66
7081,2802,52,4,46.97,187.88
7082,2802,16,2,34.73,69.46
7083,2803,89,1,18.59,18.59
7084,2803,101,4,57.64,230.56
7085,2803,67,2,28.06,56.12
7086,2804,63,1,49.04,49.04
7087,2804,43,2,38.84,77.68
7088,2804,34,1,47.88,47.88
7089,2804,2,2,44.32,88.64
7090,2805,58,3,59.66,178.98
7091,2805,62,3,12.43,37.29
7092,2806,4,2,27.67,55.34
7093,2806,40,2,19.11,38.22
7094,2807,68,5,26.37,131.85
7095,2807,29,3,11.51,34.53
7096,2808,72,2,34.23,68.46
7097,2808,55,3,35.28,105.84
7098,2808,112,5,60.79,303.95
7099,2808,21,1,65.14,65.14
7100,2809,5,5,88.46,442.29999999999995
7101,2809,39,1,8.47,8.47
7102,2810,97,2,47.95,95.9
7103,2810,112,3,60.27,180.81
7104,2810,76,2,12.98,25.96
7105,2810,74,5,61.05,305.25
7106,2811,87,4,32.15,128.6
7107,2812,119,3,40.39,121.17
7108,2812,114,2,33.24,66.48
7109,2813,76,5,13.05,65.25
7110,2813,43,2,39.2,78.4
7111,2813,12,5,38.89,194.45
7112,2813,20,5,37.2,186.0
7113,2814,80,4,10.12,40.48
7114,2814,9,4,34.4,137.6
7115,2814,104,3,42.25,126.75
7116,2815,58,5,59.4,297.0
7117,2815,110,3,66.86,200.57999999999998
7118,2816,104,5,42.55,212.75
7119,2817,67,2,28.2,56.4
7120,2817,52,3,48.41,145.23
7121,2818,15,1,18.3,18.3
7122,2818,116,1,93.63,93.63
7123,2818,78,2,17.56,35.12
7124,2818,50,5,41.65,208.25
7125,2819,18,2,17.94,35.88
7126,2819,103,5,13.49,67.45
7127,2820,7,2,12.82,25.64
7128,2820,81,4,77.73,310.92
7129,2821,26,1,19.2,19.2
7130,2821,76,3,13.35,40.05
7131,2822,12,4,37.51,150.04
7132,2822,97,5,47.63,238.15
7133,2822,54,2,62.09,124.18
7134,2822,53,3,41.71,125.13
7135,2823,114,3,31.17,93.51
7136,2823,23,3,72.5,217.5
7137,2823,80,2,9.81,19.62
7138,2824,69,5,60.16,300.79999999999995
7139,2824,84,3,47.16,141.48
7140,2824,79,4,22.06,88.24
7141,2825,97,3,47.52,142.56
7142,2825,43,3,38.21,114.63
7143,2825,29,3,11.48,34.44
7144,2826,82,1,18.18,18.18
7145,2826,69,2,59.19,118.38
7146,2827,110,4,67.77,271.08
7147,2827,86,5,37.94,189.7
7148,2827,29,4,11.93,47.72
7149,2827,37,4,10.46,41.84
7150,2828,83,5,37.68,188.4
7151,2828,47,4,25.32,101.28
7152,2828,111,5,36.84,184.20000000000002
7153,2829,85,2,70.18,140.36
7154,2830,45,5,47.52,237.60000000000002
7155,2830,98,5,61.2,306.0
7156,2831,84,5,45.65,228.25
7157,2831,44,2,17.96,35.92
7158,2831,51,4,103.22,412.88
7159,2831,76,5,12.81,64.05
7160,2832,30,3,19.43,58.29
7161,2832,80,2,10.16,20.32
7162,2833,40,1,19.68,19.68
7163,2833,112,5,60.45,302.25
7164,2833,69,1,59.05,59.05
7165,2833,95,5,100.76,503.8
7166,2834,67,3,27.19,81.57000000000001
7167,2834,24,2,44.46,88.92
7168,2834,81,2,83.44,166.88
7169,2834,76,1,12.76,12.76
7170,2835,18,3,17.68,53.04
7171,2835,115,5,38.57,192.85
7172,2835,11,4,27.08,108.32
7173,2835,46,3,14.42,43.26
7174,2836,15,3,19.33,57.989999999999995
7175,2836,92,2,8.75,17.5
7176,2836,52,5,46.48,232.39999999999998
7177,2836,65,3,15.48,46.44
7178,2837,108,5,18.57,92.85
7179,2838,53,5,45.44,227.2
7180,2839,60,5,29.66,148.3
7181,2839,69,5,59.84,299.20000000000005
7182,2840,112,4,62.5,250.0
7183,2840,52,2,45.85,91.7
7184,2841,30,2,18.73,37.46
7185,2841,39,4,8.21,32.84
7186,2841,66,2,90.45,180.9
7187,2841,92,3,7.95,23.85
7188,2842,103,4,13.32,53.28
7189,2842,64,2,42.9,85.8
7190,2842,58,1,59.66,59.66
7191,2842,113,1,29.34,29.34
7192,2843,81,4,81.92,327.68
7193,2843,2,1,43.65,43.65
7194,2843,79,4,21.08,84.32
7195,2843,93,1,23.34,23.34
7196,2844,93,4,23.43,93.72
7197,2844,19,4,39.15,156.6
7198,2844,62,2,12.0,24.0
7199,2844,92,2,8.21,16.42
7200,2845,113,3,30.52,91.56
7201,2846,105,3,13.86,41.58
7202,2846,95,5,104.33,521.65
7203,2846,95,4,105.4,421.6
7204,2847,43,3,40.8,122.39999999999999
7205,2847,72,1,32.65,32.65
7206,2847,5,5,92.78,463.9
7207,2847,15,3,19.62,58.86
7208,2848,31,5,25.5,127.5
7209,2848,116,2,92.62,185.24
7210,2848,30,2,18.82,37.64
7211,2848,40,4,18.97,75.88
7212,2849,97,4,49.17,196.68
7213,2849,4,1,30.18,30.18
7214,2849,21,4,62.37,249.48
7215,2849,1,3,17.54,52.62
7216,2850,72,5,34.05,170.25
7217,2850,89,3,17.04,51.12
7218,2850,112,3,61.59,184.77
7219,2850,100,4,38.0,152.0
7220,2851,88,3,38.3,114.89999999999999
7221,2851,97,1,45.67,45.67
7222,2851,111,2,35.69,71.38
7223,2851,68,5,24.85,124.25
7224,2852,16,2,36.13,72.26
7225,2853,76,3,12.56,37.68
7226,2853,38,2,109.94,219.88
7227,2854,109,3,20.51,61.53
7228,2854,64,4,44.91,179.64
7229,2854,80,4,9.88,39.52
7230,2854,62,1,12.12,12.12
7231,2855,43,5,39.53,197.65
7232,2855,110,4,65.77,263.08
7233,2855,115,4,38.1,152.4
7234,2856,108,4,20.21,80.84
7235,2856,116,4,90.66,362.64
7236,2857,3,5,29.65,148.25
7237,2857,76,4,12.97,51.88
7238,2857,51,5,109.07,545.3499999999999
7239,2858,68,4,26.91,107.64
7240,2859,55,5,36.09,180.45000000000002
7241,2859,113,3,32.28,96.84
7242,2860,99,2,18.22,36.44
7243,2860,94,3,27.78,83.34
7244,2860,79,1,21.95,21.95
7245,2860,15,3,19.45,58.349999999999994
7246,2861,22,4,59.59,238.36
7247,2861,115,4,38.5,154.0
7248,2861,6,2,69.35,138.7
7249,2861,87,3,30.01,90.03
7250,2862,71,3,17.21,51.63
7251,2862,89,1,17.69,17.69
7252,2862,119,4,41.88,167.52
7253,2863,49,3,22.52,67.56
7254,2863,71,4,18.08,72.32
7255,2864,2,4,43.06,172.24
7256,2864,43,1,37.75,37.75
7257,2865,33,3,99.49,298.46999999999997
7258,2866,99,2,17.85,35.7
7259,2866,40,4,20.51,82.04
7260,2866,37,4,9.77,39.08
7261,2866,55,2,34.54,69.08
7262,2867,70,4,70.06,280.24
7263,2867,85,1,69.96,69.96
7264,2867,117,2,60.08,120.16
7265,2867,55,4,35.25,141.0
7266,2868,74,3,59.89,179.67000000000002
7267,2868,45,1,46.09,46.09
7268,2868,71,3,17.58,52.739999999999995
7269,2869,30,2,19.08,38.16
7270,2869,29,5,11.3,56.5
7271,2870,93,5,22.97,114.85
7272,2871,81,1,84.88,84.88
7273,2872,95,2,109.98,219.96
7274,2872,87,3,31.28,93.84
7275,2873,44,2,17.57,35.14
7276,2873,94,4,27.8,111.2
7277,2873,27,1,50.15,50.15
7278,2873,1,5,17.32,86.6
7279,2874,27,2,50.13,100.26
7280,2874,83,2,38.11,76.22
7281,2875,80,2,10.43,20.86
7282,2875,89,5,18.02,90.1
7283,2875,93,2,23.2,46.4
7284,2875,27,2,51.3,102.6
7285,2876,95,2,103.17,206.34
7286,2877,57,1,69.14,69.14
7287,2877,105,5,14.03,70.14999999999999
7288,2877,3,4,29.77,119.08
7289,2877,91,3,29.24,87.72
7290,2878,83,1,35.43,35.43
7291,2879,59,1,19.98,19.98
7292,2879,105,2,13.81,27.62
7293,2880,33,5,102.43,512.1500000000001
7294,2881,45,3,45.18,135.54
7295,2881,45,5,43.61,218.05
7296,2881,58,2,57.71,115.42
7297,2882,35,1,61.03,61.03
7298,2883,82,2,19.21,38.42
7299,2884,12,2,37.64,75.28
7300,2884,4,4,27.67,110.68
7301,2885,18,1,17.71,17.71
7302,2886,54,5,63.07,315.35
7303,2886,2,4,45.69,182.76
7304,2887,77,3,21.75,65.25
7305,2887,24,4,43.29,173.16
7306,2888,91,4,30.81,123.24
7307,2888,101,4,58.13,232.52
7308,2888,103,1,13.58,13.58
7309,2888,65,3,14.99,44.97
7310,2889,64,2,43.49,86.98
7311,2889,47,2,24.11,48.22
7312,2889,16,4,33.43,133.72
7313,2890,29,2,11.29,22.58
7314,2890,30,2,19.82,39.64
7315,2891,71,4,18.08,72.32
7316,2891,3,1,29.81,29.81
7317,2891,117,2,60.61,121.22
7318,2892,15,4,18.76,75.04
7319,2893,42,3,25.7,77.1
7320,2894,40,2,18.92,37.84
7321,2895,102,2,19.6,39.2
7322,2895,76,3,13.24,39.72
7323,2895,113,4,29.44,117.76
7324,2895,110,1,67.71,67.71
7325,2896,95,4,103.12,412.48
7326,2896,18,4,16.96,67.84
7327,2896,71,2,18.78,37.56
7328,2897,72,4,34.44,137.76
7329,2897,37,3,10.48,31.44
7330,2897,5,1,87.82,87.82
7331,2897,5,4,86.4,345.6
7332,2898,47,4,23.13,92.52
7333,2898,89,4,17.06,68.24
7334,2898,21,1,68.46,68.46
7335,2898,115,3,35.65,106.94999999999999
7336,2899,35,1,62.21,62.21
7337,2900,83,4,35.89,143.56
7338,2901,6,3,74.94,224.82
7339,2901,5,4,93.22,372.88
7340,2901,61,5,46.58,232.89999999999998
7341,2901,17,1,49.0,49.0
7342,2902,77,2,21.82,43.64
7343,2902,48,3,49.23,147.69
7344,2902,28,5,22.29,111.44999999999999
7345,2903,119,1,42.2,42.2
7346,2903,48,5,51.43,257.15
7347,2903,11,4,27.35,109.4
7348,2904,17,1,50.41,50.41
7349,2905,39,5,8.16,40.8
7350,2905,60,3,31.01,93.03
7351,2905,67,1,26.45,26.45
7352,2906,54,1,57.8,57.8
7353,2906,14,2,78.71,157.42
7354,2906,32,3,22.92,68.76
7355,2906,15,4,18.21,72.84
7356,2907,62,1,12.13,12.13
7357,2907,9,4,35.46,141.84
7358,2908,93,4,22.73,90.92
7359,2908,61,2,45.33,90.66
7360,2908,35,2,61.75,123.5
7361,2909,35,2,62.49,124.98
7362,2909,5,3,92.42,277.26
7363,2909,5,2,87.07,174.14
7364,2910,79,3,21.17,63.510000000000005
7365,2910,61,1,46.4,46.4
7366,2910,16,4,34.92,139.68
7367,2910,88,5,38.33,191.64999999999998
7368,2911,117,2,59.79,119.58
7369,2912,81,4,79.09,316.36
7370,2912,107,4,69.17,276.68
7371,2912,83,3,36.66,109.97999999999999
7372,2912,111,2,36.24,72.48
7373,2913,67,5,26.43,132.15
7374,2913,98,4,61.88,247.52
7375,2913,94,2,26.03,52.06
7376,2914,40,2,19.93,39.86
7377,2914,8,5,19.83,99.14999999999999
7378,2914,51,4,102.27,409.08
7379,2914,23,5,67.32,336.59999999999997
7380,2915,105,4,14.16,56.64
7381,2915,85,1,71.39,71.39
7382,2916,108,4,19.52,78.08
7383,2917,41,5,51.76,258.8
7384,2918,66,1,90.2,90.2
7385,2918,29,4,10.92,43.68
7386,2919,58,4,60.76,243.04
7387,2919,4,2,28.53,57.06
7388,2919,43,5,41.77,208.85000000000002
7389,2920,105,3,14.56,43.68
7390,2920,74,3,63.08,189.24
7391,2921,101,1,54.77,54.77
7392,2921,93,2,24.42,48.84
7393,2922,8,4,21.82,87.28
7394,2922,58,3,56.57,169.71
7395,2922,37,2,10.75,21.5
7396,2922,15,4,18.76,75.04
7397,2923,26,2,19.03,38.06
7398,2923,2,2,42.83,85.66
7399,2923,25,3,65.26,195.78000000000003
7400,2924,81,1,81.49,81.49
7401,2924,31,3,26.25,78.75
7402,2924,88,4,37.72,150.88
7403,2925,36,2,20.54,41.08
7404,2925,7,3,12.55,37.650000000000006
7405,2925,85,1,70.92,70.92
7406,2926,20,5,34.55,172.75
7407,2926,117,4,59.19,236.76
7408,2926,52,4,47.54,190.16
7409,2926,6,3,75.12,225.36
7410,2927,29,3,11.54,34.62
7411,2928,39,4,8.72,34.88
7412,2928,60,2,30.59,61.18
7413,2928,81,2,79.45,158.9
7414,2928,39,2,8.64,17.28
7415,2929,37,2,10.24,20.48
7416,2929,112,4,60.26,241.04
7417,2929,23,5,71.22,356.1
7418,2929,88,2,36.87,73.74
7419,2930,21,2,64.16,128.32
7420,2930,32,1,20.96,20.96
7421,2931,72,2,31.4,62.8
7422,2931,12,4,37.22,148.88
7423,2932,19,2,39.62,79.24
7424,2933,103,1,13.49,13.49
7425,2933,12,1,38.08,38.08
7426,2933,18,2,17.52,35.04
7427,2934,90,2,18.25,36.5
7428,2934,57,5,70.36,351.8
7429,2935,42,5,26.7,133.5
7430,2935,99,3,18.04,54.12
7431,2936,108,1,19.38,19.38
7432,2936,15,5,18.28,91.4
7433,2936,60,4,30.73,122.92
7434,2937,111,5,36.45,182.25
7435,2938,16,1,32.87,32.87
7436,2939,50,1,40.1,40.1
7437,2939,24,1,44.74,44.74
7438,2939,18,5,17.78,88.9
7439,2939,106,4,49.42,197.68
7440,2940,78,5,16.71,83.55000000000001
7441,2941,16,4,34.28,137.12
7442,2941,41,2,55.73,111.46
7443,2941,38,2,116.89,233.78
7444,2941,111,1,39.22,39.22
7445,2942,37,2,10.53,21.06
7446,2942,14,4,74.88,299.52
7447,2942,119,3,41.15,123.44999999999999
7448,2943,8,3,21.0,63.0
7449,2943,117,5,62.41,312.04999999999995
7450,2944,39,1,8.52,8.52
7451,2944,84,4,47.67,190.68
7452,2944,66,5,95.39,476.95
7453,2945,29,5,11.93,59.65
7454,2945,66,1,90.89,90.89
7455,2946,22,2,62.99,125.98
7456,2946,61,4,47.03,188.12
7457,2947,8,3,20.56,61.67999999999999
7458,2947,29,4,11.05,44.2
7459,2947,8,4,20.57,82.28
7460,2948,76,1,13.17,13.17
7461,2948,113,5,29.9,149.5
7462,2948,6,1,70.37,70.37
7463,2948,73,4,9.55,38.2
7464,2949,61,5,45.29,226.45
7465,2950,24,1,45.51,45.51
7466,2950,84,3,46.01,138.03
7467,2950,94,3,27.8,83.4
7468,2951,112,3,61.51,184.53
7469,2951,10,5,75.53,377.65
7470,2951,22,1,62.89,62.89
7471,2951,63,4,45.27,181.08
7472,2952,93,1,23.83,23.83
7473,2953,24,5,44.85,224.25
7474,2954,43,5,40.27,201.35000000000002
7475,2954,54,4,63.14,252.56
7476,2954,80,5,9.91,49.55
7477,2955,28,1,23.9,23.9
7478,2956,36,1,21.4,21.4
7479,2956,17,2,49.6,99.2
7480,2956,26,2,19.09,38.18
7481,2956,112,2,60.16,120.32
7482,2957,90,1,18.7,18.7
7483,2958,111,1,38.23,38.23
7484,2958,113,5,31.13,155.65
7485,2958,60,4,28.91,115.64
7486,2959,21,5,62.15,310.75
7487,2959,95,2,104.07,208.14
7488,2960,119,5,39.17,195.85000000000002
7489,2960,25,1,65.68,65.68
7490,2960,92,4,8.51,34.04
7491,2960,48,2,51.54,103.08
7492,2961,112,3,63.28,189.84
7493,2961,28,5,23.09,115.45
7494,2961,79,1,20.13,20.13
7495,2961,11,4,26.1,104.4
7496,2962,112,3,59.14,177.42000000000002
7497,2962,51,2,108.85,217.7
7498,2962,60,5,31.65,158.25
7499,2962,90,4,18.16,72.64
7500,2963,28,5,24.57,122.85
7501,2963,90,5,18.39,91.95
7502,2963,14,5,76.46,382.29999999999995
7503,2964,54,4,59.4,237.6
7504,2965,41,1,54.33,54.33
7505,2966,54,2,62.34,124.68
7506,2966,70,2,72.29,144.58
7507,2967,73,1,10.15,10.15
7508,2968,25,2,66.58,133.16
7509,2968,112,4,64.13,256.52
7510,2968,80,3,10.15,30.450000000000003
7511,2968,19,1,37.8,37.8
7512,2969,19,4,38.33,153.32
7513,2969,49,2,22.39,44.78
7514,2970,117,1,59.75,59.75
7515,2970,109,1,20.49,20.49
7516,2971,29,1,11.26,11.26
7517,2971,66,2,97.18,194.36
7518,2971,40,4,18.93,75.72
7519,2972,96,2,78.15,156.3
7520,2972,89,5,18.34,91.7
7521,2972,56,2,22.98,45.96
7522,2973,42,1,26.9,26.9
7523,2973,111,1,37.26,37.26
7524,2973,51,2,100.52,201.04
7525,2974,107,4,72.34,289.36
7526,2974,4,3,28.74,86.22
7527,2974,54,5,62.33,311.65
7528,2975,66,1,96.7,96.7
7529,2976,1,1,17.73,17.73
7530,2976,8,3,19.87,59.61
7531,2977,68,4,27.09,108.36
7532,2977,90,3,18.81,56.42999999999999
7533,2977,25,1,70.96,70.96
7534,2977,108,3,19.05,57.150000000000006
7535,2978,29,4,11.56,46.24
7536,2978,7,3,12.92,38.76
7537,2978,52,1,48.62,48.62
7538,2979,14,1,79.22,79.22
7539,2979,54,5,59.03,295.15
7540,2979,5,2,88.62,177.24
7541,2980,104,1,45.47,45.47
7542,2980,77,3,21.79,65.37
7543,2980,4,2,28.52,57.04
7544,2980,111,2,39.39,78.78
7545,2981,36,4,19.99,79.96
7546,2981,61,4,49.65,198.6
7547,2981,76,4,12.54,50.16
7548,2981,49,5,23.1,115.5
7549,2982,75,3,34.91,104.72999999999999
7550,2983,20,4,36.15,144.6
7551,2983,39,2,8.45,16.9
7552,2983,82,4,18.01,72.04
7553,2984,22,4,59.24,236.96
7554,2984,38,2,116.23,232.46
7555,2984,34,5,43.34,216.70000000000002
7556,2984,16,5,34.04,170.2
7557,2985,108,4,18.65,74.6
7558,2985,118,1,22.82,22.82
7559,2986,32,1,21.38,21.38
7560,2987,103,4,13.78,55.12
7561,2988,60,5,31.09,155.45
7562,2988,29,1,11.14,11.14
7563,2988,114,4,32.69,130.76
7564,2989,16,3,34.44,103.32
7565,2989,15,3,18.53,55.59
7566,2989,50,1,42.55,42.55
7567,2989,105,1,14.16,14.16
7568,2990,36,3,21.15,63.449999999999996
7569,2990,90,2,19.57,39.14
7570,2990,105,4,14.72,58.88
7571,2991,59,3,19.79,59.37
7572,2992,16,4,34.62,138.48
7573,2992,114,3,33.8,101.39999999999999
7574,2993,97,5,48.06,240.3
7575,2993,9,2,34.79,69.58
7576,2994,70,2,68.98,137.96
7577,2994,103,4,13.86,55.44
7578,2994,69,3,59.93,179.79
7579,2994,24,1,45.84,45.84
7580,2995,113,2,31.16,62.32
7581,2995,43,5,37.99,189.95000000000002
7582,2995,1,1,17.87,17.87
7583,2996,15,1,19.21,19.21
7584,2997,56,4,23.59,94.36
7585,2997,60,5,30.42,152.10000000000002
7586,2997,75,5,37.0,185.0
7587,2998,21,4,65.54,262.16
7588,2998,12,2,39.42,78.84
7589,2998,31,4,26.07,104.28
7590,2999,7,2,13.61,27.22
7591,2999,8,2,21.52,43.04
7592,2999,77,2,22.96,45.92
7593,3000,37,2,10.33,20.66
7594,3000,19,4,38.55,154.2
7595,3001,20,5,37.0,185.0
7596,3001,96,4,76.45,305.8
7597,3001,83,5,37.04,185.2
7598,3002,6,2,74.78,149.56
7599,3002,77,3,21.84,65.52
7600,3003,74,4,61.27,245.08
7601,3004,80,2,10.84,21.68
7602,3004,95,4,107.91,431.64
7603,3004,82,3,18.93,56.79
7604,3004,86,2,38.19,76.38
7605,3005,13,4,41.73,166.92
7606,3005,111,1,38.08,38.08
7607,3005,26,4,20.77,83.08
7608,3006,91,1,30.76,30.76
7609,3006,89,3,17.05,51.150000000000006
7610,3006,59,4,19.42,77.68
7611,3007,58,4,57.22,228.88
7612,3007,108,2,19.63,39.26
7613,3007,76,4,12.69,50.76
7614,3007,32,1,22.96,22.96
7615,3008,7,5,12.74,63.7
7616,3008,17,2,51.62,103.24
7617,3008,47,5,25.33,126.64999999999999
7618,3009,80,3,10.85,32.55
7619,3010,53,3,41.33,123.99
7620,3010,92,2,8.33,16.66
7621,3010,84,4,48.95,195.8
7622,3010,86,2,39.06,78.12
7623,3011,110,4,67.85,271.4
7624,3012,10,1,73.83,73.83
7625,3012,69,4,61.08,244.32
7626,3012,42,1,26.3,26.3
7627,3013,92,2,8.61,17.22
7628,3013,97,4,49.56,198.24
7629,3013,78,4,16.88,67.52
7630,3013,89,1,18.77,18.77
7631,3014,110,1,69.12,69.12
7632,3014,67,1,27.73,27.73
7633,3015,98,1,58.34,58.34
7634,3015,13,2,41.16,82.32
7635,3016,30,2,18.95,37.9
7636,3016,109,3,19.45,58.349999999999994
7637,3016,27,4,52.97,211.88
7638,3016,2,1,41.71,41.71
7639,3017,110,3,70.85,212.54999999999998
7640,3017,43,1,37.71,37.71
7641,3018,72,4,31.79,127.16
7642,3018,93,5,23.85,119.25
7643,3018,54,5,63.04,315.2
7644,3018,3,1,29.18,29.18
7645,3019,85,4,67.88,271.52
7646,3019,79,4,21.24,84.96
7647,3020,34,5,47.81,239.05
7648,3021,80,1,10.24,10.24
7649,3021,98,1,61.37,61.37
7650,3021,118,2,22.48,44.96
7651,3022,64,1,42.52,42.52
7652,3022,8,2,19.84,39.68
7653,3023,105,2,14.74,29.48
7654,3023,53,5,45.28,226.4
7655,3023,78,5,16.35,81.75
7656,3024,107,2,69.57,139.14
7657,3024,32,4,22.61,90.44
7658,3025,1,1,16.9,16.9
7659,3025,116,2,91.53,183.06
7660,3025,20,5,37.07,185.35
7661,3025,49,5,22.36,111.8
7662,3026,95,2,102.94,205.88
7663,3026,92,4,7.99,31.96
7664,3027,20,1,35.88,35.88
7665,3027,31,5,25.89,129.45
7666,3028,83,2,38.37,76.74
7667,3028,51,1,105.86,105.86
7668,3028,61,3,46.44,139.32
7669,3029,89,5,17.07,85.35
7670,3029,104,4,46.19,184.76
7671,3030,84,3,48.73,146.19
7672,3030,21,2,65.89,131.78
7673,3031,113,1,30.81,30.81
7674,3031,68,1,24.91,24.91
7675,3031,96,1,75.85,75.85
7676,3032,74,2,57.57,115.14
7677,3032,39,3,8.54,25.619999999999997
7678,3033,79,1,21.89,21.89
7679,3033,104,3,46.31,138.93
7680,3034,100,4,37.23,148.92
7681,3034,111,1,37.26,37.26
7682,3035,7,3,13.34,40.019999999999996
7683,3035,115,2,36.73,73.46
7684,3035,40,4,20.2,80.8
7685,3036,109,2,20.26,40.52
7686,3036,64,4,42.44,169.76
7687,3037,84,1,45.77,45.77
7688,3037,94,5,27.15,135.75
7689,3037,96,5,77.62,388.1
7690,3038,39,4,7.89,31.56
7691,3039,78,5,16.67,83.35000000000001
7692,3039,68,4,25.41,101.64
7693,3039,39,2,8.7,17.4
7694,3039,5,1,88.6,88.6
7695,3040,98,5,60.53,302.65
7696,3040,51,1,107.4,107.4
7697,3040,28,4,22.52,90.08
7698,3040,41,1,52.44,52.44
7699,3041,52,1,49.51,49.51
7700,3042,120,2,30.05,60.1
7701,3043,42,4,26.55,106.2
7702,3044,16,1,35.02,35.02
7703,3045,21,1,66.15,66.15
7704,3045,111,2,36.53,73.06
7705,3045,96,3,78.8,236.39999999999998
7706,3045,1,2,16.97,33.94
7707,3046,57,4,68.42,273.68
7708,3047,33,3,100.02,300.06
7709,3047,64,5,44.37,221.85
7710,3047,73,5,9.87,49.349999999999994
7711,3048,61,2,47.78,95.56
7712,3048,59,4,20.57,82.28
7713,3049,83,4,35.97,143.88
7714,3050,86,4,37.78,151.12
7715,3051,22,5,58.38,291.90000000000003
7716,3051,83,1,38.3,38.3
7717,3051,61,5,48.99,244.95000000000002
7718,3051,50,3,40.37,121.10999999999999
7719,3052,32,1,21.1,21.1
7720,3052,67,2,26.87,53.74
7721,3052,117,1,57.17,57.17
7722,3053,56,2,23.82,47.64
7723,3053,8,1,19.81,19.81
7724,3053,30,4,18.69,74.76
7725,3054,112,1,61.67,61.67
7726,3055,97,1,45.04,45.04
7727,3055,8,5,20.34,101.7
7728,3056,97,3,48.8,146.39999999999998
7729,3056,14,1,78.11,78.11
7730,3056,37,4,10.18,40.72
7731,3057,109,5,20.7,103.5
7732,3057,78,2,17.56,35.12
7733,3057,78,2,16.2,32.4
7734,3057,26,3,20.4,61.199999999999996
7735,3058,39,1,8.61,8.61
7736,3058,12,5,39.22,196.1
7737,3058,71,2,17.8,35.6
7738,3059,59,2,20.06,40.12
7739,3059,20,4,34.19,136.76
7740,3059,36,2,21.5,43.0
7741,3060,8,1,21.37,21.37
7742,3060,8,3,21.16,63.480000000000004
7743,3060,6,5,75.46,377.29999999999995
7744,3061,39,3,7.95,23.85
7745,3061,33,1,104.58,104.58
7746,3062,23,2,69.38,138.76
7747,3062,22,5,60.79,303.95
7748,3062,114,4,30.81,123.24
7749,3063,49,1,22.24,22.24
7750,3063,63,2,45.58,91.16
7751,3064,106,4,49.77,199.08
7752,3064,120,2,30.92,61.84
7753,3064,46,3,13.07,39.21
7754,3065,93,5,24.35,121.75
7755,3065,48,4,52.75,211.0
7756,3066,33,4,108.48,433.92
7757,3066,15,4,19.64,78.56
7758,3066,42,2,26.37,52.74
7759,3067,119,1,40.61,40.61
7760,3067,21,5,61.9,309.5
7761,3068,18,1,17.4,17.4
7762,3068,31,4,25.98,103.92
7763,3068,41,3,55.12,165.35999999999999
7764,3069,46,1,13.83,13.83
7765,3069,114,3,31.74,95.22
7766,3069,112,1,60.52,60.52
7767,3070,55,5,36.17,180.85000000000002
7768,3070,107,2,69.02,138.04
7769,3071,41,2,51.4,102.8
7770,3071,48,4,53.3,213.2
7771,3072,86,2,36.99,73.98
7772,3072,105,2,14.14,28.28
7773,3073,4,2,28.01,56.02
7774,3074,71,3,17.39,52.17
7775,3074,39,4,7.92,31.68
7776,3074,47,4,24.83,99.32
7777,3074,70,1,70.5,70.5
7778,3075,62,3,12.65,37.95
7779,3075,119,3,39.41,118.22999999999999
7780,3075,54,5,58.94,294.7
7781,3076,117,3,60.23,180.69
7782,3077,82,5,18.53,92.65
7783,3078,76,3,13.22,39.660000000000004
7784,3078,65,3,14.58,43.74
7785,3078,41,3,50.95,152.85000000000002
7786,3078,71,1,18.39,18.39
7787,3079,67,3,28.45,85.35
7788,3079,13,5,39.09,195.45000000000002
7789,3079,113,5,32.05,160.25
7790,3079,107,1,70.91,70.91
7791,3080,81,3,78.26,234.78000000000003
7792,3080,81,5,81.23,406.15000000000003
7793,3080,18,5,16.96,84.80000000000001
7794,3081,72,4,34.02,136.08
7795,3081,117,3,57.32,171.96
7796,3081,15,5,19.72,98.6
7797,3082,109,4,20.58,82.32
7798,3082,43,4,38.39,153.56
7799,3082,27,5,52.87,264.34999999999997
7800,3082,109,2,20.95,41.9
7801,3083,79,5,21.32,106.6
7802,3083,97,2,47.39,94.78
7803,3083,106,1,50.78,50.78
7804,3084,2,2,44.23,88.46
7805,3085,27,3,48.78,146.34
7806,3085,29,5,11.26,56.3
7807,3086,111,1,39.26,39.26
7808,3086,64,4,45.53,182.12
7809,3087,22,1,57.5,57.5
7810,3088,84,3,49.29,147.87
7811,3088,43,5,37.87,189.35
7812,3088,70,4,71.0,284.0
7813,3088,114,5,31.92,159.60000000000002
7814,3089,33,5,101.77,508.84999999999997
7815,3089,114,4,32.41,129.64
7816,3089,90,1,18.02,18.02
7817,3090,3,3,32.1,96.30000000000001
7818,3090,48,1,54.15,54.15
7819,3090,104,4,42.79,171.16
7820,3090,103,1,14.15,14.15
7821,3091,84,5,49.79,248.95
7822,3092,83,4,35.15,140.6
7823,3092,105,5,13.74,68.7
7824,3092,18,5,17.34,86.7
7825,3092,56,5,22.91,114.55
7826,3093,43,1,39.63,39.63
7827,3093,118,3,22.86,68.58
7828,3093,93,5,23.95,119.75
7829,3094,90,2,19.12,38.24
7830,3094,12,2,38.39,76.78
7831,3094,92,1,8.35,8.35
7832,3095,101,3,58.91,176.73
7833,3096,52,1,46.49,46.49
7834,3096,104,1,42.88,42.88
7835,3096,48,2,50.66,101.32
7836,3097,79,4,21.66,86.64
7837,3097,25,1,66.82,66.82
7838,3097,62,5,12.26,61.3
7839,3098,7,4,13.03,52.12
7840,3098,15,5,18.85,94.25
7841,3098,109,5,20.76,103.80000000000001
7842,3099,85,4,67.4,269.6
7843,3100,71,4,18.2,72.8
7844,3100,49,4,22.92,91.68
7845,3100,67,1,28.74,28.74
7846,3101,85,4,72.74,290.96
7847,3102,41,2,51.64,103.28
7848,3103,39,1,8.1,8.1
7849,3103,89,5,17.23,86.15
7850,3104,65,5,16.03,80.15
7851,3105,49,5,23.01,115.05000000000001
7852,3105,54,1,62.94,62.94
7853,3105,98,5,63.83,319.15
7854,3106,63,1,49.68,49.68
7855,3106,10,5,74.03,370.15
7856,3107,100,1,39.08,39.08
7857,3108,30,1,18.63,18.63
7858,3108,9,1,34.36,34.36
7859,3109,35,4,60.26,241.04
7860,3109,15,5,19.89,99.45
7861,3110,3,2,31.23,62.46
7862,3110,84,5,48.71,243.55
7863,3110,80,2,10.58,21.16
7864,3111,37,5,10.27,51.349999999999994
7865,3111,85,3,68.57,205.70999999999998
7866,3111,5,3,93.43,280.29
7867,3111,50,5,40.8,204.0
7868,3112,70,3,69.8,209.39999999999998
7869,3112,96,3,72.48,217.44
7870,3112,33,3,105.3,315.9
7871,3113,115,2,36.8,73.6
7872,3113,45,3,47.08,141.24
7873,3113,89,5,17.54,87.69999999999999
7874,3114,22,4,58.94,235.76
7875,3114,81,2,77.47,154.94
7876,3114,68,5,26.12,130.6
7877,3115,54,4,61.85,247.4
7878,3115,31,5,26.38,131.9
7879,3115,67,4,26.64,106.56
7880,3116,50,1,40.6,40.6
7881,3116,35,1,59.62,59.62
7882,3117,64,1,44.73,44.73
7883,3118,30,3,19.75,59.25
7884,3118,79,3,22.12,66.36
7885,3118,4,1,28.44,28.44
7886,3119,30,1,18.55,18.55
7887,3120,58,4,58.13,232.52
7888,3121,16,4,35.14,140.56
7889,3122,28,4,24.0,96.0
7890,3122,51,4,108.48,433.92
7891,3123,57,2,67.67,135.34
7892,3123,41,3,55.58,166.74
7893,3123,98,4,61.95,247.8
7894,3123,62,4,11.45,45.8
7895,3124,45,3,47.53,142.59
7896,3124,62,1,11.75,11.75
7897,3124,39,3,7.94,23.82
7898,3124,7,5,13.12,65.6
7899,3125,54,4,60.38,241.52
7900,3126,44,4,17.08,68.32
7901,3126,60,5,31.02,155.1
7902,3126,62,4,11.58,46.32
7903,3126,33,3,107.71,323.13
7904,3127,55,4,35.1,140.4
7905,3128,72,4,31.4,125.6
7906,3128,29,3,11.95,35.849999999999994
7907,3128,4,2,30.4,60.8
7908,3128,23,2,69.38,138.76
7909,3129,59,3,20.04,60.12
7910,3130,83,4,35.62,142.48
7911,3131,78,1,16.96,16.96
7912,3131,93,4,22.71,90.84
7913,3131,56,3,22.99,68.97
7914,3131,106,1,48.91,48.91
7915,3132,118,2,22.7,45.4
7916,3132,3,4,29.21,116.84
7917,3132,19,5,39.26,196.29999999999998
7918,3132,48,5,50.15,250.75
7919,3133,55,2,33.93,67.86
7920,3133,25,3,67.19,201.57
7921,3134,36,5,21.45,107.25
7922,3134,6,3,71.81,215.43
7923,3134,109,2,20.79,41.58
7924,3135,95,3,110.82,332.46
7925,3135,22,3,62.99,188.97
7926,3135,49,2,22.08,44.16
7927,3135,63,2,49.81,99.62
7928,3136,54,5,62.47,312.35
7929,3136,51,5,99.64,498.2
7930,3136,67,5,29.23,146.15
7931,3136,111,3,39.34,118.02000000000001
7932,3137,64,5,45.39,226.95
7933,3137,67,2,28.15,56.3
7934,3138,32,2,23.19,46.38
7935,3138,56,1,22.57,22.57
7936,3138,82,4,18.95,75.8
7937,3138,71,4,18.74,74.96
7938,3139,59,4,20.03,80.12
7939,3139,86,5,36.61,183.05
7940,3139,27,2,50.61,101.22
7941,3139,4,4,30.64,122.56
7942,3140,38,5,116.2,581.0
7943,3140,30,3,19.27,57.81
7944,3140,110,3,64.97,194.91
7945,3140,29,5,11.61,58.05
7946,3141,110,1,66.07,66.07
7947,3141,50,3,43.6,130.8
7948,3141,86,3,37.47,112.41
7949,3141,70,2,70.48,140.96
7950,3142,1,1,18.17,18.17
7951,3142,110,2,69.55,139.1
7952,3142,58,4,58.52,234.08
7953,3142,68,4,26.31,105.24
7954,3143,32,4,22.99,91.96
7955,3143,22,5,62.95,314.75
7956,3144,5,5,90.06,450.3
7957,3144,64,4,43.55,174.2
7958,3145,38,1,116.67,116.67
7959,3145,52,1,45.81,45.81
7960,3145,118,1,22.58,22.58
7961,3145,78,3,16.09,48.269999999999996
7962,3146,89,1,18.55,18.55
7963,3146,77,1,20.79,20.79
7964,3147,21,4,65.53,262.12
7965,3147,80,5,10.85,54.25
7966,3147,107,2,67.71,135.42
7967,3147,120,1,30.55,30.55
7968,3148,6,1,70.11,70.11
7969,3148,4,5,28.05,140.25
7970,3148,118,5,22.17,110.85000000000001
7971,3148,92,2,8.62,17.24
7972,3149,2,3,44.03,132.09
7973,3150,103,3,13.97,41.910000000000004
7974,3151,113,3,30.27,90.81
7975,3151,30,4,18.51,74.04
7976,3151,26,3,19.86,59.58
7977,3152,91,5,28.78,143.9
7978,3153,37,3,10.21,30.630000000000003
7979,3153,13,4,43.12,172.48
7980,3153,84,2,48.24,96.48
7981,3154,66,3,94.01,282.03000000000003
7982,3155,34,4,44.22,176.88
7983,3155,39,2,8.28,16.56
7984,3155,57,3,69.4,208.20000000000002
7985,3155,28,2,23.47,46.94
7986,3156,7,5,13.26,66.3
7987,3156,78,4,17.78,71.12
7988,3157,36,3,20.27,60.81
7989,3157,49,2,22.51,45.02
7990,3157,38,4,109.11,436.44
7991,3158,20,4,35.15,140.6
7992,3158,66,5,89.95,449.75
7993,3159,73,4,9.62,38.48
7994,3159,61,2,47.2,94.4
7995,3159,61,2,48.91,97.82
7996,3160,86,4,39.03,156.12
7997,3160,6,1,72.96,72.96
7998,3160,93,1,24.0,24.0
7999,3161,99,3,18.57,55.71
8000,3161,19,5,38.23,191.14999999999998
8001,3162,119,2,39.34,78.68
8002,3162,55,4,34.77,139.08
8003,3162,42,1,27.29,27.29
8004,3162,36,4,21.17,84.68
8005,3163,119,3,39.63,118.89000000000001
8006,3163,66,1,96.4,96.4
8007,3163,120,2,28.32,56.64
8008,3163,87,5,29.6,148.0
8009,3164,56,2,22.53,45.06
8010,3164,4,5,29.76,148.8
8011,3165,111,2,36.68,73.36
8012,3166,28,2,24.41,48.82
8013,3166,94,1,25.6,25.6
8014,3167,16,1,36.09,36.09
8015,3167,101,5,53.37,266.84999999999997
8016,3167,4,3,30.48,91.44
8017,3168,15,4,18.32,73.28
8018,3168,36,1,19.9,19.9
8019,3168,94,1,26.1,26.1
8020,3168,120,3,29.09,87.27
8021,3169,29,3,11.66,34.980000000000004
8022,3170,70,4,72.56,290.24
8023,3170,90,4,18.63,74.52
8024,3171,107,3,67.16,201.48
8025,3171,29,3,11.12,33.36
8026,3171,14,5,78.3,391.5
8027,3171,95,4,100.55,402.2
8028,3172,5,5,89.59,447.95000000000005
8029,3172,108,5,18.7,93.5
8030,3172,49,5,22.41,112.05
8031,3173,61,5,46.56,232.8
8032,3173,60,3,31.06,93.17999999999999
8033,3173,52,1,46.27,46.27
8034,3173,2,3,45.29,135.87
8035,3174,18,3,17.77,53.31
8036,3174,43,5,38.83,194.14999999999998
8037,3174,29,3,10.86,32.58
8038,3175,98,4,58.76,235.04
8039,3176,120,1,29.67,29.67
8040,3177,25,1,70.61,70.61
8041,3177,88,5,37.93,189.65
8042,3177,61,1,47.27,47.27
8043,3177,93,5,24.34,121.7
8044,3178,92,3,8.29,24.869999999999997
8045,3178,98,4,58.74,234.96
8046,3178,116,5,89.57,447.84999999999997
8047,3179,71,2,18.64,37.28
8048,3179,111,3,37.46,112.38
8049,3179,53,1,44.85,44.85
8050,3179,6,3,73.47,220.41
8051,3180,42,2,25.76,51.52
8052,3180,84,4,46.24,184.96
8053,3181,4,4,28.08,112.32
8054,3182,100,2,37.41,74.82
8055,3183,98,2,61.57,123.14
8056,3183,28,2,24.18,48.36
8057,3184,104,4,45.19,180.76
8058,3185,94,1,27.89,27.89
8059,3186,42,5,27.71,138.55
8060,3187,111,3,39.3,117.89999999999999
8061,3188,62,2,12.41,24.82
8062,3188,54,2,60.02,120.04
8063,3189,70,5,68.53,342.65
8064,3189,119,3,39.03,117.09
8065,3189,79,3,21.99,65.97
8066,3189,62,3,11.79,35.37
8067,3190,78,3,16.33,48.989999999999995
8068,3190,89,2,17.12,34.24
8069,3191,24,1,43.62,43.62
8070,3191,64,1,45.91,45.91
8071,3192,83,1,38.33,38.33
8072,3192,24,4,43.64,174.56
8073,3192,91,4,31.34,125.36
8074,3193,2,3,43.86,131.57999999999998
8075,3193,3,4,29.92,119.68
8076,3193,47,2,23.74,47.48
8077,3194,75,4,35.08,140.32
8078,3194,15,5,18.34,91.7
8079,3195,51,2,106.5,213.0
8080,3196,23,4,67.27,269.08
8081,3196,107,4,71.8,287.2
8082,3197,89,4,18.39,73.56
8083,3198,114,4,31.95,127.8
8084,3199,45,1,45.25,45.25
8085,3199,71,2,17.81,35.62
8086,3199,44,1,17.95,17.95
8087,3200,48,1,51.62,51.62
8088,3201,66,3,98.37,295.11
8089,3201,113,4,31.89,127.56
8090,3202,105,2,14.9,29.8
8091,3202,33,5,106.58,532.9
8092,3203,38,3,115.41,346.23
8093,3203,60,5,29.84,149.2
8094,3203,92,3,8.0,24.0
8095,3203,43,5,39.72,198.6
8096,3204,8,5,21.51,107.55000000000001
8097,3205,19,1,37.57,37.57
8098,3206,48,5,51.52,257.6
8099,3206,108,4,18.77,75.08
8100,3206,84,4,47.26,189.04
8101,3207,31,2,25.16,50.32
8102,3207,72,1,33.47,33.47
8103,3207,96,2,76.39,152.78
8104,3208,34,2,45.35,90.7
8105,3208,91,2,29.47,58.94
8106,3208,78,3,16.55,49.650000000000006
8107,3209,81,4,78.1,312.4
8108,3209,16,2,36.2,72.4
8109,3209,14,4,73.18,292.72
8110,3210,55,1,34.88,34.88
8111,3210,49,3,22.76,68.28
8112,3210,37,5,10.41,52.05
8113,3210,112,4,63.96,255.84
8114,3211,30,3,18.94,56.82000000000001
8115,3211,44,2,17.17,34.34
8116,3211,6,4,75.98,303.92
8117,3212,3,3,29.36,88.08
8118,3212,40,5,19.74,98.69999999999999
8119,3212,88,1,37.14,37.14
8120,3213,72,4,31.29,125.16
8121,3213,83,1,35.27,35.27
8122,3213,91,5,29.46,147.3
8123,3214,70,3,70.11,210.32999999999998
8124,3215,54,1,61.85,61.85
8125,3216,44,5,17.93,89.65
8126,3216,5,2,94.56,189.12
8127,3217,39,5,8.64,43.2
8128,3217,60,4,30.22,120.88
8129,3217,28,5,23.28,116.4
8130,3217,18,4,17.3,69.2
8131,3218,72,2,34.47,68.94
8132,3218,58,3,59.16,177.48
8133,3218,120,4,30.37,121.48
8134,3218,99,3,17.89,53.67
8135,3219,95,5,110.77,553.85
8136,3219,60,3,30.24,90.72
8137,3219,79,1,21.25,21.25
8138,3220,107,1,71.21,71.21
8139,3220,69,3,59.36,178.07999999999998
8140,3220,31,1,24.64,24.64
8141,3221,85,2,73.04,146.08
8142,3221,15,2,18.48,36.96
8143,3221,61,5,45.78,228.9
8144,3221,103,5,14.12,70.6
8145,3222,102,3,18.62,55.86
8146,3223,93,5,24.19,120.95
8147,3224,70,5,72.81,364.05
8148,3224,42,5,25.72,128.6
8149,3224,30,1,18.3,18.3
8150,3225,60,3,28.71,86.13
8151,3226,68,2,25.56,51.12
8152,3227,39,2,8.03,16.06
8153,3227,30,3,19.98,59.94
8154,3228,93,1,24.38,24.38
8155,3228,65,2,15.14,30.28
8156,3228,59,2,19.72,39.44
8157,3228,97,5,46.94,234.7
8158,3229,117,5,61.44,307.2
8159,3229,88,4,36.96,147.84
8160,3230,94,3,25.77,77.31
8161,3231,33,4,101.87,407.48
8162,3232,104,4,44.71,178.84
8163,3232,88,1,39.26,39.26
8164,3233,68,2,27.52,55.04
8165,3234,15,4,18.14,72.56
8166,3234,63,5,46.93,234.65
8167,3235,78,5,16.61,83.05
8168,3236,24,2,42.66,85.32
8169,3236,38,5,116.79,583.95
8170,3236,94,4,26.54,106.16
8171,3236,75,3,35.88,107.64000000000001
8172,3237,29,1,11.32,11.32
8173,3238,104,4,43.7,174.8
8174,3239,102,1,18.15,18.15
8175,3240,17,3,51.9,155.7
8176,3240,8,2,20.05,40.1
8177,3241,84,1,47.89,47.89
8178,3241,9,2,36.34,72.68
8179,3241,82,5,18.01,90.05000000000001
8180,3241,65,4,15.19,60.76
8181,3242,91,2,31.04,62.08
8182,3242,4,4,28.45,113.8
8183,3242,117,2,57.64,115.28
8184,3243,12,3,36.78,110.34
8185,3243,58,5,55.66,278.29999999999995
8186,3243,98,3,59.46,178.38
8187,3243,17,4,50.79,203.16
8188,3244,90,5,18.01,90.05000000000001
8189,3244,84,3,48.84,146.52
8190,3244,106,3,49.72,149.16
8191,3245,66,2,94.48,188.96
8192,3245,38,4,111.07,444.28
8193,3246,98,5,61.88,309.40000000000003
8194,3246,19,5,40.18,200.9
8195,3246,96,3,71.95,215.85000000000002
8196,3246,20,2,36.93,73.86
8197,3247,88,3,38.76,116.28
8198,3248,5,5,91.63,458.15
8199,3249,48,1,51.82,51.82
8200,3249,106,4,47.96,191.84
8201,3250,58,3,58.27,174.81
8202,3250,4,4,28.2,112.8
8203,3250,110,2,67.82,135.64
8204,3250,72,3,34.25,102.75
8205,3251,53,2,43.42,86.84
8206,3251,107,5,66.86,334.3
8207,3251,71,3,17.98,53.94
8208,3251,72,5,32.3,161.5
8209,3252,83,5,38.26,191.29999999999998
8210,3252,21,3,64.71,194.13
8211,3252,14,2,77.67,155.34
8212,3253,73,3,9.75,29.25
8213,3253,93,2,22.67,45.34
8214,3253,116,3,94.26,282.78000000000003
8215,3253,2,5,41.25,206.25
8216,3254,10,4,78.42,313.68
8217,3254,118,4,23.77,95.08
8218,3254,21,3,65.54,196.62
8219,3255,69,3,60.42,181.26
8220,3256,57,3,66.67,200.01
8221,3257,21,4,66.74,266.96
8222,3258,93,2,22.62,45.24
8223,3258,95,1,105.63,105.63
8224,3258,34,2,47.43,94.86
8225,3258,102,4,19.39,77.56
8226,3259,73,5,9.27,46.349999999999994
8227,3259,25,5,69.73,348.65000000000003
8228,3260,33,5,98.92,494.6
8229,3260,5,3,88.54,265.62
8230,3261,68,2,25.83,51.66
8231,3261,63,5,47.51,237.54999999999998
8232,3262,22,3,61.16,183.48
8233,3263,77,3,22.96,68.88
8234,3264,37,5,9.87,49.349999999999994
8235,3264,21,1,66.39,66.39
8236,3264,23,4,68.37,273.48
8237,3265,68,1,25.71,25.71
8238,3265,112,3,64.37,193.11
8239,3265,64,1,42.26,42.26
8240,3266,75,4,33.66,134.64
8241,3267,104,5,43.68,218.4
8242,3268,79,3,20.89,62.67
8243,3268,98,5,60.29,301.45
8244,3268,65,4,15.37,61.48
8245,3269,16,1,35.36,35.36
8246,3270,80,2,10.47,20.94
8247,3270,85,2,71.45,142.9
8248,3271,54,5,60.29,301.45
8249,3271,61,5,47.47,237.35
8250,3271,12,4,36.86,147.44
8251,3272,56,3,24.5,73.5
8252,3273,111,1,38.15,38.15
8253,3273,20,4,34.47,137.88
8254,3273,77,3,22.26,66.78
8255,3273,90,2,18.93,37.86
8256,3274,86,5,37.02,185.10000000000002
8257,3274,105,1,14.65,14.65
8258,3274,24,4,43.51,174.04
8259,3274,25,2,71.66,143.32
8260,3275,41,5,53.3,266.5
8261,3276,4,4,29.41,117.64
8262,3276,1,1,16.54,16.54
8263,3276,74,5,62.33,311.65
8264,3277,36,1,21.35,21.35
8265,3277,118,4,21.87,87.48
8266,3277,103,3,13.4,40.2
8267,3277,82,3,17.96,53.88
8268,3278,99,3,18.72,56.16
8269,3278,31,2,25.74,51.48
8270,3278,85,4,71.73,286.92
8271,3279,105,5,14.58,72.9
8272,3279,19,5,38.88,194.4
8273,3280,65,3,14.71,44.13
8274,3280,119,5,42.76,213.79999999999998
8275,3280,62,3,11.82,35.46
8276,3280,98,3,58.05,174.14999999999998
8277,3281,7,2,12.91,25.82
8278,3281,42,5,25.69,128.45000000000002
8279,3282,8,4,20.6,82.4
8280,3283,86,3,38.65,115.94999999999999
8281,3284,70,1,68.75,68.75
8282,3284,24,2,44.63,89.26
8283,3284,97,2,48.87,97.74
8284,3284,65,3,15.24,45.72
8285,3285,91,4,30.97,123.88
8286,3286,86,1,37.33,37.33
8287,3287,113,4,30.46,121.84
8288,3288,28,3,23.47,70.41
8289,3288,61,1,50.17,50.17
8290,3289,20,2,34.02,68.04
8291,3289,75,2,36.89,73.78
8292,3289,44,3,17.36,52.08
8293,3290,76,2,13.81,27.62
8294,3290,9,4,33.7,134.8
8295,3290,46,2,13.56,27.12
8296,3291,56,3,22.35,67.05000000000001
8297,3291,1,2,16.45,32.9
8298,3291,17,2,49.66,99.32
8299,3291,101,3,53.87,161.60999999999999
8300,3292,59,2,20.24,40.48
8301,3292,9,2,34.84,69.68
8302,3292,17,4,52.18,208.72
8303,3293,116,4,96.68,386.72
8304,3294,21,4,63.81,255.24
8305,3294,102,4,19.71,78.84
8306,3294,30,5,18.27,91.35
8307,3294,13,5,42.14,210.7
8308,3295,101,3,56.78,170.34
8309,3295,15,3,18.77,56.31
8310,3296,98,1,62.92,62.92
8311,3296,89,5,17.63,88.14999999999999
8312,3296,119,3,40.97,122.91
8313,3296,66,5,95.78,478.9
8314,3297,112,1,60.79,60.79
8315,3297,78,3,16.26,48.78
8316,3298,3,3,31.23,93.69
8317,3299,35,1,58.72,58.72
8318,3299,2,2,42.14,84.28
8319,3300,107,2,66.79,133.58
8320,3300,49,4,23.34,93.36
8321,3301,66,4,92.11,368.44
8322,3301,97,4,48.6,194.4
8323,3301,68,2,26.36,52.72
8324,3301,111,1,37.56,37.56
8325,3302,119,1,42.58,42.58
8326,3302,25,4,68.83,275.32
8327,3302,93,1,22.68,22.68
8328,3303,23,5,74.34,371.70000000000005
8329,3304,83,2,35.87,71.74
8330,3305,65,4,15.19,60.76
8331,3305,104,1,43.75,43.75
8332,3305,22,5,61.7,308.5
8333,3306,119,5,40.69,203.45
8334,3307,61,5,47.01,235.04999999999998
8335,3307,98,1,61.8,61.8
8336,3307,98,5,60.81,304.05
8337,3308,97,2,44.99,89.98
8338,3308,30,3,19.46,58.38
8339,3308,23,5,68.2,341.0
8340,3308,12,4,40.21,160.84
8341,3309,105,5,14.85,74.25
8342,3309,73,2,9.64,19.28
8343,3309,106,5,47.78,238.9
8344,3309,41,4,52.68,210.72
8345,3310,72,5,33.38,166.9
8346,3310,7,1,13.75,13.75
8347,3310,79,3,21.57,64.71000000000001
8348,3311,109,5,20.82,104.1
8349,3311,75,1,34.07,34.07
8350,3312,103,2,13.11,26.22
8351,3312,66,5,96.82,484.09999999999997
8352,3312,53,5,42.98,214.89999999999998
8353,3313,23,2,73.41,146.82
8354,3314,30,1,18.24,18.24
8355,3314,79,1,21.28,21.28
8356,3314,48,5,51.72,258.6
8357,3315,46,4,14.17,56.68
8358,3316,68,4,25.26,101.04
8359,3317,65,1,14.74,14.74
8360,3317,97,2,47.36,94.72
8361,3317,109,2,20.47,40.94
8362,3318,16,3,33.28,99.84
8363,3318,14,4,78.54,314.16
8364,3318,99,5,19.43,97.15
8365,3319,115,2,35.46,70.92
8366,3319,65,3,15.79,47.37
8367,3319,69,1,64.78,64.78
8368,3320,87,1,29.89,29.89
8369,3320,114,4,33.73,134.92
8370,3321,43,3,39.96,119.88
8371,3321,25,2,70.44,140.88
8372,3321,99,3,18.96,56.88
8373,3322,7,5,12.92,64.6
8374,3322,13,2,41.97,83.94
8375,3323,75,1,36.2,36.2
8376,3324,38,1,115.94,115.94
8377,3324,64,2,45.47,90.94
8378,3324,60,3,30.64,91.92
8379,3325,89,5,17.78,88.9
8380,3326,21,3,64.07,192.20999999999998
8381,3327,73,1,10.19,10.19
8382,3327,90,1,19.48,19.48
8383,3327,62,5,12.49,62.45
8384,3328,37,1,9.78,9.78
8385,3328,109,5,20.05,100.25
8386,3328,16,4,33.97,135.88
8387,3329,39,1,8.64,8.64
8388,3330,66,3,92.28,276.84000000000003
8389,3330,33,3,109.12,327.36
8390,3331,79,1,21.71,21.71
8391,3331,97,1,49.23,49.23
8392,3331,64,1,42.43,42.43
8393,3331,43,5,41.69,208.45
8394,3332,73,1,9.63,9.63
8395,3332,68,5,25.02,125.1
8396,3332,98,4,61.65,246.6
8397,3332,74,2,62.24,124.48
8398,3333,1,2,17.68,35.36
8399,3333,36,5,21.4,107.0
8400,3333,44,3,17.93,53.79
8401,3333,43,2,41.65,83.3
8402,3334,104,5,45.84,229.20000000000002
8403,3334,5,4,92.91,371.64
8404,3334,90,4,18.56,74.24
8405,3335,34,2,45.51,91.02
8406,3336,67,5,27.93,139.65
8407,3336,40,1,19.82,19.82
8408,3337,9,5,35.73,178.64999999999998
8409,3337,3,2,32.19,64.38
8410,3337,47,1,23.51,23.51
8411,3338,99,3,19.32,57.96
8412,3338,42,3,26.88,80.64
8413,3338,107,1,70.62,70.62
8414,3339,110,5,67.75,338.75
8415,3340,22,3,61.42,184.26
8416,3340,101,1,57.05,57.05
8417,3340,73,5,9.93,49.65
8418,3340,67,3,29.17,87.51
8419,3341,54,5,57.29,286.45
8420,3341,115,1,36.12,36.12
8421,3341,16,3,35.03,105.09
8422,3341,1,4,17.05,68.2
8423,3342,3,3,30.44,91.32000000000001
8424,3343,107,1,68.44,68.44
8425,3343,80,5,10.62,53.099999999999994
8426,3343,62,4,11.5,46.0
8427,3344,10,3,75.5,226.5
8428,3345,17,1,50.72,50.72
8429,3345,107,3,68.31,204.93
8430,3346,105,5,13.82,69.1
8431,3346,95,2,110.5,221.0
8432,3346,106,1,49.46,49.46
8433,3346,87,5,32.14,160.7
8434,3347,91,2,31.6,63.2
8435,3347,102,3,18.15,54.449999999999996
8436,3347,55,1,35.67,35.67
8437,3348,13,2,40.21,80.42
8438,3348,15,5,18.47,92.35
8439,3349,76,5,13.24,66.2
8440,3350,24,5,44.99,224.95000000000002
8441,3350,25,4,71.03,284.12
8442,3350,106,4,51.04,204.16
8443,3350,63,5,48.82,244.1
8444,3351,57,1,71.15,71.15
8445,3351,44,2,16.36,32.72
8446,3352,33,1,102.77,102.77
8447,3352,15,5,19.28,96.4
8448,3352,113,3,31.87,95.61
8449,3353,89,5,18.48,92.4
8450,3354,104,4,46.06,184.24
8451,3354,37,4,10.41,41.64
8452,3354,13,4,39.58,158.32
8453,3354,15,5,18.61,93.05
8454,3355,118,5,23.09,115.45
8455,3355,106,3,50.8,152.39999999999998
8456,3356,112,4,59.07,236.28
8457,3356,17,3,49.83,149.49
8458,3356,51,1,110.12,110.12
8459,3357,25,3,65.1,195.29999999999998
8460,3358,71,2,17.73,35.46
8461,3358,3,4,30.88,123.52
8462,3358,48,5,54.05,270.25
8463,3359,63,4,45.52,182.08
8464,3359,33,1,107.97,107.97
8465,3359,100,5,38.27,191.35000000000002
8466,3359,9,2,33.88,67.76
8467,3360,103,3,13.18,39.54
8468,3360,2,4,45.22,180.88
8469,3361,90,3,18.19,54.57000000000001
8470,3361,80,4,9.85,39.4
8471,3362,57,3,71.19,213.57
8472,3362,6,4,75.77,303.08
8473,3362,107,4,67.21,268.84
8474,3363,110,3,71.12,213.36
8475,3363,93,4,24.38,97.52
8476,3363,115,5,35.45,177.25
8477,3363,107,5,66.47,332.35
8478,3364,100,3,38.56,115.68
8479,3364,29,5,11.59,57.95
8480,3364,100,3,37.03,111.09
8481,3364,73,3,9.88,29.64
8482,3365,10,1,78.74,78.74
8483,3366,3,1,30.53,30.53
8484,3366,31,3,24.83,74.49
8485,3367,63,3,46.1,138.3
8486,3367,117,3,60.08,180.24
8487,3367,106,4,50.72,202.88
8488,3367,117,2,57.14,114.28
8489,3368,89,1,18.14,18.14
8490,3368,16,4,33.8,135.2
8491,3368,94,1,25.63,25.63
8492,3368,47,2,24.4,48.8
8493,3369,39,5,8.47,42.35
8494,3369,64,1,43.15,43.15
8495,3369,48,3,53.17,159.51
8496,3370,76,4,12.55,50.2
8497,3371,119,5,39.85,199.25
8498,3371,39,2,8.26,16.52
8499,3371,33,2,104.09,208.18
8500,3372,117,2,60.09,120.18
8501,3372,11,5,26.81,134.04999999999998
8502,3372,102,2,18.2,36.4
8503,3372,47,4,25.46,101.84
8504,3373,116,5,88.91,444.54999999999995
8505,3373,93,4,22.11,88.44
8506,3373,18,3,17.47,52.41
8507,3373,63,3,45.91,137.73
8508,3374,32,2,22.42,44.84
8509,3374,6,3,74.12,222.36
8510,3374,74,4,59.95,239.8
8511,3375,80,4,10.14,40.56
8512,3375,98,1,62.07,62.07
8513,3375,89,2,18.08,36.16
8514,3376,74,4,58.54,234.16
8515,3376,73,3,9.37,28.11
8516,3376,74,3,57.62,172.85999999999999
8517,3376,21,5,65.71,328.54999999999995
8518,3377,77,1,21.73,21.73
8519,3377,23,5,72.05,360.25
8520,3377,70,3,66.31,198.93
8521,3378,49,5,23.88,119.39999999999999
8522,3378,102,3,18.98,56.94
8523,3378,43,5,38.5,192.5
8524,3379,1,2,16.72,33.44
8525,3379,13,4,42.76,171.04
8526,3379,25,2,65.27,130.54
8527,3379,104,5,42.5,212.5
8528,3380,91,3,31.15,93.44999999999999
8529,3381,111,4,39.3,157.2
8530,3382,89,5,17.8,89.0
8531,3382,18,1,16.66,16.66
8532,3382,6,2,74.37,148.74
8533,3382,68,3,25.54,76.62
8534,3383,65,1,15.95,15.95
8535,3384,52,1,49.52,49.52
8536,3384,71,4,18.69,74.76
8537,3384,50,1,39.3,39.3
8538,3384,29,3,11.91,35.730000000000004
8539,3385,70,4,71.0,284.0
8540,3385,48,4,49.21,196.84
8541,3385,55,5,35.97,179.85
8542,3385,100,1,40.78,40.78
8543,3386,55,1,34.58,34.58
8544,3386,113,1,31.55,31.55
8545,3387,18,4,17.09,68.36
8546,3387,79,1,21.37,21.37
8547,3387,86,3,37.51,112.53
8548,3387,12,1,36.85,36.85
8549,3388,70,5,66.03,330.15
8550,3388,87,5,31.57,157.85
8551,3388,7,4,12.81,51.24
8552,3389,99,5,18.57,92.85
8553,3389,46,3,14.3,42.900000000000006
8554,3389,78,4,17.57,70.28
8555,3390,27,3,51.65,154.95
8556,3390,17,5,48.68,243.4
8557,3390,47,2,23.3,46.6
8558,3390,19,2,37.8,75.6
8559,3391,15,3,19.96,59.88
8560,3391,69,1,62.93,62.93
8561,3391,74,4,59.39,237.56
8562,3391,112,3,65.23,195.69
8563,3392,70,2,69.89,139.78
8564,3392,66,1,92.98,92.98
8565,3392,72,3,31.57,94.71000000000001
8566,3392,120,3,28.31,84.92999999999999
8567,3393,44,3,17.44,52.32000000000001
8568,3393,83,1,34.89,34.89
8569,3393,87,1,29.36,29.36
8570,3393,21,4,68.39,273.56
8571,3394,102,2,19.05,38.1
8572,3394,51,5,109.19,545.95
8573,3394,50,1,40.02,40.02
8574,3395,27,2,53.32,106.64
8575,3395,52,5,48.54,242.7
8576,3396,70,1,68.29,68.29
8577,3397,108,5,20.09,100.45
8578,3398,38,1,108.59,108.59
8579,3398,73,1,10.17,10.17
8580,3399,105,2,14.72,29.44
8581,3399,62,4,12.08,48.32
8582,3400,24,3,46.62,139.85999999999999
8583,3401,89,3,16.99,50.97
8584,3401,69,3,62.44,187.32
8585,3402,38,3,113.4,340.20000000000005
8586,3402,104,4,42.72,170.88
8587,3402,4,3,28.45,85.35
8588,3402,117,5,57.38,286.90000000000003
8589,3403,85,3,67.84,203.52
8590,3404,83,5,37.39,186.95
8591,3404,78,4,17.78,71.12
8592,3405,119,3,41.48,124.44
8593,3405,52,2,47.77,95.54
8594,3405,119,3,40.81,122.43
8595,3405,6,1,70.15,70.15
8596,3406,112,2,63.95,127.9
8597,3406,113,3,32.31,96.93
8598,3407,33,2,102.89,205.78
8599,3407,88,1,36.85,36.85
8600,3407,47,3,24.77,74.31
8601,3408,47,5,24.89,124.45
8602,3408,63,3,45.86,137.57999999999998
8603,3408,25,2,66.41,132.82
8604,3409,28,4,23.07,92.28
8605,3409,67,1,27.33,27.33
8606,3409,120,5,28.9,144.5
8607,3409,3,3,30.88,92.64
8608,3410,56,4,24.17,96.68
8609,3410,55,2,35.48,70.96
8610,3410,90,2,18.18,36.36
8611,3411,119,4,39.3,157.2
8612,3411,68,2,27.46,54.92
8613,3411,89,4,16.98,67.92
8614,3412,17,4,52.13,208.52
8615,3412,119,4,40.69,162.76
8616,3412,115,4,35.0,140.0
8617,3412,48,2,50.28,100.56
8618,3413,87,5,31.09,155.45
8619,3413,11,5,26.51,132.55
8620,3414,70,3,72.75,218.25
8621,3414,116,1,88.09,88.09
8622,3415,19,1,38.46,38.46
8623,3415,104,3,43.61,130.82999999999998
8624,3415,118,1,23.31,23.31
8625,3416,68,5,27.51,137.55
8626,3416,95,3,110.5,331.5
8627,3416,28,3,23.26,69.78
8628,3417,54,3,61.03,183.09
8629,3417,89,5,18.7,93.5
8630,3417,52,3,48.76,146.28
8631,3418,3,4,29.48,117.92
8632,3418,99,3,19.58,58.739999999999995
8633,3418,110,3,67.38,202.14
8634,3418,71,1,17.83,17.83
8635,3419,84,4,45.34,181.36
8636,3419,19,3,40.6,121.80000000000001
8637,3419,22,5,62.81,314.05
8638,3420,111,1,39.1,39.1
8639,3420,20,5,34.34,171.70000000000002
8640,3420,113,4,29.7,118.8
8641,3420,7,1,12.81,12.81
8642,3421,57,3,67.23,201.69
8643,3422,93,5,22.92,114.60000000000001
8644,3423,12,4,38.39,153.56
8645,3423,16,2,36.27,72.54
8646,3423,89,4,17.66,70.64
8647,3423,63,1,46.26,46.26
8648,3424,97,1,45.93,45.93
8649,3424,43,3,40.09,120.27000000000001
8650,3425,90,1,19.23,19.23
8651,3425,66,3,93.55,280.65
8652,3426,8,1,21.58,21.58
8653,3426,84,2,45.08,90.16
8654,3426,111,3,37.97,113.91
8655,3426,26,5,19.98,99.9
8656,3427,96,1,78.4,78.4
8657,3427,25,2,66.14,132.28
8658,3428,111,3,37.03,111.09
8659,3429,41,1,53.62,53.62
8660,3429,78,1,16.99,16.99
8661,3429,113,3,30.26,90.78
8662,3430,67,2,27.87,55.74
8663,3431,54,4,58.03,232.12
8664,3431,59,5,19.75,98.75
8665,3431,31,2,27.19,54.38
8666,3431,6,1,70.5,70.5
8667,3432,63,5,45.83,229.14999999999998
8668,3432,95,2,100.29,200.58
8669,3433,22,1,61.65,61.65
8670,3433,111,5,38.01,190.04999999999998
8671,3434,92,3,8.09,24.27
8672,3434,80,5,10.21,51.050000000000004
8673,3434,39,5,8.04,40.199999999999996
8674,3434,87,4,31.36,125.44
8675,3435,118,5,21.96,109.80000000000001
8676,3436,35,1,62.37,62.37
8677,3436,76,4,12.94,51.76
8678,3436,51,1,104.57,104.57
8679,3437,74,1,61.87,61.87
8680,3437,31,5,26.06,130.29999999999998
8681,3437,35,1,60.01,60.01
8682,3437,106,1,49.49,49.49
8683,3438,22,3,60.33,180.99
8684,3439,101,2,54.32,108.64
8685,3439,10,5,74.12,370.6
8686,3439,108,4,19.38,77.52
8687,3439,103,1,13.08,13.08
8688,3440,112,1,63.05,63.05
8689,3440,118,5,22.25,111.25
8690,3440,115,4,37.45,149.8
8691,3441,26,5,18.98,94.9
8692,3442,106,2,50.11,100.22
8693,3442,120,5,30.38,151.9
8694,3442,66,3,92.12,276.36
8695,3442,74,1,61.6,61.6
8696,3443,106,5,49.21,246.05
8697,3443,95,1,108.54,108.54
8698,3443,96,1,78.15,78.15
8699,3443,119,2,38.9,77.8
8700,3444,101,5,54.91,274.54999999999995
8701,3444,118,3,23.95,71.85
8702,3444,111,1,35.93,35.93
8703,3444,69,5,59.65,298.25
8704,3445,71,3,17.06,51.17999999999999
8705,3445,64,5,43.17,215.85000000000002
8706,3445,39,4,8.39,33.56
8707,3445,82,2,17.95,35.9
8708,3446,73,1,10.25,10.25
8709,3446,27,5,50.7,253.5
8710,3446,104,1,44.85,44.85
8711,3447,47,5,23.57,117.85
8712,3448,56,4,23.63,94.52
8713,3448,100,3,38.12,114.35999999999999
8714,3448,74,3,62.71,188.13
8715,3449,14,3,77.86,233.57999999999998
8716,3449,38,1,107.48,107.48
8717,3449,56,5,23.1,115.5
8718,3449,88,4,38.05,152.2
8719,3450,38,5,113.84,569.2
8720,3450,57,3,71.25,213.75
8721,3450,70,5,72.36,361.8
8722,3450,65,1,15.35,15.35
8723,3451,23,4,72.2,288.8
8724,3452,61,5,46.69,233.45
8725,3452,112,3,59.6,178.8
8726,3452,79,3,19.93,59.79
8727,3453,96,5,71.46,357.29999999999995
8728,3453,88,2,39.32,78.64
8729,3453,10,1,73.56,73.56
8730,3453,56,2,23.82,47.64
8731,3454,40,5,19.01,95.05000000000001
8732,3455,61,2,49.33,98.66
8733,3456,6,2,73.88,147.76
8734,3457,28,3,23.17,69.51
8735,3457,15,3,19.7,59.099999999999994
8736,3457,7,5,13.47,67.35000000000001
8737,3458,51,4,108.53,434.12
8738,3458,94,4,27.34,109.36
8739,3459,40,1,18.92,18.92
8740,3459,94,5,26.94,134.70000000000002
8741,3459,63,2,47.87,95.74
8742,3459,81,1,83.4,83.4
8743,3460,35,2,58.68,117.36
8744,3460,51,4,101.81,407.24
8745,3460,40,1,19.02,19.02
8746,3460,51,4,104.31,417.24
8747,3461,115,1,34.99,34.99
8748,3462,14,5,76.26,381.3
8749,3462,105,1,13.95,13.95
8750,3462,111,5,36.16,180.79999999999998
8751,3463,2,4,41.62,166.48
8752,3463,49,1,22.65,22.65
8753,3463,73,3,9.47,28.410000000000004
8754,3463,36,1,19.92,19.92
8755,3464,18,1,16.88,16.88
8756,3465,47,2,24.84,49.68
8757,3466,95,2,100.01,200.02
8758,3466,58,4,57.08,228.32
8759,3466,101,4,54.69,218.76
8760,3466,45,2,44.13,88.26
8761,3467,80,2,10.01,20.02
8762,3468,94,5,26.34,131.7
8763,3469,81,3,82.94,248.82
8764,3469,54,4,61.04,244.16
8765,3469,103,4,13.26,53.04
8766,3469,21,4,66.7,266.8
8767,3470,13,5,40.41,202.04999999999998
8768,3470,5,4,89.96,359.84
8769,3470,85,1,70.44,70.44
8770,3471,43,3,39.94,119.82
8771,3471,15,2,18.81,37.62
8772,3471,24,2,43.71,87.42
8773,3471,6,2,74.11,148.22
8774,3472,50,5,41.02,205.10000000000002
8775,3472,77,5,22.02,110.1
8776,3473,31,2,25.73,51.46
8777,3473,33,3,107.48,322.44
8778,3473,117,3,62.1,186.3
8779,3474,6,4,76.32,305.28
8780,3474,101,5,53.56,267.8
8781,3474,8,3,20.83,62.489999999999995
8782,3475,95,3,104.0,312.0
8783,3475,118,3,21.84,65.52
8784,3475,37,3,10.59,31.77
8785,3475,27,5,51.81,259.05
8786,3476,29,1,11.46,11.46
8787,3477,49,1,23.76,23.76
8788,3478,33,2,105.85,211.7
8789,3478,32,2,23.03,46.06
8790,3479,21,3,66.39,199.17000000000002
8791,3479,113,5,29.59,147.95
8792,3479,36,3,19.88,59.64
8793,3480,9,2,35.98,71.96
8794,3480,38,2,113.73,227.46
8795,3480,66,1,92.28,92.28
8796,3481,14,1,76.11,76.11
8797,3481,58,2,58.22,116.44
8798,3481,119,4,39.96,159.84
8799,3481,84,5,46.75,233.75
8800,3482,42,4,26.92,107.68
8801,3482,108,5,19.55,97.75
8802,3482,40,2,20.77,41.54
8803,3483,1,4,17.8,71.2
8804,3483,29,4,11.68,46.72
8805,3483,2,5,44.79,223.95
8806,3483,60,2,28.64,57.28
8807,3484,46,1,14.42,14.42
8808,3484,9,5,36.27,181.35000000000002
8809,3484,49,4,22.11,88.44
8810,3485,23,4,73.28,293.12
8811,3485,107,3,68.09,204.27
8812,3486,73,1,9.99,9.99
8813,3486,34,1,44.55,44.55
8814,3486,91,2,31.66,63.32
8815,3486,102,4,19.65,78.6
8816,3487,93,5,24.1,120.5
8817,3487,11,3,26.08,78.24
8818,3488,61,3,45.6,136.8
8819,3488,10,4,76.12,304.48
8820,3488,76,4,13.68,54.72
8821,3488,90,5,18.3,91.5
8822,3489,4,2,28.06,56.12
8823,3489,92,2,8.31,16.62
8824,3489,30,4,20.05,80.2
8825,3490,12,1,40.15,40.15
8826,3491,34,4,47.76,191.04
8827,3492,120,5,29.63,148.15
8828,3492,35,4,63.53,254.12
8829,3492,10,4,79.74,318.96
8830,3492,10,3,79.17,237.51
8831,3493,107,2,68.51,137.02
8832,3493,79,2,20.47,40.94
8833,3493,24,3,46.01,138.03
8834,3493,76,5,12.83,64.15
8835,3494,3,5,30.13,150.65
8836,3495,82,2,18.49,36.98
8837,3496,103,1,14.01,14.01
8838,3496,94,5,26.7,133.5
8839,3497,23,1,67.6,67.6
8840,3497,43,1,40.03,40.03
8841,3497,64,3,42.29,126.87
8842,3498,10,5,73.8,369.0
8843,3498,100,1,37.46,37.46
8844,3499,73,2,9.85,19.7
8845,3500,19,5,38.08,190.39999999999998
8846,3500,91,1,30.63,30.63
8847,3500,89,2,18.21,36.42
8848,3501,20,1,35.39,35.39
8849,3501,64,4,41.94,167.76
8850,3501,38,2,107.71,215.42
8851,3502,31,4,25.92,103.68
8852,3502,97,1,45.95,45.95
8853,3502,5,1,90.04,90.04
8854,3503,52,1,47.89,47.89
8855,3503,32,1,21.97,21.97
8856,3503,40,1,19.94,19.94
8857,3503,51,2,109.99,219.98
8858,3504,70,5,70.61,353.05
8859,3504,45,3,43.83,131.49
8860,3505,66,4,90.6,362.4
8861,3505,87,1,32.17,32.17
8862,3505,22,5,63.23,316.15
8863,3506,50,5,41.29,206.45
8864,3506,65,3,15.81,47.43
8865,3507,46,4,13.93,55.72
8866,3507,67,3,26.51,79.53
8867,3507,98,2,62.61,125.22
8868,3507,74,5,59.11,295.55
8869,3508,56,1,23.5,23.5
8870,3508,80,2,10.74,21.48
8871,3509,119,1,40.96,40.96
8872,3509,3,2,30.88,61.76
8873,3510,69,5,64.08,320.4
8874,3510,1,4,17.82,71.28
8875,3510,113,5,31.39,156.95
8876,3511,89,5,17.04,85.19999999999999
8877,3511,106,3,52.08,156.24
8878,3512,69,5,62.89,314.45
8879,3512,50,3,41.66,124.97999999999999
8880,3513,1,4,17.89,71.56
8881,3513,74,3,59.16,177.48
8882,3513,109,2,19.39,38.78
8883,3513,17,4,48.57,194.28
8884,3514,30,5,20.0,100.0
8885,3515,64,5,45.61,228.05
8886,3516,65,4,15.21,60.84
8887,3516,51,2,108.38,216.76
8888,3516,18,5,18.07,90.35
8889,3516,59,5,20.66,103.3
8890,3517,61,3,50.26,150.78
8891,3517,23,2,74.16,148.32
8892,3518,73,4,9.83,39.32
8893,3518,104,2,45.11,90.22
8894,3518,11,5,28.76,143.8
8895,3518,10,5,79.15,395.75
8896,3519,69,4,61.95,247.8
8897,3519,94,3,25.97,77.91
8898,3519,13,1,39.69,39.69
8899,3520,114,1,31.25,31.25
8900,3521,58,1,55.64,55.64
8901,3522,13,1,42.23,42.23
8902,3522,54,3,60.37,181.10999999999999
8903,3522,53,2,43.34,86.68
8904,3522,47,2,22.99,45.98
8905,3523,71,1,17.92,17.92
8906,3523,30,4,18.19,72.76
8907,3523,119,5,41.66,208.29999999999998
8908,3523,35,1,63.84,63.84
8909,3524,104,4,46.15,184.6
8910,3524,99,5,18.15,90.75
8911,3525,50,3,42.08,126.24
8912,3525,24,3,43.72,131.16
8913,3526,117,5,59.61,298.05
8914,3526,69,4,61.81,247.24
8915,3526,40,2,19.36,38.72
8916,3526,19,2,39.28,78.56
8917,3527,41,1,54.66,54.66
8918,3528,79,5,21.44,107.2
8919,3528,61,2,46.17,92.34
8920,3528,8,5,19.84,99.2
8921,3529,94,2,27.59,55.18
8922,3529,39,3,8.45,25.349999999999998
8923,3530,24,1,44.6,44.6
8924,3530,84,1,48.17,48.17
8925,3530,90,4,19.62,78.48
8926,3530,99,4,18.49,73.96
8927,3531,1,2,17.16,34.32
8928,3531,47,4,24.32,97.28
8929,3532,32,2,22.48,44.96
8930,3532,70,4,69.59,278.36
8931,3533,117,4,60.69,242.76
8932,3533,15,5,18.6,93.0
8933,3533,79,4,20.19,80.76
8934,3534,54,5,57.4,287.0
8935,3534,56,5,22.29,111.44999999999999
8936,3534,114,2,30.84,61.68
8937,3535,88,5,40.35,201.75
8938,3536,12,3,39.39,118.17
8939,3537,53,1,43.72,43.72
8940,3537,90,5,18.39,91.95
8941,3537,13,1,42.13,42.13
8942,3537,61,1,50.26,50.26
8943,3538,60,3,29.73,89.19
8944,3538,9,4,34.18,136.72
8945,3538,115,3,38.28,114.84
8946,3538,45,4,44.73,178.92
8947,3539,33,5,108.44,542.2
8948,3540,11,3,26.4,79.19999999999999
8949,3540,7,5,13.77,68.85
8950,3540,24,4,43.1,172.4
8951,3541,89,3,18.35,55.050000000000004
8952,3541,33,3,102.28,306.84000000000003
8953,3542,55,5,36.31,181.55
8954,3542,80,2,9.96,19.92
8955,3543,41,2,54.42,108.84
8956,3543,49,4,22.77,91.08
8957,3543,59,4,19.58,78.32
8958,3544,109,1,20.22,20.22
8959,3544,112,4,65.33,261.32
8960,3544,35,1,62.38,62.38
8961,3545,31,3,24.77,74.31
8962,3545,49,2,23.9,47.8
8963,3546,25,2,69.85,139.7
8964,3546,69,4,60.46,241.84
8965,3546,65,1,15.97,15.97
8966,3546,56,2,23.3,46.6
8967,3547,56,1,23.42,23.42
8968,3547,104,1,43.15,43.15
8969,3547,18,2,18.3,36.6
8970,3548,92,4,8.18,32.72
8971,3548,70,4,70.69,282.76
8972,3548,96,5,75.9,379.5
8973,3548,69,2,63.47,126.94
8974,3549,93,2,22.28,44.56
8975,3549,73,5,9.76,48.8
8976,3549,86,1,36.34,36.34
8977,3550,50,3,39.82,119.46000000000001
8978,3550,108,4,19.32,77.28
8979,3551,35,3,60.43,181.29
8980,3551,87,5,30.57,152.85
8981,3552,40,2,19.61,39.22
8982,3553,95,1,103.42,103.42
8983,3553,101,1,53.51,53.51
8984,3553,23,3,71.43,214.29000000000002
8985,3554,76,3,13.73,41.19
8986,3554,64,3,44.22,132.66
8987,3554,48,2,50.55,101.1
8988,3555,34,3,44.76,134.28
8989,3555,74,5,58.43,292.15
8990,3555,99,3,18.63,55.89
8991,3555,42,4,25.32,101.28
8992,3556,41,5,52.17,260.85
8993,3556,104,1,46.39,46.39
8994,3557,91,2,30.11,60.22
8995,3558,88,3,36.57,109.71000000000001
8996,3558,72,4,31.17,124.68
8997,3558,13,5,43.21,216.05
8998,3558,19,4,40.28,161.12
8999,3559,7,5,12.87,64.35
9000,3559,38,5,111.28,556.4
9001,3559,5,5,92.64,463.2
9002,3560,57,4,70.06,280.24
9003,3561,4,5,29.68,148.4
9004,3561,120,5,29.21,146.05
9005,3562,60,2,31.24,62.48
9006,3562,2,3,44.4,133.2
9007,3562,22,4,61.62,246.48
9008,3562,23,2,68.48,136.96
9009,3563,81,4,79.0,316.0
9010,3563,93,4,22.98,91.92
9011,3563,58,5,57.4,287.0
9012,3563,88,2,37.19,74.38
9013,3564,12,5,39.05,195.25
9014,3564,38,5,115.09,575.45
9015,3564,1,3,17.35,52.050000000000004
9016,3565,49,3,23.02,69.06
9017,3566,5,2,94.7,189.4
9018,3566,95,4,100.71,402.84
9019,3566,65,3,15.51,46.53
9020,3567,91,4,31.24,124.96
9021,3568,71,5,17.85,89.25
9022,3568,5,4,88.4,353.6
9023,3569,43,3,39.9,119.69999999999999
9024,3569,2,1,44.65,44.65
9025,3570,10,1,78.82,78.82
9026,3570,113,4,31.5,126.0
9027,3570,113,3,31.44,94.32000000000001
9028,3570,15,1,19.85,19.85
9029,3571,49,4,22.83,91.32
9030,3571,35,4,59.84,239.36
9031,3571,52,5,45.95,229.75
9032,3572,74,2,57.63,115.26
9033,3572,46,3,13.54,40.62
9034,3573,98,4,57.83,231.32
9035,3574,8,4,21.2,84.8
9036,3575,71,2,18.68,37.36
9037,3575,86,2,37.96,75.92
9038,3575,67,4,29.25,117.0
9039,3575,80,2,10.78,21.56
9040,3576,75,5,35.8,179.0
9041,3576,20,2,34.1,68.2
9042,3576,95,1,102.13,102.13
9043,3577,33,4,102.69,410.76
9044,3577,22,4,58.1,232.4
9045,3578,66,5,93.1,465.5
9046,3578,77,2,22.97,45.94
9047,3578,46,5,14.45,72.25
9048,3578,8,5,21.45,107.25
9049,3579,120,3,29.95,89.85
9050,3579,98,2,63.11,126.22
9051,3579,60,3,31.64,94.92
9052,3579,42,4,27.55,110.2
9053,3580,106,5,50.9,254.5
9054,3581,43,3,39.65,118.94999999999999
9055,3581,25,5,67.37,336.85
9056,3581,31,2,25.8,51.6
9057,3581,67,4,26.85,107.4
9058,3582,90,4,18.39,73.56
9059,3583,39,4,8.54,34.16
9060,3583,24,4,45.48,181.92
9061,3583,113,4,30.37,121.48
9062,3583,12,1,38.41,38.41
9063,3584,67,3,27.47,82.41
9064,3584,22,5,58.53,292.65
9065,3584,79,3,20.15,60.449999999999996
9066,3585,46,1,13.77,13.77
9067,3585,10,5,76.93,384.65000000000003
9068,3585,21,4,61.8,247.2
9069,3586,59,3,19.05,57.150000000000006
9070,3587,18,5,16.82,84.1
9071,3587,70,3,71.48,214.44
9072,3587,97,5,48.56,242.8
9073,3588,35,1,60.21,60.21
9074,3588,113,3,32.59,97.77000000000001
9075,3588,89,3,17.92,53.760000000000005
9076,3588,11,3,27.8,83.4
9077,3589,56,2,23.4,46.8
9078,3589,67,1,29.11,29.11
9079,3589,68,2,25.15,50.3
9080,3589,56,5,22.22,111.1
9081,3590,44,5,17.23,86.15
9082,3590,69,1,63.08,63.08
9083,3590,82,5,19.08,95.39999999999999
9084,3590,102,5,18.85,94.25
9085,3591,13,5,39.7,198.5
9086,3592,17,2,49.12,98.24
9087,3592,61,2,49.18,98.36
9088,3593,51,1,102.5,102.5
9089,3593,108,4,19.99,79.96
9090,3593,69,1,59.59,59.59
9091,3593,29,2,11.29,22.58
9092,3594,103,3,13.8,41.400000000000006
9093,3594,105,3,14.26,42.78
9094,3595,5,2,91.76,183.52
9095,3595,107,2,72.48,144.96
9096,3595,44,2,16.31,32.62
9097,3596,28,3,22.31,66.92999999999999
9098,3597,14,1,76.12,76.12
9099,3597,10,2,79.51,159.02
9100,3597,8,1,20.87,20.87
9101,3597,92,2,8.32,16.64
9102,3598,109,2,19.66,39.32
9103,3598,116,3,91.35,274.04999999999995
9104,3599,62,2,11.44,22.88
9105,3599,31,1,26.04,26.04
9106,3600,107,2,71.26,142.52
9107,3600,110,5,69.75,348.75
9108,3600,49,3,22.61,67.83
9109,3600,25,2,67.82,135.64
9110,3601,101,5,57.36,286.8
9111,3601,44,4,17.92,71.68
9112,3601,65,4,15.62,62.48
9113,3602,107,1,68.96,68.96
9114,3602,20,2,37.02,74.04
9115,3603,37,2,10.75,21.5
9116,3603,26,4,20.21,80.84
9117,3604,91,1,31.54,31.54
9118,3604,15,2,19.94,39.88
9119,3604,18,5,17.52,87.6
9120,3605,40,2,19.43,38.86
9121,3605,46,5,14.06,70.3
9122,3606,90,1,18.19,18.19
9123,3607,113,5,30.43,152.15
9124,3607,72,2,32.51,65.02
9125,3608,28,2,24.32,48.64
9126,3608,80,4,10.24,40.96
9127,3609,85,3,70.6,211.79999999999998
9128,3609,11,1,28.4,28.4
9129,3609,111,5,36.1,180.5
9130,3610,62,4,12.29,49.16
9131,3610,95,2,107.46,214.92
9132,3610,7,5,13.27,66.35
9133,3611,114,1,33.87,33.87
9134,3612,117,5,59.54,297.7
9135,3613,114,3,31.31,93.92999999999999
9136,3613,64,5,45.06,225.3
9137,3613,14,5,74.66,373.29999999999995
9138,3613,55,5,36.98,184.89999999999998
9139,3614,73,1,10.09,10.09
9140,3614,54,3,57.86,173.57999999999998
9141,3614,52,1,46.88,46.88
9142,3614,42,2,25.61,51.22
9143,3615,82,3,19.2,57.599999999999994
9144,3615,69,4,59.01,236.04
9145,3615,90,2,18.67,37.34
9146,3615,10,1,73.55,73.55
9147,3616,30,2,19.08,38.16
9148,3616,106,3,51.64,154.92000000000002
9149,3616,96,2,71.47,142.94
9150,3617,81,5,78.65,393.25
9151,3617,50,4,42.94,171.76
9152,3617,52,4,46.47,185.88
9153,3617,79,1,20.6,20.6
9154,3618,93,5,22.79,113.94999999999999
9155,3618,52,4,48.42,193.68
9156,3618,108,5,20.05,100.25
9157,3619,42,3,26.22,78.66
9158,3619,39,4,8.73,34.92
9159,3619,84,3,45.77,137.31
9160,3619,95,5,109.63,548.15
9161,3620,66,4,92.5,370.0
9162,3620,115,2,35.63,71.26
9163,3620,103,4,13.75,55.0
9164,3620,25,1,66.48,66.48
9165,3621,95,4,101.51,406.04
9166,3621,98,3,60.79,182.37
9167,3622,105,2,13.99,27.98
9168,3623,64,5,44.36,221.8
9169,3623,92,5,8.73,43.650000000000006
9170,3623,87,1,29.11,29.11
9171,3623,111,4,37.01,148.04
9172,3624,36,1,21.2,21.2
9173,3624,19,3,39.07,117.21000000000001
9174,3624,92,5,8.43,42.15
9175,3624,77,3,20.74,62.22
9176,3625,118,1,22.91,22.91
9177,3625,10,2,77.18,154.36
9178,3626,5,1,91.15,91.15
9179,3626,60,4,28.72,114.88
9180,3626,73,5,9.36,46.8
9181,3626,104,2,45.21,90.42
9182,3627,81,2,77.65,155.3
9183,3628,88,3,37.63,112.89000000000001
9184,3628,47,4,24.12,96.48
9185,3628,70,5,69.21,346.04999999999995
9186,3628,17,5,47.51,237.54999999999998
9187,3629,84,3,47.26,141.78
9188,3630,17,4,49.44,197.76
9189,3631,21,1,63.72,63.72
9190,3632,20,1,35.55,35.55
9191,3633,112,5,63.82,319.1
9192,3634,21,2,68.6,137.2
9193,3634,26,3,20.74,62.22
9194,3635,120,2,30.19,60.38
9195,3635,21,1,63.4,63.4
9196,3636,66,5,97.2,486.0
9197,3636,17,3,48.97,146.91
9198,3637,54,1,58.21,58.21
9199,3637,113,2,30.4,60.8
9200,3637,40,3,18.94,56.82000000000001
9201,3637,56,3,23.06,69.17999999999999
9202,3638,106,4,51.69,206.76
9203,3638,64,3,41.97,125.91
9204,3638,114,4,30.77,123.08
9205,3639,46,5,13.26,66.3
9206,3640,28,5,22.71,113.55000000000001
9207,3641,4,2,29.64,59.28
9208,3641,48,4,49.82,199.28
9209,3641,8,4,20.67,82.68
9210,3641,70,4,70.66,282.64
9211,3642,2,4,42.28,169.12
9212,3642,13,1,39.7,39.7
9213,3643,65,5,15.85,79.25
9214,3643,73,4,9.48,37.92
9215,3643,24,2,46.68,93.36
9216,3643,90,3,19.74,59.22
9217,3644,49,2,23.78,47.56
9218,3644,23,4,70.6,282.4
9219,3644,56,5,23.86,119.3
9220,3644,111,3,36.53,109.59
9221,3645,64,5,42.23,211.14999999999998
9222,3645,103,4,13.53,54.12
9223,3645,108,4,18.46,73.84
9224,3645,28,1,24.15,24.15
9225,3646,6,2,72.96,145.92
9226,3647,81,3,76.96,230.88
9227,3647,60,5,30.87,154.35
9228,3647,44,5,17.11,85.55
9229,3647,16,3,34.37,103.10999999999999
9230,3648,18,5,17.51,87.55000000000001
9231,3648,112,2,64.2,128.4
9232,3648,18,1,16.74,16.74
9233,3648,111,5,36.01,180.04999999999998
9234,3649,32,4,21.29,85.16
9235,3649,17,3,48.82,146.46
9236,3649,63,2,48.91,97.82
9237,3649,15,1,19.25,19.25
9238,3650,33,1,99.48,99.48
9239,3650,14,4,77.86,311.44
9240,3650,3,4,29.14,116.56
9241,3651,12,5,37.17,185.85000000000002
9242,3652,117,1,61.78,61.78
9243,3652,19,5,38.5,192.5
9244,3653,27,3,50.06,150.18
9245,3653,19,1,37.84,37.84
9246,3654,10,5,73.33,366.65
9247,3654,20,2,33.73,67.46
9248,3655,13,2,42.64,85.28
9249,3655,18,4,17.82,71.28
9250,3656,55,3,34.7,104.10000000000001
9251,3656,46,4,14.1,56.4
9252,3656,22,3,58.81,176.43
9253,3656,31,5,25.54,127.69999999999999
9254,3657,56,2,24.26,48.52
9255,3657,51,3,101.8,305.4
9256,3658,15,1,19.77,19.77
9257,3658,108,2,18.75,37.5
9258,3659,47,5,25.32,126.6
9259,3659,43,3,38.56,115.68
9260,3660,69,4,60.71,242.84
9261,3660,35,2,61.07,122.14
9262,3660,75,1,34.34,34.34
9263,3661,110,4,64.36,257.44
9264,3661,102,2,18.47,36.94
9265,3662,39,3,8.25,24.75
9266,3662,12,4,36.38,145.52
9267,3662,15,3,19.63,58.89
9268,3662,26,1,19.3,19.3
9269,3663,75,4,34.24,136.96
9270,3663,60,3,30.57,91.71000000000001
9271,3663,34,2,47.5,95.0
9272,3663,24,4,44.59,178.36
9273,3664,63,5,47.28,236.4
9274,3664,116,2,92.64,185.28
9275,3665,93,1,22.48,22.48
9276,3665,31,5,25.45,127.25
9277,3666,68,2,26.05,52.1
9278,3666,62,2,12.69,25.38
9279,3666,98,1,60.15,60.15
9280,3666,42,1,25.31,25.31
9281,3667,42,3,25.89,77.67
9282,3667,54,4,62.88,251.52
9283,3667,21,5,67.55,337.75
9284,3667,105,3,14.66,43.980000000000004
9285,3668,48,5,51.86,259.3
9286,3668,104,5,44.98,224.89999999999998
9287,3668,50,3,43.48,130.44
9288,3668,82,3,18.3,54.900000000000006
9289,3669,86,3,38.58,115.74
9290,3670,95,4,109.69,438.76
9291,3671,83,1,35.49,35.49
9292,3671,83,5,36.17,180.85000000000002
9293,3671,38,3,115.93,347.79
9294,3672,8,1,20.31,20.31
9295,3672,112,2,61.12,122.24
9296,3673,102,3,18.57,55.71
9297,3673,34,1,47.96,47.96
9298,3674,3,4,31.23,124.92
9299,3675,120,5,29.67,148.35000000000002
9300,3675,10,3,75.47,226.41
9301,3675,4,4,29.76,119.04
9302,3675,119,1,42.53,42.53
9303,3676,81,5,78.38,391.9
9304,3677,73,3,10.01,30.03
9305,3677,75,3,34.5,103.5
9306,3677,89,2,18.43,36.86
9307,3678,71,3,18.43,55.29
9308,3678,90,1,19.24,19.24
9309,3678,94,3,26.1,78.30000000000001
9310,3678,26,2,20.78,41.56
9311,3679,71,5,17.66,88.3
9312,3680,40,1,20.66,20.66
9313,3680,74,2,57.92,115.84
9314,3680,21,4,64.37,257.48
9315,3681,106,1,47.59,47.59
9316,3681,32,4,21.12,84.48
9317,3681,23,4,70.34,281.36
9318,3681,15,3,19.71,59.13
9319,3682,64,3,45.05,135.14999999999998
9320,3682,43,4,40.01,160.04
9321,3683,86,3,35.48,106.44
9322,3683,51,5,108.51,542.5500000000001
9323,3684,37,5,10.04,50.199999999999996
9324,3684,38,2,113.92,227.84
9325,3684,27,5,52.63,263.15000000000003
9326,3685,84,3,45.26,135.78
9327,3685,16,2,33.84,67.68
9328,3685,110,5,70.99,354.95
9329,3685,32,4,21.11,84.44
9330,3686,2,4,42.83,171.32
9331,3686,80,3,10.75,32.25
9332,3686,86,1,35.91,35.91
9333,3687,74,3,61.09,183.27
9334,3688,44,4,17.48,69.92
9335,3688,21,5,63.45,317.25
9336,3688,105,1,13.94,13.94
9337,3689,59,2,20.57,41.14
9338,3690,58,4,56.93,227.72
9339,3690,26,1,20.34,20.34
9340,3690,94,5,27.9,139.5
9341,3690,113,4,29.49,117.96
9342,3691,78,4,16.56,66.24
9343,3691,87,2,31.45,62.9
9344,3692,86,4,37.66,150.64
9345,3692,21,2,65.33,130.66
9346,3692,56,1,23.24,23.24
9347,3693,35,1,63.66,63.66
9348,3693,49,1,23.42,23.42
9349,3693,103,5,13.57,67.85
9350,3694,100,1,38.34,38.34
9351,3694,67,5,26.45,132.25
9352,3695,15,3,19.41,58.230000000000004
9353,3695,43,4,38.26,153.04
9354,3695,87,4,29.6,118.4
9355,3695,72,3,31.49,94.47
9356,3696,68,5,27.22,136.1
9357,3696,47,1,24.46,24.46
9358,3696,117,3,61.25,183.75
9359,3696,110,5,64.29,321.45000000000005
9360,3697,78,4,16.9,67.6
9361,3697,105,1,14.67,14.67
9362,3697,22,2,62.82,125.64
9363,3698,20,4,35.85,143.4
9364,3698,86,4,35.95,143.8
9365,3698,82,3,18.83,56.489999999999995
9366,3698,30,1,18.88,18.88
9367,3699,101,2,54.78,109.56
9368,3700,90,3,19.55,58.650000000000006
9369,3701,26,3,19.88,59.64
9370,3701,74,3,59.89,179.67000000000002
9371,3702,105,3,15.0,45.0
9372,3703,93,3,24.4,73.19999999999999
9373,3703,51,4,106.37,425.48
9374,3704,99,4,19.43,77.72
9375,3705,37,4,10.14,40.56
9376,3705,117,2,61.88,123.76
9377,3706,119,1,41.78,41.78
9378,3707,37,5,10.66,53.3
9379,3707,83,5,38.01,190.04999999999998
9380,3708,116,2,91.25,182.5
9381,3708,35,4,63.19,252.76
9382,3709,86,2,37.58,75.16
9383,3709,64,4,45.64,182.56
9384,3710,54,1,61.49,61.49
9385,3710,78,2,17.7,35.4
9386,3710,58,3,59.86,179.57999999999998
9387,3710,86,4,38.27,153.08
9388,3711,116,2,97.51,195.02
9389,3711,26,4,20.53,82.12
9390,3711,22,3,60.89,182.67000000000002
9391,3712,74,2,61.52,123.04
9392,3713,116,5,90.28,451.4
9393,3713,102,1,18.96,18.96
9394,3713,49,4,23.91,95.64
9395,3714,97,3,45.76,137.28
9396,3714,110,4,70.57,282.28
9397,3714,36,4,21.48,85.92
9398,3714,13,5,40.22,201.1
9399,3715,117,2,62.15,124.3
9400,3716,20,3,35.2,105.60000000000001
9401,3717,2,5,43.32,216.6
9402,3717,39,3,8.3,24.900000000000002
9403,3717,94,5,25.89,129.45
9404,3717,90,5,19.13,95.64999999999999
9405,3718,39,4,8.33,33.32
9406,3719,83,5,38.46,192.3
9407,3719,113,1,31.87,31.87
9408,3719,1,4,17.15,68.6
9409,3719,104,3,46.14,138.42000000000002
9410,3720,73,3,10.2,30.599999999999998
9411,3720,106,5,50.49,252.45000000000002
9412,3721,6,2,76.44,152.88
9413,3721,31,2,26.03,52.06
9414,3721,46,1,13.32,13.32
9415,3721,96,1,75.44,75.44
9416,3722,82,1,18.4,18.4
9417,3722,40,3,19.89,59.67
9418,3722,30,2,18.52,37.04
9419,3723,54,2,58.29,116.58
9420,3723,20,5,35.09,175.45000000000002
9421,3723,109,4,20.79,83.16
9422,3723,100,1,37.95,37.95
9423,3724,87,5,29.36,146.8
9424,3724,58,4,57.17,228.68
9425,3724,77,3,21.59,64.77
9426,3724,31,2,24.76,49.52
9427,3725,16,4,34.18,136.72
9428,3725,28,3,23.68,71.03999999999999
9429,3725,65,4,15.75,63.0
9430,3726,116,3,92.51,277.53000000000003
9431,3727,15,4,19.52,78.08
9432,3727,37,4,10.41,41.64
9433,3727,10,1,76.22,76.22
9434,3727,53,1,43.82,43.82
9435,3728,114,4,31.76,127.04
9436,3729,7,2,12.7,25.4
9437,3729,72,4,32.96,131.84
9438,3730,19,2,38.18,76.36
9439,3730,1,1,17.03,17.03
9440,3731,65,3,15.63,46.89
9441,3731,57,5,70.27,351.34999999999997
9442,3732,109,5,19.49,97.44999999999999
9443,3733,35,3,58.37,175.10999999999999
9444,3733,77,4,22.65,90.6
9445,3733,19,4,38.66,154.64
9446,3733,70,3,67.31,201.93
9447,3734,99,4,18.98,75.92
9448,3734,47,5,25.46,127.30000000000001
9449,3735,19,4,39.55,158.2
9450,3735,61,3,48.28,144.84
9451,3735,20,1,36.93,36.93
9452,3735,78,4,16.41,65.64
9453,3736,28,4,23.62,94.48
9454,3737,80,3,10.04,30.119999999999997
9455,3737,86,2,38.12,76.24
9456,3738,120,3,29.81,89.42999999999999
9457,3738,23,2,73.39,146.78
9458,3738,112,1,62.85,62.85
9459,3739,39,1,8.4,8.4
9460,3739,19,2,39.06,78.12
9461,3739,109,3,19.3,57.900000000000006
9462,3739,69,1,61.88,61.88
9463,3740,68,4,24.91,99.64
9464,3740,37,1,10.34,10.34
9465,3740,21,2,63.4,126.8
9466,3741,8,5,19.82,99.1
9467,3741,104,1,45.55,45.55
9468,3741,3,2,30.05,60.1
9469,3742,62,5,12.26,61.3
9470,3742,33,1,106.33,106.33
9471,3742,101,2,56.3,112.6
9472,3742,85,3,66.04,198.12
9473,3743,10,2,78.29,156.58
9474,3743,16,3,34.04,102.12
9475,3744,20,5,34.56,172.8
9476,3744,86,3,38.36,115.08
9477,3744,12,3,39.52,118.56
9478,3744,29,2,11.76,23.52
9479,3745,58,2,60.27,120.54
9480,3745,23,3,68.4,205.20000000000002
9481,3745,47,1,24.97,24.97
9482,3745,37,1,9.95,9.95
9483,3746,50,4,40.62,162.48
9484,3746,4,3,28.45,85.35
9485,3746,44,4,16.63,66.52
9486,3746,65,5,15.35,76.75
9487,3747,51,2,106.14,212.28
9488,3747,113,2,31.78,63.56
9489,3747,46,4,13.29,53.16
9490,3748,37,4,10.19,40.76
9491,3749,20,1,35.84,35.84
9492,3749,74,3,59.09,177.27
9493,3749,69,2,60.25,120.5
9494,3749,7,3,12.61,37.83
9495,3750,105,5,14.14,70.7
9496,3750,118,1,22.88,22.88
9497,3751,120,5,28.57,142.85
9498,3751,94,2,27.81,55.62
9499,3751,15,4,19.47,77.88
9500,3751,108,1,18.46,18.46
9501,3752,50,4,40.17,160.68
9502,3753,104,5,42.23,211.14999999999998
9503,3754,29,4,11.81,47.24
9504,3754,83,5,35.57,177.85
9505,3755,69,1,65.13,65.13
9506,3755,56,5,24.48,122.4
9507,3755,44,3,16.68,50.04
9508,3755,7,2,13.79,27.58
9509,3756,106,4,49.33,197.32
9510,3757,87,3,30.17,90.51
9511,3758,113,4,32.3,129.2
9512,3758,63,4,48.12,192.48
9513,3759,40,4,20.25,81.0
9514,3759,74,5,59.4,297.0
9515,3759,43,2,39.79,79.58
9516,3759,113,2,31.86,63.72
9517,3760,65,3,14.7,44.099999999999994
9518,3761,82,2,19.37,38.74
9519,3761,77,5,22.52,112.6
9520,3761,47,5,23.67,118.35000000000001
9521,3761,91,3,30.89,92.67
9522,3762,59,4,19.0,76.0
9523,3762,13,3,42.22,126.66
9524,3763,50,5,42.77,213.85000000000002
9525,3763,7,1,12.7,12.7
9526,3763,89,5,17.54,87.69999999999999
9527,3764,82,3,18.71,56.13
9528,3764,108,5,19.69,98.45
9529,3764,58,4,55.94,223.76
9530,3765,119,4,40.52,162.08
9531,3765,81,2,80.49,160.98
9532,3765,47,4,24.73,98.92
9533,3765,37,4,10.06,40.24
9534,3766,114,4,32.0,128.0
9535,3767,21,5,63.28,316.4
9536,3767,2,1,45.33,45.33
9537,3767,14,2,72.1,144.2
9538,3768,83,3,36.56,109.68
9539,3768,95,4,101.54,406.16
9540,3769,62,3,11.47,34.410000000000004
9541,3769,49,2,23.22,46.44
9542,3770,22,1,58.06,58.06
9543,3770,10,2,76.55,153.1
9544,3770,90,4,19.1,76.4
9545,3771,30,3,20.13,60.39
9546,3771,119,1,40.54,40.54
9547,3771,104,2,42.35,84.7
9548,3772,93,2,23.23,46.46
9549,3772,58,4,56.35,225.4
9550,3773,44,5,17.17,85.85000000000001
9551,3773,103,4,13.47,53.88
9552,3773,6,5,72.56,362.8
9553,3774,114,3,33.48,100.44
9554,3774,99,5,18.5,92.5
9555,3774,9,1,35.56,35.56
9556,3775,27,2,52.42,104.84
9557,3775,114,5,32.02,160.10000000000002
9558,3776,80,1,10.12,10.12
9559,3776,45,5,42.99,214.95000000000002
9560,3777,100,3,40.2,120.60000000000001
9561,3777,84,2,48.68,97.36
9562,3778,111,1,36.16,36.16
9563,3778,49,5,21.93,109.65
9564,3779,71,1,18.48,18.48
9565,3779,74,5,57.59,287.95000000000005
9566,3780,6,5,75.19,375.95
9567,3781,81,2,78.3,156.6
9568,3781,87,4,30.66,122.64
9569,3781,16,3,33.38,100.14000000000001
9570,3781,98,3,59.29,177.87
9571,3782,52,1,47.9,47.9
9572,3782,52,3,49.27,147.81
9573,3782,25,3,68.93,206.79000000000002
9574,3783,103,3,13.09,39.269999999999996
9575,3783,15,2,19.16,38.32
9576,3783,118,3,22.05,66.15
9577,3784,72,1,32.92,32.92
9578,3784,29,2,11.05,22.1
9579,3784,82,3,18.97,56.91
9580,3785,86,4,38.79,155.16
9581,3785,31,1,26.31,26.31
9582,3785,106,4,49.55,198.2
9583,3785,1,2,17.88,35.76
9584,3786,16,2,34.01,68.02
9585,3786,117,5,58.43,292.15
9586,3786,92,4,8.02,32.08
9587,3786,57,4,71.71,286.84
9588,3787,38,3,109.0,327.0
9589,3787,79,5,22.01,110.05000000000001
9590,3788,83,3,37.5,112.5
9591,3788,10,2,78.62,157.24
9592,3789,52,3,47.43,142.29
9593,3789,75,3,34.53,103.59
9594,3789,71,4,17.96,71.84
9595,3789,92,2,8.62,17.24
9596,3790,110,3,67.54,202.62
9597,3790,6,3,71.18,213.54000000000002
9598,3790,64,2,44.54,89.08
9599,3791,63,4,45.3,181.2
9600,3791,25,2,70.01,140.02
9601,3791,18,2,17.7,35.4
9602,3791,109,5,19.66,98.3
9603,3792,18,3,16.88,50.64
9604,3793,54,3,61.9,185.7
9605,3793,74,3,58.64,175.92000000000002
9606,3794,58,1,59.01,59.01
9607,3794,75,1,35.67,35.67
9608,3795,4,3,29.52,88.56
9609,3795,67,1,26.49,26.49
9610,3796,98,2,60.6,121.2
9611,3796,62,1,12.41,12.41
9612,3796,120,4,30.38,121.52
9613,3797,57,5,68.55,342.75
9614,3797,37,1,9.81,9.81
9615,3797,58,5,58.8,294.0
9616,3797,37,3,10.34,31.02
9617,3798,41,1,55.45,55.45
9618,3799,55,2,36.15,72.3
9619,3799,31,2,25.62,51.24
9620,3799,5,2,91.4,182.8
9621,3799,32,2,22.11,44.22
9622,3800,4,5,28.33,141.64999999999998
9623,3800,109,3,19.74,59.22
9624,3800,105,1,14.8,14.8
9625,3800,33,2,106.73,213.46
9626,3801,108,2,19.71,39.42
9627,3801,45,5,44.51,222.54999999999998
9628,3802,45,5,45.32,226.6
9629,3802,61,1,46.24,46.24
9630,3803,110,4,69.11,276.44
9631,3803,90,3,18.57,55.71
9632,3803,77,2,21.43,42.86
9633,3803,94,2,26.32,52.64
9634,3804,106,4,47.72,190.88
9635,3805,87,3,30.52,91.56
9636,3805,57,1,69.27,69.27
9637,3805,37,2,9.76,19.52
9638,3805,56,1,23.0,23.0
9639,3806,20,1,37.3,37.3
9640,3806,73,1,9.72,9.72
9641,3806,99,5,18.56,92.8
9642,3806,4,2,29.46,58.92
9643,3807,105,3,14.27,42.81
9644,3807,77,5,20.96,104.80000000000001
9645,3808,110,4,69.87,279.48
9646,3808,85,5,71.88,359.4
9647,3808,104,3,45.4,136.2
9648,3809,91,1,29.53,29.53
9649,3809,44,1,17.25,17.25
9650,3809,65,5,15.18,75.9
9651,3810,19,5,39.86,199.3
9652,3810,101,4,57.6,230.4
9653,3810,81,2,79.76,159.52
9654,3810,71,1,18.5,18.5
9655,3811,78,4,17.17,68.68
9656,3811,84,2,48.69,97.38
9657,3811,30,5,19.6,98.0
9658,3811,74,4,61.65,246.6
9659,3812,75,3,35.71,107.13
9660,3812,83,5,37.04,185.2
9661,3812,120,3,28.38,85.14
9662,3812,41,4,53.83,215.32
9663,3813,21,2,68.01,136.02
9664,3814,120,5,28.93,144.65
9665,3814,46,1,13.58,13.58
9666,3814,35,2,61.35,122.7
9667,3814,47,1,23.75,23.75
9668,3815,95,5,102.29,511.45000000000005
9669,3815,26,4,20.6,82.4
9670,3815,3,2,29.19,58.38
9671,3815,95,5,102.65,513.25
9672,3816,62,4,12.24,48.96
9673,3816,85,4,72.2,288.8
9674,3816,32,3,21.2,63.599999999999994
9675,3817,27,2,49.9,99.8
9676,3818,56,5,24.09,120.45
9677,3818,103,1,13.02,13.02
9678,3818,89,2,17.08,34.16
9679,3819,52,2,45.22,90.44
9680,3819,20,4,36.97,147.88
9681,3820,67,5,28.78,143.9
9682,3820,7,5,13.15,65.75
9683,3821,83,2,38.17,76.34
9684,3821,52,3,45.48,136.44
9685,3822,105,3,13.77,41.31
9686,3822,117,5,59.29,296.45
9687,3823,28,5,24.14,120.7
9688,3823,14,2,71.93,143.86
9689,3823,72,5,32.33,161.64999999999998
9690,3824,6,5,70.15,350.75
9691,3825,81,2,82.52,165.04
9692,3826,106,4,48.87,195.48
9693,3826,107,5,69.3,346.5
9694,3827,93,2,22.11,44.22
9695,3827,93,2,23.15,46.3
9696,3828,31,5,24.83,124.14999999999999
9697,3828,110,5,70.6,353.0
9698,3828,91,5,30.73,153.65
9699,3828,10,2,76.31,152.62
9700,3829,72,2,32.27,64.54
9701,3829,52,1,45.14,45.14
9702,3830,19,4,38.65,154.6
9703,3830,37,5,9.9,49.5
9704,3830,113,5,30.97,154.85
9705,3830,60,3,28.92,86.76
9706,3831,19,1,39.36,39.36
9707,3832,98,5,62.95,314.75
9708,3832,29,5,11.28,56.4
9709,3832,60,2,28.74,57.48
9710,3833,16,4,34.8,139.2
9711,3833,5,2,94.35,188.7
9712,3833,118,5,23.89,119.45
9713,3833,81,3,79.64,238.92000000000002
9714,3834,73,5,9.69,48.449999999999996
9715,3834,2,4,42.49,169.96
9716,3835,74,4,62.51,250.04
9717,3836,12,1,37.18,37.18
9718,3836,19,3,39.35,118.05000000000001
9719,3836,88,4,38.36,153.44
9720,3837,62,3,11.54,34.62
9721,3838,100,2,39.07,78.14
9722,3839,43,3,39.97,119.91
9723,3840,39,2,8.12,16.24
9724,3840,100,5,37.71,188.55
9725,3841,69,1,61.72,61.72
9726,3841,110,2,71.07,142.14
9727,3841,66,1,98.47,98.47
9728,3842,23,2,69.92,139.84
9729,3843,7,2,13.61,27.22
9730,3843,27,5,52.39,261.95
9731,3844,66,4,98.31,393.24
9732,3844,79,1,21.38,21.38
9733,3844,2,3,42.52,127.56
9734,3844,33,1,109.59,109.59
9735,3845,99,1,18.44,18.44
9736,3845,48,3,49.68,149.04
9737,3845,90,3,18.82,56.46
9738,3846,45,1,47.48,47.48
9739,3846,35,5,61.67,308.35
9740,3846,83,5,37.04,185.2
9741,3847,32,5,21.66,108.3
9742,3847,80,5,10.57,52.85
9743,3847,23,3,68.36,205.07999999999998
9744,3848,91,2,28.97,57.94
9745,3848,115,3,38.37,115.10999999999999
9746,3848,109,1,20.28,20.28
9747,3848,102,2,19.63,39.26
9748,3849,2,2,41.33,82.66
9749,3850,101,3,57.52,172.56
9750,3850,75,5,34.06,170.3
9751,3851,56,4,22.45,89.8
9752,3852,97,4,45.94,183.76
9753,3852,98,3,57.91,173.73
9754,3852,113,1,32.56,32.56
9755,3853,71,5,18.26,91.30000000000001
9756,3853,85,1,72.66,72.66
9757,3854,36,4,20.17,80.68
9758,3855,81,1,83.17,83.17
9759,3855,52,3,45.47,136.41
9760,3855,78,1,16.3,16.3
9761,3855,50,5,43.1,215.5
9762,3856,22,3,58.14,174.42000000000002
9763,3856,43,5,40.97,204.85
9764,3856,41,3,55.99,167.97
9765,3857,30,2,18.24,36.48
9766,3858,13,2,43.02,86.04
9767,3859,48,4,51.94,207.76
9768,3859,61,4,48.35,193.4
9769,3859,72,5,34.03,170.15
9770,3860,74,1,61.02,61.02
9771,3860,24,3,47.01,141.03
9772,3861,18,2,18.16,36.32
9773,3861,18,5,16.94,84.7
9774,3861,82,2,18.89,37.78
9775,3861,83,1,36.16,36.16
9776,3862,62,2,11.58,23.16
9777,3863,64,5,43.34,216.70000000000002
9778,3864,77,3,20.8,62.400000000000006
9779,3864,43,4,39.8,159.2
9780,3864,90,3,17.87,53.61
9781,3865,109,1,19.55,19.55
9782,3865,29,5,11.97,59.85
9783,3866,56,1,24.39,24.39
9784,3866,38,2,114.52,229.04
9785,3866,40,4,20.88,83.52
9786,3866,47,5,24.17,120.85000000000001
9787,3867,26,2,19.73,39.46
9788,3867,42,5,26.41,132.05
9789,3867,39,1,7.91,7.91
9790,3867,98,3,59.85,179.55
9791,3868,33,2,104.56,209.12
9792,3869,12,5,38.41,192.04999999999998
9793,3869,105,1,14.49,14.49
9794,3869,109,3,19.94,59.82000000000001
9795,3869,108,1,19.7,19.7
9796,3870,22,1,63.04,63.04
9797,3870,50,3,42.78,128.34
9798,3870,35,2,59.6,119.2
9799,3870,32,3,21.55,64.65
9800,3871,111,2,39.05,78.1
9801,3872,16,3,33.48,100.44
9802,3872,73,2,9.37,18.74
9803,3872,86,4,36.48,145.92
9804,3873,9,5,34.75,173.75
9805,3873,106,1,47.51,47.51
9806,3873,28,3,22.71,68.13
9807,3874,50,5,40.4,202.0
9808,3875,65,5,15.32,76.6
9809,3875,105,5,14.83,74.15
9810,3875,119,1,42.91,42.91
9811,3876,30,5,18.56,92.8
9812,3876,50,1,42.33,42.33
9813,3876,74,2,58.22,116.44
9814,3876,50,3,41.89,125.67
9815,3877,10,5,73.94,369.7
9816,3877,94,3,26.65,79.94999999999999
9817,3878,68,4,26.11,104.44
9818,3878,16,3,36.16,108.47999999999999
9819,3878,77,3,21.28,63.84
9820,3878,109,1,20.94,20.94
9821,3879,78,5,17.36,86.8
9822,3879,58,1,58.9,58.9
9823,3879,94,2,27.34,54.68
9824,3880,33,5,102.71,513.55
9825,3880,12,3,38.88,116.64000000000001
9826,3880,59,2,19.28,38.56
9827,3881,34,2,47.07,94.14
9828,3881,59,1,19.68,19.68
9829,3881,84,2,49.93,99.86
9830,3882,102,5,18.74,93.69999999999999
9831,3882,72,5,34.35,171.75
9832,3882,74,4,58.42,233.68
9833,3883,114,4,31.77,127.08
9834,3883,110,2,69.9,139.8
9835,3883,95,4,109.75,439.0
9836,3883,110,5,67.66,338.29999999999995
9837,3884,57,2,65.87,131.74
9838,3884,93,3,22.95,68.85
9839,3884,65,5,15.72,78.60000000000001
9840,3885,74,1,59.8,59.8
9841,3885,80,3,10.55,31.650000000000002
9842,3885,10,4,74.92,299.68
9843,3886,2,2,41.32,82.64
9844,3887,115,1,37.6,37.6
9845,3887,44,1,16.77,16.77
9846,3887,7,5,13.18,65.9
9847,3888,15,2,19.88,39.76
9848,3888,5,5,87.57,437.84999999999997
9849,3888,29,4,11.2,44.8
9850,3888,88,4,37.01,148.04
9851,3889,100,2,37.15,74.3
9852,3889,8,3,20.7,62.099999999999994
9853,3889,66,2,89.98,179.96
9854,3890,80,2,10.1,20.2
9855,3890,104,2,45.96,91.92
9856,3890,109,2,19.27,38.54
9857,3891,107,2,69.94,139.88
9858,3892,87,2,30.35,60.7
9859,3892,97,3,46.85,140.55
9860,3892,90,3,18.86,56.58
9861,3892,92,5,8.21,41.050000000000004
9862,3893,109,1,19.35,19.35
9863,3893,20,5,36.92,184.60000000000002
9864,3893,11,5,26.47,132.35
9865,3894,33,5,106.31,531.55
9866,3894,115,5,37.9,189.5
9867,3895,85,4,67.55,270.2
9868,3896,57,3,66.56,199.68
9869,3896,37,5,10.67,53.35
9870,3896,24,5,42.58,212.89999999999998
9871,3896,46,2,13.64,27.28
9872,3897,115,2,35.24,70.48
9873,3897,113,1,30.73,30.73
9874,3897,117,4,57.43,229.72
9875,3898,85,5,72.77,363.84999999999997
9876,3898,71,5,17.62,88.10000000000001
9877,3899,13,5,42.42,212.10000000000002
9878,3899,72,5,32.42,162.10000000000002
9879,3899,87,2,30.81,61.62
9880,3900,51,5,106.79,533.95
9881,3900,96,2,76.6,153.2
9882,3900,71,3,18.64,55.92
9883,3900,110,2,66.44,132.88
9884,3901,13,2,41.08,82.16
9885,3901,83,3,37.89,113.67
9886,3901,42,4,26.07,104.28
9887,3901,12,5,37.18,185.9
9888,3902,37,3,9.98,29.94
9889,3902,92,2,8.2,16.4
9890,3903,23,4,68.19,272.76
9891,3903,79,3,20.32,60.96
9892,3903,25,2,65.05,130.1
9893,3903,55,1,34.13,34.13
9894,3904,18,3,18.14,54.42
9895,3905,92,4,8.45,33.8
9896,3905,105,3,14.22,42.660000000000004
9897,3906,64,4,45.66,182.64
9898,3906,48,4,52.21,208.84
9899,3906,112,1,60.25,60.25
9900,3907,114,5,32.9,164.5
9901,3907,112,2,65.17,130.34
9902,3907,94,2,25.56,51.12
9903,3908,28,2,24.68,49.36
9904,3909,20,4,35.2,140.8
9905,3909,53,4,43.5,174.0
9906,3910,69,1,58.96,58.96
9907,3910,24,1,43.71,43.71
9908,3911,18,4,17.17,68.68
9909,3911,40,3,20.84,62.519999999999996
9910,3912,43,2,40.7,81.4
9911,3912,27,2,53.26,106.52
9912,3912,56,4,23.88,95.52
9913,3913,62,5,12.51,62.55
9914,3914,12,5,36.46,182.3
9915,3914,1,5,17.92,89.60000000000001
9916,3914,5,1,93.19,93.19
9917,3915,95,3,106.55,319.65
9918,3916,97,2,48.4,96.8
9919,3916,20,2,36.5,73.0
9920,3916,114,5,30.95,154.75
9921,3917,33,2,101.52,203.04
9922,3917,108,4,20.15,80.6
9923,3917,21,1,63.85,63.85
9924,3917,99,4,17.97,71.88
9925,3918,43,2,40.47,80.94
9926,3918,94,1,26.41,26.41
9927,3918,10,1,78.5,78.5
9928,3918,69,2,62.59,125.18
9929,3919,104,4,46.62,186.48
9930,3919,16,5,35.29,176.45
9931,3919,50,5,42.12,210.6
9932,3919,108,5,19.25,96.25
9933,3920,111,1,35.81,35.81
9934,3920,61,4,45.42,181.68
9935,3921,6,5,74.82,374.09999999999997
9936,3921,114,4,33.37,133.48
9937,3922,21,3,63.23,189.69
9938,3922,50,5,41.69,208.45
9939,3922,101,1,55.28,55.28
9940,3922,14,1,77.18,77.18
9941,3923,56,1,24.1,24.1
9942,3924,75,4,35.24,140.96
9943,3924,8,1,21.31,21.31
9944,3924,59,1,19.73,19.73
9945,3924,6,3,73.08,219.24
9946,3925,78,3,17.38,52.14
9947,3926,108,2,18.5,37.0
9948,3927,25,5,64.81,324.05
9949,3928,32,3,22.39,67.17
9950,3929,16,4,35.55,142.2
9951,3929,50,4,42.02,168.08
9952,3929,1,4,16.68,66.72
9953,3929,108,3,19.27,57.81
9954,3930,12,3,37.97,113.91
9955,3931,81,1,84.44,84.44
9956,3931,39,4,8.48,33.92
9957,3932,93,5,23.37,116.85000000000001
9958,3932,7,4,13.05,52.2
9959,3932,57,2,67.87,135.74
9960,3932,12,5,36.88,184.4
9961,3933,84,4,48.51,194.04
9962,3933,24,5,45.01,225.04999999999998
9963,3933,71,4,17.17,68.68
9964,3933,49,4,22.54,90.16
9965,3934,21,5,67.05,335.25
9966,3934,24,5,43.15,215.75
9967,3935,69,3,63.88,191.64000000000001
9968,3935,26,4,19.67,78.68
9969,3936,112,5,59.49,297.45
9970,3936,92,4,8.74,34.96
9971,3937,42,1,25.69,25.69
9972,3937,48,5,49.18,245.9
9973,3937,60,3,30.27,90.81
9974,3938,97,1,45.64,45.64
9975,3938,50,4,39.5,158.0
9976,3939,50,5,42.22,211.1
9977,3939,83,5,35.09,175.45000000000002
9978,3939,31,1,27.25,27.25
9979,3940,76,4,13.59,54.36
9980,3940,47,1,25.21,25.21
9981,3940,58,4,59.65,238.6
9982,3940,93,3,23.43,70.28999999999999
9983,3941,6,5,74.33,371.65
9984,3942,79,1,21.21,21.21
9985,3942,32,3,22.76,68.28
9986,3942,2,4,42.01,168.04
9987,3942,38,3,108.92,326.76
9988,3943,94,3,27.25,81.75
9989,3943,88,4,37.19,148.76
9990,3943,31,2,27.28,54.56
9991,3944,48,2,49.77,99.54
9992,3945,105,2,14.72,29.44
9993,3945,46,2,14.16,28.32
9994,3945,31,2,25.38,50.76
9995,3945,54,4,61.25,245.0
9996,3946,95,2,110.58,221.16
9997,3946,52,2,49.78,99.56
9998,3947,62,1,11.62,11.62
9999,3948,87,5,29.47,147.35
10000,3949,104,1,43.42,43.42
10001,3950,81,3,76.92,230.76
10002,3950,49,5,21.89,109.45
10003,3951,92,4,8.25,33.0
10004,3951,94,5,25.38,126.89999999999999
10005,3951,25,1,65.18,65.18
10006,3952,84,3,49.82,149.46
10007,3953,89,5,18.32,91.6
10008,3953,37,1,10.02,10.02
10009,3953,36,5,20.11,100.55
10010,3953,81,1,80.49,80.49
10011,3954,1,4,17.44,69.76
10012,3955,35,5,59.29,296.45
10013,3955,77,2,21.98,43.96
10014,3955,55,5,34.98,174.89999999999998
10015,3955,2,3,44.08,132.24
10016,3956,16,4,34.21,136.84
10017,3957,12,1,38.36,38.36
10018,3958,64,1,42.5,42.5
10019,3958,5,1,87.49,87.49
10020,3959,92,2,8.32,16.64
10021,3959,73,2,9.8,19.6
10022,3959,61,4,49.14,196.56
10023,3959,25,2,65.98,131.96
10024,3960,23,3,72.2,216.60000000000002
10025,3960,98,5,60.58,302.9
10026,3960,74,5,56.97,284.85
10027,3961,43,4,37.83,151.32
10028,3961,26,3,19.8,59.400000000000006
10029,3961,41,4,54.64,218.56
10030,3961,37,4,10.61,42.44
10031,3962,62,4,11.73,46.92
10032,3962,32,2,22.79,45.58
10033,3963,94,2,25.84,51.68
10034,3963,7,3,13.41,40.230000000000004
10035,3963,84,5,45.85,229.25
10036,3963,1,4,17.49,69.96
10037,3964,25,3,66.63,199.89
10038,3964,113,5,30.57,152.85
10039,3964,92,2,8.48,16.96
10040,3964,118,4,22.9,91.6
10041,3965,61,4,45.7,182.8
10042,3966,17,2,50.46,100.92
10043,3966,119,3,41.11,123.33
10044,3966,92,3,8.56,25.68
10045,3967,63,4,49.42,197.68
10046,3967,93,5,22.58,112.89999999999999
10047,3967,35,2,61.85,123.7
10048,3967,95,3,103.87,311.61
10049,3968,92,3,8.12,24.36
10050,3968,17,1,50.96,50.96
10051,3968,4,1,29.24,29.24
10052,3969,102,3,19.65,58.949999999999996
10053,3969,87,5,29.87,149.35
10054,3969,36,2,20.23,40.46
10055,3969,66,4,93.98,375.92
10056,3970,4,4,30.08,120.32
10057,3970,22,4,60.29,241.16
10058,3970,11,3,27.14,81.42
10059,3971,3,3,31.07,93.21000000000001
10060,3971,17,3,50.01,150.03
10061,3971,6,5,73.97,369.85
10062,3972,114,2,33.36,66.72
10063,3972,10,1,79.75,79.75
10064,3973,16,5,33.58,167.89999999999998
10065,3974,59,3,20.24,60.72
10066,3974,73,5,9.87,49.349999999999994
10067,3975,85,4,67.72,270.88
10068,3976,12,3,40.22,120.66
10069,3976,17,4,51.36,205.44
10070,3976,2,2,42.19,84.38
10071,3977,20,4,37.28,149.12
10072,3977,23,2,68.69,137.38
10073,3978,98,5,59.27,296.35
10074,3978,71,3,17.05,51.150000000000006
10075,3979,28,3,22.51,67.53
10076,3979,15,2,18.21,36.42
10077,3979,100,4,40.84,163.36
10078,3979,86,3,38.81,116.43
10079,3980,12,3,39.08,117.24
10080,3981,68,1,25.86,25.86
10081,3981,101,4,57.8,231.2
10082,3981,33,1,104.1,104.1
10083,3981,88,3,40.26,120.78
10084,3982,47,4,23.07,92.28
10085,3982,18,3,16.49,49.47
10086,3983,34,1,45.11,45.11
10087,3983,41,5,55.58,277.9
10088,3983,5,1,91.94,91.94
10089,3983,40,4,19.5,78.0
10090,3984,116,1,88.75,88.75
10091,3984,17,4,50.18,200.72
10092,3984,2,5,43.73,218.64999999999998
10093,3984,46,3,13.05,39.150000000000006
10094,3985,116,1,95.88,95.88
10095,3985,82,1,18.92,18.92
10096,3986,62,2,12.06,24.12
10097,3986,88,2,37.08,74.16
10098,3986,2,5,43.6,218.0
10099,3986,25,1,69.2,69.2
10100,3987,102,3,19.68,59.04
10101,3987,87,4,29.86,119.44
10102,3987,56,4,24.01,96.04
10103,3987,32,4,22.06,88.24
10104,3988,28,4,22.36,89.44
10105,3988,6,1,75.22,75.22
10106,3988,106,5,50.52,252.60000000000002
10107,3989,24,3,42.69,128.07
10108,3989,98,3,62.03,186.09
10109,3989,42,5,26.73,133.65
10110,3989,110,4,67.04,268.16
10111,3990,5,1,86.33,86.33
10112,3990,63,2,49.61,99.22
10113,3990,12,2,40.09,80.18
10114,3991,1,5,18.05,90.25
10115,3992,43,1,40.25,40.25
10116,3992,77,3,20.83,62.489999999999995
10117,3992,111,3,38.08,114.24
10118,3993,19,1,40.5,40.5
10119,3994,77,3,22.97,68.91
10120,3994,97,2,47.7,95.4
10121,3994,113,2,30.5,61.0
10122,3995,34,4,45.45,181.8
10123,3995,5,5,90.92,454.6
10124,3995,115,1,38.18,38.18
10125,3995,105,3,15.16,45.480000000000004
10126,3996,31,1,25.22,25.22
10127,3997,17,1,48.53,48.53
10128,3997,65,1,15.77,15.77
10129,3997,29,4,11.33,45.32
10130,3998,68,3,25.55,76.65
10131,3998,13,2,39.49,78.98
10132,3998,112,3,60.24,180.72
10133,3999,50,4,40.74,162.96
10134,4000,17,2,47.38,94.76
10135,4000,25,3,71.65,214.95000000000002
10136,4000,80,1,10.37,10.37
10137,4000,89,2,18.52,37.04
10138,4001,13,2,40.88,81.76
10139,4001,91,1,31.72,31.72
10140,4001,113,5,30.72,153.6
10141,4001,35,5,60.08,300.4
10142,4002,75,3,36.3,108.89999999999999
10143,4003,96,2,75.73,151.46
10144,4003,114,1,31.82,31.82
10145,4004,20,5,33.62,168.1
10146,4005,107,3,66.24,198.71999999999997
10147,4005,5,3,87.93,263.79
10148,4005,67,3,26.69,80.07000000000001
10149,4006,20,4,35.55,142.2
10150,4006,14,3,74.03,222.09
10151,4006,30,3,19.57,58.71
10152,4006,19,4,39.02,156.08
10153,4007,7,5,12.79,63.949999999999996
10154,4007,37,4,10.16,40.64
10155,4007,14,2,77.13,154.26
10156,4007,46,1,13.76,13.76
10157,4008,37,2,10.14,20.28
10158,4008,63,5,46.95,234.75
10159,4009,103,5,13.77,68.85
10160,4010,17,3,50.97,152.91
10161,4010,103,1,13.68,13.68
10162,4011,65,4,15.34,61.36
10163,4012,120,4,29.16,116.64
10164,4012,49,1,23.34,23.34
10165,4013,12,5,39.88,199.4
10166,4013,26,5,18.98,94.9
10167,4013,1,5,18.03,90.15
10168,4014,104,3,43.08,129.24
10169,4015,68,5,25.17,125.85000000000001
10170,4015,106,1,50.98,50.98
10171,4015,73,1,9.7,9.7
10172,4016,113,1,32.53,32.53
10173,4016,29,3,11.28,33.839999999999996
10174,4016,40,3,20.19,60.57000000000001
10175,4016,96,4,72.46,289.84
10176,4017,99,2,18.59,37.18
10177,4017,115,2,37.62,75.24
10178,4018,107,2,66.22,132.44
10179,4018,40,4,20.02,80.08
10180,4018,82,2,19.3,38.6
10181,4018,114,5,31.79,158.95
10182,4019,32,2,22.29,44.58
10183,4019,13,4,41.69,166.76
10184,4020,61,2,49.45,98.9
10185,4020,58,3,56.46,169.38
10186,4020,84,3,48.57,145.71
10187,4020,24,4,45.07,180.28
10188,4021,54,5,60.45,302.25
10189,4021,71,2,18.23,36.46
10190,4021,70,4,71.79,287.16
10191,4022,9,4,35.4,141.6
10192,4022,13,4,39.21,156.84
10193,4022,61,3,47.66,142.98
10194,4023,45,2,46.09,92.18
10195,4023,21,4,61.84,247.36
10196,4023,97,2,46.4,92.8
10197,4023,51,3,100.58,301.74
10198,4024,70,1,68.3,68.3
10199,4024,83,3,37.6,112.80000000000001
10200,4025,87,4,31.63,126.52
10201,4025,41,1,54.61,54.61
10202,4025,3,2,29.42,58.84
10203,4026,65,4,15.59,62.36
10204,4026,29,3,11.65,34.95
10205,4026,117,5,56.51,282.55
10206,4026,108,5,19.37,96.85000000000001
10207,4027,106,2,50.12,100.24
10208,4027,94,5,27.17,135.85000000000002
10209,4028,120,4,30.19,120.76
10210,4028,115,2,35.23,70.46
10211,4028,22,4,58.59,234.36
10212,4028,74,1,61.99,61.99
10213,4029,60,4,30.23,120.92
10214,4029,4,5,30.16,150.8
10215,4030,95,5,102.79,513.95
10216,4030,14,1,78.79,78.79
10217,4030,112,5,62.07,310.35
10218,4031,84,2,47.43,94.86
10219,4031,29,5,11.13,55.650000000000006
10220,4032,5,3,93.0,279.0
10221,4032,119,3,41.69,125.07
10222,4032,98,3,63.19,189.57
10223,4033,53,1,43.2,43.2
10224,4034,97,4,48.97,195.88
10225,4034,93,3,23.18,69.53999999999999
10226,4034,74,2,58.7,117.4
10227,4034,63,3,50.09,150.27
10228,4035,6,2,71.17,142.34
10229,4036,36,1,20.28,20.28
10230,4036,38,4,114.33,457.32
10231,4037,14,5,77.43,387.15000000000003
10232,4037,86,5,35.98,179.89999999999998
10233,4037,20,5,36.61,183.05
10234,4037,32,1,23.14,23.14
10235,4038,78,4,16.97,67.88
10236,4039,63,1,49.99,49.99
10237,4039,67,3,26.78,80.34
10238,4039,103,5,13.6,68.0
10239,4039,52,2,49.43,98.86
10240,4040,75,3,35.29,105.87
10241,4040,76,5,13.61,68.05
10242,4041,16,4,35.07,140.28
10243,4041,61,3,46.56,139.68
10244,4042,66,5,97.9,489.5
10245,4042,17,2,49.17,98.34
10246,4042,16,3,32.85,98.55000000000001
10247,4042,32,5,21.43,107.15
10248,4043,52,4,49.01,196.04
10249,4043,52,5,48.6,243.0
10250,4043,28,2,23.88,47.76
10251,4043,48,2,49.43,98.86
10252,4044,35,3,62.45,187.35000000000002
10253,4044,109,3,20.48,61.44
10254,4044,79,3,20.21,60.63
10255,4044,114,3,32.28,96.84
10256,4045,78,2,16.62,33.24
10257,4045,65,5,15.57,77.85
10258,4045,59,5,19.85,99.25
10259,4046,32,3,22.47,67.41
10260,4047,22,1,62.83,62.83
10261,4047,96,3,74.67,224.01
10262,4047,47,2,25.22,50.44
10263,4048,22,3,59.24,177.72
10264,4048,51,2,102.8,205.6
10265,4048,60,5,29.08,145.39999999999998
10266,4049,81,4,82.6,330.4
10267,4049,120,1,30.36,30.36
10268,4049,117,2,57.05,114.1
10269,4049,105,4,15.13,60.52
10270,4050,100,1,38.55,38.55
10271,4050,112,1,63.3,63.3
10272,4050,86,3,38.83,116.49
10273,4051,12,2,38.37,76.74
10274,4051,29,1,11.84,11.84
10275,4052,56,4,23.95,95.8
10276,4052,95,4,104.12,416.48
10277,4053,93,4,23.19,92.76
10278,4053,106,1,50.85,50.85
10279,4053,19,5,40.68,203.4
10280,4054,72,1,34.55,34.55
10281,4054,93,3,22.49,67.47
10282,4054,48,5,52.33,261.65
10283,4054,42,5,27.71,138.55
10284,4055,80,5,10.07,50.35
10285,4055,107,3,68.98,206.94
10286,4056,55,3,35.91,107.72999999999999
10287,4056,51,2,104.52,209.04
10288,4057,10,5,73.27,366.34999999999997
10289,4057,31,3,25.13,75.39
10290,4057,10,4,76.64,306.56
10291,4057,111,1,39.47,39.47
10292,4058,102,2,18.1,36.2
10293,4058,86,3,37.37,112.10999999999999
10294,4058,26,5,18.9,94.5
10295,4058,56,3,23.95,71.85
10296,4059,2,1,44.87,44.87
10297,4059,116,2,94.63,189.26
10298,4060,7,3,13.42,40.26
10299,4061,73,3,10.1,30.299999999999997
10300,4061,60,2,30.87,61.74
10301,4061,71,4,18.18,72.72
10302,4062,10,4,77.62,310.48
10303,4063,44,3,16.43,49.29
10304,4064,100,5,38.42,192.10000000000002
10305,4064,101,2,57.26,114.52
10306,4064,49,2,23.47,46.94
10307,4065,71,5,17.43,87.15
10308,4065,97,1,46.55,46.55
10309,4066,75,5,35.25,176.25
10310,4067,51,1,109.39,109.39
10311,4067,113,2,30.54,61.08
10312,4068,120,1,28.48,28.48
10313,4068,33,3,108.36,325.08
10314,4068,6,2,72.12,144.24
10315,4069,95,2,109.54,219.08
10316,4069,13,1,39.33,39.33
10317,4069,98,5,63.71,318.55
10318,4069,94,4,28.03,112.12
10319,4070,8,4,20.42,81.68
10320,4070,66,1,89.36,89.36
10321,4070,87,4,30.39,121.56
10322,4070,10,4,73.74,294.96
10323,4071,100,1,40.18,40.18
10324,4071,14,5,71.7,358.5
10325,4072,65,1,14.61,14.61
10326,4072,3,5,31.11,155.55
10327,4072,14,5,77.82,389.09999999999997
10328,4073,89,2,17.03,34.06
10329,4073,10,3,73.93,221.79000000000002
10330,4074,108,1,19.49,19.49
10331,4074,3,1,29.89,29.89
10332,4074,76,3,13.37,40.11
10333,4075,44,3,17.35,52.050000000000004
10334,4076,73,1,9.77,9.77
10335,4076,75,4,36.51,146.04
10336,4077,78,5,16.18,80.9
10337,4077,69,2,59.51,119.02
10338,4078,115,4,35.48,141.92
10339,4078,62,3,12.67,38.01
10340,4078,103,3,13.18,39.54
10341,4079,51,2,103.67,207.34
10342,4079,74,5,58.48,292.4
10343,4080,82,3,18.88,56.64
10344,4080,47,5,23.66,118.3
10345,4081,106,5,50.46,252.3
10346,4081,33,1,100.0,100.0
10347,4081,100,3,40.34,121.02000000000001
10348,4082,23,1,74.12,74.12
10349,4082,86,5,36.83,184.14999999999998
10350,4082,100,2,37.4,74.8
10351,4083,36,1,20.62,20.62
10352,4083,31,2,25.05,50.1
10353,4084,113,4,32.24,128.96
10354,4084,77,1,22.9,22.9
10355,4084,104,3,43.37,130.10999999999999
10356,4084,114,5,33.37,166.85
10357,4085,114,2,33.38,66.76
10358,4085,99,1,19.3,19.3
10359,4085,75,3,33.93,101.78999999999999
10360,4085,114,4,33.67,134.68
10361,4086,40,2,19.74,39.48
10362,4086,66,4,97.13,388.52
10363,4086,55,5,34.55,172.75
10364,4087,41,4,56.01,224.04
10365,4087,40,4,19.28,77.12
10366,4087,117,2,57.37,114.74
10367,4088,43,2,37.66,75.32
10368,4088,13,5,40.22,201.1
10369,4088,52,3,47.13,141.39000000000001
10370,4089,45,1,46.55,46.55
10371,4090,113,1,29.55,29.55
10372,4090,94,5,25.98,129.9
10373,4091,60,1,30.49,30.49
10374,4091,100,5,40.15,200.75
10375,4091,49,2,23.21,46.42
10376,4091,27,5,52.35,261.75
10377,4092,77,3,22.47,67.41
10378,4092,75,4,34.21,136.84
10379,4092,35,4,59.36,237.44
10380,4093,21,3,67.95,203.85000000000002
10381,4094,2,5,44.5,222.5
10382,4095,47,4,25.44,101.76
10383,4095,88,3,40.29,120.87
10384,4095,97,2,44.92,89.84
10385,4095,40,1,20.06,20.06
10386,4096,80,2,10.64,21.28
10387,4096,29,4,11.56,46.24
10388,4096,23,4,67.52,270.08
10389,4097,65,2,15.52,31.04
10390,4097,38,3,112.97,338.90999999999997
10391,4098,20,3,35.76,107.28
10392,4098,29,1,11.73,11.73
10393,4098,34,3,44.09,132.27
10394,4098,38,5,111.61,558.05
10395,4099,62,2,11.49,22.98
10396,4100,105,4,14.59,58.36
10397,4100,117,2,56.78,113.56
10398,4100,69,1,60.45,60.45
10399,4100,30,2,19.68,39.36
10400,4101,24,3,43.0,129.0
10401,4101,57,1,67.92,67.92
10402,4101,81,4,82.8,331.2
10403,4101,64,4,45.52,182.08
10404,4102,16,3,35.41,106.22999999999999
10405,4102,86,2,37.79,75.58
10406,4103,38,1,115.65,115.65
10407,4103,63,4,48.48,193.92
10408,4104,104,2,44.54,89.08
10409,4105,89,3,17.7,53.099999999999994
10410,4105,64,2,42.45,84.9
10411,4105,104,2,45.88,91.76
10412,4105,25,3,68.26,204.78000000000003
10413,4106,34,2,47.05,94.1
10414,4106,33,3,103.95,311.85
10415,4106,101,5,57.13,285.65000000000003
10416,4107,101,2,59.16,118.32
10417,4107,32,3,21.11,63.33
10418,4108,24,2,43.83,87.66
10419,4109,98,1,59.3,59.3
10420,4109,55,3,36.62,109.85999999999999
10421,4110,77,4,20.97,83.88
10422,4110,24,2,46.42,92.84
10423,4111,69,2,59.49,118.98
10424,4111,83,4,38.46,153.84
10425,4112,56,3,22.44,67.32000000000001
10426,4112,99,3,17.84,53.519999999999996
10427,4112,66,2,98.05,196.1
10428,4112,65,3,15.92,47.76
10429,4113,29,1,11.33,11.33
10430,4113,81,3,81.67,245.01
10431,4114,60,3,29.2,87.6
10432,4115,78,1,17.76,17.76
10433,4115,74,3,62.08,186.24
10434,4115,45,4,47.12,188.48
10435,4115,46,3,14.23,42.69
10436,4116,38,5,113.95,569.75
10437,4116,46,5,13.48,67.4
10438,4116,102,1,19.85,19.85
10439,4117,42,2,26.29,52.58
10440,4118,15,2,20.0,40.0
10441,4118,99,3,18.23,54.69
10442,4118,27,3,51.44,154.32
10443,4119,47,5,24.39,121.95
10444,4119,25,2,66.59,133.18
10445,4120,70,3,67.88,203.64
10446,4120,32,3,22.7,68.1
10447,4120,117,4,58.3,233.2
10448,4121,52,3,48.35,145.05
10449,4121,4,3,29.28,87.84
10450,4122,67,1,26.93,26.93
10451,4123,27,2,49.74,99.48
10452,4123,43,3,38.96,116.88
10453,4123,112,5,60.81,304.05
10454,4124,22,1,57.66,57.66
10455,4125,87,2,29.12,58.24
10456,4126,83,4,37.76,151.04
10457,4127,46,3,13.39,40.17
10458,4127,54,2,62.69,125.38
10459,4128,11,4,25.99,103.96
10460,4128,58,1,60.36,60.36
10461,4128,62,3,11.81,35.43
10462,4128,72,5,33.45,167.25
10463,4129,95,3,107.66,322.98
10464,4129,112,4,60.46,241.84
10465,4129,51,4,101.55,406.2
10466,4130,106,4,51.95,207.8
10467,4130,102,4,18.32,73.28
10468,4130,37,5,9.81,49.050000000000004
10469,4131,35,3,61.94,185.82
10470,4131,65,2,14.78,29.56
10471,4131,60,3,30.88,92.64
10472,4132,45,3,45.08,135.24
10473,4133,11,1,26.95,26.95
10474,4133,96,5,71.76,358.8
10475,4133,64,4,43.3,173.2
10476,4133,22,2,58.67,117.34
10477,4134,104,5,45.47,227.35
10478,4135,112,2,62.31,124.62
10479,4136,19,2,40.82,81.64
10480,4136,64,2,42.31,84.62
10481,4136,74,2,60.0,120.0
10482,4137,29,4,11.07,44.28
10483,4137,38,5,112.86,564.3
10484,4138,47,3,23.49,70.47
10485,4139,43,3,38.9,116.69999999999999
10486,4139,82,5,18.78,93.9
10487,4140,2,4,44.92,179.68
10488,4140,79,1,21.15,21.15
10489,4141,64,3,43.42,130.26
10490,4141,92,4,8.23,32.92
10491,4141,119,3,40.91,122.72999999999999
10492,4142,52,1,47.77,47.77
10493,4142,18,2,17.98,35.96
10494,4142,53,5,45.64,228.2
10495,4142,29,4,11.02,44.08
10496,4143,62,4,12.6,50.4
10497,4143,28,3,23.66,70.98
10498,4144,2,3,42.8,128.39999999999998
10499,4144,68,3,25.31,75.92999999999999
10500,4145,39,2,8.45,16.9
10501,4146,23,3,72.06,216.18
10502,4146,1,5,17.99,89.94999999999999
10503,4146,115,5,36.24,181.20000000000002
10504,4146,101,2,56.53,113.06
10505,4147,84,5,48.2,241.0
10506,4147,45,2,46.6,93.2
10507,4147,76,1,13.65,13.65
10508,4148,65,2,15.61,31.22
10509,4148,1,2,16.9,33.8
10510,4149,110,5,67.77,338.84999999999997
10511,4150,57,1,69.26,69.26
10512,4150,56,3,24.49,73.47
10513,4150,98,5,61.09,305.45000000000005
10514,4150,86,2,35.59,71.18
10515,4151,61,2,49.02,98.04
10516,4152,103,4,13.35,53.4
10517,4153,89,4,17.94,71.76
10518,4153,70,2,71.4,142.8
10519,4153,82,4,19.32,77.28
10520,4153,20,4,36.62,146.48
10521,4154,112,4,60.71,242.84
10522,4154,106,3,48.61,145.82999999999998
10523,4155,44,4,18.0,72.0
10524,4155,5,2,87.49,174.98
10525,4155,100,2,37.57,75.14
10526,4155,61,3,49.75,149.25
10527,4156,32,3,21.92,65.76
10528,4156,120,3,28.2,84.6
10529,4156,67,1,28.12,28.12
10530,4157,25,5,67.33,336.65
10531,4157,75,2,35.22,70.44
10532,4157,92,2,8.44,16.88
10533,4158,54,1,63.28,63.28
10534,4158,83,2,35.1,70.2
10535,4158,13,5,40.0,200.0
10536,4158,34,5,47.3,236.5
10537,4159,53,2,41.88,83.76
10538,4160,14,2,79.07,158.14
10539,4160,24,1,44.01,44.01
10540,4161,65,2,15.44,30.88
10541,4161,59,2,19.39,38.78
10542,4162,44,1,16.81,16.81
10543,4162,3,2,30.78,61.56
10544,4162,48,2,54.2,108.4
10545,4163,59,1,19.77,19.77
10546,4163,119,2,42.57,85.14
10547,4164,46,4,13.31,53.24
10548,4164,62,5,11.48,57.400000000000006
10549,4164,2,4,45.01,180.04
10550,4164,22,4,61.47,245.88
10551,4165,75,3,34.02,102.06
10552,4165,59,4,19.02,76.08
10553,4165,38,5,117.13,585.65
10554,4166,48,5,49.88,249.4
10555,4166,70,1,69.49,69.49
10556,4166,52,3,49.27,147.81
10557,4166,107,4,69.47,277.88
10558,4167,27,5,53.06,265.3
10559,4167,104,3,42.17,126.51
10560,4167,111,2,37.23,74.46
10561,4167,61,4,46.24,184.96
10562,4168,21,5,64.54,322.70000000000005
10563,4168,57,2,70.93,141.86
10564,4168,109,2,21.08,42.16
10565,4169,64,3,42.62,127.85999999999999
10566,4169,76,4,12.94,51.76
10567,4170,47,2,24.12,48.24
10568,4170,70,4,67.8,271.2
10569,4170,36,2,20.28,40.56
10570,4171,32,3,22.8,68.4
10571,4171,19,4,40.63,162.52
10572,4172,84,2,45.15,90.3
10573,4172,110,2,70.75,141.5
10574,4173,43,2,40.91,81.82
10575,4174,8,5,20.43,102.15
10576,4174,49,4,23.08,92.32
10577,4174,42,5,26.47,132.35
10578,4174,75,2,34.36,68.72
10579,4175,20,3,34.03,102.09
10580,4175,95,3,106.52,319.56
10581,4175,8,5,19.87,99.35000000000001
10582,4176,47,4,25.04,100.16
10583,4177,21,3,66.32,198.95999999999998
10584,4177,105,3,14.71,44.13
10585,4178,55,1,35.32,35.32
10586,4178,110,2,68.58,137.16
10587,4178,68,5,27.32,136.6
10588,4179,91,2,30.44,60.88
10589,4179,108,2,18.81,37.62
10590,4179,99,3,19.19,57.57000000000001
10591,4180,83,1,35.97,35.97
10592,4180,96,3,78.13,234.39
10593,4181,97,1,47.1,47.1
10594,4181,81,4,78.68,314.72
10595,4181,67,4,26.61,106.44
10596,4182,62,3,11.85,35.55
10597,4182,25,2,68.4,136.8
10598,4183,70,4,66.56,266.24
10599,4184,102,4,19.81,79.24
10600,4185,103,2,13.65,27.3
10601,4185,57,5,70.97,354.85
10602,4185,59,3,19.14,57.42
10603,4185,93,5,23.09,115.45
10604,4186,118,4,22.56,90.24
10605,4186,1,5,17.57,87.85
10606,4186,85,2,69.5,139.0
10607,4187,54,1,58.58,58.58
10608,4187,28,4,24.08,96.32
10609,4187,41,3,54.75,164.25
10610,4187,120,4,29.32,117.28
10611,4188,36,5,21.78,108.9
10612,4188,61,2,45.96,91.92
10613,4188,81,2,80.78,161.56
10614,4189,32,1,22.86,22.86
10615,4189,99,5,19.16,95.8
10616,4189,9,3,34.7,104.10000000000001
10617,4190,104,4,42.44,169.76
10618,4190,84,5,45.17,225.85000000000002
10619,4191,97,5,48.24,241.20000000000002
10620,4192,12,5,38.1,190.5
10621,4192,98,2,60.33,120.66
10622,4192,34,4,45.16,180.64
10623,4193,101,2,54.37,108.74
10624,4194,43,3,39.95,119.85000000000001
10625,4194,84,5,46.9,234.5
10626,4194,120,2,28.27,56.54
10627,4194,92,2,8.73,17.46
10628,4195,10,3,75.89,227.67000000000002
10629,4196,27,5,49.57,247.85
10630,4196,16,4,35.25,141.0
10631,4196,115,1,38.28,38.28
10632,4196,39,5,8.14,40.7
10633,4197,61,2,49.92,99.84
10634,4197,70,3,70.31,210.93
10635,4198,32,4,21.49,85.96
10636,4198,45,4,46.24,184.96
10637,4199,55,5,35.6,178.0
10638,4199,2,2,45.39,90.78
10639,4200,99,3,19.51,58.53
10640,4200,109,2,20.47,40.94
10641,4200,84,3,48.17,144.51
10642,4201,53,2,42.24,84.48
10643,4201,19,2,40.14,80.28
10644,4201,40,4,20.53,82.12
10645,4201,53,1,45.8,45.8
10646,4202,24,3,43.5,130.5
10647,4202,91,4,30.43,121.72
10648,4203,55,3,36.9,110.69999999999999
10649,4203,84,4,48.6,194.4
10650,4204,62,3,11.85,35.55
10651,4204,23,5,67.35,336.75
10652,4204,79,5,22.08,110.39999999999999
10653,4204,90,1,19.14,19.14
10654,4205,52,5,49.11,245.55
10655,4205,81,1,77.09,77.09
10656,4206,118,5,23.02,115.1
10657,4206,30,4,20.02,80.08
10658,4207,107,1,69.92,69.92
10659,4207,37,3,10.09,30.27
10660,4207,6,5,71.37,356.85
10661,4207,51,4,100.43,401.72
10662,4208,99,3,17.77,53.31
10663,4208,81,2,79.33,158.66
10664,4208,40,2,20.01,40.02
10665,4208,115,5,38.47,192.35
10666,4209,119,5,42.93,214.65
10667,4209,120,3,28.35,85.05000000000001
10668,4209,67,3,27.22,81.66
10669,4210,83,4,34.8,139.2
10670,4211,64,5,43.54,217.7
10671,4211,50,1,42.14,42.14
10672,4212,64,1,43.87,43.87
10673,4212,9,1,35.75,35.75
10674,4212,20,3,33.87,101.60999999999999
10675,4212,72,2,33.34,66.68
10676,4213,51,1,110.34,110.34
10677,4213,58,3,56.68,170.04
10678,4213,110,4,71.06,284.24
10679,4213,81,3,82.94,248.82
10680,4214,9,4,33.96,135.84
10681,4214,116,2,91.92,183.84
10682,4214,104,5,42.49,212.45000000000002
10683,4215,21,3,66.47,199.41
10684,4215,103,3,13.59,40.769999999999996
10685,4216,45,3,43.76,131.28
10686,4216,45,5,45.4,227.0
10687,4216,70,2,72.99,145.98
10688,4216,109,3,21.24,63.72
10689,4217,43,2,40.93,81.86
10690,4217,70,3,67.02,201.06
10691,4217,22,3,59.32,177.96
10692,4218,11,5,27.67,138.35000000000002
10693,4219,72,1,31.74,31.74
10694,4219,29,4,11.83,47.32
10695,4220,5,1,92.02,92.02
10696,4220,2,3,42.42,127.26
10697,4221,46,3,14.27,42.81
10698,4221,30,1,19.55,19.55
10699,4221,117,1,61.36,61.36
10700,4222,58,4,59.48,237.92
10701,4223,58,4,61.44,245.76
10702,4223,19,3,40.6,121.80000000000001
10703,4223,13,3,43.07,129.21
10704,4223,36,1,21.89,21.89
10705,4224,101,1,57.01,57.01
10706,4225,75,5,36.77,183.85000000000002
10707,4225,22,2,59.35,118.7
10708,4225,5,4,86.41,345.64
10709,4226,31,1,25.94,25.94
10710,4226,33,4,100.19,400.76
10711,4227,116,5,89.8,449.0
10712,4228,21,2,65.81,131.62
10713,4228,94,2,26.06,52.12
10714,4228,47,4,23.02,92.08
10715,4229,39,2,8.13,16.26
10716,4229,26,2,19.88,39.76
10717,4229,78,4,16.93,67.72
10718,4229,83,4,35.89,143.56
10719,4230,59,2,20.48,40.96
10720,4230,114,3,31.65,94.94999999999999
10721,4230,108,2,19.71,39.42
10722,4230,95,3,102.22,306.65999999999997
10723,4231,68,5,25.0,125.0
10724,4231,63,4,46.96,187.84
10725,4231,80,3,10.71,32.13
10726,4232,70,2,71.4,142.8
10727,4232,18,2,17.77,35.54
10728,4232,79,4,20.09,80.36
10729,4232,30,1,18.52,18.52
10730,4233,89,5,18.2,91.0
10731,4233,4,4,29.76,119.04
10732,4233,6,4,72.23,288.92
10733,4233,71,2,18.76,37.52
10734,4234,95,2,110.74,221.48
10735,4234,68,3,25.22,75.66
10736,4234,21,5,63.32,316.6
10737,4234,37,1,10.73,10.73
10738,4235,54,5,62.09,310.45000000000005
10739,4236,28,2,22.81,45.62
10740,4236,116,5,96.56,482.8
10741,4236,55,1,35.67,35.67
10742,4236,108,4,19.37,77.48
10743,4237,13,1,42.19,42.19
10744,4237,56,2,22.63,45.26
10745,4237,103,3,13.37,40.11
10746,4238,34,4,45.33,181.32
10747,4238,100,3,38.63,115.89000000000001
10748,4238,91,2,28.96,57.92
10749,4239,72,1,32.57,32.57
10750,4239,6,2,70.22,140.44
10751,4239,109,1,20.51,20.51
10752,4239,58,1,61.11,61.11
10753,4240,74,4,61.46,245.84
10754,4240,83,5,36.38,181.9
10755,4240,59,3,19.97,59.91
10756,4241,20,2,35.89,71.78
10757,4241,72,4,34.41,137.64
10758,4241,72,1,34.43,34.43
10759,4242,11,2,27.95,55.9
10760,4242,24,3,44.54,133.62
10761,4242,27,3,49.41,148.23
10762,4242,44,2,16.54,33.08
10763,4243,67,3,26.4,79.19999999999999
10764,4244,74,2,59.09,118.18
10765,4244,14,2,71.84,143.68
10766,4244,104,2,45.23,90.46
10767,4245,98,3,58.6,175.8
10768,4245,12,5,39.61,198.05
10769,4245,21,1,63.86,63.86
10770,4246,101,1,58.43,58.43
10771,4247,51,1,99.5,99.5
10772,4248,54,1,57.66,57.66
10773,4248,59,3,20.63,61.89
10774,4248,119,5,41.43,207.15
10775,4249,19,2,37.64,75.28
10776,4249,113,4,32.27,129.08
10777,4250,30,5,19.52,97.6
10778,4250,108,1,19.27,19.27
10779,4251,59,1,20.5,20.5
10780,4252,92,4,8.46,33.84
10781,4252,13,1,38.98,38.98
10782,4252,44,5,17.85,89.25
10783,4253,23,1,73.23,73.23
10784,4253,69,3,62.58,187.74
10785,4254,3,5,30.68,153.4
10786,4255,46,5,14.17,70.85
10787,4256,61,5,45.97,229.85
10788,4256,58,4,61.35,245.4
10789,4257,99,5,19.61,98.05
10790,4257,73,3,9.7,29.099999999999998
10791,4257,98,5,61.48,307.4
10792,4258,61,5,48.58,242.89999999999998
10793,4258,43,5,40.91,204.54999999999998
10794,4258,36,4,21.67,86.68
10795,4259,83,5,37.4,187.0
10796,4259,111,5,38.79,193.95
10797,4259,119,2,39.89,79.78
10798,4260,28,2,23.44,46.88
10799,4260,51,4,109.11,436.44
10800,4260,75,3,36.17,108.51
10801,4261,110,1,69.62,69.62
10802,4261,38,2,112.75,225.5
10803,4262,94,5,26.82,134.1
10804,4262,101,5,54.17,270.85
10805,4262,22,1,61.17,61.17
10806,4262,38,4,114.46,457.84
10807,4263,54,4,63.19,252.76
10808,4263,102,4,18.87,75.48
10809,4263,112,2,62.16,124.32
10810,4264,20,4,35.57,142.28
10811,4264,21,3,67.76,203.28000000000003
10812,4264,47,1,24.43,24.43
10813,4265,7,4,13.15,52.6
10814,4265,62,5,11.79,58.949999999999996
10815,4266,33,3,109.76,329.28000000000003
10816,4266,47,1,24.75,24.75
10817,4267,1,5,16.56,82.8
10818,4267,28,1,22.55,22.55
10819,4267,16,2,34.72,69.44
10820,4267,27,2,51.75,103.5
10821,4268,52,3,46.64,139.92000000000002
10822,4268,29,2,10.8,21.6
10823,4269,92,5,8.46,42.300000000000004
10824,4269,55,2,33.82,67.64
10825,4269,26,3,19.84,59.519999999999996
10826,4269,75,1,36.98,36.98
10827,4270,102,3,18.85,56.550000000000004
10828,4271,60,2,29.09,58.18
10829,4271,119,2,40.98,81.96
10830,4271,43,3,38.03,114.09
10831,4271,56,4,24.05,96.2
10832,4272,51,5,105.14,525.7
10833,4272,120,2,29.24,58.48
10834,4272,87,2,30.87,61.74
10835,4272,70,2,67.42,134.84
10836,4273,44,5,16.78,83.9
10837,4273,8,1,20.55,20.55
10838,4273,109,1,20.52,20.52
10839,4273,14,3,76.06,228.18
10840,4274,88,2,36.87,73.74
10841,4274,62,2,12.56,25.12
10842,4275,84,3,46.25,138.75
10843,4275,111,5,38.99,194.95000000000002
10844,4275,24,2,44.09,88.18
10845,4276,12,4,38.41,153.64
10846,4276,45,4,45.15,180.6
10847,4276,69,5,63.15,315.75
10848,4276,9,5,33.74,168.70000000000002
10849,4277,98,4,61.85,247.4
10850,4278,73,5,9.7,48.5
10851,4278,118,5,23.4,117.0
10852,4278,35,4,61.09,244.36
10853,4279,109,1,20.85,20.85
10854,4279,47,2,25.24,50.48
10855,4279,13,4,40.78,163.12
10856,4279,101,5,54.5,272.5
10857,4280,10,1,72.48,72.48
10858,4280,86,5,36.8,184.0
10859,4280,25,1,68.82,68.82
10860,4280,81,1,82.39,82.39
10861,4281,34,1,46.37,46.37
10862,4281,10,4,73.35,293.4
10863,4281,104,4,44.27,177.08
10864,4281,43,5,40.83,204.14999999999998
10865,4282,78,4,17.46,69.84
10866,4282,5,1,91.14,91.14
10867,4282,114,2,31.23,62.46
10868,4282,75,2,35.24,70.48
10869,4283,51,5,99.33,496.65
10870,4283,109,4,20.64,82.56
10871,4284,50,5,40.94,204.7
10872,4284,40,5,19.23,96.15
10873,4284,34,5,44.37,221.85
10874,4285,79,3,19.93,59.79
10875,4285,53,4,45.11,180.44
10876,4286,69,4,58.84,235.36
10877,4286,95,3,103.9,311.70000000000005
10878,4286,79,3,21.32,63.96
10879,4286,84,2,49.09,98.18
10880,4287,74,5,62.81,314.05
10881,4287,95,3,103.07,309.21
10882,4287,87,2,29.1,58.2
10883,4288,100,1,40.04,40.04
10884,4288,76,3,13.17,39.51
10885,4288,1,5,17.11,85.55
10886,4288,110,4,69.22,276.88
10887,4289,29,3,11.97,35.910000000000004
10888,4289,87,2,29.83,59.66
10889,4290,79,2,21.31,42.62
10890,4290,80,3,10.42,31.259999999999998
10891,4291,54,2,60.89,121.78
10892,4291,55,4,35.27,141.08
10893,4291,15,3,20.01,60.03
10894,4291,30,5,18.67,93.35000000000001
10895,4292,8,1,21.71,21.71
10896,4292,109,1,20.58,20.58
10897,4292,114,4,33.87,135.48
10898,4292,13,1,42.42,42.42
10899,4293,102,4,19.18,76.72
10900,4294,82,2,17.54,35.08
10901,4294,39,4,8.4,33.6
10902,4295,19,4,37.98,151.92
10903,4296,77,4,21.46,85.84
10904,4296,4,3,28.88,86.64
10905,4296,18,5,18.08,90.39999999999999
10906,4297,13,3,43.02,129.06
10907,4298,17,1,51.27,51.27
10908,4299,1,4,16.63,66.52
10909,4299,41,3,53.06,159.18
10910,4299,97,1,44.93,44.93
10911,4300,34,4,47.4,189.6
10912,4300,30,1,18.44,18.44
10913,4300,118,5,23.18,115.9
10914,4300,58,1,58.8,58.8
10915,4301,3,2,29.8,59.6
10916,4301,71,2,18.13,36.26
10917,4301,66,2,92.0,184.0
10918,4302,51,3,102.79,308.37
10919,4302,103,1,12.98,12.98
10920,4302,82,5,18.51,92.55000000000001
10921,4303,4,5,30.41,152.05
10922,4303,45,1,44.54,44.54
10923,4303,67,2,28.07,56.14
10924,4304,80,3,10.18,30.54
10925,4305,46,1,13.41,13.41
10926,4306,54,2,60.11,120.22
10927,4306,26,5,19.25,96.25
10928,4306,73,3,9.96,29.880000000000003
10929,4307,29,5,11.88,59.400000000000006
10930,4307,59,2,19.86,39.72
10931,4307,98,3,61.98,185.94
10932,4307,110,5,65.93,329.65000000000003
10933,4308,56,2,23.35,46.7
10934,4309,25,4,68.94,275.76
10935,4309,6,3,75.51,226.53000000000003
10936,4310,102,2,19.24,38.48
10937,4311,50,1,40.56,40.56
10938,4312,23,5,72.82,364.09999999999997
10939,4312,99,1,19.44,19.44
10940,4313,58,1,58.91,58.91
10941,4314,83,3,36.87,110.60999999999999
10942,4315,8,1,21.29,21.29
10943,4315,115,5,36.79,183.95
10944,4316,38,4,114.21,456.84
10945,4316,93,1,23.79,23.79
10946,4316,36,5,20.45,102.25
10947,4317,21,4,62.36,249.44
10948,4317,50,4,40.65,162.6
10949,4317,9,2,34.24,68.48
10950,4318,61,5,49.74,248.70000000000002
10951,4318,56,1,24.31,24.31
10952,4318,10,5,76.84,384.20000000000005
10953,4319,54,2,57.61,115.22
10954,4319,69,1,59.72,59.72
10955,4319,66,1,89.02,89.02
10956,4320,9,1,34.41,34.41
10957,4321,81,1,82.14,82.14
10958,4322,40,3,20.78,62.34
10959,4323,31,2,25.22,50.44
10960,4323,103,3,12.98,38.94
10961,4323,119,1,39.85,39.85
10962,4323,14,5,75.66,378.29999999999995
10963,4324,60,3,28.7,86.1
10964,4324,32,3,22.81,68.42999999999999
10965,4324,86,1,37.86,37.86
10966,4324,73,2,10.04,20.08
10967,4325,50,1,43.44,43.44
10968,4325,90,2,19.31,38.62
10969,4326,83,4,37.8,151.2
10970,4326,112,3,63.32,189.96
10971,4326,119,4,39.88,159.52
10972,4326,50,1,40.21,40.21
10973,4327,19,2,41.09,82.18
10974,4327,111,1,37.19,37.19
10975,4328,53,5,43.58,217.89999999999998
10976,4328,107,5,66.83,334.15
10977,4329,84,2,45.59,91.18
10978,4329,63,4,47.39,189.56
10979,4329,103,4,13.69,54.76
10980,4330,91,2,31.45,62.9
10981,4330,77,3,21.44,64.32000000000001
10982,4330,63,5,47.16,235.79999999999998
10983,4330,28,2,24.38,48.76
10984,4331,26,3,20.19,60.57000000000001
10985,4331,78,2,16.56,33.12
10986,4331,47,3,25.33,75.99
10987,4332,75,2,33.77,67.54
10988,4332,86,1,37.97,37.97
10989,4332,6,4,76.54,306.16
10990,4332,11,2,26.08,52.16
10991,4333,73,1,9.82,9.82
10992,4333,118,1,22.51,22.51
10993,4333,64,5,43.85,219.25
10994,4333,81,3,78.44,235.32
10995,4334,35,2,63.33,126.66
10996,4335,26,2,19.05,38.1
10997,4335,29,3,10.88,32.64
10998,4336,113,2,29.67,59.34
10999,4336,93,2,22.19,44.38
11000,4337,43,3,39.99,119.97
11001,4338,8,5,20.35,101.75
11002,4339,104,2,46.2,92.4
11003,4339,35,1,62.5,62.5
11004,4339,29,3,11.51,34.53
11005,4339,85,2,68.01,136.02
11006,4340,15,4,19.98,79.92
11007,4341,26,4,19.07,76.28
11008,4341,61,3,49.93,149.79
11009,4342,15,2,18.71,37.42
11010,4342,110,4,69.2,276.8
11011,4343,118,3,23.32,69.96000000000001
11012,4343,100,2,39.2,78.4
11013,4343,68,1,25.71,25.71
11014,4344,66,1,91.54,91.54
11015,4344,33,5,103.57,517.8499999999999
11016,4344,18,4,18.14,72.56
11017,4345,19,5,38.36,191.8
11018,4346,18,3,17.6,52.800000000000004
11019,4346,1,1,16.5,16.5
11020,4347,90,5,18.21,91.05000000000001
11021,4347,90,4,17.89,71.56
11022,4348,88,4,40.07,160.28
11023,4349,43,1,40.19,40.19
11024,4349,13,1,42.19,42.19
11025,4349,24,5,45.86,229.3
11026,4349,99,5,17.81,89.05
11027,4350,109,1,20.18,20.18
11028,4350,7,3,13.75,41.25
11029,4350,84,2,48.67,97.34
11030,4351,108,4,19.68,78.72
11031,4351,98,5,61.63,308.15000000000003
11032,4351,30,4,18.75,75.0
11033,4351,79,2,20.72,41.44
11034,4352,99,2,17.77,35.54
11035,4352,111,5,38.23,191.14999999999998
11036,4352,82,1,17.95,17.95
11037,4352,42,4,26.19,104.76
11038,4353,81,3,77.13,231.39
11039,4353,19,3,40.67,122.01
11040,4353,11,1,26.41,26.41
11041,4353,1,1,17.16,17.16
11042,4354,66,3,92.57,277.71
11043,4355,5,4,87.4,349.6
11044,4355,17,1,51.67,51.67
11045,4355,103,3,13.15,39.45
11046,4355,50,5,40.66,203.29999999999998
11047,4356,74,3,62.0,186.0
11048,4357,53,4,43.17,172.68
11049,4357,6,3,73.43,220.29000000000002
11050,4357,72,1,33.8,33.8
11051,4358,13,3,40.5,121.5
11052,4358,81,1,80.27,80.27
11053,4358,84,3,46.64,139.92000000000002
11054,4358,86,2,35.78,71.56
11055,4359,47,4,24.73,98.92
11056,4359,58,1,57.81,57.81
11057,4359,93,3,22.23,66.69
11058,4360,53,1,45.64,45.64
11059,4361,113,5,30.8,154.0
11060,4362,79,4,19.95,79.8
11061,4362,91,3,29.81,89.42999999999999
11062,4363,80,5,10.57,52.85
11063,4363,22,1,58.7,58.7
11064,4363,56,4,22.16,88.64
11065,4363,78,5,17.82,89.1
11066,4364,63,3,48.25,144.75
11067,4364,72,5,32.85,164.25
11068,4364,109,5,20.85,104.25
11069,4364,102,5,18.47,92.35
11070,4365,26,1,20.05,20.05
11071,4365,25,2,64.92,129.84
11072,4365,18,4,17.01,68.04
11073,4366,87,2,29.24,58.48
11074,4366,60,4,29.27,117.08
11075,4367,72,1,34.04,34.04
11076,4367,105,4,14.29,57.16
11077,4367,58,5,56.04,280.2
11078,4368,76,2,13.82,27.64
11079,4368,35,4,60.37,241.48
11080,4368,100,1,37.76,37.76
11081,4368,4,2,28.76,57.52
11082,4369,70,1,66.28,66.28
11083,4369,97,1,46.97,46.97
11084,4370,86,3,36.86,110.58
11085,4370,13,5,42.94,214.7
11086,4371,103,1,13.7,13.7
11087,4371,46,2,13.91,27.82
11088,4372,63,1,49.9,49.9
11089,4372,60,3,29.04,87.12
11090,4372,42,4,26.65,106.6
11091,4373,40,1,20.17,20.17
11092,4373,110,2,67.54,135.08
11093,4373,80,1,9.98,9.98
11094,4373,120,1,28.88,28.88
11095,4374,40,2,18.85,37.7
11096,4375,36,2,20.41,40.82
11097,4375,62,2,12.14,24.28
11098,4375,74,5,62.08,310.4
11099,4375,12,2,39.14,78.28
11100,4376,44,2,17.94,35.88
11101,4377,53,3,45.81,137.43
11102,4377,11,5,26.7,133.5
11103,4378,70,2,70.75,141.5
11104,4378,15,3,19.54,58.62
11105,4379,104,5,42.23,211.14999999999998
11106,4380,63,5,47.7,238.5
11107,4380,22,3,61.92,185.76
11108,4380,63,4,47.49,189.96
11109,4381,41,1,53.18,53.18
11110,4381,53,4,43.77,175.08
11111,4381,32,2,21.14,42.28
11112,4381,51,2,100.14,200.28
11113,4382,19,3,37.11,111.33
11114,4383,35,5,60.18,300.9
11115,4383,47,3,24.16,72.48
11116,4383,94,2,28.01,56.02
11117,4384,110,4,70.67,282.68
11118,4384,106,3,49.47,148.41
11119,4384,45,4,47.51,190.04
11120,4384,45,3,43.65,130.95
11121,4385,33,3,101.4,304.20000000000005
11122,4385,62,1,12.09,12.09
11123,4385,115,2,36.42,72.84
11124,4386,30,1,19.23,19.23
11125,4386,86,1,35.46,35.46
11126,4387,31,5,26.45,132.25
11127,4387,45,1,44.2,44.2
11128,4387,63,2,46.69,93.38
11129,4387,90,1,19.68,19.68
11130,4388,101,3,58.6,175.8
11131,4388,77,3,21.62,64.86
11132,4389,73,4,9.64,38.56
11133,4389,103,1,13.91,13.91
11134,4389,75,1,36.31,36.31
11135,4390,14,2,72.45,144.9
11136,4390,7,1,13.06,13.06
11137,4390,65,1,15.23,15.23
11138,4390,2,3,43.33,129.99
11139,4391,85,5,66.79,333.95000000000005
11140,4391,94,1,27.12,27.12
11141,4391,120,2,30.03,60.06
11142,4392,3,5,31.51,157.55
11143,4392,73,4,9.87,39.48
11144,4393,113,2,29.48,58.96
11145,4393,17,5,48.5,242.5
11146,4393,94,3,26.85,80.55000000000001
11147,4394,117,5,58.83,294.15
11148,4394,9,3,35.01,105.03
11149,4395,56,5,22.26,111.30000000000001
11150,4395,9,2,33.91,67.82
11151,4396,59,4,19.43,77.72
11152,4396,103,2,13.62,27.24
11153,4396,31,2,24.94,49.88
11154,4397,96,1,73.97,73.97
11155,4397,98,3,63.1,189.3
11156,4398,2,1,44.4,44.4
11157,4398,64,3,44.0,132.0
11158,4398,31,3,25.98,77.94
11159,4398,117,3,56.33,168.99
11160,4399,84,1,49.07,49.07
11161,4399,63,2,46.73,93.46
11162,4400,79,5,20.47,102.35
11163,4401,22,1,59.04,59.04
11164,4401,61,5,46.25,231.25
11165,4401,93,1,24.1,24.1
11166,4402,114,5,30.97,154.85
11167,4402,18,3,17.35,52.050000000000004
11168,4402,109,4,20.58,82.32
11169,4402,35,5,57.86,289.3
11170,4403,104,4,44.44,177.76
11171,4404,113,4,30.66,122.64
11172,4404,96,1,77.03,77.03
11173,4404,118,2,23.75,47.5
11174,4405,67,5,26.48,132.4
11175,4405,94,5,26.1,130.5
11176,4405,109,2,20.56,41.12
11177,4405,25,4,71.55,286.2
11178,4406,86,3,39.18,117.53999999999999
11179,4406,90,5,19.84,99.2
11180,4407,60,5,31.28,156.4
11181,4407,72,5,31.54,157.7
11182,4408,79,4,21.71,86.84
11183,4408,54,4,58.04,232.16
11184,4408,72,5,32.89,164.45
11185,4409,54,5,60.62,303.09999999999997
11186,4409,57,2,69.95,139.9
11187,4409,55,3,33.77,101.31
11188,4410,56,2,23.95,47.9
11189,4411,39,4,7.94,31.76
11190,4412,13,5,43.12,215.6
11191,4412,65,2,15.25,30.5
11192,4413,51,3,102.92,308.76
11193,4413,5,5,87.34,436.70000000000005
11194,4414,64,2,46.24,92.48
11195,4414,102,4,19.29,77.16
11196,4414,31,5,26.13,130.65
11197,4415,108,2,19.72,39.44
11198,4415,65,2,15.81,31.62
11199,4416,47,3,24.19,72.57000000000001
11200,4417,105,5,15.18,75.9
11201,4417,114,1,31.56,31.56
11202,4417,111,5,38.65,193.25
11203,4417,94,3,27.13,81.39
11204,4418,76,1,13.85,13.85
11205,4418,102,4,19.57,78.28
11206,4419,103,3,14.19,42.57
11207,4420,107,2,70.38,140.76
11208,4420,100,2,39.36,78.72
11209,4420,41,4,53.35,213.4
11210,4421,117,3,58.92,176.76
11211,4421,98,4,62.24,248.96
11212,4422,104,5,42.71,213.55
11213,4422,18,5,16.97,84.85
11214,4422,2,5,43.16,215.79999999999998
11215,4423,118,5,23.66,118.3
11216,4423,75,4,33.66,134.64
11217,4423,72,2,31.72,63.44
11218,4423,85,1,72.32,72.32
11219,4424,84,2,47.55,95.1
11220,4425,5,3,89.3,267.9
11221,4425,37,2,9.72,19.44
11222,4425,65,4,15.36,61.44
11223,4426,4,2,29.72,59.44
11224,4427,107,5,66.27,331.34999999999997
11225,4427,20,1,36.08,36.08
11226,4427,52,1,49.78,49.78
11227,4427,18,3,17.48,52.44
11228,4428,8,2,20.28,40.56
11229,4428,54,5,61.88,309.40000000000003
11230,4429,94,3,25.77,77.31
11231,4429,36,4,20.28,81.12
11232,4429,56,4,23.91,95.64
11233,4429,114,3,33.74,101.22
11234,4430,46,4,13.45,53.8
11235,4431,101,2,56.62,113.24
11236,4431,119,3,41.11,123.33
11237,4431,65,2,15.61,31.22
11238,4432,74,5,57.84,289.20000000000005
11239,4432,103,1,12.9,12.9
11240,4433,82,5,18.87,94.35000000000001
11241,4433,71,1,18.82,18.82
11242,4434,107,3,72.28,216.84
11243,4435,111,4,38.81,155.24
11244,4435,37,3,10.68,32.04
11245,4436,90,5,18.34,91.7
11246,4436,32,5,20.95,104.75
11247,4436,89,5,17.31,86.55
11248,4436,11,4,27.66,110.64
11249,4437,33,5,104.58,522.9
11250,4438,96,2,78.92,157.84
11251,4438,96,1,72.1,72.1
11252,4438,57,3,66.97,200.91
11253,4439,93,2,22.14,44.28
11254,4440,59,1,19.49,19.49
11255,4440,10,2,75.11,150.22
11256,4441,98,1,60.02,60.02
11257,4441,7,1,12.57,12.57
11258,4441,97,4,47.79,191.16
11259,4442,106,2,48.93,97.86
11260,4443,1,3,16.46,49.38
11261,4443,118,4,22.59,90.36
11262,4443,75,2,37.05,74.1
11263,4443,73,3,10.19,30.57
11264,4444,39,3,8.05,24.150000000000002
11265,4444,21,5,63.05,315.25
11266,4444,3,5,31.11,155.55
11267,4445,51,1,109.16,109.16
11268,4445,95,4,105.92,423.68
11269,4445,3,4,30.88,123.52
11270,4446,27,5,51.46,257.3
11271,4446,99,3,19.06,57.17999999999999
11272,4446,53,3,45.42,136.26
11273,4446,13,4,41.77,167.08
11274,4447,118,4,21.93,87.72
11275,4447,41,3,56.03,168.09
11276,4448,22,4,59.61,238.44
11277,4449,68,1,24.82,24.82
11278,4449,11,5,27.64,138.2
11279,4449,84,2,49.38,98.76
11280,4449,78,2,17.2,34.4
11281,4450,109,2,19.23,38.46
11282,4450,36,1,21.01,21.01
11283,4450,51,2,107.77,215.54
11284,4451,81,1,80.12,80.12
11285,4451,23,2,68.7,137.4
11286,4452,44,4,17.95,71.8
11287,4453,14,4,71.8,287.2
11288,4453,85,3,66.38,199.14
11289,4454,80,5,10.47,52.35
11290,4454,12,4,37.6,150.4
11291,4454,16,1,36.01,36.01
11292,4455,49,3,23.5,70.5
11293,4456,79,2,20.98,41.96
11294,4456,95,3,105.21,315.63
11295,4456,55,2,36.32,72.64
11296,4457,97,5,48.69,243.45
11297,4457,50,1,42.04,42.04
11298,4457,72,1,33.49,33.49
11299,4457,32,2,22.97,45.94
11300,4458,77,5,20.88,104.39999999999999
11301,4458,109,4,19.61,78.44
11302,4459,35,2,59.57,119.14
11303,4459,86,2,36.88,73.76
11304,4459,55,2,33.78,67.56
11305,4460,63,2,48.41,96.82
11306,4461,70,3,69.01,207.03000000000003
11307,4461,51,5,102.01,510.05
11308,4461,80,4,10.71,42.84
11309,4462,44,4,17.2,68.8
11310,4463,20,2,34.81,69.62
11311,4463,48,2,53.45,106.9
11312,4463,53,1,43.43,43.43
11313,4464,103,1,13.38,13.38
11314,4464,77,3,22.34,67.02
11315,4464,51,5,109.65,548.25
11316,4465,103,4,13.81,55.24
11317,4465,1,5,18.02,90.1
11318,4465,83,2,38.51,77.02
11319,4466,111,4,38.87,155.48
11320,4466,84,4,48.54,194.16
11321,4467,72,1,32.82,32.82
11322,4467,64,1,43.71,43.71
11323,4468,20,4,36.19,144.76
11324,4468,19,2,38.99,77.98
11325,4468,16,3,34.53,103.59
11326,4469,113,5,31.93,159.65
11327,4469,46,1,14.18,14.18
11328,4469,116,1,89.96,89.96
11329,4470,74,1,60.63,60.63
11330,4470,91,4,31.76,127.04
11331,4470,113,1,32.25,32.25
11332,4471,62,4,11.48,45.92
11333,4472,7,1,13.68,13.68
11334,4473,99,3,19.5,58.5
11335,4473,43,3,38.75,116.25
11336,4474,19,4,41.05,164.2
11337,4474,31,4,25.78,103.12
11338,4475,119,3,41.91,125.72999999999999
11339,4475,51,5,99.78,498.9
11340,4475,70,2,67.18,134.36
11341,4476,96,5,74.53,372.65
11342,4476,70,5,66.7,333.5
11343,4476,20,5,35.82,179.1
11344,4477,11,3,26.66,79.98
11345,4478,113,1,30.27,30.27
11346,4479,25,3,69.49,208.46999999999997
11347,4479,31,3,25.98,77.94
11348,4479,5,2,87.53,175.06
11349,4479,91,1,29.34,29.34
11350,4480,61,5,46.92,234.60000000000002
11351,4480,77,4,21.41,85.64
11352,4480,23,1,73.9,73.9
11353,4481,66,1,96.39,96.39
11354,4482,67,5,27.17,135.85000000000002
11355,4482,102,4,19.76,79.04
11356,4482,86,1,39.04,39.04
11357,4482,73,2,10.13,20.26
11358,4483,81,1,82.63,82.63
11359,4483,94,4,27.51,110.04
11360,4484,27,1,50.77,50.77
11361,4484,71,4,17.58,70.32
11362,4484,114,2,32.56,65.12
11363,4485,87,2,31.56,63.12
11364,4485,101,2,55.6,111.2
11365,4486,6,5,71.59,357.95000000000005
11366,4487,101,3,54.23,162.69
11367,4487,78,2,17.42,34.84
11368,4487,22,5,61.22,306.1
11369,4488,107,1,69.28,69.28
11370,4488,106,2,49.09,98.18
11371,4489,79,3,21.14,63.42
11372,4490,116,3,88.31,264.93
11373,4491,99,3,18.07,54.21
11374,4491,51,2,102.59,205.18
11375,4491,119,5,39.11,195.55
11376,4491,58,1,55.7,55.7
11377,4492,19,3,37.99,113.97
11378,4492,14,4,78.34,313.36
11379,4492,83,2,34.7,69.4
11380,4493,17,4,51.42,205.68
11381,4493,108,3,19.41,58.230000000000004
11382,4494,112,3,59.35,178.05
11383,4494,4,5,28.94,144.70000000000002
11384,4494,21,1,66.13,66.13
11385,4494,21,2,62.34,124.68
11386,4495,85,5,66.82,334.09999999999997
11387,4495,30,1,18.38,18.38
11388,4496,81,1,82.82,82.82
11389,4497,106,5,47.92,239.60000000000002
11390,4498,80,1,10.45,10.45
11391,4499,118,5,22.35,111.75
11392,4499,59,5,20.23,101.15
11393,4499,110,5,64.35,321.75
11394,4499,94,1,26.82,26.82
11395,4500,57,2,71.37,142.74
11396,4500,35,1,62.52,62.52
11397,4500,81,4,80.94,323.76
11398,4500,94,2,25.94,51.88
11399,4501,13,2,42.27,84.54
11400,4501,38,3,113.82,341.46
11401,4502,118,4,22.32,89.28
11402,4502,17,3,52.09,156.27
11403,4503,114,1,32.59,32.59
11404,4503,16,3,35.97,107.91
11405,4504,72,3,32.62,97.85999999999999
11406,4504,38,3,112.75,338.25
11407,4504,18,5,17.14,85.7
11408,4505,27,2,50.26,100.52
11409,4506,114,1,31.94,31.94
11410,4506,33,1,107.11,107.11
11411,4506,108,1,18.82,18.82
11412,4507,77,5,21.19,105.95
11413,4507,119,4,42.46,169.84
11414,4507,56,2,24.49,48.98
11415,4508,61,4,47.85,191.4
11416,4508,10,5,73.2,366.0
11417,4508,42,3,25.45,76.35
11418,4508,72,4,33.25,133.0
11419,4509,46,4,14.13,56.52
11420,4509,21,2,66.69,133.38
11421,4510,60,5,31.43,157.15
11422,4510,118,5,22.62,113.10000000000001
11423,4510,110,4,70.88,283.52
11424,4510,45,5,46.15,230.75
11425,4511,16,3,35.4,106.19999999999999
11426,4512,2,4,44.08,176.32
11427,4513,78,4,16.2,64.8
11428,4513,83,3,38.05,114.14999999999999
11429,4513,110,2,66.07,132.14
11430,4513,70,2,66.7,133.4
11431,4514,33,1,108.75,108.75
11432,4514,4,3,28.5,85.5
11433,4514,64,1,46.54,46.54
11434,4514,35,3,63.02,189.06
11435,4515,96,3,76.52,229.56
11436,4515,78,1,17.64,17.64
11437,4515,62,2,12.46,24.92
11438,4515,90,5,19.17,95.85000000000001
11439,4516,64,1,44.65,44.65
11440,4517,78,2,17.37,34.74
11441,4517,92,2,8.08,16.16
11442,4518,9,4,35.19,140.76
11443,4518,20,5,33.83,169.14999999999998
11444,4519,58,4,60.91,243.64
11445,4519,86,1,38.2,38.2
11446,4520,51,2,100.69,201.38
11447,4520,110,5,71.05,355.25
11448,4521,118,4,23.93,95.72
11449,4521,13,1,41.42,41.42
11450,4522,80,3,9.78,29.339999999999996
11451,4523,8,3,21.7,65.1
11452,4523,95,2,109.95,219.9
11453,4523,11,5,26.31,131.54999999999998
11454,4523,13,4,41.05,164.2
11455,4524,89,1,18.72,18.72
11456,4524,48,2,53.54,107.08
11457,4525,47,3,25.42,76.26
11458,4525,52,4,48.57,194.28
11459,4525,56,4,22.71,90.84
11460,4526,81,5,82.46,412.29999999999995
11461,4526,88,3,38.12,114.35999999999999
11462,4526,115,1,37.71,37.71
11463,4526,63,1,47.53,47.53
11464,4527,102,1,19.57,19.57
11465,4528,73,3,9.88,29.64
11466,4529,9,4,34.17,136.68
11467,4529,103,1,13.17,13.17
11468,4529,53,2,44.58,89.16
11469,4530,55,3,36.56,109.68
11470,4530,101,2,58.92,117.84
11471,4530,105,2,15.09,30.18
11472,4530,120,2,28.13,56.26
11473,4531,63,4,48.2,192.8
11474,4531,54,4,61.55,246.2
11475,4532,49,5,22.08,110.39999999999999
11476,4532,41,5,52.57,262.85
11477,4532,32,2,22.57,45.14
11478,4532,39,2,8.69,17.38
11479,4533,88,4,37.17,148.68
11480,4534,36,3,21.49,64.47
11481,4534,75,5,35.18,175.9
11482,4534,30,5,18.79,93.94999999999999
11483,4535,97,3,46.37,139.10999999999999
11484,4535,51,4,108.41,433.64
11485,4535,66,5,89.58,447.9
11486,4535,117,3,60.91,182.73
11487,4536,105,2,14.11,28.22
11488,4536,40,5,19.48,97.4
11489,4536,35,1,62.09,62.09
11490,4537,66,4,93.85,375.4
11491,4538,88,1,36.61,36.61
11492,4539,117,2,61.17,122.34
11493,4539,48,5,51.42,257.1
11494,4540,70,2,68.86,137.72
11495,4540,14,4,75.74,302.96
11496,4540,88,3,39.1,117.30000000000001
11497,4541,64,1,46.34,46.34
11498,4541,78,4,16.17,64.68
11499,4541,28,2,23.9,47.8
11500,4542,52,5,45.78,228.9
11501,4542,8,2,19.8,39.6
11502,4542,43,3,41.07,123.21000000000001
11503,4542,44,5,17.96,89.80000000000001
11504,4543,55,3,34.44,103.32
11505,4543,118,2,22.73,45.46
11506,4543,75,2,35.78,71.56
11507,4544,108,1,19.48,19.48
11508,4544,25,4,70.66,282.64
11509,4545,118,1,22.45,22.45
11510,4546,73,4,9.88,39.52
11511,4546,4,3,27.93,83.78999999999999
11512,4546,104,1,45.83,45.83
11513,4546,19,1,39.79,39.79
11514,4547,97,1,47.89,47.89
11515,4547,29,5,10.85,54.25
11516,4547,82,1,17.55,17.55
11517,4548,89,5,17.12,85.60000000000001
11518,4548,15,1,18.52,18.52
11519,4548,118,3,22.66,67.98
11520,4549,107,3,68.51,205.53000000000003
11521,4549,49,4,21.93,87.72
11522,4549,30,3,19.06,57.17999999999999
11523,4550,71,1,18.0,18.0
11524,4550,95,2,101.07,202.14
11525,4550,11,1,26.27,26.27
11526,4550,19,5,40.12,200.6
11527,4551,76,1,13.85,13.85
11528,4551,35,4,58.73,234.92
11529,4551,109,3,20.17,60.510000000000005
11530,4551,66,2,90.86,181.72
11531,4552,80,1,9.84,9.84
11532,4552,42,3,25.68,77.03999999999999
11533,4552,79,4,20.71,82.84
11534,4552,31,3,26.11,78.33
11535,4553,59,4,20.08,80.32
11536,4554,3,4,30.44,121.76
11537,4554,54,5,59.27,296.35
11538,4555,92,2,8.25,16.5
11539,4556,45,4,42.9,171.6
11540,4557,7,2,12.81,25.62
11541,4557,99,3,18.11,54.33
11542,4557,35,3,61.26,183.78
11543,4557,78,2,16.85,33.7
11544,4558,87,4,29.8,119.2
11545,4558,36,5,20.14,100.7
11546,4559,36,3,21.34,64.02
11547,4559,63,1,49.66,49.66
11548,4559,56,3,22.71,68.13
11549,4560,14,1,76.22,76.22
11550,4560,10,3,73.19,219.57
11551,4560,6,4,70.93,283.72
11552,4561,38,3,109.53,328.59000000000003
11553,4561,17,5,50.07,250.35
11554,4562,91,2,28.8,57.6
11555,4563,105,1,14.42,14.42
11556,4563,96,4,78.42,313.68
11557,4563,31,5,24.99,124.94999999999999
11558,4564,41,1,54.17,54.17
11559,4564,116,2,88.19,176.38
11560,4564,17,3,50.11,150.32999999999998
11561,4564,41,4,55.31,221.24
11562,4565,54,5,58.23,291.15
11563,4566,50,4,40.96,163.84
11564,4566,113,5,30.7,153.5
11565,4567,98,3,63.18,189.54
11566,4567,118,2,21.73,43.46
11567,4567,27,5,49.93,249.65
11568,4567,9,2,33.14,66.28
11569,4568,110,2,68.88,137.76
11570,4568,17,4,49.91,199.64
11571,4568,79,4,21.1,84.4
11572,4568,107,4,66.61,266.44
11573,4569,8,3,20.61,61.83
11574,4569,75,4,36.85,147.4
11575,4569,115,4,37.38,149.52
11576,4570,116,2,96.19,192.38
11577,4570,35,5,61.57,307.85
11578,4570,31,3,26.18,78.53999999999999
11579,4570,28,2,24.45,48.9
11580,4571,72,2,32.86,65.72
11581,4571,108,1,19.71,19.71
11582,4571,110,3,65.03,195.09
11583,4571,40,4,19.21,76.84
11584,4572,62,5,12.01,60.05
11585,4572,87,1,30.21,30.21
11586,4572,82,4,17.9,71.6
11587,4573,5,2,88.6,177.2
11588,4573,107,1,70.3,70.3
11589,4573,111,3,38.1,114.30000000000001
11590,4574,77,1,20.95,20.95
11591,4574,50,1,43.58,43.58
11592,4574,95,2,107.72,215.44
11593,4575,22,5,58.43,292.15
11594,4575,27,1,48.7,48.7
11595,4575,118,2,23.76,47.52
11596,4575,42,5,26.19,130.95000000000002
11597,4576,90,2,18.32,36.64
11598,4576,49,2,22.23,44.46
11599,4576,96,4,73.4,293.6
11600,4576,97,1,48.77,48.77
11601,4577,61,1,48.49,48.49
11602,4577,46,2,13.51,27.02
11603,4578,83,4,35.95,143.8
11604,4578,25,1,71.55,71.55
11605,4579,35,1,61.65,61.65
11606,4580,6,1,74.63,74.63
11607,4581,63,4,46.64,186.56
11608,4581,78,4,17.82,71.28
11609,4582,46,2,14.08,28.16
11610,4583,90,1,18.34,18.34
11611,4583,52,4,49.62,198.48
11612,4583,26,4,19.53,78.12
11613,4583,1,1,16.48,16.48
11614,4584,103,4,13.32,53.28
11615,4584,98,5,62.84,314.20000000000005
11616,4585,54,4,59.74,238.96
11617,4585,27,2,51.02,102.04
11618,4585,71,2,17.94,35.88
11619,4586,57,2,72.34,144.68
11620,4587,43,2,37.79,75.58
11621,4587,80,1,10.07,10.07
11622,4588,28,5,24.15,120.75
11623,4588,5,1,86.03,86.03
11624,4588,20,2,34.91,69.82
11625,4588,42,1,27.6,27.6
11626,4589,100,3,37.41,112.22999999999999
11627,4590,32,1,21.27,21.27
11628,4590,116,4,90.97,363.88
11629,4591,16,3,35.31,105.93
11630,4591,120,3,29.19,87.57000000000001
11631,4591,98,4,62.96,251.84
11632,4592,9,5,32.8,164.0
11633,4593,65,1,14.53,14.53
11634,4593,82,4,19.08,76.32
11635,4593,55,1,34.73,34.73
11636,4594,118,1,22.84,22.84
11637,4594,16,1,35.98,35.98
11638,4594,65,2,14.64,29.28
11639,4595,62,3,12.23,36.69
11640,4595,74,2,61.49,122.98
11641,4595,33,2,103.85,207.7
11642,4596,59,5,19.5,97.5
11643,4597,16,1,32.76,32.76
11644,4597,15,1,19.2,19.2
11645,4597,64,3,42.8,128.39999999999998
11646,4598,89,4,17.42,69.68
11647,4598,82,3,18.1,54.300000000000004
11648,4598,115,4,37.25,149.0
11649,4598,7,1,13.73,13.73
11650,4599,53,3,44.67,134.01
11651,4600,7,4,13.27,53.08
11652,4601,44,2,16.42,32.84
11653,4601,89,3,17.31,51.92999999999999
11654,4601,72,1,32.06,32.06
11655,4602,25,4,68.95,275.8
11656,4603,9,5,35.26,176.29999999999998
11657,4603,19,2,38.25,76.5
11658,4604,51,1,105.51,105.51
11659,4604,116,2,94.97,189.94
11660,4604,47,5,24.46,122.30000000000001
11661,4605,22,5,63.17,315.85
11662,4606,32,3,21.35,64.05000000000001
11663,4606,83,4,37.24,148.96
11664,4607,34,4,43.51,174.04
11665,4607,98,1,58.08,58.08
11666,4608,5,1,85.5,85.5
11667,4608,40,4,19.48,77.92
11668,4608,31,3,24.69,74.07000000000001
11669,4609,56,4,24.21,96.84
11670,4609,48,2,51.69,103.38
11671,4609,67,5,28.46,142.3
11672,4609,40,4,20.28,81.12
11673,4610,25,3,71.08,213.24
11674,4610,78,5,16.24,81.19999999999999
11675,4610,36,3,19.94,59.82000000000001
11676,4610,106,2,51.23,102.46
11677,4611,116,2,95.8,191.6
11678,4612,28,1,22.26,22.26
11679,4612,33,3,104.73,314.19
11680,4612,115,4,36.52,146.08
11681,4612,98,1,63.49,63.49
11682,4613,54,3,61.42,184.26
11683,4613,65,5,16.0,80.0
11684,4614,30,4,18.87,75.48
11685,4614,78,4,16.31,65.24
11686,4614,113,2,31.77,63.54
11687,4614,55,4,36.09,144.36
11688,4615,53,2,43.18,86.36
11689,4615,71,4,17.39,69.56
11690,4615,99,5,17.92,89.60000000000001
11691,4616,65,2,15.45,30.9
11692,4616,54,4,58.26,233.04
11693,4616,58,1,55.98,55.98
11694,4616,2,4,44.08,176.32
11695,4617,97,3,48.01,144.03
11696,4617,43,5,39.83,199.14999999999998
11697,4618,106,3,51.45,154.35000000000002
11698,4618,45,1,44.6,44.6
11699,4619,31,5,26.02,130.1
11700,4619,107,2,72.27,144.54
11701,4619,17,4,48.64,194.56
11702,4619,94,4,25.7,102.8
11703,4620,98,2,60.11,120.22
11704,4620,27,1,50.93,50.93
11705,4621,26,3,20.39,61.17
11706,4621,40,3,19.84,59.519999999999996
11707,4621,104,3,45.07,135.21
11708,4621,42,5,26.85,134.25
11709,4622,13,4,40.93,163.72
11710,4623,49,2,23.47,46.94
11711,4623,11,4,26.25,105.0
11712,4623,64,2,45.44,90.88
11713,4624,22,4,60.98,243.92
11714,4624,34,2,47.83,95.66
11715,4624,2,5,42.49,212.45000000000002
11716,4624,3,3,29.54,88.62
11717,4625,90,2,18.44,36.88
11718,4625,111,5,36.52,182.60000000000002
11719,4626,48,5,53.64,268.2
11720,4626,3,1,31.06,31.06
11721,4626,114,1,32.51,32.51
11722,4626,50,5,42.54,212.7
11723,4627,44,5,16.35,81.75
11724,4628,96,2,74.28,148.56
11725,4629,85,2,68.58,137.16
11726,4629,89,4,18.7,74.8
11727,4630,82,4,18.08,72.32
11728,4630,3,3,29.96,89.88
11729,4631,39,4,8.7,34.8
11730,4631,82,2,19.05,38.1
11731,4631,108,2,19.75,39.5
11732,4632,76,3,12.54,37.62
11733,4632,48,2,50.3,100.6
11734,4632,108,5,18.65,93.25
11735,4632,67,4,28.87,115.48
11736,4633,16,3,36.08,108.24
11737,4634,48,2,52.63,105.26
11738,4634,102,3,19.57,58.71
11739,4634,53,2,43.45,86.9
11740,4635,67,2,26.78,53.56
11741,4635,7,4,13.53,54.12
11742,4635,79,1,21.87,21.87
11743,4635,38,4,117.67,470.68
11744,4636,12,4,37.16,148.64
11745,4636,114,1,34.05,34.05
11746,4636,50,1,41.21,41.21
11747,4637,100,3,39.03,117.09
11748,4637,85,1,69.67,69.67
11749,4637,106,5,48.65,243.25
11750,4637,52,3,47.46,142.38
11751,4638,86,3,37.71,113.13
11752,4639,113,3,32.39,97.17
11753,4639,79,2,22.04,44.08
11754,4639,80,4,10.02,40.08
11755,4640,108,4,18.53,74.12
11756,4640,43,1,38.49,38.49
11757,4641,65,1,14.92,14.92
11758,4641,88,5,38.56,192.8
11759,4642,110,5,67.4,337.0
11760,4642,96,5,71.35,356.75
11761,4642,50,2,39.5,79.0
11762,4643,95,5,108.06,540.3
11763,4643,72,4,33.98,135.92
11764,4643,55,2,36.22,72.44
11765,4643,57,4,65.44,261.76
11766,4644,92,4,8.32,33.28
11767,4644,3,4,32.0,128.0
11768,4645,114,5,34.17,170.85000000000002
11769,4645,24,5,47.09,235.45000000000002
11770,4646,84,4,49.39,197.56
11771,4646,112,3,63.22,189.66
11772,4647,26,4,20.54,82.16
11773,4647,72,5,34.28,171.4
11774,4647,65,3,15.35,46.05
11775,4647,6,4,70.11,280.44
11776,4648,78,2,16.37,32.74
11777,4648,117,5,60.51,302.55
11778,4649,108,5,19.54,97.69999999999999
11779,4649,112,1,61.77,61.77
11780,4650,59,1,19.21,19.21
11781,4650,86,5,36.3,181.5
11782,4650,29,4,11.98,47.92
11783,4651,34,4,43.32,173.28
11784,4651,112,1,64.49,64.49
11785,4651,36,5,21.2,106.0
11786,4652,87,4,29.23,116.92
11787,4653,104,2,43.97,87.94
11788,4654,76,5,13.59,67.95
11789,4654,8,4,21.15,84.6
11790,4654,115,5,38.57,192.85
11791,4655,29,3,11.93,35.79
11792,4655,119,3,42.25,126.75
11793,4655,20,4,36.32,145.28
11794,4656,42,1,25.48,25.48
11795,4656,86,4,38.45,153.8
11796,4657,7,5,13.39,66.95
11797,4657,46,5,13.55,67.75
11798,4658,109,2,20.86,41.72
11799,4658,110,3,67.34,202.02
11800,4658,66,2,95.95,191.9
11801,4658,97,3,48.44,145.32
11802,4659,96,4,77.31,309.24
11803,4660,119,5,40.19,200.95
11804,4660,52,5,45.93,229.65
11805,4660,36,3,21.45,64.35
11806,4661,106,2,49.56,99.12
11807,4661,57,3,72.48,217.44
11808,4662,72,2,34.58,69.16
11809,4662,80,3,10.8,32.400000000000006
11810,4663,97,2,47.25,94.5
11811,4664,117,4,62.14,248.56
11812,4664,45,4,43.07,172.28
11813,4664,42,5,26.98,134.9
11814,4665,106,1,52.62,52.62
11815,4666,40,2,18.84,37.68
11816,4666,78,1,17.41,17.41
11817,4666,76,2,13.29,26.58
11818,4667,53,1,41.57,41.57
11819,4667,80,1,10.0,10.0
11820,4667,87,3,29.54,88.62
11821,4667,23,1,72.55,72.55
11822,4668,23,3,72.84,218.52
11823,4668,55,1,36.91,36.91
11824,4668,104,4,45.6,182.4
11825,4669,46,4,14.14,56.56
11826,4670,57,5,68.59,342.95000000000005
11827,4670,51,2,101.02,202.04
11828,4670,95,2,104.66,209.32
11829,4670,17,3,47.78,143.34
11830,4671,73,5,10.12,50.599999999999994
11831,4671,78,5,16.85,84.25
11832,4671,25,3,70.38,211.14
11833,4672,23,5,74.11,370.55
11834,4672,85,2,68.63,137.26
11835,4672,4,3,28.29,84.87
11836,4672,26,1,19.23,19.23
11837,4673,60,1,30.94,30.94
11838,4674,1,4,16.79,67.16
11839,4674,5,3,88.64,265.92
11840,4674,76,3,13.31,39.93
11841,4674,80,5,10.26,51.3
11842,4675,115,3,35.8,107.39999999999999
11843,4675,72,5,32.8,164.0
11844,4675,14,3,74.88,224.64
11845,4676,69,2,63.08,126.16
11846,4676,3,1,30.29,30.29
11847,4676,12,5,39.6,198.0
11848,4676,27,4,49.5,198.0
11849,4677,15,2,19.07,38.14
11850,4677,117,4,61.24,244.96
11851,4677,80,5,10.07,50.35
11852,4677,71,1,17.48,17.48
11853,4678,4,5,29.42,147.10000000000002
11854,4678,17,1,50.05,50.05
11855,4678,14,1,78.9,78.9
11856,4678,75,3,36.59,109.77000000000001
11857,4679,92,2,8.18,16.36
11858,4679,74,2,57.68,115.36
11859,4680,21,3,63.51,190.53
11860,4680,32,3,21.83,65.49
11861,4680,60,2,28.87,57.74
11862,4680,53,3,42.48,127.44
11863,4681,12,5,39.57,197.85
11864,4681,52,4,47.9,191.6
11865,4681,29,3,10.83,32.49
11866,4681,24,4,42.5,170.0
11867,4682,106,5,49.49,247.45000000000002
11868,4682,15,1,18.14,18.14
11869,4682,91,1,29.64,29.64
11870,4682,7,5,12.82,64.1
11871,4683,23,5,70.61,353.05
11872,4683,107,4,69.37,277.48
11873,4683,26,4,20.14,80.56
11874,4684,8,5,20.72,103.6
11875,4684,57,1,69.76,69.76
11876,4684,30,3,19.41,58.230000000000004
11877,4684,76,1,12.92,12.92
11878,4685,67,5,27.24,136.2
11879,4685,70,1,70.87,70.87
11880,4685,5,1,87.61,87.61
11881,4686,35,3,57.93,173.79
11882,4686,5,2,85.97,171.94
11883,4687,114,5,31.92,159.60000000000002
11884,4688,12,2,40.28,80.56
11885,4688,101,4,56.27,225.08
11886,4689,105,2,14.19,28.38
11887,4689,79,3,21.4,64.19999999999999
11888,4689,98,5,58.56,292.8
11889,4689,109,4,21.03,84.12
11890,4690,108,1,20.27,20.27
11891,4691,36,5,21.22,106.1
11892,4691,92,5,8.02,40.099999999999994
11893,4691,36,3,21.88,65.64
11894,4691,16,2,33.09,66.18
11895,4692,38,4,108.93,435.72
11896,4692,114,3,33.22,99.66
11897,4692,20,1,36.32,36.32
11898,4693,70,2,67.64,135.28
11899,4694,17,1,50.81,50.81
11900,4695,57,2,72.14,144.28
11901,4696,110,1,70.13,70.13
11902,4696,115,5,36.01,180.04999999999998
11903,4696,103,5,13.28,66.39999999999999
11904,4697,101,1,59.13,59.13
11905,4697,66,4,93.59,374.36
11906,4698,5,5,93.62,468.1
11907,4699,80,5,9.81,49.050000000000004
11908,4700,54,5,57.2,286.0
11909,4700,29,2,10.98,21.96
11910,4700,85,3,68.03,204.09
11911,4701,3,1,31.84,31.84
11912,4701,19,5,37.65,188.25
11913,4702,53,1,45.02,45.02
11914,4702,22,3,61.4,184.2
11915,4702,81,3,80.41,241.23
11916,4702,96,2,75.43,150.86
11917,4703,82,5,18.58,92.89999999999999
11918,4703,16,3,33.79,101.37
11919,4703,73,1,10.07,10.07
11920,4703,113,5,29.89,149.45
11921,4704,112,5,60.12,300.59999999999997
11922,4705,20,2,35.92,71.84
11923,4705,26,2,19.39,38.78
11924,4705,22,4,57.1,228.4
11925,4705,32,1,22.38,22.38
11926,4706,109,4,20.89,83.56
11927,4707,10,1,77.21,77.21
11928,4707,68,2,26.1,52.2
11929,4708,113,1,31.59,31.59
11930,4708,100,4,38.81,155.24
11931,4708,55,4,35.69,142.76
11932,4709,65,3,15.1,45.3
11933,4709,49,5,23.31,116.55
11934,4710,81,1,84.53,84.53
11935,4710,119,5,41.9,209.5
11936,4710,70,5,70.35,351.75
11937,4711,52,1,45.74,45.74
11938,4711,109,3,19.37,58.11
11939,4711,41,3,50.93,152.79
11940,4712,8,4,20.88,83.52
11941,4712,26,3,19.28,57.84
11942,4712,79,2,20.29,40.58
11943,4712,53,2,42.44,84.88
11944,4713,108,3,20.21,60.63
11945,4713,83,3,35.53,106.59
11946,4713,69,2,62.26,124.52
11947,4713,110,2,71.17,142.34
11948,4714,90,3,18.13,54.39
11949,4714,23,2,68.81,137.62
11950,4714,86,3,37.76,113.28
11951,4714,84,5,48.63,243.15
11952,4715,113,4,32.12,128.48
11953,4715,1,4,17.55,70.2
11954,4715,20,1,33.72,33.72
11955,4715,97,4,45.98,183.92
11956,4716,116,4,93.13,372.52
11957,4716,34,3,43.88,131.64000000000001
11958,4717,116,2,89.1,178.2
11959,4717,5,3,93.18,279.54
11960,4717,85,2,71.55,143.1
11961,4717,48,2,50.04,100.08
11962,4718,77,5,21.82,109.1
11963,4718,108,1,20.24,20.24
11964,4719,69,4,62.67,250.68
11965,4719,28,5,24.02,120.1
11966,4719,115,1,37.52,37.52
11967,4719,35,4,60.22,240.88
11968,4720,61,1,49.36,49.36
11969,4720,21,3,62.32,186.96
11970,4721,106,2,50.66,101.32
11971,4721,118,4,22.62,90.48
11972,4721,46,4,14.27,57.08
11973,4722,52,5,48.11,240.55
11974,4722,56,1,22.75,22.75
11975,4722,114,2,33.38,66.76
11976,4722,74,4,59.27,237.08
11977,4723,12,5,39.47,197.35
11978,4724,91,2,29.03,58.06
11979,4724,54,1,59.31,59.31
11980,4724,9,1,34.86,34.86
11981,4724,57,1,66.31,66.31
11982,4725,8,1,20.9,20.9
11983,4725,31,5,27.02,135.1
11984,4725,89,5,17.09,85.45
11985,4725,60,1,29.97,29.97
11986,4726,53,5,44.89,224.45
11987,4726,43,4,38.11,152.44
11988,4727,106,3,47.74,143.22
11989,4727,30,3,19.14,57.42
11990,4727,114,2,34.0,68.0
11991,4728,44,3,17.42,52.260000000000005
11992,4728,47,5,25.18,125.9
11993,4729,77,5,22.84,114.2
11994,4729,92,4,8.36,33.44
11995,4729,57,2,65.93,131.86
11996,4729,77,2,20.92,41.84
11997,4730,50,1,42.41,42.41
11998,4731,94,2,27.21,54.42
11999,4731,103,2,13.11,26.22
12000,4731,104,5,45.53,227.65
12001,4732,78,5,16.49,82.44999999999999
12002,4732,34,4,45.98,183.92
12003,4732,77,5,21.53,107.65
12004,4733,75,3,36.21,108.63
12005,4734,27,2,51.89,103.78
12006,4734,103,3,13.96,41.88
12007,4734,91,3,29.56,88.67999999999999
12008,4734,54,2,59.54,119.08
12009,4735,5,3,87.61,262.83
12010,4735,87,5,30.8,154.0
12011,4736,26,5,18.81,94.05
12012,4736,90,5,19.64,98.2
12013,4736,50,4,40.77,163.08
12014,4737,86,4,36.73,146.92
12015,4737,107,5,68.33,341.65
12016,4737,11,2,26.85,53.7
12017,4737,4,1,29.68,29.68
12018,4738,81,1,84.37,84.37
12019,4739,54,3,60.23,180.69
12020,4739,84,1,49.05,49.05
12021,4740,15,4,18.71,74.84
12022,4740,105,2,14.35,28.7
12023,4740,28,1,24.46,24.46
12024,4741,16,2,32.88,65.76
12025,4742,49,3,22.77,68.31
12026,4742,99,3,19.41,58.230000000000004
12027,4742,12,5,38.79,193.95
12028,4743,61,3,45.76,137.28
12029,4743,100,4,37.25,149.0
12030,4743,63,4,49.57,198.28
12031,4744,10,1,75.15,75.15
12032,4744,25,2,68.0,136.0
12033,4744,71,3,17.37,52.11
12034,4744,78,2,16.89,33.78
12035,4745,20,3,35.17,105.51
12036,4745,47,2,24.98,49.96
12037,4746,13,1,39.37,39.37
12038,4746,69,2,62.97,125.94
12039,4746,56,2,24.47,48.94
12040,4746,79,3,20.56,61.67999999999999
12041,4747,42,1,27.2,27.2
12042,4747,119,4,39.1,156.4
12043,4747,6,5,72.78,363.9
12044,4748,30,3,18.89,56.67
12045,4748,8,3,21.37,64.11
12046,4748,103,1,14.15,14.15
12047,4749,36,1,21.53,21.53
12048,4749,4,1,28.24,28.24
12049,4749,94,3,27.65,82.94999999999999
12050,4750,108,3,18.31,54.92999999999999
12051,4750,103,1,13.76,13.76
12052,4750,26,3,18.82,56.46
12053,4750,8,5,21.64,108.2
12054,4751,36,5,21.81,109.05
12055,4751,21,4,66.25,265.0
12056,4751,93,4,22.69,90.76
12057,4752,41,3,51.96,155.88
12058,4752,54,2,58.39,116.78
12059,4753,79,4,20.6,82.4
12060,4753,54,5,60.18,300.9
12061,4753,35,2,57.88,115.76
12062,4753,27,3,52.39,157.17000000000002
12063,4754,27,3,50.91,152.73
12064,4754,16,4,34.71,138.84
12065,4754,71,1,18.25,18.25
12066,4755,28,4,22.62,90.48
12067,4755,82,2,18.62,37.24
12068,4756,44,3,16.96,50.88
12069,4756,59,1,19.96,19.96
12070,4756,102,5,19.07,95.35
12071,4757,81,1,78.48,78.48
12072,4757,35,2,58.09,116.18
12073,4757,1,4,17.1,68.4
12074,4757,88,2,37.0,74.0
12075,4758,40,2,18.98,37.96
12076,4758,10,3,77.69,233.07
12077,4758,74,1,60.65,60.65
12078,4759,97,2,45.69,91.38
12079,4759,79,1,21.01,21.01
12080,4759,100,3,40.76,122.28
12081,4759,24,2,46.76,93.52
12082,4760,103,4,13.42,53.68
12083,4760,40,1,20.73,20.73
12084,4760,63,1,49.4,49.4
12085,4761,28,2,22.53,45.06
12086,4761,74,5,58.54,292.7
12087,4761,108,5,18.79,93.94999999999999
12088,4761,117,1,56.47,56.47
12089,4762,36,1,21.05,21.05
12090,4763,49,1,23.02,23.02
12091,4763,106,3,47.74,143.22
12092,4763,38,5,114.49,572.4499999999999
12093,4763,107,4,66.9,267.6
12094,4764,65,2,14.85,29.7
12095,4764,64,5,42.06,210.3
12096,4764,113,2,29.38,58.76
12097,4764,105,2,14.72,29.44
12098,4765,111,5,36.41,182.04999999999998
12099,4766,10,2,79.56,159.12
12100,4766,14,4,78.5,314.0
12101,4766,16,3,32.83,98.49
12102,4766,65,5,15.76,78.8
12103,4767,49,4,23.17,92.68
12104,4767,27,5,50.42,252.10000000000002
12105,4767,84,3,46.16,138.48
12106,4768,28,2,23.63,47.26
12107,4768,117,2,61.91,123.82
12108,4769,43,3,38.09,114.27000000000001
12109,4770,57,5,72.09,360.45000000000005
12110,4770,8,1,21.29,21.29
12111,4771,1,3,16.48,49.44
12112,4771,20,2,35.46,70.92
12113,4771,22,1,57.39,57.39
12114,4772,12,4,39.12,156.48
12115,4772,53,5,41.58,207.89999999999998
12116,4772,85,5,68.91,344.54999999999995
12117,4773,83,3,35.07,105.21000000000001
12118,4774,97,1,49.69,49.69
12119,4774,71,5,17.56,87.8
12120,4775,17,4,49.83,199.32
12121,4776,106,2,48.71,97.42
12122,4776,102,5,18.99,94.94999999999999
12123,4777,32,2,21.14,42.28
12124,4777,104,3,45.25,135.75
12125,4777,65,1,14.7,14.7
12126,4777,47,3,25.42,76.26
12127,4778,18,4,17.54,70.16
12128,4778,113,4,32.3,129.2
12129,4778,78,5,16.21,81.05000000000001
12130,4778,53,4,42.67,170.68
12131,4779,92,5,8.4,42.0
12132,4779,93,5,23.54,117.69999999999999
12133,4779,62,4,12.45,49.8
12134,4779,26,2,18.75,37.5
12135,4780,54,4,61.48,245.92
12136,4781,74,1,60.27,60.27
12137,4781,23,2,74.15,148.3
12138,4781,15,3,19.67,59.010000000000005
12139,4782,113,2,30.32,60.64
12140,4782,70,2,66.12,132.24
12141,4783,73,1,9.82,9.82
12142,4783,53,5,43.63,218.15
12143,4784,98,3,63.24,189.72
12144,4784,45,3,43.37,130.10999999999999
12145,4784,3,5,30.88,154.4
12146,4784,93,4,24.54,98.16
12147,4785,31,4,24.67,98.68
12148,4785,92,3,7.96,23.88
12149,4785,58,3,55.54,166.62
12150,4785,44,3,16.34,49.019999999999996
12151,4786,65,2,14.79,29.58
12152,4786,53,5,44.28,221.4
12153,4786,49,3,22.76,68.28
12154,4787,33,3,99.74,299.21999999999997
12155,4787,41,2,52.84,105.68
12156,4787,40,2,19.67,39.34
12157,4787,55,5,35.66,178.29999999999998
12158,4788,117,4,57.86,231.44
12159,4788,44,4,16.24,64.96
12160,4789,75,4,33.83,135.32
12161,4790,5,2,85.94,171.88
12162,4790,1,1,17.85,17.85
12163,4790,84,3,45.09,135.27
12164,4790,81,4,78.81,315.24
12165,4791,93,1,22.95,22.95
12166,4792,68,1,27.03,27.03
12167,4792,38,1,116.59,116.59
12168,4793,12,1,39.22,39.22
12169,4793,116,3,94.09,282.27
12170,4793,23,3,71.42,214.26
12171,4793,119,3,42.79,128.37
12172,4794,33,1,98.85,98.85
12173,4794,69,1,62.05,62.05
12174,4794,12,4,39.01,156.04
12175,4794,96,2,76.26,152.52
12176,4795,49,1,23.9,23.9
12177,4796,66,2,96.43,192.86
12178,4796,16,2,34.85,69.7
12179,4796,32,2,21.52,43.04
12180,4796,49,1,23.7,23.7
12181,4797,9,2,33.96,67.92
12182,4797,89,1,18.31,18.31
12183,4797,42,3,26.12,78.36
12184,4798,89,3,18.09,54.269999999999996
12185,4799,23,4,70.21,280.84
12186,4799,5,4,89.9,359.6
12187,4799,111,2,37.18,74.36
12188,4800,27,5,52.47,262.35
12189,4800,117,5,59.92,299.6
12190,4801,84,3,47.52,142.56
12191,4801,64,3,44.23,132.69
12192,4801,77,3,21.76,65.28
12193,4802,68,4,27.03,108.12
12194,4803,46,1,13.73,13.73
12195,4804,112,3,62.26,186.78
12196,4804,8,3,20.09,60.269999999999996
12197,4804,90,5,18.35,91.75
12198,4805,75,5,36.61,183.05
12199,4805,20,3,36.7,110.10000000000001
12200,4805,80,3,10.15,30.450000000000003
12201,4806,115,4,35.74,142.96
12202,4807,36,1,21.59,21.59
12203,4807,69,3,64.79,194.37
12204,4807,46,3,14.02,42.06
12205,4808,3,5,30.21,151.05
12206,4808,7,4,13.19,52.76
12207,4809,24,4,46.6,186.4
12208,4809,77,1,21.03,21.03
12209,4809,96,5,71.66,358.29999999999995
12210,4809,10,4,79.15,316.6
12211,4810,16,1,34.77,34.77
12212,4810,104,4,44.97,179.88
12213,4810,103,3,12.99,38.97
12214,4811,64,1,45.32,45.32
12215,4811,95,3,106.21,318.63
12216,4812,26,5,19.42,97.10000000000001
12217,4813,5,2,91.82,183.64
12218,4813,109,2,21.14,42.28
12219,4813,40,2,20.74,41.48
12220,4813,43,4,37.76,151.04
12221,4814,61,5,45.72,228.6
12222,4814,73,4,9.81,39.24
12223,4814,10,2,76.91,153.82
12224,4815,71,3,18.79,56.37
12225,4816,70,3,70.5,211.5
12226,4817,90,4,19.45,77.8
12227,4818,118,3,23.33,69.99
12228,4818,87,4,30.5,122.0
12229,4818,73,3,9.6,28.799999999999997
12230,4819,107,1,69.98,69.98
12231,4819,60,5,30.63,153.15
12232,4819,7,2,13.0,26.0
12233,4819,105,5,14.18,70.9
12234,4820,117,3,56.93,170.79
12235,4820,116,3,88.72,266.15999999999997
12236,4820,110,5,64.8,324.0
12237,4821,109,2,20.67,41.34
12238,4822,83,1,36.73,36.73
12239,4823,5,1,93.77,93.77
12240,4824,90,5,18.09,90.45
12241,4825,12,1,40.37,40.37
12242,4826,18,4,17.31,69.24
12243,4827,74,3,61.74,185.22
12244,4827,111,1,36.47,36.47
12245,4827,28,1,23.02,23.02
12246,4828,20,5,34.07,170.35
12247,4828,63,3,46.91,140.73
12248,4828,43,3,39.17,117.51
12249,4829,101,2,55.27,110.54
12250,4829,24,3,46.74,140.22
12251,4829,113,1,32.11,32.11
12252,4829,32,5,21.14,105.7
12253,4830,41,4,53.05,212.2
12254,4831,81,4,79.1,316.4
12255,4831,102,5,19.72,98.6
12256,4831,58,5,59.23,296.15
12257,4831,61,3,49.73,149.19
12258,4832,78,5,16.79,83.94999999999999
12259,4832,80,2,10.45,20.9
12260,4833,95,5,101.49,507.45
12261,4834,16,1,33.11,33.11
12262,4835,115,2,37.36,74.72
12263,4835,8,1,21.03,21.03
12264,4836,29,5,11.85,59.25
12265,4837,94,4,27.28,109.12
12266,4837,34,1,44.3,44.3
12267,4838,72,3,32.93,98.78999999999999
12268,4838,19,2,37.24,74.48
12269,4838,99,4,19.06,76.24
12270,4839,37,1,9.82,9.82
12271,4839,14,3,74.65,223.95000000000002
12272,4839,14,4,71.66,286.64
12273,4839,21,1,66.36,66.36
12274,4840,88,1,39.14,39.14
12275,4841,8,5,20.11,100.55
12276,4841,72,1,31.74,31.74
12277,4841,79,5,20.63,103.14999999999999
12278,4842,40,2,20.9,41.8
12279,4843,74,4,62.38,249.52
12280,4843,36,4,20.87,83.48
12281,4844,52,5,49.04,245.2
12282,4844,4,3,27.67,83.01
12283,4844,17,5,47.83,239.14999999999998
12284,4845,13,3,42.12,126.35999999999999
12285,4845,3,3,31.87,95.61
12286,4846,41,5,51.48,257.4
12287,4846,32,5,22.71,113.55000000000001
12288,4847,31,1,24.77,24.77
12289,4847,1,4,16.99,67.96
12290,4848,95,5,108.47,542.35
12291,4848,114,3,32.41,97.22999999999999
12292,4849,89,4,18.37,73.48
12293,4849,21,3,63.73,191.19
12294,4849,94,5,27.23,136.15
12295,4850,32,4,22.72,90.88
12296,4850,37,4,9.9,39.6
12297,4851,96,1,72.75,72.75
12298,4851,26,1,18.81,18.81
12299,4851,120,4,29.23,116.92
12300,4852,103,1,12.81,12.81
12301,4852,75,3,35.56,106.68
12302,4852,61,5,46.65,233.25
12303,4852,31,2,27.31,54.62
12304,4853,79,1,21.85,21.85
12305,4853,55,3,35.34,106.02000000000001
12306,4853,78,1,17.66,17.66
12307,4854,8,5,21.91,109.55
12308,4854,45,4,45.75,183.0
12309,4854,14,5,74.19,370.95
12310,4854,50,3,43.14,129.42000000000002
12311,4855,86,5,36.48,182.39999999999998
12312,4855,14,4,73.95,295.8
12313,4856,100,4,39.67,158.68
12314,4856,100,2,37.13,74.26
12315,4857,33,5,100.08,500.4
12316,4858,24,5,45.08,225.39999999999998
12317,4858,89,1,17.23,17.23
12318,4858,92,4,8.66,34.64
12319,4859,77,3,22.69,68.07000000000001
12320,4859,18,2,17.42,34.84
12321,4859,62,2,11.55,23.1
12322,4860,31,2,25.37,50.74
12323,4860,35,1,61.27,61.27
12324,4860,70,2,66.38,132.76
12325,4861,119,4,40.21,160.84
12326,4861,24,2,43.31,86.62
12327,4861,30,1,19.32,19.32
12328,4862,30,1,19.92,19.92
12329,4862,26,5,20.59,102.95
12330,4862,114,2,31.11,62.22
12331,4863,14,5,72.1,360.5
12332,4864,24,2,45.89,91.78
12333,4865,80,2,9.78,19.56
12334,4865,43,3,39.69,119.07
12335,4865,109,1,20.59,20.59
12336,4866,72,1,32.48,32.48
12337,4867,17,4,49.46,197.84
12338,4867,58,2,58.24,116.48
12339,4867,13,5,40.25,201.25
12340,4867,52,2,47.11,94.22
12341,4868,109,4,20.89,83.56
12342,4868,58,2,60.68,121.36
12343,4869,80,4,10.42,41.68
12344,4869,47,2,23.76,47.52
12345,4869,117,4,58.77,235.08
12346,4870,72,2,33.56,67.12
12347,4870,86,5,37.3,186.5
12348,4870,96,3,72.25,216.75
12349,4871,93,1,23.73,23.73
12350,4871,114,4,31.09,124.36
12351,4871,56,5,24.51,122.55000000000001
12352,4872,20,2,34.81,69.62
12353,4872,29,4,10.97,43.88
12354,4873,29,2,11.5,23.0
12355,4873,69,3,63.74,191.22
12356,4873,11,1,27.98,27.98
12357,4874,43,2,38.73,77.46
12358,4875,88,4,38.56,154.24
12359,4875,57,5,70.43,352.15000000000003
12360,4876,41,2,55.43,110.86
12361,4877,62,1,12.04,12.04
12362,4878,16,4,32.72,130.88
12363,4879,4,4,28.96,115.84
12364,4879,87,2,31.08,62.16
12365,4880,74,1,57.67,57.67
12366,4881,83,2,38.24,76.48
12367,4882,44,3,16.56,49.67999999999999
12368,4882,27,1,49.05,49.05
12369,4883,98,3,57.66,172.98
12370,4883,88,2,37.39,74.78
12371,4883,7,1,13.66,13.66
12372,4884,117,1,60.73,60.73
12373,4885,67,1,26.82,26.82
12374,4885,36,4,21.9,87.6
12375,4885,44,2,17.39,34.78
12376,4886,66,2,94.01,188.02
12377,4886,12,2,36.84,73.68
12378,4886,10,1,79.01,79.01
12379,4887,50,2,41.91,83.82
12380,4888,115,5,35.51,177.54999999999998
12381,4889,50,3,41.39,124.17
12382,4889,103,4,12.84,51.36
12383,4889,91,3,28.91,86.73
12384,4889,102,1,18.24,18.24
12385,4890,19,4,38.82,155.28
12386,4890,120,3,30.59,91.77
12387,4891,100,2,39.76,79.52
12388,4891,103,1,13.76,13.76
12389,4891,6,4,69.66,278.64
12390,4891,32,3,21.35,64.05000000000001
12391,4892,62,4,11.99,47.96
12392,4892,76,3,13.76,41.28
12393,4892,78,4,17.17,68.68
12394,4893,118,4,22.13,88.52
12395,4894,2,5,41.19,205.95
12396,4894,31,5,24.78,123.9
12397,4894,9,5,33.43,167.15
12398,4895,64,5,44.86,224.3
12399,4895,33,5,100.37,501.85
12400,4896,75,2,33.74,67.48
12401,4896,46,4,13.84,55.36
12402,4897,31,3,25.09,75.27
12403,4898,42,2,25.8,51.6
12404,4898,76,1,13.8,13.8
12405,4899,117,1,61.32,61.32
12406,4899,21,5,67.52,337.59999999999997
12407,4899,21,4,62.0,248.0
12408,4899,116,5,97.25,486.25
12409,4900,107,3,68.83,206.49
12410,4901,107,1,65.97,65.97
12411,4901,114,3,31.85,95.55000000000001
12412,4901,26,5,18.93,94.65
12413,4902,22,4,59.09,236.36
12414,4903,79,2,20.2,40.4
12415,4903,92,4,8.13,32.52
12416,4903,100,4,37.28,149.12
12417,4904,120,2,28.84,57.68
12418,4904,108,3,18.94,56.82000000000001
12419,4904,30,5,20.01,100.05000000000001
12420,4904,36,3,20.26,60.78
12421,4905,61,5,49.42,247.10000000000002
12422,4905,36,4,21.65,86.6
12423,4905,92,1,8.4,8.4
12424,4905,99,3,18.63,55.89
12425,4906,89,3,17.72,53.16
12426,4906,2,4,45.33,181.32
12427,4906,100,5,40.92,204.60000000000002
12428,4906,35,2,62.02,124.04
12429,4907,42,4,27.59,110.36
12430,4907,68,5,26.96,134.8
12431,4907,15,3,19.49,58.47
12432,4908,88,1,37.35,37.35
12433,4908,82,5,18.25,91.25
12434,4908,54,2,58.57,117.14
12435,4909,41,4,55.09,220.36
12436,4909,35,4,59.46,237.84
12437,4909,78,4,17.31,69.24
12438,4909,119,4,40.11,160.44
12439,4910,57,3,65.86,197.57999999999998
12440,4911,117,1,61.81,61.81
12441,4912,56,4,23.1,92.4
12442,4913,1,3,16.77,50.31
12443,4914,106,5,50.29,251.45
12444,4915,43,2,38.17,76.34
12445,4915,77,1,20.71,20.71
12446,4916,57,1,65.58,65.58
12447,4916,75,4,37.29,149.16
12448,4916,92,1,8.61,8.61
12449,4917,117,4,61.51,246.04
12450,4917,116,2,92.58,185.16
12451,4917,33,1,104.62,104.62
12452,4917,3,2,29.58,59.16
12453,4918,83,5,36.6,183.0
12454,4918,25,1,68.84,68.84
12455,4918,43,5,41.05,205.25
12456,4919,91,5,31.38,156.9
12457,4920,72,1,33.96,33.96
12458,4921,72,2,34.43,68.86
12459,4921,99,4,19.55,78.2
12460,4922,76,3,12.85,38.55
12461,4922,111,2,36.34,72.68
12462,4922,24,3,44.23,132.69
12463,4923,52,2,45.43,90.86
12464,4923,54,1,62.26,62.26
12465,4923,100,1,38.91,38.91
12466,4923,101,5,54.06,270.3
12467,4924,41,4,53.4,213.6
12468,4924,111,5,37.74,188.70000000000002
12469,4925,80,5,10.17,50.85
12470,4926,29,1,11.16,11.16
12471,4927,106,3,49.8,149.39999999999998
12472,4927,21,2,63.5,127.0
12473,4927,83,2,36.13,72.26
12474,4928,112,2,63.66,127.32
12475,4928,85,1,72.66,72.66
12476,4928,61,3,45.52,136.56
12477,4928,101,1,59.09,59.09
12478,4929,23,1,70.16,70.16
12479,4930,31,2,26.91,53.82
12480,4931,78,4,17.23,68.92
12481,4932,90,3,19.5,58.5
12482,4932,33,5,100.49,502.45
12483,4932,77,5,20.97,104.85
12484,4933,95,2,100.48,200.96
12485,4933,66,5,91.15,455.75
12486,4934,20,2,36.02,72.04
12487,4934,118,1,22.84,22.84
12488,4934,43,5,40.39,201.95
12489,4934,50,2,43.53,87.06
12490,4935,69,2,59.86,119.72
12491,4935,29,4,11.05,44.2
12492,4935,9,5,33.61,168.05
12493,4935,101,4,57.64,230.56
12494,4936,91,1,28.77,28.77
12495,4936,23,2,69.52,139.04
12496,4936,62,3,12.13,36.39
12497,4937,90,5,17.89,89.45
12498,4938,119,1,42.7,42.7
12499,4938,112,3,65.34,196.02
12500,4938,8,5,21.6,108.0
12501,4939,99,3,18.7,56.099999999999994
12502,4939,18,2,17.55,35.1
12503,4940,76,5,12.5,62.5
12504,4940,72,1,33.92,33.92
12505,4940,111,2,35.61,71.22
12506,4940,70,1,70.59,70.59
12507,4941,59,4,19.16,76.64
12508,4941,73,5,10.07,50.35
12509,4941,10,5,76.13,380.65
12510,4942,4,1,28.14,28.14
12511,4942,89,5,17.09,85.45
12512,4942,60,3,29.36,88.08
12513,4942,87,1,32.23,32.23
12514,4943,59,1,19.23,19.23
12515,4943,104,1,44.12,44.12
12516,4944,38,3,110.59,331.77
12517,4944,49,4,23.14,92.56
12518,4945,32,3,22.67,68.01
12519,4945,18,1,18.2,18.2
12520,4946,15,2,18.99,37.98
12521,4946,13,4,40.97,163.88
12522,4946,12,3,37.46,112.38
12523,4946,42,5,27.26,136.3
12524,4947,54,4,63.28,253.12
12525,4947,96,1,74.1,74.1
12526,4947,99,4,19.15,76.6
12527,4948,63,1,49.01,49.01
12528,4948,72,1,33.95,33.95
12529,4949,21,3,65.94,197.82
12530,4949,32,5,21.83,109.14999999999999
12531,4949,30,5,19.35,96.75
12532,4949,60,4,28.9,115.6
12533,4950,42,3,27.89,83.67
12534,4950,26,4,19.04,76.16
12535,4951,58,5,56.87,284.34999999999997
12536,4951,15,5,19.26,96.30000000000001
12537,4951,101,4,56.54,226.16
12538,4951,91,1,28.87,28.87
12539,4952,120,2,29.79,59.58
12540,4952,33,2,106.09,212.18
12541,4952,72,2,32.79,65.58
12542,4953,98,5,61.35,306.75
12543,4954,47,4,23.28,93.12
12544,4954,113,3,32.27,96.81
12545,4955,23,2,74.41,148.82
12546,4955,21,5,66.0,330.0
12547,4955,62,2,12.13,24.26
12548,4956,43,4,40.54,162.16
12549,4956,74,2,62.36,124.72
12550,4956,103,1,13.05,13.05
12551,4956,40,3,19.86,59.58
12552,4957,89,1,17.73,17.73
12553,4957,39,5,8.02,40.099999999999994
12554,4957,6,2,72.24,144.48
12555,4958,100,5,40.61,203.05
12556,4959,63,4,45.71,182.84
12557,4959,80,4,9.97,39.88
12558,4960,45,1,45.95,45.95
12559,4960,55,2,34.1,68.2
12560,4960,99,1,18.11,18.11
12561,4960,67,3,29.09,87.27
12562,4961,18,2,17.28,34.56
12563,4961,61,1,46.33,46.33
12564,4962,17,2,49.88,99.76
12565,4962,21,3,62.25,186.75
12566,4963,119,3,39.69,119.07
12567,4963,105,4,14.58,58.32
12568,4963,105,5,13.99,69.95
12569,4963,11,2,28.57,57.14
12570,4964,120,5,28.81,144.04999999999998
12571,4964,26,2,19.32,38.64
12572,4965,22,3,61.5,184.5
12573,4965,68,5,27.18,135.9
12574,4965,46,1,13.12,13.12
12575,4965,56,1,23.45,23.45
12576,4966,104,3,45.42,136.26
12577,4967,72,4,34.12,136.48
12578,4967,36,1,20.04,20.04
12579,4967,111,4,39.49,157.96
12580,4968,85,1,66.76,66.76
12581,4969,35,3,62.67,188.01
12582,4970,7,2,12.71,25.42
12583,4970,19,1,39.6,39.6
12584,4970,25,5,67.12,335.6
12585,4971,15,5,18.74,93.69999999999999
12586,4971,111,2,37.02,74.04
12587,4971,8,4,21.37,85.48
12588,4972,114,5,32.1,160.5
12589,4973,95,4,110.32,441.28
12590,4973,10,4,73.49,293.96
12591,4974,55,4,33.33,133.32
12592,4974,1,3,16.67,50.010000000000005
12593,4975,31,1,27.23,27.23
12594,4975,33,1,105.83,105.83
12595,4976,81,3,81.64,244.92000000000002
12596,4976,23,3,74.29,222.87
12597,4976,94,4,26.62,106.48
12598,4976,85,1,68.33,68.33
12599,4977,113,2,29.37,58.74
12600,4977,67,2,27.2,54.4
12601,4977,48,4,51.55,206.2
12602,4977,87,3,29.1,87.30000000000001
12603,4978,83,2,37.99,75.98
12604,4979,26,4,19.86,79.44
12605,4979,33,5,108.44,542.2
12606,4979,77,4,22.31,89.24
12607,4979,104,5,44.92,224.60000000000002
12608,4980,63,3,48.71,146.13
12609,4981,110,5,69.46,347.29999999999995
12610,4981,66,4,92.96,371.84
12611,4981,76,4,13.46,53.84
12612,4981,44,3,17.8,53.400000000000006
12613,4982,80,3,10.59,31.77
12614,4982,10,4,77.29,309.16
12615,4982,80,5,10.68,53.4
12616,4983,49,4,22.06,88.24
12617,4983,71,2,17.64,35.28
12618,4983,119,1,41.17,41.17
12619,4984,53,5,42.19,210.95
12620,4985,82,2,18.8,37.6
12621,4985,89,5,18.39,91.95
12622,4985,21,1,61.96,61.96
12623,4986,118,2,23.21,46.42
12624,4986,67,1,26.47,26.47
12625,4986,90,2,17.96,35.92
12626,4987,16,1,33.23,33.23
12627,4987,38,5,110.08,550.4
12628,4988,113,3,32.15,96.44999999999999
12629,4988,61,2,48.05,96.1
12630,4988,3,2,29.17,58.34
12631,4989,72,1,34.46,34.46
12632,4989,103,2,13.45,26.9
12633,4989,10,1,76.3,76.3
12634,4989,23,1,72.28,72.28
12635,4990,60,5,31.25,156.25
12636,4991,49,4,22.97,91.88
12637,4991,13,2,41.68,83.36
12638,4992,24,2,42.87,85.74
12639,4992,62,2,11.5,23.0
12640,4993,72,2,32.03,64.06
12641,4994,11,2,27.49,54.98
12642,4994,87,5,32.0,160.0
12643,4995,44,3,16.55,49.650000000000006
12644,4996,120,1,30.97,30.97
12645,4997,115,3,36.0,108.0
12646,4997,75,1,36.65,36.65
12647,4997,1,1,16.87,16.87
12648,4997,16,4,34.16,136.64
12649,4998,33,3,106.51,319.53000000000003
12650,4998,53,1,45.3,45.3
12651,4999,45,4,44.07,176.28
12652,4999,94,3,27.52,82.56
12653,5000,71,2,18.91,37.82
12654,5000,36,1,20.73,20.73
12655,5000,116,4,88.74,354.96
12656,5001,108,2,19.41,38.82
12657,5001,77,4,21.23,84.92
12658,5001,27,2,48.73,97.46
12659,5001,108,4,19.48,77.92
12660,5002,88,4,37.8,151.2
12661,5002,20,1,34.74,34.74
12662,5002,21,1,68.03,68.03
12663,5002,35,3,58.24,174.72
12664,5003,76,2,13.08,26.16
12665,5003,107,5,70.52,352.59999999999997
12666,5003,17,1,50.48,50.48
12667,5004,1,1,17.52,17.52
12668,5004,82,3,19.01,57.03
12669,5005,55,5,34.56,172.8
12670,5005,10,3,75.51,226.53000000000003
12671,5006,55,3,34.53,103.59
12672,5006,5,5,87.9,439.5
12673,5006,114,4,32.02,128.08
12674,5007,104,5,43.57,217.85
12675,5007,54,2,59.68,119.36
12676,5007,99,1,19.46,19.46
12677,5007,109,4,19.92,79.68
12678,5008,4,2,29.02,58.04
12679,5008,71,1,17.84,17.84
12680,5008,27,4,49.75,199.0
12681,5008,36,4,20.91,83.64
12682,5009,77,5,22.67,113.35000000000001
12683,5009,18,1,16.98,16.98
12684,5009,111,5,37.48,187.39999999999998
12685,5009,59,1,19.99,19.99
12686,5010,105,4,14.77,59.08
12687,5010,3,1,30.6,30.6
12688,5010,95,3,102.47,307.40999999999997
12689,5011,41,5,52.91,264.54999999999995
12690,5012,85,1,67.31,67.31
12691,5012,63,5,45.58,227.89999999999998
12692,5013,70,1,67.18,67.18
12693,5014,67,2,26.67,53.34
12694,5014,58,1,56.09,56.09
12695,5015,54,1,57.89,57.89
12696,5015,117,2,58.57,117.14
12697,5015,116,5,89.18,445.90000000000003
12698,5016,71,5,17.95,89.75
12699,5016,18,1,16.95,16.95
12700,5016,7,3,13.66,40.980000000000004
12701,5017,120,1,28.4,28.4
12702,5018,23,5,72.34,361.70000000000005
12703,5018,83,2,34.96,69.92
12704,5018,86,5,39.25,196.25
12705,5019,99,2,19.17,38.34
12706,5019,37,1,10.61,10.61
12707,5020,77,5,20.89,104.45
12708,5020,55,1,35.56,35.56
12709,5020,26,4,18.73,74.92
12710,5021,88,4,37.88,151.52
12711,5021,91,2,31.79,63.58
12712,5021,63,4,46.98,187.92
12713,5021,102,4,19.02,76.08
12714,5022,75,4,35.52,142.08
12715,5022,91,4,29.66,118.64
12716,5023,91,2,28.85,57.7
12717,5024,105,2,15.04,30.08
12718,5024,77,3,22.21,66.63
12719,5024,8,1,21.94,21.94
12720,5024,116,1,93.82,93.82
12721,5025,116,1,88.82,88.82
12722,5025,88,1,38.17,38.17
12723,5026,113,2,30.2,60.4
12724,5027,25,2,71.4,142.8
12725,5027,108,1,18.68,18.68
12726,5028,16,4,34.3,137.2
12727,5028,77,3,22.85,68.55000000000001
12728,5029,62,2,11.54,23.08
12729,5029,102,2,19.35,38.7
12730,5030,65,3,15.46,46.38
12731,5030,73,4,9.7,38.8
12732,5030,39,1,7.96,7.96
12733,5030,60,2,31.24,62.48
12734,5031,45,3,43.02,129.06
12735,5031,112,4,64.18,256.72
12736,5032,66,5,94.98,474.90000000000003
12737,5032,25,4,66.06,264.24
12738,5033,6,4,73.38,293.52
12739,5033,103,4,13.78,55.12
12740,5034,75,4,35.04,140.16
12741,5034,53,3,44.93,134.79
12742,5034,35,4,63.65,254.6
12743,5035,36,2,21.48,42.96
12744,5035,75,5,33.6,168.0
12745,5035,61,2,46.97,93.94
12746,5035,64,4,46.18,184.72
12747,5036,77,1,21.46,21.46
12748,5036,112,4,60.28,241.12
12749,5036,22,1,57.93,57.93
12750,5037,76,3,13.58,40.74
12751,5037,91,2,29.44,58.88
12752,5037,59,1,19.94,19.94
12753,5037,48,4,51.69,206.76
12754,5038,64,4,46.42,185.68
12755,5038,85,4,70.78,283.12
12756,5039,42,4,27.86,111.44
12757,5039,19,3,37.92,113.76
12758,5039,11,5,28.39,141.95
12759,5040,7,5,12.79,63.949999999999996
12760,5040,109,1,19.77,19.77
12761,5040,20,2,37.27,74.54
12762,5041,80,4,10.31,41.24
12763,5041,22,4,59.3,237.2
12764,5041,64,5,44.97,224.85
12765,5041,92,3,8.6,25.799999999999997
12766,5042,18,3,17.31,51.92999999999999
12767,5042,60,1,31.24,31.24
12768,5043,51,5,106.39,531.95
12769,5044,92,3,8.67,26.009999999999998
12770,5044,68,5,27.41,137.05
12771,5044,90,5,19.14,95.7
12772,5044,71,4,18.38,73.52
12773,5045,30,1,18.32,18.32
12774,5045,69,3,64.0,192.0
12775,5045,110,3,71.14,213.42000000000002
12776,5046,49,4,22.69,90.76
12777,5047,93,2,23.09,46.18
12778,5047,80,1,10.53,10.53
12779,5047,11,4,26.52,106.08
12780,5047,11,5,26.25,131.25
12781,5048,69,1,64.87,64.87
12782,5048,24,2,42.78,85.56
12783,5049,50,3,42.32,126.96000000000001
12784,5049,54,4,58.91,235.64
12785,5049,56,2,22.11,44.22
12786,5050,88,3,37.34,112.02000000000001
12787,5050,45,2,46.85,93.7
12788,5051,13,2,39.06,78.12
12789,5051,60,3,29.26,87.78
12790,5051,104,2,45.43,90.86
12791,5051,43,2,41.72,83.44
12792,5052,92,1,8.49,8.49
12793,5052,56,3,23.4,70.19999999999999
12794,5053,24,4,44.3,177.2
12795,5053,66,2,96.24,192.48
12796,5053,58,2,56.84,113.68
12797,5054,88,5,36.71,183.55
12798,5054,83,2,37.38,74.76
12799,5054,19,3,40.8,122.39999999999999
12800,5055,7,2,13.71,27.42
12801,5055,17,1,49.2,49.2
12802,5055,81,2,84.39,168.78
12803,5055,60,2,28.84,57.68
12804,5056,46,2,13.1,26.2
12805,5056,57,4,69.36,277.44
12806,5056,1,5,17.61,88.05
12807,5057,68,1,25.55,25.55
12808,5058,20,1,35.81,35.81
12809,5058,74,2,57.14,114.28
12810,5058,19,3,40.76,122.28
12811,5058,33,5,104.93,524.6500000000001
12812,5059,114,5,34.0,170.0
12813,5060,78,1,17.09,17.09
12814,5060,107,4,71.49,285.96
12815,5060,60,5,31.6,158.0
12816,5061,87,1,30.62,30.62
12817,5061,60,2,29.63,59.26
12818,5062,76,2,12.91,25.82
12819,5062,72,2,32.41,64.82
12820,5063,1,2,16.83,33.66
12821,5063,74,5,62.72,313.6
12822,5063,16,1,34.6,34.6
12823,5063,75,3,35.85,107.55000000000001
12824,5064,15,5,18.19,90.95
12825,5065,100,1,40.63,40.63
12826,5066,71,4,17.18,68.72
12827,5066,60,4,30.22,120.88
12828,5066,113,2,32.16,64.32
12829,5066,113,4,29.68,118.72
12830,5067,34,2,47.28,94.56
12831,5067,114,3,33.22,99.66
12832,5068,51,5,105.29,526.45
12833,5068,41,4,52.72,210.88
12834,5069,114,3,33.25,99.75
12835,5069,106,1,52.43,52.43
12836,5069,103,1,13.02,13.02
12837,5069,51,1,99.39,99.39
12838,5070,71,1,17.04,17.04
12839,5070,117,2,62.41,124.82
12840,5070,5,3,90.76,272.28000000000003
12841,5071,112,5,62.35,311.75
12842,5071,113,5,29.96,149.8
12843,5071,53,1,42.66,42.66
12844,5072,5,5,91.24,456.2
12845,5073,42,5,25.59,127.95
12846,5073,13,3,41.14,123.42
12847,5074,83,2,34.74,69.48
12848,5074,43,2,40.72,81.44
12849,5074,45,3,43.85,131.55
12850,5075,68,2,27.49,54.98
12851,5076,80,4,10.82,43.28
12852,5076,16,4,33.02,132.08
12853,5076,51,1,104.6,104.6
12854,5077,12,1,37.49,37.49
12855,5077,61,1,48.02,48.02
12856,5077,40,2,20.02,40.04
12857,5077,46,2,14.1,28.2
12858,5078,22,3,61.07,183.21
12859,5078,96,3,72.63,217.89
12860,5079,34,2,45.82,91.64
12861,5079,73,2,10.22,20.44
12862,5079,78,4,16.11,64.44
12863,5079,82,1,17.54,17.54
12864,5080,1,2,16.8,33.6
12865,5080,99,2,19.27,38.54
12866,5080,79,4,22.13,88.52
12867,5080,96,5,72.72,363.6
12868,5081,89,5,17.51,87.55000000000001
12869,5081,62,3,12.52,37.56
12870,5081,90,5,19.16,95.8
12871,5082,31,5,25.46,127.30000000000001
12872,5082,41,5,54.78,273.9
12873,5083,44,2,16.56,33.12
12874,5084,47,2,24.8,49.6
12875,5084,67,2,26.7,53.4
12876,5084,89,4,18.04,72.16
12877,5085,29,3,11.37,34.11
12878,5085,40,4,19.73,78.92
12879,5085,94,1,26.88,26.88
12880,5086,94,1,28.13,28.13
12881,5086,28,2,23.55,47.1
12882,5086,13,5,39.63,198.15
12883,5087,41,2,51.91,103.82
12884,5087,15,2,18.54,37.08
12885,5088,76,4,13.48,53.92
12886,5089,87,5,29.69,148.45000000000002
12887,5089,84,1,46.04,46.04
12888,5089,41,2,56.36,112.72
12889,5089,48,5,53.07,265.35
12890,5090,59,5,19.77,98.85
12891,5090,91,5,30.53,152.65
12892,5090,115,2,36.79,73.58
12893,5090,109,3,20.49,61.47
12894,5091,41,5,56.22,281.1
12895,5091,20,3,36.55,109.64999999999999
12896,5091,7,5,13.23,66.15
12897,5091,110,4,65.22,260.88
12898,5092,114,1,30.99,30.99
12899,5093,65,2,15.21,30.42
12900,5093,9,3,33.03,99.09
12901,5093,54,3,63.2,189.60000000000002
12902,5093,87,5,30.73,153.65
12903,5094,96,2,72.56,145.12
12904,5094,94,4,26.0,104.0
12905,5094,95,5,102.48,512.4
12906,5094,12,4,38.4,153.6
12907,5095,82,3,18.3,54.900000000000006
12908,5095,120,5,30.0,150.0
12909,5096,50,3,41.04,123.12
12910,5096,62,3,12.29,36.87
12911,5096,33,4,102.92,411.68
12912,5097,97,1,46.43,46.43
12913,5098,44,4,16.31,65.24
12914,5098,119,2,42.11,84.22
12915,5098,69,2,62.09,124.18
12916,5099,41,1,51.95,51.95
12917,5099,68,4,26.06,104.24
12918,5099,5,1,88.59,88.59
12919,5099,111,5,36.41,182.04999999999998
12920,5100,55,1,35.77,35.77
12921,5101,55,3,35.03,105.09
12922,5101,50,3,41.17,123.51
12923,5101,80,1,10.28,10.28
12924,5102,94,5,27.18,135.9
12925,5102,80,5,10.64,53.2
12926,5103,16,5,34.37,171.85
12927,5104,88,5,38.57,192.85
12928,5105,78,1,17.21,17.21
12929,5105,119,1,39.44,39.44
12930,5105,32,5,22.68,113.4
12931,5105,97,2,45.07,90.14
12932,5106,106,4,48.72,194.88
12933,5107,5,2,94.82,189.64
12934,5108,110,4,68.63,274.52
12935,5108,98,5,60.36,301.8
12936,5108,97,1,48.57,48.57
12937,5108,120,5,29.26,146.3
12938,5109,25,2,67.27,134.54
12939,5109,5,2,92.59,185.18
12940,5109,74,5,59.73,298.65
12941,5110,72,5,32.76,163.79999999999998
12942,5110,103,4,12.95,51.8
12943,5111,72,1,33.99,33.99
12944,5111,14,2,74.1,148.2
12945,5111,63,2,47.98,95.96
12946,5112,47,5,24.03,120.15
12947,5112,106,1,50.67,50.67
12948,5113,85,5,69.9,349.5
12949,5114,98,5,63.79,318.95
12950,5114,88,2,40.25,80.5
12951,5115,21,1,62.96,62.96
12952,5115,104,5,46.16,230.79999999999998
12953,5115,13,5,40.87,204.35
12954,5115,32,3,21.98,65.94
12955,5116,20,4,36.37,145.48
12956,5116,11,5,27.37,136.85
12957,5116,107,5,70.57,352.84999999999997
12958,5117,17,2,49.42,98.84
12959,5117,12,3,39.26,117.78
12960,5118,12,1,38.32,38.32
12961,5118,78,3,16.26,48.78
12962,5118,28,1,23.71,23.71
12963,5118,82,1,18.76,18.76
12964,5119,32,2,21.46,42.92
12965,5119,27,1,51.8,51.8
12966,5119,20,2,37.33,74.66
12967,5120,28,4,23.42,93.68
12968,5121,29,5,11.16,55.8
12969,5121,101,2,54.35,108.7
12970,5121,64,4,42.85,171.4
12971,5121,51,3,101.83,305.49
12972,5122,109,4,19.95,79.8
12973,5123,60,1,28.67,28.67
12974,5123,106,4,49.98,199.92
12975,5123,48,3,53.77,161.31
12976,5123,118,3,22.75,68.25
12977,5124,22,1,60.24,60.24
12978,5125,62,5,12.16,60.8
12979,5125,53,1,45.72,45.72
12980,5126,107,1,67.45,67.45
12981,5127,33,1,109.32,109.32
12982,5127,42,4,27.31,109.24
12983,5127,37,1,10.16,10.16
12984,5128,75,5,36.73,183.64999999999998
12985,5128,25,4,71.54,286.16
12986,5129,58,2,61.32,122.64
12987,5129,76,1,13.09,13.09
12988,5129,26,1,20.61,20.61
12989,5130,35,4,62.04,248.16
12990,5131,17,3,47.63,142.89000000000001
12991,5131,20,4,33.75,135.0
12992,5131,111,2,37.14,74.28
12993,5131,98,1,61.78,61.78
12994,5132,24,5,46.68,233.4
12995,5132,70,3,66.25,198.75
12996,5133,13,5,40.14,200.7
12997,5133,104,1,45.48,45.48
12998,5134,92,4,8.23,32.92
12999,5135,94,2,27.04,54.08
13000,5135,38,2,112.09,224.18
13001,5136,45,4,43.88,175.52
13002,5136,105,1,13.81,13.81
13003,5136,68,3,26.28,78.84
13004,5137,70,3,67.34,202.02
13005,5138,119,5,38.99,194.95000000000002
13006,5138,99,1,18.38,18.38
13007,5138,43,5,41.48,207.39999999999998
13008,5139,7,5,13.28,66.39999999999999
13009,5139,29,2,11.07,22.14
13010,5139,91,4,30.64,122.56
13011,5139,20,5,36.49,182.45000000000002
13012,5140,37,5,10.6,53.0
13013,5140,113,2,32.57,65.14
13014,5140,53,2,44.09,88.18
13015,5140,30,2,19.03,38.06
13016,5141,66,2,95.72,191.44
13017,5141,112,3,59.75,179.25
13018,5141,26,5,20.25,101.25
13019,5141,72,3,32.1,96.30000000000001
13020,5142,96,5,76.56,382.8
13021,5142,71,5,17.91,89.55
13022,5142,106,5,48.8,244.0
13023,5142,49,5,23.4,117.0
13024,5143,96,2,78.23,156.46
13025,5143,48,3,52.05,156.14999999999998
13026,5144,8,2,21.63,43.26
13027,5145,39,5,8.61,43.05
13028,5145,18,4,16.92,67.68
13029,5145,88,5,38.84,194.20000000000002
13030,5146,49,5,23.93,119.65
13031,5146,89,4,17.18,68.72
13032,5146,90,5,19.15,95.75
13033,5147,64,4,43.64,174.56
13034,5147,112,1,61.58,61.58
13035,5148,54,3,57.38,172.14000000000001
13036,5149,83,4,35.76,143.04
13037,5150,77,4,22.65,90.6
13038,5150,86,3,35.67,107.01
13039,5150,59,1,19.62,19.62
13040,5151,52,3,49.94,149.82
13041,5152,99,2,18.05,36.1
13042,5152,109,4,20.8,83.2
13043,5152,8,2,21.98,43.96
13044,5153,118,5,23.76,118.80000000000001
13045,5153,109,5,21.0,105.0
13046,5153,71,5,18.91,94.55
13047,5153,63,2,46.51,93.02
13048,5154,55,2,36.86,73.72
13049,5154,62,1,12.12,12.12
13050,5154,22,1,57.69,57.69
13051,5154,47,3,25.2,75.6
13052,5155,114,2,31.22,62.44
13053,5155,64,2,42.76,85.52
13054,5156,44,4,16.24,64.96
13055,5157,27,5,50.26,251.29999999999998
13056,5157,93,1,23.12,23.12
13057,5157,60,2,29.41,58.82
13058,5158,70,2,71.99,143.98
13059,5158,48,3,53.74,161.22
13060,5158,5,1,88.26,88.26
13061,5159,36,5,20.99,104.94999999999999
13062,5159,72,4,34.39,137.56
13063,5159,26,5,19.1,95.5
13064,5159,61,4,46.35,185.4
13065,5160,104,5,43.75,218.75
13066,5161,23,2,68.81,137.62
13067,5162,103,4,12.84,51.36
13068,5163,17,2,51.94,103.88
13069,5163,59,2,19.08,38.16
13070,5163,78,3,16.71,50.13
13071,5164,28,4,22.47,89.88
13072,5165,28,4,23.09,92.36
13073,5165,55,3,33.71,101.13
13074,5165,3,2,29.35,58.7
13075,5165,112,2,63.24,126.48
13076,5166,31,3,25.82,77.46000000000001
13077,5166,94,3,26.11,78.33
13078,5167,35,3,63.64,190.92000000000002
13079,5167,97,5,49.74,248.70000000000002
13080,5167,23,1,71.58,71.58
13081,5167,85,1,67.53,67.53
13082,5168,87,2,32.11,64.22
13083,5168,87,5,30.28,151.4
13084,5169,7,1,13.17,13.17
13085,5170,18,4,17.83,71.32
13086,5171,105,5,14.85,74.25
13087,5172,42,2,26.46,52.92
13088,5172,97,5,47.59,237.95000000000002
13089,5172,100,3,41.0,123.0
13090,5172,84,3,47.48,142.44
13091,5173,22,3,61.49,184.47
13092,5173,41,2,52.03,104.06
13093,5173,10,3,76.85,230.54999999999998
13094,5173,1,1,16.68,16.68
13095,5174,102,1,18.6,18.6
13096,5174,58,2,58.29,116.58
13097,5174,94,1,27.23,27.23
13098,5175,19,3,37.4,112.19999999999999
13099,5176,19,3,37.47,112.41
13100,5176,68,3,24.94,74.82000000000001
13101,5177,64,1,43.71,43.71
13102,5177,50,4,40.16,160.64
13103,5177,6,1,74.98,74.98
13104,5178,32,2,22.8,45.6
13105,5178,18,5,16.93,84.65
13106,5178,20,5,35.91,179.54999999999998
13107,5178,31,3,25.94,77.82000000000001
13108,5179,80,2,9.99,19.98
13109,5180,85,5,70.7,353.5
13110,5181,97,5,48.58,242.89999999999998
13111,5181,37,4,10.59,42.36
13112,5181,65,2,14.91,29.82
13113,5181,98,2,58.64,117.28
13114,5182,59,1,20.94,20.94
13115,5182,3,5,31.99,159.95
13116,5183,60,5,29.49,147.45
13117,5183,1,3,16.46,49.38
13118,5184,47,3,24.8,74.4
13119,5184,36,3,20.65,61.949999999999996
13120,5185,110,2,69.59,139.18
13121,5185,88,1,36.67,36.67
13122,5186,80,2,10.27,20.54
13123,5186,115,2,36.27,72.54
13124,5187,114,4,32.97,131.88
13125,5187,38,1,115.8,115.8
13126,5187,67,5,29.16,145.8
13127,5187,67,1,27.4,27.4
13128,5188,3,3,29.41,88.23
13129,5188,5,5,94.59,472.95000000000005
13130,5188,41,2,54.05,108.1
13131,5189,1,4,18.05,72.2
13132,5190,83,1,37.88,37.88
13133,5191,2,2,43.41,86.82
13134,5191,28,5,22.45,112.25
13135,5191,12,2,37.54,75.08
13136,5192,60,4,30.8,123.2
13137,5192,105,3,14.83,44.49
13138,5192,7,1,12.85,12.85
13139,5192,77,2,22.15,44.3
13140,5193,66,3,90.02,270.06
13141,5193,108,3,18.69,56.07000000000001
13142,5193,72,5,31.55,157.75
13143,5193,101,2,54.55,109.1
13144,5194,83,3,35.31,105.93
13145,5194,92,3,8.54,25.619999999999997
13146,5194,59,1,20.9,20.9
13147,5194,43,5,41.65,208.25
13148,5195,62,2,11.93,23.86
13149,5195,17,3,51.73,155.19
13150,5195,86,4,35.79,143.16
13151,5196,13,5,41.43,207.15
13152,5197,112,1,63.0,63.0
13153,5198,4,3,28.92,86.76
13154,5198,14,1,71.53,71.53
13155,5198,22,3,59.11,177.32999999999998
13156,5199,23,5,67.05,335.25
13157,5199,3,3,31.59,94.77
13158,5199,119,5,42.99,214.95000000000002
13159,5199,83,4,35.48,141.92
13160,5200,37,2,10.51,21.02
13161,5200,47,5,25.26,126.30000000000001
13162,5201,28,4,22.94,91.76
13163,5202,64,1,44.95,44.95
13164,5202,48,4,50.31,201.24
13165,5202,58,3,55.93,167.79
13166,5203,48,5,52.09,260.45000000000005
13167,5203,35,4,59.4,237.6
13168,5204,61,1,49.59,49.59
13169,5204,14,3,78.95,236.85000000000002
13170,5204,67,4,26.9,107.6
13171,5205,66,3,90.48,271.44
13172,5206,15,1,18.46,18.46
13173,5206,104,1,44.17,44.17
13174,5207,115,2,36.21,72.42
13175,5207,90,2,19.14,38.28
13176,5207,114,3,32.36,97.08
13177,5208,112,2,59.17,118.34
13178,5208,89,2,18.38,36.76
13179,5208,43,3,39.09,117.27000000000001
13180,5208,26,1,20.1,20.1
13181,5209,102,4,19.54,78.16
13182,5209,59,1,19.2,19.2
13183,5210,87,5,31.02,155.1
13184,5210,107,4,72.11,288.44
13185,5210,114,1,31.23,31.23
13186,5210,82,4,18.63,74.52
13187,5211,35,3,58.92,176.76
13188,5211,10,3,75.31,225.93
13189,5212,97,2,48.55,97.1
13190,5212,3,2,31.7,63.4
13191,5212,61,5,49.91,249.54999999999998
13192,5213,36,1,21.62,21.62
13193,5213,53,4,45.24,180.96
13194,5214,106,3,47.94,143.82
13195,5214,56,5,23.81,119.05
13196,5214,18,3,17.75,53.25
13197,5215,52,3,45.44,136.32
13198,5215,13,5,40.43,202.15
13199,5216,106,4,49.33,197.32
13200,5217,5,3,91.61,274.83
13201,5217,114,5,32.63,163.15
13202,5217,27,5,53.25,266.25
13203,5217,80,1,9.93,9.93
13204,5218,106,2,50.59,101.18
13205,5219,24,5,43.09,215.45000000000002
13206,5219,112,5,64.67,323.35
13207,5219,51,3,103.53,310.59000000000003
13208,5220,62,2,11.79,23.58
13209,5221,43,5,38.8,194.0
13210,5221,119,1,39.2,39.2
13211,5221,81,1,78.19,78.19
13212,5222,43,4,39.22,156.88
13213,5223,9,1,32.91,32.91
13214,5224,108,1,19.28,19.28
13215,5224,79,1,20.33,20.33
13216,5224,16,5,34.69,173.45
13217,5224,57,1,66.39,66.39
13218,5225,32,5,21.49,107.44999999999999
13219,5225,32,1,22.73,22.73
13220,5225,58,5,61.66,308.29999999999995
13221,5225,8,2,20.56,41.12
13222,5226,30,3,19.12,57.36
13223,5226,7,1,13.11,13.11
13224,5227,113,2,30.51,61.02
13225,5227,108,1,18.78,18.78
13226,5228,20,2,36.02,72.04
13227,5228,70,3,67.7,203.10000000000002
13228,5228,27,3,50.64,151.92000000000002
13229,5229,67,4,27.54,110.16
13230,5229,55,5,36.07,180.35
13231,5230,3,1,31.62,31.62
13232,5231,96,2,71.45,142.9
13233,5232,93,3,23.49,70.47
13234,5232,8,3,20.04,60.12
13235,5232,26,3,18.91,56.730000000000004
13236,5233,14,2,74.04,148.08
13237,5233,47,2,23.17,46.34
13238,5233,54,4,62.88,251.52
13239,5233,78,1,17.29,17.29
13240,5234,76,1,13.36,13.36
13241,5234,17,4,48.11,192.44
13242,5234,58,3,60.77,182.31
13243,5235,96,4,73.35,293.4
13244,5235,107,4,67.25,269.0
13245,5235,101,2,58.62,117.24
13246,5236,36,3,21.22,63.66
13247,5236,63,3,48.49,145.47
13248,5236,18,1,18.26,18.26
13249,5236,44,1,16.96,16.96
13250,5237,34,5,44.6,223.0
13251,5238,31,4,25.33,101.32
13252,5238,106,5,48.52,242.60000000000002
13253,5238,87,4,31.8,127.2
13254,5239,103,5,13.2,66.0
13255,5240,41,3,51.49,154.47
13256,5240,48,1,53.17,53.17
13257,5241,98,4,63.82,255.28
13258,5241,6,1,74.96,74.96
13259,5242,88,5,37.72,188.6
13260,5242,82,4,17.79,71.16
13261,5242,43,3,40.9,122.69999999999999
13262,5243,114,4,33.04,132.16
13263,5244,28,3,22.72,68.16
13264,5244,41,4,56.18,224.72
13265,5244,43,3,40.09,120.27000000000001
13266,5244,45,2,45.71,91.42
13267,5245,42,1,26.28,26.28
13268,5245,58,1,56.79,56.79
13269,5245,115,5,37.24,186.20000000000002
13270,5246,58,2,58.11,116.22
13271,5246,76,3,12.69,38.07
13272,5247,81,1,76.58,76.58
13273,5247,79,2,21.87,43.74
13274,5248,40,3,20.77,62.31
13275,5249,35,5,58.18,290.9
13276,5249,44,5,16.77,83.85
13277,5250,44,3,17.54,52.62
13278,5251,100,2,39.66,79.32
13279,5251,56,1,23.06,23.06
13280,5251,112,5,61.15,305.75
13281,5251,118,4,24.0,96.0
13282,5252,82,2,17.67,35.34
13283,5252,81,5,83.4,417.0
13284,5252,15,4,18.83,75.32
13285,5252,19,5,37.11,185.55
13286,5253,86,2,38.58,77.16
13287,5253,119,2,42.88,85.76
13288,5253,97,3,49.04,147.12
13289,5254,33,5,105.62,528.1
13290,5254,82,5,18.9,94.5
13291,5254,75,3,34.63,103.89000000000001
13292,5254,7,4,12.89,51.56
13293,5255,106,3,52.0,156.0
13294,5256,42,2,26.82,53.64
13295,5256,74,3,59.6,178.8
13296,5256,41,5,54.4,272.0
13297,5256,112,1,61.53,61.53
13298,5257,57,2,71.95,143.9
13299,5257,102,2,18.45,36.9
13300,5258,113,3,29.86,89.58
13301,5258,5,3,87.18,261.54
13302,5258,51,5,109.52,547.6
13303,5258,83,1,35.86,35.86
13304,5259,102,4,19.81,79.24
13305,5259,87,3,29.23,87.69
13306,5259,80,1,9.83,9.83
13307,5259,45,5,46.8,234.0
13308,5260,20,1,35.13,35.13
13309,5261,110,5,69.2,346.0
13310,5261,6,2,73.62,147.24
13311,5261,97,1,48.33,48.33
13312,5261,5,2,90.45,180.9
13313,5262,45,5,46.25,231.25
13314,5262,104,5,44.65,223.25
13315,5262,27,3,50.39,151.17000000000002
13316,5262,32,2,22.51,45.02
13317,5263,26,1,18.97,18.97
13318,5263,82,3,17.97,53.91
13319,5263,27,4,49.24,196.96
13320,5263,84,1,49.2,49.2
13321,5264,71,1,18.21,18.21
13322,5265,108,4,18.26,73.04
13323,5265,78,4,17.53,70.12
13324,5265,49,3,22.21,66.63
13325,5265,18,4,16.5,66.0
13326,5266,54,3,57.51,172.53
13327,5266,66,4,94.48,377.92
13328,5267,112,1,60.23,60.23
13329,5268,31,5,26.33,131.64999999999998
13330,5268,46,4,14.24,56.96
13331,5268,110,5,67.1,335.5
13332,5269,111,1,39.0,39.0
13333,5270,103,3,13.09,39.269999999999996
13334,5270,22,2,61.08,122.16
13335,5270,14,3,78.43,235.29000000000002
13336,5271,46,3,13.8,41.400000000000006
13337,5272,31,3,26.74,80.22
13338,5272,38,5,114.56,572.8
13339,5272,114,4,31.32,125.28
13340,5273,65,5,15.9,79.5
13341,5274,36,3,20.3,60.900000000000006
13342,5274,88,4,39.55,158.2
13343,5274,98,2,58.25,116.5
13344,5275,52,3,47.46,142.38
13345,5275,7,3,13.31,39.93
13346,5275,57,4,70.31,281.24
13347,5275,47,3,24.78,74.34
13348,5276,23,2,67.42,134.84
13349,5277,74,5,58.82,294.1
13350,5278,89,4,18.22,72.88
13351,5278,48,1,50.99,50.99
13352,5278,46,2,13.65,27.3
13353,5278,95,3,101.04,303.12
13354,5279,22,5,60.82,304.1
13355,5279,118,5,22.41,112.05
13356,5280,51,2,100.58,201.16
13357,5280,62,3,12.07,36.21
13358,5280,71,1,17.79,17.79
13359,5281,56,1,23.63,23.63
13360,5282,6,2,70.83,141.66
13361,5282,85,5,67.15,335.75
13362,5283,108,3,18.95,56.849999999999994
13363,5283,91,2,31.59,63.18
13364,5283,83,2,35.5,71.0
13365,5283,8,4,20.44,81.76
13366,5284,95,3,108.67,326.01
13367,5284,53,3,44.74,134.22
13368,5284,37,2,10.11,20.22
13369,5284,60,5,31.16,155.8
13370,5285,28,1,24.08,24.08
13371,5285,37,4,9.99,39.96
13372,5285,98,5,61.63,308.15000000000003
13373,5285,92,5,8.14,40.7
13374,5286,68,3,26.23,78.69
13375,5286,107,4,68.56,274.24
13376,5287,19,5,39.02,195.10000000000002
13377,5287,102,1,19.77,19.77
13378,5287,58,5,60.41,302.04999999999995
13379,5287,77,1,22.1,22.1
13380,5288,101,1,53.65,53.65
13381,5288,96,1,72.29,72.29
13382,5289,119,1,41.44,41.44
13383,5289,28,4,24.5,98.0
13384,5290,21,1,62.12,62.12
13385,5290,4,4,30.7,122.8
13386,5291,81,1,80.42,80.42
13387,5291,62,2,11.91,23.82
13388,5291,80,2,10.51,21.02
13389,5291,50,5,43.6,218.0
13390,5292,42,1,25.74,25.74
13391,5293,106,2,52.54,105.08
13392,5293,22,1,57.8,57.8
13393,5293,95,2,108.95,217.9
13394,5293,13,3,42.02,126.06
13395,5294,46,4,13.71,54.84
13396,5294,6,3,73.27,219.81
13397,5294,3,4,32.14,128.56
13398,5294,5,2,92.73,185.46
13399,5295,33,1,109.66,109.66
13400,5295,114,4,31.16,124.64
13401,5295,44,5,16.95,84.75
13402,5296,74,4,58.35,233.4
13403,5297,82,1,18.08,18.08
13404,5297,106,5,52.57,262.85
13405,5297,109,1,20.36,20.36
13406,5298,5,3,93.38,280.14
13407,5299,27,4,48.28,193.12
13408,5299,93,5,23.38,116.89999999999999
13409,5300,95,3,110.58,331.74
13410,5301,118,5,22.45,112.25
13411,5301,88,3,38.37,115.10999999999999
13412,5301,65,1,14.91,14.91
13413,5302,43,1,40.58,40.58
13414,5302,57,5,65.47,327.35
13415,5303,2,1,43.78,43.78
13416,5303,83,5,35.11,175.55
13417,5303,4,3,29.05,87.15
13418,5303,78,5,16.96,84.80000000000001
13419,5304,75,5,35.11,175.55
13420,5304,119,1,38.91,38.91
13421,5304,102,4,18.98,75.92
13422,5305,88,1,37.39,37.39
13423,5305,76,2,13.08,26.16
13424,5306,36,5,20.04,100.19999999999999
13425,5306,93,5,22.5,112.5
13426,5306,67,1,28.18,28.18
13427,5306,61,5,50.25,251.25
13428,5307,75,1,37.25,37.25
13429,5307,32,2,21.16,42.32
13430,5308,32,3,22.23,66.69
13431,5308,5,2,94.05,188.1
13432,5309,47,1,24.01,24.01
13433,5309,99,1,19.35,19.35
13434,5310,11,1,26.32,26.32
13435,5310,57,3,72.57,217.70999999999998
13436,5310,103,4,13.7,54.8
13437,5311,106,2,50.72,101.44
13438,5311,112,5,62.84,314.20000000000005
13439,5311,45,4,47.2,188.8
13440,5311,41,2,52.58,105.16
13441,5312,34,2,44.31,88.62
13442,5312,50,2,41.62,83.24
13443,5312,81,4,84.78,339.12
13444,5312,82,5,19.36,96.8
13445,5313,73,2,9.35,18.7
13446,5313,56,2,22.2,44.4
13447,5313,85,3,71.96,215.88
13448,5314,42,2,26.97,53.94
13449,5315,11,4,27.71,110.84
13450,5315,116,1,94.61,94.61
13451,5315,11,5,26.0,130.0
13452,5315,103,2,13.37,26.74
13453,5316,69,2,61.94,123.88
13454,5316,118,2,23.21,46.42
13455,5317,66,4,94.74,378.96
13456,5317,7,1,13.55,13.55
13457,5317,12,4,38.52,154.08
13458,5318,11,4,27.73,110.92
13459,5318,52,4,45.03,180.12
13460,5319,92,3,8.47,25.410000000000004
13461,5319,77,4,21.86,87.44
13462,5320,98,3,60.3,180.89999999999998
13463,5320,66,1,95.89,95.89
13464,5321,15,1,18.06,18.06
13465,5321,23,2,72.74,145.48
13466,5321,20,4,36.93,147.72
13467,5322,112,4,59.77,239.08
13468,5322,97,3,46.67,140.01
13469,5323,5,4,93.71,374.84
13470,5324,27,5,48.56,242.8
13471,5324,33,4,101.29,405.16
13472,5325,86,3,38.61,115.83
13473,5325,9,1,34.09,34.09
13474,5326,118,1,22.44,22.44
13475,5326,35,1,60.08,60.08
13476,5326,103,1,14.16,14.16
13477,5327,83,4,34.9,139.6
13478,5327,46,4,13.54,54.16
13479,5328,3,4,30.15,120.6
13480,5329,67,3,29.25,87.75
13481,5329,5,3,88.2,264.6
13482,5329,87,2,32.15,64.3
13483,5330,25,1,67.57,67.57
13484,5330,115,5,36.75,183.75
13485,5330,4,4,29.74,118.96
13486,5330,42,5,26.52,132.6
13487,5331,47,4,23.54,94.16
13488,5331,93,2,24.16,48.32
13489,5332,28,3,22.93,68.78999999999999
13490,5332,94,2,27.76,55.52
13491,5332,39,1,8.72,8.72
13492,5333,10,2,76.17,152.34
13493,5333,101,2,54.38,108.76
13494,5334,24,5,43.23,216.14999999999998
13495,5334,52,1,49.27,49.27
13496,5335,73,1,9.54,9.54
13497,5335,2,4,43.43,173.72
13498,5335,78,2,17.45,34.9
13499,5335,66,1,89.55,89.55
13500,5336,94,2,26.56,53.12
13501,5336,14,1,76.67,76.67
13502,5336,106,3,50.5,151.5
13503,5336,8,5,20.69,103.45
13504,5337,113,3,30.49,91.47
13505,5338,40,5,18.99,94.94999999999999
13506,5338,9,5,34.99,174.95000000000002
13507,5338,33,5,99.43,497.15000000000003
13508,5339,60,4,30.24,120.96
13509,5339,14,3,72.41,217.23
13510,5339,36,1,19.93,19.93
13511,5339,36,2,20.92,41.84
13512,5340,20,5,34.76,173.79999999999998
13513,5340,59,1,20.0,20.0
13514,5340,3,4,29.52,118.08
13515,5341,31,2,27.25,54.5
13516,5341,18,5,16.5,82.5
13517,5341,4,1,28.07,28.07
13518,5342,58,3,59.91,179.73
13519,5342,108,5,20.14,100.7
13520,5342,42,3,25.3,75.9
13521,5342,79,5,19.97,99.85
13522,5343,18,2,17.5,35.0
13523,5343,85,3,69.27,207.81
13524,5343,82,4,17.85,71.4
13525,5344,49,2,21.87,43.74
13526,5344,33,5,108.16,540.8
13527,5344,69,4,59.62,238.48
13528,5344,73,5,9.97,49.85
13529,5345,85,4,72.1,288.4
13530,5346,24,5,42.57,212.85
13531,5346,43,3,40.72,122.16
13532,5346,100,3,39.81,119.43
13533,5347,100,5,39.23,196.14999999999998
13534,5348,98,3,58.16,174.48
13535,5349,93,2,24.32,48.64
13536,5349,10,5,79.16,395.79999999999995
13537,5349,35,2,59.72,119.44
13538,5350,34,1,44.9,44.9
13539,5350,40,1,19.96,19.96
13540,5350,59,4,20.82,83.28
13541,5350,23,2,73.96,147.92
13542,5351,95,2,102.72,205.44
13543,5351,61,3,48.05,144.14999999999998
13544,5351,10,2,74.81,149.62
13545,5351,98,5,59.05,295.25
13546,5352,38,5,107.38,536.9
13547,5352,68,1,25.6,25.6
13548,5352,51,1,102.94,102.94
13549,5352,43,3,40.35,121.05000000000001
13550,5353,40,5,20.17,100.85000000000001
13551,5353,50,2,43.56,87.12
13552,5353,9,2,35.2,70.4
13553,5354,84,4,45.77,183.08
13554,5354,78,3,17.11,51.33
13555,5355,62,4,11.64,46.56
13556,5356,107,5,66.46,332.29999999999995
13557,5356,67,1,29.1,29.1
13558,5356,47,1,23.44,23.44
13559,5356,74,1,59.79,59.79
13560,5357,96,3,78.47,235.41
13561,5357,89,4,18.11,72.44
13562,5357,69,1,61.81,61.81
13563,5357,76,4,12.93,51.72
13564,5358,118,1,21.93,21.93
13565,5359,83,1,37.99,37.99
13566,5359,85,5,71.92,359.6
13567,5359,80,2,10.77,21.54
13568,5359,115,3,37.98,113.94
13569,5360,112,2,62.25,124.5
13570,5360,42,2,25.72,51.44
13571,5361,89,3,18.63,55.89
13572,5361,79,2,20.37,40.74
13573,5361,66,1,93.63,93.63
13574,5362,62,4,12.27,49.08
13575,5363,108,3,19.97,59.91
13576,5364,110,3,70.2,210.60000000000002
13577,5364,109,1,19.96,19.96
13578,5364,37,4,9.82,39.28
13579,5365,43,4,39.66,158.64
13580,5365,11,3,28.42,85.26
13581,5366,97,3,46.34,139.02
13582,5367,83,2,36.75,73.5
13583,5367,118,4,22.01,88.04
13584,5367,89,5,18.37,91.85000000000001
13585,5367,25,4,69.04,276.16
13586,5368,36,1,21.48,21.48
13587,5368,48,5,50.53,252.65
13588,5368,92,3,8.51,25.53
13589,5368,50,5,40.03,200.15
13590,5369,117,4,58.85,235.4
13591,5370,74,4,62.09,248.36
13592,5370,45,2,45.33,90.66
13593,5370,116,4,96.56,386.24
13594,5371,66,2,97.08,194.16
13595,5372,37,2,10.25,20.5
13596,5372,47,4,23.85,95.4
13597,5372,91,5,31.05,155.25
13598,5373,11,3,28.07,84.21000000000001
13599,5373,94,5,26.81,134.04999999999998
13600,5373,14,3,72.44,217.32
13601,5374,84,2,46.6,93.2
13602,5374,87,1,30.65,30.65
13603,5374,71,2,18.81,37.62
13604,5375,23,1,72.78,72.78
13605,5375,69,4,63.88,255.52
13606,5375,100,1,37.84,37.84
13607,5376,34,2,44.03,88.06
13608,5377,111,5,39.4,197.0
13609,5378,17,5,48.73,243.64999999999998
13610,5378,108,5,19.58,97.89999999999999
13611,5378,41,5,55.09,275.45000000000005
13612,5378,85,3,69.87,209.61
13613,5379,28,1,22.41,22.41
13614,5379,75,2,34.84,69.68
13615,5379,79,3,21.98,65.94
13616,5380,59,1,20.15,20.15
13617,5380,103,5,14.14,70.7
13618,5381,109,3,19.52,58.56
13619,5381,20,3,33.87,101.60999999999999
13620,5381,98,1,61.88,61.88
13621,5381,80,1,10.08,10.08
13622,5382,63,4,48.01,192.04
13623,5382,15,4,18.79,75.16
13624,5383,73,4,9.51,38.04
13625,5383,46,2,13.13,26.26
13626,5383,5,3,90.71,272.13
13627,5383,21,3,62.16,186.48
13628,5384,11,2,27.98,55.96
13629,5384,36,5,20.42,102.10000000000001
13630,5384,22,3,57.91,173.73
13631,5384,104,5,45.87,229.35
13632,5385,35,3,63.3,189.89999999999998
13633,5386,51,4,100.72,402.88
13634,5386,90,5,19.75,98.75
13635,5386,14,1,75.07,75.07
13636,5386,43,3,38.11,114.33
13637,5387,24,2,44.2,88.4
13638,5387,63,1,47.9,47.9
13639,5387,102,2,18.4,36.8
13640,5387,66,1,96.72,96.72
13641,5388,50,4,39.8,159.2
13642,5388,11,4,28.46,113.84
13643,5388,113,4,30.7,122.8
13644,5388,56,5,24.48,122.4
13645,5389,68,4,26.03,104.12
13646,5389,61,2,45.33,90.66
13647,5389,61,4,47.21,188.84
13648,5390,13,4,40.68,162.72
13649,5390,55,2,34.64,69.28
13650,5390,51,5,107.63,538.15
13651,5391,93,3,23.53,70.59
13652,5391,52,3,49.54,148.62
13653,5392,101,5,57.05,285.25
13654,5393,79,3,21.21,63.63
13655,5394,16,5,33.68,168.4
13656,5395,107,2,70.14,140.28
13657,5395,50,4,42.35,169.4
13658,5395,85,5,66.36,331.8
13659,5395,34,5,43.53,217.65
13660,5396,91,1,29.33,29.33
13661,5396,108,4,19.44,77.76
13662,5397,4,2,29.61,59.22
13663,5398,89,4,17.64,70.56
13664,5398,90,4,18.35,73.4
13665,5398,36,4,20.21,80.84
13666,5399,48,5,50.59,252.95000000000002
13667,5400,50,2,41.26,82.52
13668,5400,54,1,60.8,60.8
13669,5400,51,5,108.93,544.6500000000001
13670,5401,109,4,20.53,82.12
13671,5401,112,3,62.61,187.82999999999998
13672,5401,114,3,31.95,95.85
13673,5402,57,1,68.54,68.54
13674,5402,84,5,48.22,241.1
13675,5402,3,1,31.04,31.04
13676,5403,3,4,29.67,118.68
13677,5403,88,4,39.65,158.6
13678,5403,80,5,10.68,53.4
13679,5403,12,4,40.3,161.2
13680,5404,80,5,10.74,53.7
13681,5405,76,3,12.61,37.83
13682,5405,90,3,18.73,56.19
13683,5406,62,3,11.5,34.5
13684,5406,92,5,8.59,42.95
13685,5407,92,4,8.68,34.72
13686,5407,72,5,32.82,164.1
13687,5407,67,4,26.92,107.68
13688,5408,96,3,74.92,224.76
13689,5408,22,2,57.85,115.7
13690,5408,118,4,21.84,87.36
13691,5409,108,2,18.5,37.0
13692,5409,65,4,14.59,58.36
13693,5409,109,1,21.08,21.08
13694,5409,87,3,29.2,87.6
13695,5410,51,4,102.44,409.76
13696,5410,52,2,46.04,92.08
13697,5410,74,2,59.59,119.18
13698,5411,31,1,25.3,25.3
13699,5411,67,5,27.11,135.55
13700,5411,50,1,43.18,43.18
13701,5411,65,2,15.49,30.98
13702,5412,49,5,22.26,111.30000000000001
13703,5412,11,3,26.84,80.52
13704,5412,87,3,30.29,90.87
13705,5413,60,2,29.84,59.68
13706,5413,24,1,43.35,43.35
13707,5413,28,2,23.09,46.18
13708,5413,62,3,12.54,37.62
13709,5414,96,2,76.98,153.96
13710,5414,31,3,24.71,74.13
13711,5414,102,4,19.48,77.92
13712,5415,96,3,74.5,223.5
13713,5416,3,2,31.32,62.64
13714,5416,17,5,49.29,246.45
13715,5417,89,1,18.43,18.43
13716,5417,67,3,28.32,84.96000000000001
13717,5417,14,1,76.68,76.68
13718,5417,119,1,42.48,42.48
13719,5418,2,3,44.94,134.82
13720,5419,49,1,22.73,22.73
13721,5419,2,3,44.19,132.57
13722,5419,109,2,19.99,39.98
13723,5420,56,5,23.71,118.55000000000001
13724,5420,75,2,34.58,69.16
13725,5420,98,1,61.32,61.32
13726,5420,32,1,22.78,22.78
13727,5421,38,2,113.37,226.74
13728,5421,76,1,13.41,13.41
13729,5422,111,4,36.7,146.8
13730,5423,23,1,73.12,73.12
13731,5424,51,4,104.54,418.16
13732,5424,32,2,21.81,43.62
13733,5424,23,1,67.24,67.24
13734,5425,24,2,42.93,85.86
13735,5425,56,2,22.39,44.78
13736,5425,14,3,75.2,225.60000000000002
13737,5426,76,2,12.57,25.14
13738,5426,23,5,71.63,358.15
13739,5426,61,5,46.04,230.2
13740,5427,29,2,11.53,23.06
13741,5428,53,5,43.61,218.05
13742,5428,18,5,17.0,85.0
13743,5429,23,5,70.47,352.35
13744,5429,40,2,19.78,39.56
13745,5429,84,1,45.66,45.66
13746,5430,51,4,104.44,417.76
13747,5430,43,4,40.29,161.16
13748,5430,70,3,71.07,213.20999999999998
13749,5430,117,3,61.81,185.43
13750,5431,98,2,62.28,124.56
13751,5432,49,4,22.83,91.32
13752,5432,62,5,11.81,59.050000000000004
13753,5432,27,2,50.73,101.46
13754,5433,88,5,40.32,201.6
13755,5433,104,1,46.4,46.4
13756,5433,104,4,45.44,181.76
13757,5434,26,1,18.79,18.79
13758,5434,90,1,17.99,17.99
13759,5434,21,3,68.48,205.44
13760,5435,2,2,44.87,89.74
13761,5436,87,5,30.68,153.4
13762,5437,52,4,47.01,188.04
13763,5437,36,1,20.25,20.25
13764,5437,61,2,47.86,95.72
13765,5438,51,3,106.51,319.53000000000003
13766,5438,30,1,18.42,18.42
13767,5438,55,1,35.06,35.06
13768,5439,5,1,88.84,88.84
13769,5439,95,1,109.82,109.82
13770,5439,113,5,31.66,158.3
13771,5440,69,4,64.71,258.84
13772,5440,75,2,34.92,69.84
13773,5440,89,2,17.27,34.54
13774,5440,59,3,20.72,62.16
13775,5441,119,4,40.51,162.04
13776,5441,35,2,61.2,122.4
13777,5442,86,2,38.27,76.54
13778,5442,34,3,46.27,138.81
13779,5443,34,1,47.14,47.14
13780,5443,52,2,45.89,91.78
13781,5443,93,4,22.31,89.24
13782,5443,49,5,22.36,111.8
13783,5444,102,4,18.92,75.68
13784,5444,46,5,14.1,70.5
13785,5444,52,5,48.96,244.8
13786,5445,63,4,47.99,191.96
13787,5445,80,4,10.61,42.44
13788,5445,53,2,43.88,87.76
13789,5446,59,1,19.49,19.49
13790,5446,8,2,21.44,42.88
13791,5446,16,5,34.86,174.3
13792,5447,17,4,50.2,200.8
13793,5447,88,3,39.65,118.94999999999999
13794,5447,45,3,43.08,129.24
13795,5447,54,1,58.47,58.47
13796,5448,65,1,15.53,15.53
13797,5448,42,5,25.79,128.95
13798,5449,16,5,33.39,166.95
13799,5449,57,4,72.31,289.24
13800,5450,42,2,27.78,55.56
13801,5451,70,5,69.42,347.1
13802,5451,76,3,12.61,37.83
13803,5451,91,3,31.17,93.51
13804,5451,62,3,12.43,37.29
13805,5452,110,4,66.74,266.96
13806,5452,120,4,30.4,121.6
13807,5452,83,4,35.02,140.08
13808,5453,112,1,62.02,62.02
13809,5453,120,3,28.2,84.6
13810,5453,101,1,58.57,58.57
13811,5453,19,1,38.5,38.5
13812,5454,81,4,77.86,311.44
13813,5454,19,3,37.66,112.97999999999999
13814,5455,36,5,20.08,100.39999999999999
13815,5455,95,1,101.16,101.16
13816,5456,65,5,15.19,75.95
13817,5457,77,2,21.08,42.16
13818,5457,48,4,53.1,212.4
13819,5457,104,5,44.37,221.85
13820,5457,42,1,27.61,27.61
13821,5458,82,2,19.05,38.1
13822,5458,93,2,23.91,47.82
13823,5459,2,5,41.95,209.75
13824,5460,102,5,18.79,93.94999999999999
13825,5460,81,1,84.21,84.21
13826,5460,24,4,46.07,184.28
13827,5461,26,3,19.85,59.550000000000004
13828,5461,9,4,34.78,139.12
13829,5461,54,4,59.18,236.72
13830,5461,7,4,13.68,54.72
13831,5462,83,5,38.15,190.75
13832,5463,9,2,35.28,70.56
13833,5463,79,1,22.13,22.13
13834,5463,88,3,39.54,118.62
13835,5464,46,4,14.19,56.76
13836,5464,42,2,26.58,53.16
13837,5465,86,5,37.28,186.4
13838,5466,109,1,19.96,19.96
13839,5466,114,1,32.44,32.44
13840,5467,75,5,35.82,179.1
13841,5467,28,1,23.57,23.57
13842,5467,43,5,38.46,192.3
13843,5468,15,2,18.94,37.88
13844,5468,4,1,29.18,29.18
13845,5468,17,2,50.06,100.12
13846,5468,93,5,22.23,111.15
13847,5469,55,1,36.01,36.01
13848,5470,69,4,65.13,260.52
13849,5470,36,3,20.26,60.78
13850,5470,8,4,21.7,86.8
13851,5471,57,2,66.89,133.78
13852,5471,53,4,41.5,166.0
13853,5471,11,4,28.05,112.2
13854,5471,80,4,10.71,42.84
13855,5472,30,3,19.87,59.61
13856,5472,61,3,45.69,137.07
13857,5472,42,3,25.19,75.57000000000001
13858,5472,12,5,39.91,199.54999999999998
13859,5473,113,5,30.18,150.9
13860,5473,76,2,12.76,25.52
13861,5473,36,3,21.71,65.13
13862,5473,28,4,22.95,91.8
13863,5474,6,2,72.86,145.72
13864,5474,94,1,27.95,27.95
13865,5474,38,1,115.62,115.62
13866,5474,27,1,50.57,50.57
13867,5475,113,3,30.98,92.94
13868,5475,120,3,29.07,87.21000000000001
13869,5475,52,4,49.29,197.16
13870,5476,72,5,33.05,165.25
13871,5477,99,4,19.38,77.52
13872,5478,73,3,10.28,30.839999999999996
13873,5478,33,5,103.97,519.85
13874,5479,92,5,7.93,39.65
13875,5479,17,4,51.89,207.56
13876,5479,66,4,91.38,365.52
13877,5479,60,3,29.4,88.19999999999999
13878,5480,72,2,32.3,64.6
13879,5481,85,2,73.14,146.28
13880,5481,8,5,21.21,106.05000000000001
13881,5481,102,5,19.34,96.7
13882,5481,37,5,9.83,49.15
13883,5482,29,3,11.23,33.69
13884,5482,64,4,43.06,172.24
13885,5482,119,1,38.77,38.77
13886,5483,101,5,57.23,286.15
13887,5483,59,5,18.99,94.94999999999999
13888,5483,71,4,18.67,74.68
13889,5484,61,2,48.56,97.12
13890,5485,83,4,36.73,146.92
13891,5485,104,1,44.08,44.08
13892,5486,17,1,49.51,49.51
13893,5486,49,1,22.31,22.31
13894,5487,69,3,63.19,189.57
13895,5487,91,2,30.6,61.2
13896,5488,12,4,37.6,150.4
13897,5488,69,2,65.02,130.04
13898,5488,93,4,23.03,92.12
13899,5488,17,3,51.02,153.06
13900,5489,21,4,64.85,259.4
13901,5489,4,2,28.0,56.0
13902,5490,103,4,14.08,56.32
13903,5490,113,5,31.94,159.70000000000002
13904,5490,57,3,66.69,200.07
13905,5490,104,3,44.02,132.06
13906,5491,72,3,34.08,102.24
13907,5491,119,3,41.85,125.55000000000001
13908,5491,14,1,76.55,76.55
13909,5491,81,4,83.35,333.4
13910,5492,87,3,30.12,90.36
13911,5492,78,1,17.57,17.57
13912,5492,60,5,31.46,157.3
13913,5493,26,2,18.84,37.68
13914,5493,21,4,68.06,272.24
13915,5494,78,4,17.78,71.12
13916,5495,70,3,68.81,206.43
13917,5496,59,2,20.85,41.7
13918,5496,5,5,85.98,429.90000000000003
13919,5496,46,1,14.01,14.01
13920,5497,105,1,14.43,14.43
13921,5498,82,3,18.4,55.199999999999996
13922,5498,92,1,8.71,8.71
13923,5498,11,2,27.71,55.42
13924,5498,55,1,36.62,36.62
13925,5499,61,5,46.16,230.79999999999998
13926,5499,94,1,27.36,27.36
13927,5500,91,1,29.41,29.41
13928,5500,12,5,36.98,184.89999999999998
13929,5501,100,1,40.57,40.57
13930,5501,5,2,91.08,182.16
13931,5501,59,3,19.27,57.81
13932,5502,30,1,19.26,19.26
13933,5503,43,2,40.32,80.64
13934,5503,52,5,49.5,247.5
13935,5503,69,5,60.05,300.25
13936,5503,4,4,28.23,112.92
13937,5504,16,1,35.3,35.3
13938,5504,83,5,36.22,181.1
13939,5504,11,3,27.97,83.91
13940,5505,30,2,18.56,37.12
13941,5505,99,4,19.02,76.08
13942,5505,26,4,19.14,76.56
13943,5505,16,1,34.21,34.21
13944,5506,58,4,61.11,244.44
13945,5506,51,5,101.78,508.9
13946,5506,16,4,33.48,133.92
13947,5506,50,4,42.35,169.4
13948,5507,102,4,18.35,73.4
13949,5508,118,2,22.97,45.94
13950,5508,8,2,21.06,42.12
13951,5508,85,3,72.37,217.11
13952,5508,83,2,34.88,69.76
13953,5509,92,1,8.73,8.73
13954,5510,93,4,23.75,95.0
13955,5510,81,2,83.71,167.42
13956,5510,105,4,14.4,57.6
13957,5510,33,2,100.35,200.7
13958,5511,16,2,35.82,71.64
13959,5511,44,2,16.98,33.96
13960,5512,24,1,45.04,45.04
13961,5512,22,4,59.52,238.08
13962,5513,6,4,69.66,278.64
13963,5513,66,5,91.18,455.90000000000003
13964,5513,99,4,19.65,78.6
13965,5513,10,2,76.66,153.32
13966,5514,80,5,10.33,51.65
13967,5514,109,1,19.26,19.26
13968,5515,58,4,60.93,243.72
13969,5515,24,1,47.1,47.1
13970,5515,81,4,76.96,307.84
13971,5515,26,5,20.25,101.25
13972,5516,16,4,36.17,144.68
13973,5517,59,1,20.93,20.93
13974,5518,2,1,44.16,44.16
13975,5518,39,4,8.35,33.4
13976,5519,95,3,100.72,302.15999999999997
13977,5519,20,1,35.64,35.64
13978,5520,62,4,12.54,50.16
13979,5520,119,4,39.34,157.36
13980,5520,27,4,49.05,196.2
13981,5520,34,2,47.19,94.38
13982,5521,85,5,73.14,365.7
13983,5521,89,2,17.12,34.24
13984,5521,59,5,19.29,96.44999999999999
13985,5521,88,1,37.99,37.99
13986,5522,76,1,13.76,13.76
13987,5522,30,5,18.34,91.7
13988,5523,99,1,17.84,17.84
13989,5523,34,3,47.73,143.19
13990,5523,82,4,18.28,73.12
13991,5524,65,1,15.35,15.35
13992,5524,65,1,14.99,14.99
13993,5525,104,1,44.95,44.95
13994,5525,109,4,20.31,81.24
13995,5526,89,4,17.0,68.0
13996,5526,72,4,31.75,127.0
13997,5527,37,2,9.74,19.48
13998,5528,87,5,29.44,147.20000000000002
13999,5528,6,3,70.31,210.93
14000,5528,13,2,42.9,85.8
14001,5529,73,1,9.47,9.47
14002,5530,33,3,109.67,329.01
14003,5530,58,2,61.09,122.18
14004,5531,114,5,32.23,161.14999999999998
14005,5532,42,4,25.38,101.52
14006,5532,51,4,109.96,439.84
14007,5533,78,1,17.39,17.39
14008,5533,89,3,17.57,52.71
14009,5533,115,2,36.03,72.06
14010,5534,39,3,8.65,25.950000000000003
14011,5534,109,5,20.85,104.25
14012,5534,27,5,49.35,246.75
14013,5535,80,4,10.0,40.0
14014,5535,10,2,78.29,156.58
14015,5535,116,5,96.24,481.2
14016,5536,95,4,105.8,423.2
14017,5536,48,1,49.79,49.79
14018,5536,109,1,19.7,19.7
14019,5537,13,5,41.79,208.95
14020,5537,44,1,16.55,16.55
14021,5538,55,4,33.43,133.72
14022,5538,80,1,10.1,10.1
14023,5538,80,1,10.47,10.47
14024,5538,7,1,13.18,13.18
14025,5539,97,3,49.67,149.01
14026,5539,18,5,16.73,83.65
14027,5539,113,2,32.36,64.72
14028,5540,50,2,41.35,82.7
14029,5541,63,5,49.88,249.4
14030,5542,47,3,23.45,70.35
14031,5542,45,4,44.14,176.56
14032,5542,55,4,34.65,138.6
14033,5543,34,4,43.88,175.52
14034,5544,109,1,19.59,19.59
14035,5545,73,5,9.67,48.35
14036,5546,55,4,35.38,141.52
14037,5546,84,2,47.87,95.74
14038,5546,7,4,12.51,50.04
14039,5546,76,1,13.57,13.57
14040,5547,21,5,63.86,319.3
14041,5548,24,3,45.94,137.82
14042,5549,80,1,10.07,10.07
14043,5549,54,5,58.8,294.0
14044,5549,22,3,60.79,182.37
14045,5549,9,4,32.85,131.4
14046,5550,74,4,57.53,230.12
14047,5551,63,1,50.0,50.0
14048,5552,29,2,11.33,22.66
14049,5552,26,5,20.44,102.2
14050,5552,90,3,19.49,58.47
14051,5552,107,3,65.38,196.14
14052,5553,113,5,30.85,154.25
14053,5554,97,2,48.01,96.02
14054,5555,29,3,11.73,35.19
14055,5555,88,3,40.28,120.84
14056,5555,47,5,23.35,116.75
14057,5555,14,3,76.93,230.79000000000002
14058,5556,21,4,64.81,259.24
14059,5557,54,5,59.49,297.45
14060,5557,34,1,43.29,43.29
14061,5558,22,2,63.29,126.58
14062,5558,93,4,23.61,94.44
14063,5559,6,4,73.91,295.64
14064,5560,115,1,38.61,38.61
14065,5560,49,1,22.12,22.12
14066,5561,40,3,20.29,60.87
14067,5562,38,3,112.83,338.49
14068,5562,81,2,80.56,161.12
14069,5562,111,5,38.66,193.29999999999998
14070,5562,33,2,101.74,203.48
14071,5563,112,4,65.17,260.68
14072,5564,110,5,67.66,338.29999999999995
14073,5564,113,5,31.02,155.1
14074,5565,75,5,35.05,175.25
14075,5566,2,1,41.51,41.51
14076,5567,38,4,113.95,455.8
14077,5567,63,3,48.44,145.32
14078,5567,96,5,71.68,358.40000000000003
14079,5568,3,3,29.94,89.82000000000001
14080,5568,70,1,72.06,72.06
14081,5569,73,1,9.76,9.76
14082,5569,5,4,91.19,364.76
14083,5570,62,3,11.9,35.7
14084,5570,51,2,99.95,199.9
14085,5571,52,2,47.81,95.62
14086,5572,90,4,18.37,73.48
14087,5572,7,1,13.49,13.49
14088,5572,91,1,29.93,29.93
14089,5572,13,1,41.17,41.17
14090,5573,86,3,37.64,112.92
14091,5573,38,3,115.96,347.88
14092,5573,63,4,49.22,196.88
14093,5573,30,1,18.37,18.37
14094,5574,119,3,39.09,117.27000000000001
14095,5574,22,2,58.03,116.06
14096,5575,50,4,42.16,168.64
14097,5576,103,5,13.15,65.75
14098,5576,46,1,14.12,14.12
14099,5576,4,3,28.84,86.52
14100,5576,25,3,67.69,203.07
14101,5577,27,3,51.22,153.66
14102,5577,10,2,76.83,153.66
14103,5578,111,3,35.63,106.89000000000001
14104,5579,100,4,38.7,154.8
14105,5580,105,1,14.96,14.96
14106,5580,67,4,28.17,112.68
14107,5580,43,5,38.76,193.79999999999998
14108,5580,103,5,14.11,70.55
14109,5581,97,4,49.73,198.92
14110,5582,88,2,38.26,76.52
14111,5582,19,3,38.49,115.47
14112,5583,102,5,19.61,98.05
14113,5583,77,1,21.33,21.33
14114,5583,84,4,48.64,194.56
14115,5584,106,4,51.09,204.36
14116,5584,33,1,105.75,105.75
14117,5585,57,2,66.57,133.14
14118,5586,41,2,51.83,103.66
14119,5586,21,3,64.45,193.35000000000002
14120,5586,62,4,12.12,48.48
14121,5587,70,2,68.65,137.3
14122,5588,33,1,106.83,106.83
14123,5588,90,3,18.42,55.260000000000005
14124,5588,37,5,10.34,51.7
14125,5588,104,5,43.14,215.7
14126,5589,89,3,17.8,53.400000000000006
14127,5589,46,2,13.62,27.24
14128,5590,89,2,17.93,35.86
14129,5590,35,2,62.35,124.7
14130,5590,72,2,32.31,64.62
14131,5591,83,3,37.16,111.47999999999999
14132,5591,25,3,71.12,213.36
14133,5591,30,2,18.79,37.58
14134,5591,16,4,34.56,138.24
14135,5592,30,5,18.77,93.85
14136,5592,84,4,49.15,196.6
14137,5592,22,1,58.85,58.85
14138,5592,107,3,72.49,217.46999999999997
14139,5593,45,1,43.21,43.21
14140,5593,37,2,10.65,21.3
14141,5594,53,4,44.93,179.72
14142,5595,77,5,21.04,105.19999999999999
14143,5596,87,4,31.25,125.0
14144,5596,82,2,17.52,35.04
14145,5597,13,2,39.21,78.42
14146,5597,105,3,14.58,43.74
14147,5598,52,1,47.94,47.94
14148,5598,104,2,43.44,86.88
14149,5598,79,1,21.85,21.85
14150,5598,9,5,34.99,174.95000000000002
14151,5599,66,2,95.36,190.72
14152,5599,100,3,39.5,118.5
14153,5600,95,2,104.44,208.88
14154,5600,88,4,36.66,146.64
14155,5600,108,3,19.4,58.199999999999996
14156,5600,68,2,27.07,54.14
14157,5601,26,4,20.6,82.4
14158,5601,1,5,16.6,83.0
14159,5602,110,4,69.41,277.64
14160,5602,78,2,16.43,32.86
14161,5602,107,1,66.85,66.85
14162,5602,96,4,71.79,287.16
14163,5603,44,3,17.99,53.97
14164,5603,21,1,66.92,66.92
14165,5604,98,1,59.82,59.82
14166,5604,103,1,14.0,14.0
14167,5604,62,4,11.61,46.44
14168,5604,30,2,18.85,37.7
14169,5605,98,2,57.97,115.94
14170,5605,101,5,55.93,279.65
14171,5605,90,4,18.37,73.48
14172,5606,64,1,46.54,46.54
14173,5607,116,3,89.64,268.92
14174,5607,114,2,31.36,62.72
14175,5607,27,5,48.49,242.45000000000002
14176,5607,38,3,113.36,340.08
14177,5608,89,1,17.11,17.11
14178,5609,19,2,40.2,80.4
14179,5609,2,3,43.08,129.24
14180,5609,62,2,12.69,25.38
14181,5609,111,2,35.84,71.68
14182,5610,106,5,49.8,249.0
14183,5610,24,1,47.04,47.04
14184,5610,28,2,23.29,46.58
14185,5610,45,3,44.55,133.64999999999998
14186,5611,112,4,59.92,239.68
14187,5612,102,4,19.08,76.32
14188,5612,109,2,19.85,39.7
14189,5612,58,4,59.05,236.2
14190,5613,10,4,79.26,317.04
14191,5613,80,1,10.4,10.4
14192,5613,109,3,19.31,57.92999999999999
14193,5613,44,4,17.13,68.52
14194,5614,29,1,11.63,11.63
14195,5614,67,4,28.13,112.52
14196,5614,29,3,10.94,32.82
14197,5614,102,1,18.72,18.72
14198,5615,49,3,22.83,68.49
14199,5615,108,2,19.03,38.06
14200,5616,73,4,10.2,40.8
14201,5616,55,2,36.95,73.9
14202,5617,55,4,36.13,144.52
14203,5617,87,4,32.08,128.32
14204,5617,30,4,20.05,80.2
14205,5617,57,2,67.94,135.88
14206,5618,104,1,43.59,43.59
14207,5618,113,2,29.47,58.94
14208,5619,6,2,70.73,141.46
14209,5619,88,3,37.0,111.0
14210,5619,101,5,54.34,271.70000000000005
14211,5620,52,4,45.8,183.2
14212,5621,28,5,23.06,115.3
14213,5621,60,2,30.65,61.3
14214,5621,109,1,21.02,21.02
14215,5622,22,5,58.17,290.85
14216,5622,39,5,8.44,42.199999999999996
14217,5623,113,4,31.02,124.08
14218,5623,80,3,10.48,31.44
14219,5624,31,1,24.62,24.62
14220,5624,82,4,19.08,76.32
14221,5624,22,5,59.49,297.45
14222,5624,87,3,31.63,94.89
14223,5625,55,4,34.57,138.28
14224,5625,107,1,72.33,72.33
14225,5625,88,2,39.1,78.2
14226,5626,15,4,19.92,79.68
14227,5626,82,2,18.25,36.5
14228,5626,80,1,10.1,10.1
14229,5627,31,3,25.85,77.55000000000001
14230,5627,62,4,11.61,46.44
14231,5627,32,1,21.4,21.4
14232,5628,89,2,17.68,35.36
14233,5628,29,5,11.19,55.949999999999996
14234,5628,50,1,39.47,39.47
14235,5628,73,1,9.47,9.47
14236,5629,6,5,73.81,369.05
14237,5629,115,1,38.46,38.46
14238,5629,6,3,70.6,211.79999999999998
14239,5630,107,3,66.88,200.64
14240,5631,79,4,21.57,86.28
14241,5631,61,4,48.46,193.84
14242,5631,59,4,20.84,83.36
14243,5632,46,5,13.22,66.10000000000001
14244,5632,87,4,32.01,128.04
14245,5632,48,1,50.46,50.46
14246,5633,64,3,43.22,129.66
14247,5634,97,1,47.0,47.0
14248,5635,79,2,22.05,44.1
14249,5635,79,4,20.14,80.56
14250,5636,69,5,62.86,314.3
14251,5636,5,2,93.54,187.08
14252,5636,9,1,36.23,36.23
14253,5637,10,1,78.05,78.05
14254,5638,33,3,99.49,298.46999999999997
14255,5638,58,1,60.59,60.59
14256,5639,29,2,11.71,23.42
14257,5640,64,5,46.34,231.70000000000002
14258,5640,106,2,48.42,96.84
14259,5640,116,4,92.69,370.76
14260,5641,79,1,20.79,20.79
14261,5641,17,2,50.86,101.72
14262,5642,90,3,18.18,54.54
14263,5643,97,3,45.11,135.32999999999998
14264,5643,95,3,103.46,310.38
14265,5644,108,5,19.72,98.6
14266,5644,1,5,17.51,87.55000000000001
14267,5644,46,5,13.44,67.2
14268,5644,71,4,18.15,72.6
14269,5645,20,3,35.6,106.80000000000001
14270,5646,48,4,50.65,202.6
14271,5646,30,5,18.2,91.0
14272,5647,27,4,50.94,203.76
14273,5648,80,4,9.78,39.12
14274,5648,80,4,10.54,42.16
14275,5648,9,3,33.57,100.71000000000001
14276,5648,82,3,18.06,54.17999999999999
14277,5649,107,2,66.16,132.32
14278,5649,5,2,90.77,181.54
14279,5650,91,5,29.03,145.15
14280,5650,85,1,69.25,69.25
14281,5650,96,1,76.55,76.55
14282,5651,116,3,97.24,291.71999999999997
14283,5651,89,3,17.93,53.79
14284,5651,44,1,16.65,16.65
14285,5651,16,1,35.18,35.18
14286,5652,109,2,19.83,39.66
14287,5653,88,1,37.5,37.5
14288,5653,54,5,61.02,305.1
14289,5654,72,1,31.33,31.33
14290,5655,64,5,43.74,218.70000000000002
14291,5655,7,2,13.01,26.02
14292,5655,31,4,25.02,100.08
14293,5655,35,4,61.41,245.64
14294,5656,75,2,36.47,72.94
14295,5656,51,1,102.71,102.71
14296,5656,51,4,103.45,413.8
14297,5657,66,5,92.75,463.75
14298,5657,107,3,69.57,208.70999999999998
14299,5658,22,5,61.87,309.34999999999997
14300,5658,14,4,72.5,290.0
14301,5659,64,3,42.0,126.0
14302,5660,103,4,13.84,55.36
14303,5660,115,4,36.31,145.24
14304,5660,40,4,19.91,79.64
14305,5660,43,4,40.38,161.52
14306,5661,100,5,41.08,205.39999999999998
14307,5662,19,3,40.21,120.63
14308,5663,44,3,16.82,50.46
14309,5663,57,2,66.74,133.48
14310,5664,36,2,21.03,42.06
14311,5664,55,4,35.16,140.64
14312,5665,119,5,39.22,196.1
14313,5665,111,2,37.37,74.74
14314,5665,46,5,14.4,72.0
14315,5665,56,2,23.41,46.82
14316,5666,111,4,39.47,157.88
14317,5666,30,1,18.56,18.56
14318,5667,69,4,62.56,250.24
14319,5667,27,3,48.76,146.28
14320,5668,77,4,22.39,89.56
14321,5669,5,1,88.24,88.24
14322,5669,26,3,20.71,62.13
14323,5670,89,5,17.01,85.05000000000001
14324,5670,84,2,47.82,95.64
14325,5671,33,3,106.52,319.56
14326,5671,25,3,67.77,203.31
14327,5671,95,4,110.67,442.68
14328,5672,118,4,22.35,89.4
14329,5672,67,3,26.45,79.35
14330,5672,87,3,31.31,93.92999999999999
14331,5672,86,4,37.46,149.84
14332,5673,109,1,20.48,20.48
14333,5673,25,5,68.65,343.25
14334,5673,69,2,63.51,127.02
14335,5674,19,3,39.01,117.03
14336,5674,40,1,18.96,18.96
14337,5674,51,2,99.96,199.92
14338,5674,112,3,59.23,177.69
14339,5675,43,4,41.64,166.56
14340,5675,4,5,30.6,153.0
14341,5675,61,5,47.21,236.05
14342,5676,52,5,48.37,241.85
14343,5676,90,1,17.97,17.97
14344,5676,1,3,17.64,52.92
14345,5677,110,4,67.43,269.72
14346,5677,89,4,17.9,71.6
14347,5678,72,1,31.48,31.48
14348,5678,104,5,43.82,219.1
14349,5678,28,5,22.68,113.4
14350,5678,49,5,21.57,107.85
14351,5679,36,4,20.76,83.04
14352,5679,34,4,43.78,175.12
14353,5679,109,5,19.57,97.85
14354,5679,109,1,19.83,19.83
14355,5680,26,1,19.66,19.66
14356,5681,30,4,18.65,74.6
14357,5681,12,1,40.18,40.18
14358,5682,19,2,40.85,81.7
14359,5682,111,3,36.54,109.62
14360,5682,24,5,44.58,222.89999999999998
14361,5683,4,1,29.52,29.52
14362,5683,105,5,14.0,70.0
14363,5684,90,1,19.11,19.11
14364,5684,86,4,37.09,148.36
14365,5684,18,1,16.54,16.54
14366,5685,3,4,29.82,119.28
14367,5685,80,1,9.97,9.97
14368,5685,67,5,28.79,143.95
14369,5685,23,1,70.72,70.72
14370,5686,55,3,33.98,101.94
14371,5686,108,2,19.41,38.82
14372,5686,109,3,20.11,60.33
14373,5686,6,3,72.36,217.07999999999998
14374,5687,5,4,87.38,349.52
14375,5687,37,1,10.37,10.37
14376,5687,90,1,19.49,19.49
14377,5687,94,4,26.71,106.84
14378,5688,63,1,45.89,45.89
14379,5688,69,4,60.52,242.08
14380,5688,57,1,67.68,67.68
14381,5689,51,2,109.07,218.14
14382,5689,16,3,34.95,104.85000000000001
14383,5689,53,2,45.5,91.0
14384,5689,119,3,40.08,120.24
14385,5690,61,5,49.64,248.2
14386,5690,72,3,33.87,101.60999999999999
14387,5690,120,2,31.0,62.0
14388,5691,4,1,28.4,28.4
14389,5691,81,5,84.46,422.29999999999995
14390,5691,31,5,26.41,132.05
14391,5692,59,2,20.52,41.04
14392,5693,2,1,42.02,42.02
14393,5693,39,1,8.06,8.06
14394,5693,66,4,98.83,395.32
14395,5693,61,5,49.19,245.95
14396,5694,48,1,53.79,53.79
14397,5694,111,4,36.59,146.36
14398,5695,27,3,50.88,152.64000000000001
14399,5696,27,4,51.07,204.28
14400,5696,69,4,60.55,242.2
14401,5696,42,3,25.58,76.74
14402,5696,34,3,44.18,132.54
14403,5697,8,5,20.49,102.44999999999999
14404,5697,63,2,47.26,94.52
14405,5697,76,1,12.49,12.49
14406,5697,69,4,61.92,247.68
14407,5698,93,1,23.39,23.39
14408,5698,80,4,10.29,41.16
14409,5698,76,1,13.29,13.29
14410,5698,38,5,108.41,542.05
14411,5699,98,4,63.3,253.2
14412,5699,107,5,67.04,335.20000000000005
14413,5699,93,2,23.17,46.34
14414,5699,13,3,42.68,128.04
14415,5700,117,4,60.7,242.8
14416,5700,67,5,28.5,142.5
14417,5700,55,1,36.27,36.27
14418,5700,28,3,24.62,73.86
14419,5701,11,2,26.03,52.06
14420,5701,101,2,59.25,118.5
14421,5702,65,1,15.93,15.93
14422,5703,110,3,65.19,195.57
14423,5704,93,5,22.82,114.1
14424,5705,98,5,61.88,309.40000000000003
14425,5705,49,4,23.66,94.64
14426,5705,45,1,45.48,45.48
14427,5705,54,1,60.25,60.25
14428,5706,1,4,16.57,66.28
14429,5706,89,4,18.33,73.32
14430,5707,108,1,19.26,19.26
14431,5707,3,3,29.33,87.99
14432,5708,108,5,20.1,100.5
14433,5708,79,5,20.44,102.2
14434,5708,67,4,27.94,111.76
14435,5708,85,1,72.15,72.15
14436,5709,3,2,31.16,62.32
14437,5709,117,1,57.7,57.7
14438,5709,105,1,15.24,15.24
14439,5709,88,1,36.75,36.75
14440,5710,40,5,20.5,102.5
14441,5711,16,5,34.37,171.85
14442,5711,37,4,9.76,39.04
14443,5711,60,5,29.35,146.75
14444,5711,119,3,39.05,117.14999999999999
14445,5712,49,1,22.05,22.05
14446,5712,88,4,39.95,159.8
14447,5712,49,3,22.26,66.78
14448,5713,8,1,21.13,21.13
14449,5713,95,4,102.17,408.68
14450,5713,41,2,52.22,104.44
14451,5713,70,1,68.56,68.56
14452,5714,41,1,56.19,56.19
14453,5714,88,1,37.23,37.23
14454,5714,98,3,61.86,185.57999999999998
14455,5714,90,1,18.6,18.6
14456,5715,108,3,18.54,55.62
14457,5715,83,4,36.81,147.24
14458,5716,64,4,43.67,174.68
14459,5716,91,5,31.44,157.20000000000002
14460,5716,83,5,38.24,191.20000000000002
14461,5716,27,1,51.29,51.29
14462,5717,36,2,20.49,40.98
14463,5717,12,1,38.48,38.48
14464,5717,92,2,8.69,17.38
14465,5718,20,3,36.14,108.42
14466,5718,11,5,26.16,130.8
14467,5718,98,3,58.07,174.21
14468,5719,7,2,12.72,25.44
14469,5719,115,2,37.17,74.34
14470,5719,27,4,49.13,196.52
14471,5719,113,2,30.17,60.34
14472,5720,79,4,21.09,84.36
14473,5720,2,1,43.76,43.76
14474,5720,94,5,27.67,138.35000000000002
14475,5720,120,2,29.41,58.82
14476,5721,111,5,38.63,193.15
14477,5721,107,5,65.92,329.6
14478,5722,29,3,11.43,34.29
14479,5722,24,3,44.49,133.47
14480,5722,38,2,118.37,236.74
14481,5722,67,5,28.49,142.45
14482,5723,94,5,27.29,136.45
14483,5724,119,5,42.58,212.89999999999998
14484,5725,58,5,57.05,285.25
14485,5725,57,3,70.91,212.73
14486,5725,102,3,19.59,58.769999999999996
14487,5726,115,5,38.83,194.14999999999998
14488,5726,52,3,47.15,141.45
14489,5727,66,1,95.59,95.59
14490,5727,32,1,21.33,21.33
14491,5728,42,4,26.74,106.96
14492,5728,92,5,8.3,41.5
14493,5728,20,5,34.13,170.65
14494,5729,35,2,63.4,126.8
14495,5730,13,4,42.88,171.52
14496,5731,31,4,27.23,108.92
14497,5732,85,3,67.35,202.04999999999998
14498,5732,103,4,12.82,51.28
14499,5732,40,4,20.37,81.48
14500,5732,108,1,18.8,18.8
14501,5733,49,1,23.06,23.06
14502,5733,32,2,22.13,44.26
14503,5734,113,2,31.23,62.46
14504,5734,62,4,12.06,48.24
14505,5734,24,2,42.51,85.02
14506,5734,27,4,49.66,198.64
14507,5735,45,1,47.29,47.29
14508,5735,14,3,74.7,224.10000000000002
14509,5735,110,4,66.44,265.76
14510,5736,75,4,33.68,134.72
14511,5736,113,4,30.55,122.2
14512,5737,29,4,11.05,44.2
14513,5738,97,5,47.5,237.5
14514,5739,82,3,18.79,56.37
14515,5739,46,4,13.09,52.36
14516,5739,42,2,27.16,54.32
14517,5740,16,5,32.77,163.85000000000002
14518,5740,96,2,76.69,153.38
14519,5740,95,1,101.67,101.67
14520,5741,68,1,25.75,25.75
14521,5741,101,1,54.07,54.07
14522,5741,75,5,35.66,178.29999999999998
14523,5741,86,2,38.55,77.1
14524,5742,120,1,29.79,29.79
14525,5743,41,1,55.93,55.93
14526,5743,79,3,19.99,59.97
14527,5743,79,4,20.71,82.84
14528,5744,109,1,19.99,19.99
14529,5745,85,3,68.37,205.11
14530,5745,32,3,21.87,65.61
14531,5745,107,5,69.49,347.45
14532,5746,98,1,58.9,58.9
14533,5747,17,1,48.28,48.28
14534,5748,89,2,17.23,34.46
14535,5748,32,5,21.58,107.89999999999999
14536,5749,33,1,105.87,105.87
14537,5749,49,4,22.79,91.16
14538,5750,38,3,110.77,332.31
14539,5751,98,5,63.8,319.0
14540,5751,24,2,45.45,90.9
14541,5751,108,3,18.8,56.400000000000006
14542,5752,7,3,12.56,37.68
14543,5752,34,2,44.41,88.82
14544,5753,55,2,35.12,70.24
14545,5753,61,4,46.29,185.16
14546,5753,107,1,67.69,67.69
14547,5753,73,5,10.27,51.349999999999994
14548,5754,64,5,46.29,231.45
14549,5754,20,1,35.52,35.52
14550,5754,6,5,75.51,377.55
14551,5755,96,3,73.5,220.5
14552,5755,70,5,71.45,357.25
14553,5755,57,2,71.91,143.82
14554,5755,61,5,49.44,247.2
14555,5756,108,3,19.54,58.62
14556,5757,55,3,36.37,109.10999999999999
14557,5757,66,3,89.07,267.21
14558,5758,62,4,11.92,47.68
14559,5758,100,2,40.16,80.32
14560,5758,27,1,50.41,50.41
14561,5758,6,1,70.51,70.51
14562,5759,115,5,37.98,189.89999999999998
14563,5760,53,1,44.05,44.05
14564,5761,70,1,69.82,69.82
14565,5761,51,1,103.06,103.06
14566,5761,36,2,20.06,40.12
14567,5762,24,1,46.54,46.54
14568,5763,82,3,17.84,53.519999999999996
14569,5763,68,1,26.54,26.54
14570,5763,76,2,12.87,25.74
14571,5763,91,3,29.4,88.19999999999999
14572,5764,36,3,20.83,62.489999999999995
14573,5764,60,3,30.91,92.73
14574,5764,73,1,9.49,9.49
14575,5764,100,1,37.38,37.38
14576,5765,12,4,38.29,153.16
14577,5765,36,1,21.05,21.05
14578,5765,24,2,45.56,91.12
14579,5765,36,2,20.84,41.68
14580,5766,113,1,30.6,30.6
14581,5766,21,1,62.83,62.83
14582,5766,91,1,29.62,29.62
14583,5766,95,2,102.71,205.42
14584,5767,90,4,18.13,72.52
14585,5767,18,1,18.23,18.23
14586,5767,10,5,73.37,366.85
14587,5767,18,1,17.53,17.53
14588,5768,101,1,55.73,55.73
14589,5768,1,4,17.35,69.4
14590,5768,87,5,30.99,154.95
14591,5768,47,1,24.31,24.31
14592,5769,114,4,31.9,127.6
14593,5769,53,3,42.82,128.46
14594,5770,56,4,22.5,90.0
14595,5771,55,5,34.84,174.20000000000002
14596,5771,97,4,46.71,186.84
14597,5771,92,1,8.78,8.78
14598,5771,116,2,88.7,177.4
14599,5772,50,2,41.81,83.62
14600,5772,101,4,59.21,236.84
14601,5773,1,4,18.04,72.16
14602,5774,75,3,36.18,108.53999999999999
14603,5774,74,1,59.29,59.29
14604,5775,7,1,13.51,13.51
14605,5776,21,3,68.21,204.63
14606,5776,117,5,59.62,298.09999999999997
14607,5776,4,4,28.71,114.84
14608,5777,61,1,45.32,45.32
14609,5777,94,5,26.77,133.85
14610,5777,118,2,21.85,43.7
14611,5778,30,5,18.8,94.0
14612,5779,75,5,35.91,179.54999999999998
14613,5780,91,1,29.55,29.55
14614,5780,109,1,19.66,19.66
14615,5780,78,5,17.11,85.55
14616,5780,28,1,22.41,22.41
14617,5781,106,1,52.36,52.36
14618,5781,114,3,34.13,102.39000000000001
14619,5782,43,3,41.74,125.22
14620,5783,60,3,28.61,85.83
14621,5784,79,3,19.92,59.760000000000005
14622,5784,100,2,37.42,74.84
14623,5785,69,1,64.8,64.8
14624,5786,90,2,19.59,39.18
14625,5787,94,2,25.39,50.78
14626,5788,25,3,65.19,195.57
14627,5788,40,4,19.45,77.8
14628,5788,102,1,18.43,18.43
14629,5789,72,2,31.14,62.28
14630,5789,25,5,65.26,326.3
14631,5789,65,4,15.51,62.04
14632,5790,26,3,19.95,59.849999999999994
14633,5790,6,5,71.79,358.95000000000005
14634,5790,56,3,22.69,68.07000000000001
14635,5790,5,1,89.97,89.97
14636,5791,115,5,37.46,187.3
14637,5791,109,1,19.83,19.83
14638,5792,27,4,48.94,195.76
14639,5793,77,2,22.79,45.58
14640,5793,47,4,23.28,93.12
14641,5793,74,1,62.07,62.07
14642,5794,63,2,47.97,95.94
14643,5794,90,1,18.8,18.8
14644,5794,91,3,29.48,88.44
14645,5794,2,3,44.37,133.10999999999999
14646,5795,102,2,18.85,37.7
14647,5795,28,4,22.48,89.92
14648,5795,77,1,22.57,22.57
14649,5796,79,4,21.43,85.72
14650,5797,77,1,22.45,22.45
14651,5798,87,1,29.83,29.83
14652,5799,16,2,33.86,67.72
14653,5799,76,3,12.92,38.76
14654,5799,46,5,13.24,66.2
14655,5799,50,4,43.14,172.56
14656,5800,18,2,17.15,34.3
14657,5800,71,4,17.61,70.44
14658,5801,39,5,8.29,41.449999999999996
14659,5802,84,3,49.78,149.34
14660,5802,58,4,57.78,231.12
14661,5803,49,3,23.78,71.34
14662,5803,62,3,12.61,37.83
14663,5803,68,4,25.68,102.72
14664,5803,82,4,18.6,74.4
14665,5804,10,2,77.03,154.06
14666,5804,97,1,46.33,46.33
14667,5805,21,1,68.6,68.6
14668,5805,28,5,23.7,118.5
14669,5805,93,1,23.85,23.85
14670,5805,1,5,17.61,88.05
14671,5806,46,3,13.33,39.99
14672,5806,80,5,10.42,52.1
14673,5806,94,4,27.78,111.12
14674,5807,108,4,19.8,79.2
14675,5807,81,3,80.31,240.93
14676,5807,29,3,11.43,34.29
14677,5807,44,1,17.39,17.39
14678,5808,3,2,30.19,60.38
14679,5809,93,5,22.91,114.55
14680,5809,1,3,17.17,51.510000000000005
14681,5809,16,2,36.32,72.64
14682,5810,117,5,60.6,303.0
14683,5810,20,1,34.11,34.11
14684,5811,35,4,58.33,233.32
14685,5811,50,4,39.88,159.52
14686,5811,17,4,51.85,207.4
14687,5811,79,1,20.24,20.24
14688,5812,38,5,112.72,563.6
14689,5813,36,5,21.26,106.30000000000001
14690,5814,69,4,64.1,256.4
14691,5815,39,4,8.16,32.64
14692,5815,27,3,49.47,148.41
14693,5815,104,2,42.48,84.96
14694,5815,70,5,66.57,332.84999999999997
14695,5816,108,2,18.56,37.12
14696,5816,43,4,40.47,161.88
14697,5816,110,1,64.67,64.67
14698,5816,107,1,70.05,70.05
14699,5817,3,3,31.75,95.25
14700,5818,16,1,34.57,34.57
14701,5818,96,3,78.73,236.19
14702,5819,36,3,20.87,62.61
14703,5819,92,1,8.32,8.32
14704,5819,53,4,41.98,167.92
14705,5820,31,4,26.34,105.36
14706,5820,27,1,52.31,52.31
14707,5820,28,2,22.73,45.46
14708,5820,80,5,10.44,52.199999999999996
14709,5821,5,1,89.41,89.41
14710,5821,23,4,74.33,297.32
14711,5822,99,2,17.91,35.82
14712,5822,39,4,8.22,32.88
14713,5822,73,1,9.68,9.68
14714,5822,36,5,20.88,104.39999999999999
14715,5823,2,5,42.55,212.75
14716,5823,54,3,58.79,176.37
14717,5823,28,3,23.1,69.30000000000001
14718,5823,89,4,17.27,69.08
14719,5824,100,5,37.53,187.65
14720,5824,106,4,52.17,208.68
14721,5824,73,4,9.77,39.08
14722,5825,10,3,78.15,234.45000000000002
14723,5825,103,1,13.28,13.28
14724,5825,102,1,19.72,19.72
14725,5826,18,1,17.97,17.97
14726,5827,49,1,23.86,23.86
14727,5827,115,3,37.97,113.91
14728,5828,97,2,48.48,96.96
14729,5828,25,1,68.93,68.93
14730,5828,76,3,13.57,40.71
14731,5828,37,4,10.02,40.08
14732,5829,105,2,13.82,27.64
14733,5830,112,5,61.39,306.95
14734,5830,94,2,27.52,55.04
14735,5830,38,2,108.61,217.22
14736,5831,48,5,53.8,269.0
14737,5831,72,5,32.99,164.95000000000002
14738,5831,114,2,33.5,67.0
14739,5831,42,5,26.6,133.0
14740,5832,67,3,28.85,86.55000000000001
14741,5832,89,2,18.84,37.68
14742,5832,45,3,46.75,140.25
14743,5833,38,3,117.81,353.43
14744,5833,47,1,25.09,25.09
14745,5833,53,2,43.32,86.64
14746,5833,12,4,37.76,151.04
14747,5834,11,2,27.54,55.08
14748,5834,84,4,46.03,184.12
14749,5834,111,1,37.3,37.3
14750,5834,97,2,45.56,91.12
14751,5835,109,2,19.82,39.64
14752,5836,101,4,57.52,230.08
14753,5836,97,4,45.27,181.08
14754,5836,7,3,13.78,41.339999999999996
14755,5837,105,5,13.79,68.94999999999999
14756,5837,54,5,58.6,293.0
14757,5837,73,2,10.24,20.48
14758,5838,107,3,71.66,214.98
14759,5838,11,1,26.19,26.19
14760,5838,31,2,26.99,53.98
14761,5839,9,4,35.87,143.48
14762,5839,51,5,104.63,523.15
14763,5839,95,4,109.61,438.44
14764,5840,60,3,30.12,90.36
14765,5840,63,2,45.88,91.76
14766,5841,29,3,11.05,33.150000000000006
14767,5841,34,5,44.88,224.4
14768,5842,67,5,27.38,136.9
14769,5842,5,4,92.49,369.96
14770,5843,54,3,58.36,175.07999999999998
14771,5844,119,1,41.9,41.9
14772,5844,69,4,62.42,249.68
14773,5844,12,3,38.74,116.22
14774,5844,51,1,107.17,107.17
14775,5845,44,1,17.66,17.66
14776,5845,84,5,46.92,234.60000000000002
14777,5845,82,1,18.78,18.78
14778,5846,118,3,21.73,65.19
14779,5846,75,2,36.46,72.92
14780,5847,29,3,11.7,35.099999999999994
14781,5848,16,1,36.22,36.22
14782,5848,19,2,37.8,75.6
14783,5848,75,5,34.08,170.39999999999998
14784,5849,72,1,34.32,34.32
14785,5849,41,3,52.72,158.16
14786,5849,89,5,18.11,90.55
14787,5849,21,5,68.34,341.70000000000005
14788,5850,86,5,38.09,190.45000000000002
14789,5850,75,3,34.58,103.74
14790,5850,22,1,57.81,57.81
14791,5850,109,4,19.91,79.64
14792,5851,105,5,14.73,73.65
14793,5851,91,3,31.69,95.07000000000001
14794,5852,80,4,9.84,39.36
14795,5852,20,1,35.23,35.23
14796,5853,117,4,61.25,245.0
14797,5853,21,1,67.78,67.78
14798,5853,97,2,49.17,98.34
14799,5854,57,2,71.05,142.1
14800,5854,81,1,77.99,77.99
14801,5854,3,4,30.12,120.48
14802,5855,39,1,8.39,8.39
14803,5855,3,5,29.42,147.10000000000002
14804,5856,88,5,37.96,189.8
14805,5856,31,1,25.18,25.18
14806,5856,38,3,110.88,332.64
14807,5856,13,1,42.41,42.41
14808,5857,16,1,35.18,35.18
14809,5857,66,5,89.06,445.3
14810,5857,42,2,27.79,55.58
14811,5858,6,2,73.11,146.22
14812,5858,101,5,57.22,286.1
14813,5858,30,2,19.41,38.82
14814,5858,6,2,69.62,139.24
14815,5859,7,1,13.74,13.74
14816,5860,49,5,23.19,115.95
14817,5860,64,2,43.13,86.26
14818,5860,16,3,33.0,99.0
14819,5861,43,1,41.76,41.76
14820,5861,42,3,27.79,83.37
14821,5862,10,4,77.68,310.72
14822,5862,79,2,21.1,42.2
14823,5862,43,1,40.09,40.09
14824,5862,85,2,69.65,139.3
14825,5863,1,4,17.92,71.68
14826,5863,5,5,92.49,462.45
14827,5863,100,4,37.28,149.12
14828,5864,40,5,19.5,97.5
14829,5864,44,1,17.54,17.54
14830,5864,51,4,110.21,440.84
14831,5865,80,5,10.6,53.0
14832,5865,86,5,37.39,186.95
14833,5865,86,5,38.46,192.3
14834,5866,105,3,14.82,44.46
14835,5867,67,5,28.47,142.35
14836,5867,31,3,27.19,81.57000000000001
14837,5867,71,2,18.2,36.4
14838,5868,35,5,60.84,304.20000000000005
14839,5868,52,4,48.72,194.88
14840,5868,4,4,30.38,121.52
14841,5868,49,3,23.05,69.15
14842,5869,72,5,31.2,156.0
14843,5870,37,2,9.76,19.52
14844,5871,14,4,77.95,311.8
14845,5872,9,3,34.63,103.89000000000001
14846,5872,15,2,20.04,40.08
14847,5873,42,4,25.78,103.12
14848,5874,120,1,30.25,30.25
14849,5874,56,1,23.11,23.11
14850,5874,110,4,64.32,257.28
14851,5875,17,3,49.15,147.45
14852,5876,117,1,57.44,57.44
14853,5877,109,5,20.34,101.7
14854,5878,11,5,28.41,142.05
14855,5878,2,4,45.7,182.8
14856,5878,78,2,17.04,34.08
14857,5879,27,5,53.21,266.05
14858,5880,77,2,22.69,45.38
14859,5880,82,1,17.83,17.83
14860,5880,8,4,19.85,79.4
14861,5881,99,3,19.46,58.38
14862,5881,104,2,44.67,89.34
14863,5881,57,4,71.05,284.2
14864,5882,112,2,63.26,126.52
14865,5882,71,2,17.46,34.92
14866,5883,88,1,38.2,38.2
14867,5884,33,1,102.65,102.65
14868,5884,76,1,13.43,13.43
14869,5884,115,1,35.19,35.19
14870,5885,94,1,26.6,26.6
14871,5885,78,3,16.49,49.47
14872,5886,49,2,23.25,46.5
14873,5886,16,1,34.38,34.38
14874,5886,42,1,27.13,27.13
14875,5887,89,1,18.46,18.46
14876,5887,64,4,45.51,182.04
14877,5887,16,5,36.04,180.2
14878,5887,29,2,10.9,21.8
14879,5888,49,5,21.75,108.75
14880,5889,6,4,70.86,283.44
14881,5889,59,4,19.93,79.72
14882,5889,110,2,67.74,135.48
14883,5889,87,3,31.99,95.97
14884,5890,113,3,32.56,97.68
14885,5891,120,3,29.1,87.30000000000001
14886,5891,7,4,13.82,55.28
14887,5891,45,3,44.11,132.32999999999998
14888,5892,25,3,66.0,198.0
14889,5893,82,4,18.79,75.16
14890,5894,5,2,89.06,178.12
14891,5894,81,4,83.2,332.8
14892,5895,47,4,25.3,101.2
14893,5895,23,1,71.26,71.26
14894,5895,26,4,20.53,82.12
14895,5896,78,2,16.62,33.24
14896,5896,57,4,65.88,263.52
14897,5897,106,4,50.36,201.44
14898,5897,118,2,23.94,47.88
14899,5898,67,3,28.19,84.57000000000001
14900,5899,83,3,37.48,112.44
14901,5899,58,5,61.14,305.7
14902,5899,48,1,53.18,53.18
14903,5900,78,2,17.13,34.26
14904,5900,2,3,44.88,134.64000000000001
14905,5901,97,4,46.57,186.28
14906,5901,83,2,36.92,73.84
14907,5901,28,4,24.42,97.68
14908,5901,1,1,17.11,17.11
14909,5902,20,4,36.69,146.76
14910,5902,85,4,71.39,285.56
14911,5903,79,4,20.65,82.6
14912,5903,80,5,10.48,52.400000000000006
14913,5903,5,5,89.65,448.25
14914,5904,2,4,42.77,171.08
14915,5904,100,4,39.86,159.44
14916,5904,55,4,33.88,135.52
14917,5904,37,5,10.39,51.95
14918,5905,10,5,73.13,365.65
14919,5905,14,3,75.23,225.69
14920,5905,89,1,18.4,18.4
14921,5905,92,1,8.5,8.5
14922,5906,34,2,45.11,90.22
14923,5906,27,3,50.64,151.92000000000002
14924,5907,37,2,9.95,19.9
14925,5908,49,3,22.55,67.65
14926,5908,102,2,19.67,39.34
14927,5909,50,5,42.96,214.8
14928,5909,93,3,22.33,66.99
14929,5910,99,4,18.13,72.52
14930,5910,72,3,31.26,93.78
14931,5911,32,4,21.85,87.4
14932,5912,119,3,42.25,126.75
14933,5912,76,4,13.27,53.08
14934,5913,84,5,46.18,230.9
14935,5914,120,4,29.27,117.08
14936,5914,74,4,57.37,229.48
14937,5914,72,5,32.46,162.3
14938,5914,100,4,38.54,154.16
14939,5915,17,1,48.63,48.63
14940,5916,116,5,89.84,449.20000000000005
14941,5916,34,5,44.32,221.6
14942,5916,117,3,57.13,171.39000000000001
14943,5916,65,5,14.65,73.25
14944,5917,106,1,52.63,52.63
14945,5917,39,5,8.45,42.25
14946,5917,92,5,8.47,42.35
14947,5917,62,1,11.93,11.93
14948,5918,78,4,16.35,65.4
14949,5918,66,5,93.83,469.15
14950,5918,119,4,40.3,161.2
14951,5918,89,2,17.42,34.84
14952,5919,31,2,26.68,53.36
14953,5919,75,1,34.46,34.46
14954,5920,44,3,17.53,52.59
14955,5920,84,2,45.63,91.26
14956,5920,58,3,58.6,175.8
14957,5920,27,1,51.87,51.87
14958,5921,27,3,51.92,155.76
14959,5921,51,2,110.14,220.28
14960,5921,58,1,58.31,58.31
14961,5921,100,5,38.55,192.75
14962,5922,77,1,22.39,22.39
14963,5922,91,4,28.87,115.48
14964,5922,18,3,17.38,52.14
14965,5922,22,3,62.53,187.59
14966,5923,5,2,87.98,175.96
14967,5923,8,5,20.9,104.5
14968,5923,18,2,16.78,33.56
14969,5923,79,5,22.01,110.05000000000001
14970,5924,55,2,36.45,72.9
14971,5924,54,5,61.85,309.25
14972,5925,89,4,17.24,68.96
14973,5925,50,5,41.48,207.39999999999998
14974,5925,1,1,16.74,16.74
14975,5926,4,5,30.48,152.4
14976,5927,22,4,62.91,251.64
14977,5927,46,1,14.06,14.06
14978,5927,106,1,50.94,50.94
14979,5927,22,3,58.56,175.68
14980,5928,89,4,17.1,68.4
14981,5928,5,2,93.42,186.84
14982,5929,14,5,73.24,366.2
14983,5929,48,1,50.4,50.4
14984,5930,77,2,21.27,42.54
14985,5930,99,1,18.45,18.45
14986,5931,89,5,17.58,87.89999999999999
14987,5931,107,3,67.2,201.60000000000002
14988,5931,53,1,41.84,41.84
14989,5931,29,5,11.71,58.550000000000004
14990,5932,51,4,109.73,438.92
14991,5933,33,3,100.46,301.38
14992,5933,43,3,40.02,120.06
14993,5933,12,4,38.11,152.44
14994,5934,93,2,23.2,46.4
14995,5934,110,2,69.57,139.14
14996,5935,12,5,39.38,196.9
14997,5935,8,2,19.93,39.86
14998,5935,97,4,49.35,197.4
14999,5936,113,5,29.38,146.9
15000,5936,2,1,43.17,43.17
15001,5936,77,2,20.9,41.8
15002,5937,50,1,42.19,42.19
15003,5937,95,4,104.58,418.32
15004,5937,62,1,11.61,11.61
15005,5938,27,1,50.04,50.04
15006,5939,35,5,59.2,296.0
15007,5939,73,1,9.92,9.92
15008,5939,32,3,22.44,67.32000000000001
15009,5939,14,3,75.71,227.13
15010,5940,64,2,45.56,91.12
15011,5940,80,3,9.8,29.400000000000002
15012,5940,96,4,76.47,305.88
15013,5940,73,1,9.92,9.92
15014,5941,49,1,22.66,22.66
15015,5941,99,4,19.42,77.68
15016,5941,55,1,33.58,33.58
15017,5941,78,1,17.41,17.41
15018,5942,109,1,19.85,19.85
15019,5942,117,4,56.43,225.72
15020,5943,54,1,57.15,57.15
15021,5944,59,4,19.49,77.96
15022,5944,105,5,14.61,73.05
15023,5944,67,3,28.19,84.57000000000001
15024,5945,91,5,29.03,145.15
15025,5946,10,3,74.22,222.66
15026,5946,99,5,17.97,89.85
15027,5946,13,1,42.59,42.59
15028,5947,47,4,25.16,100.64
15029,5947,21,3,63.19,189.57
15030,5948,112,5,64.93,324.65000000000003
15031,5949,15,2,18.22,36.44
15032,5949,66,5,94.32,471.59999999999997
15033,5949,17,2,50.99,101.98
15034,5949,3,3,30.28,90.84
15035,5950,32,1,21.11,21.11
15036,5950,10,1,78.01,78.01
15037,5950,34,4,47.07,188.28
15038,5951,20,2,34.84,69.68
15039,5952,84,5,45.11,225.55
15040,5952,21,5,68.1,340.5
15041,5952,59,1,19.14,19.14
15042,5952,1,5,16.83,84.14999999999999
15043,5953,112,4,61.89,247.56
15044,5953,54,4,59.82,239.28
15045,5953,42,3,26.63,79.89
15046,5954,39,4,8.06,32.24
15047,5954,8,1,20.64,20.64
15048,5955,32,2,23.05,46.1
15049,5955,102,3,19.63,58.89
15050,5956,47,5,23.22,116.1
15051,5956,102,5,19.43,97.15
15052,5957,22,3,60.5,181.5
15053,5957,44,5,16.3,81.5
15054,5957,76,5,13.56,67.8
15055,5957,9,3,33.35,100.05000000000001
15056,5958,43,1,38.63,38.63
15057,5958,106,3,47.86,143.57999999999998
15058,5958,60,4,31.02,124.08
15059,5959,113,2,31.64,63.28
15060,5959,18,5,18.01,90.05000000000001
15061,5959,120,2,29.62,59.24
15062,5959,106,5,49.74,248.70000000000002
15063,5960,47,3,24.39,73.17
15064,5961,68,3,24.82,74.46000000000001
15065,5961,16,1,35.51,35.51
15066,5961,19,2,40.47,80.94
15067,5962,46,4,13.09,52.36
15068,5963,40,3,20.72,62.16
15069,5963,71,2,17.81,35.62
15070,5964,109,1,19.68,19.68
15071,5964,6,4,69.37,277.48
15072,5964,101,4,59.16,236.64
15073,5965,33,4,106.08,424.32
15074,5965,79,1,21.28,21.28
15075,5965,114,5,31.27,156.35
15076,5965,89,2,18.48,36.96
15077,5966,6,2,73.6,147.2
15078,5966,72,2,32.36,64.72
15079,5967,19,5,39.64,198.2
15080,5968,31,3,24.99,74.97
15081,5968,70,4,69.09,276.36
15082,5968,70,4,67.13,268.52
15083,5968,115,4,35.42,141.68
15084,5969,35,4,63.89,255.56
15085,5969,113,3,30.27,90.81
15086,5969,53,4,41.31,165.24
15087,5970,31,2,25.2,50.4
15088,5970,75,3,34.95,104.85000000000001
15089,5970,74,1,56.86,56.86
15090,5971,108,3,19.53,58.59
15091,5971,116,3,92.88,278.64
15092,5971,80,3,10.14,30.42
15093,5971,76,5,13.7,68.5
15094,5972,35,3,59.09,177.27
15095,5973,27,5,48.72,243.6
15096,5973,72,3,31.49,94.47
15097,5973,84,1,48.96,48.96
15098,5974,45,1,44.52,44.52
15099,5975,62,2,12.58,25.16
15100,5975,69,4,59.33,237.32
15101,5975,60,3,30.3,90.9
15102,5975,6,2,71.31,142.62
15103,5976,59,3,20.96,62.88
15104,5976,26,5,19.71,98.55000000000001
15105,5977,14,1,73.51,73.51
15106,5977,57,3,65.64,196.92000000000002
15107,5978,95,4,105.38,421.52
15108,5979,96,5,72.51,362.55
15109,5979,42,3,25.38,76.14
15110,5979,69,5,59.79,298.95
15111,5980,23,5,70.91,354.54999999999995
15112,5980,34,1,44.47,44.47
15113,5980,53,2,43.19,86.38
15114,5981,47,2,24.32,48.64
15115,5981,78,5,16.14,80.7
15116,5981,90,1,18.97,18.97
15117,5981,67,5,27.7,138.5
15118,5982,4,5,29.37,146.85
15119,5983,99,3,19.15,57.449999999999996
15120,5983,55,1,35.94,35.94
15121,5983,102,5,19.26,96.30000000000001
15122,5984,33,3,99.62,298.86
15123,5984,75,4,36.96,147.84
15124,5984,30,2,19.8,39.6
15125,5984,67,3,28.96,86.88
15126,5985,101,2,54.36,108.72
15127,5985,69,3,62.64,187.92000000000002
15128,5985,120,1,30.95,30.95
15129,5985,48,3,54.02,162.06
15130,5986,16,2,34.04,68.08
15131,5986,57,2,71.6,143.2
15132,5986,100,5,38.9,194.5
15133,5987,64,1,42.31,42.31
15134,5987,74,5,62.92,314.6
15135,5987,97,4,46.44,185.76
15136,5987,32,2,21.56,43.12
15137,5988,90,1,19.65,19.65
15138,5989,115,4,37.86,151.44
15139,5990,24,4,44.18,176.72
15140,5990,23,1,72.96,72.96
15141,5990,118,5,21.68,108.4
15142,5991,117,2,59.86,119.72
15143,5991,116,3,90.43,271.29
15144,5992,103,5,13.58,67.9
15145,5992,34,4,44.87,179.48
15146,5992,68,3,26.78,80.34
15147,5993,120,5,30.02,150.1
15148,5993,85,2,71.31,142.62
15149,5993,64,2,45.24,90.48
15150,5994,73,4,10.02,40.08
15151,5994,28,2,24.66,49.32
15152,5994,43,3,39.46,118.38
15153,5995,87,3,31.54,94.62
15154,5995,116,3,89.95,269.85
15155,5995,6,5,76.46,382.29999999999995
15156,5995,50,2,43.0,86.0
15157,5996,83,4,35.05,140.2
15158,5997,56,3,24.05,72.15
15159,5997,101,1,56.81,56.81
15160,5997,78,2,16.77,33.54
15161,5997,43,3,38.07,114.21000000000001
15162,5998,92,1,8.46,8.46
15163,5998,41,3,53.79,161.37
15164,5998,50,5,42.93,214.65
15165,5998,33,2,103.15,206.3
15166,5999,120,3,29.67,89.01
15167,5999,49,1,22.59,22.59
15168,6000,115,2,35.28,70.56
15169,6001,69,5,61.82,309.1
15170,6001,16,1,36.17,36.17
15171,6001,92,4,7.93,31.72
15172,6002,24,5,45.93,229.65
15173,6002,107,4,68.41,273.64
15174,6002,116,4,89.52,358.08
15175,6002,66,1,95.74,95.74
15176,6003,48,1,50.96,50.96
15177,6003,57,1,72.61,72.61
15178,6003,94,5,26.8,134.0
15179,6004,45,1,44.86,44.86
15180,6005,7,1,13.84,13.84
15181,6005,72,4,32.12,128.48
15182,6006,89,1,18.79,18.79
15183,6006,18,5,17.9,89.5
15184,6007,44,4,17.22,68.88
15185,6007,57,5,68.1,340.5
15186,6007,74,4,57.21,228.84
15187,6008,62,2,12.63,25.26
15188,6008,91,4,30.69,122.76
15189,6008,76,2,13.19,26.38
15190,6009,86,5,38.01,190.04999999999998
15191,6009,9,3,36.02,108.06
15192,6009,111,4,36.74,146.96
15193,6009,52,1,47.6,47.6
15194,6010,51,1,108.35,108.35
15195,6010,92,4,8.69,34.76
15196,6010,50,5,42.39,211.95
15197,6010,95,2,106.48,212.96
15198,6011,99,5,18.53,92.65
15199,6011,66,5,91.41,457.04999999999995
15200,6011,68,4,26.57,106.28
15201,6012,105,3,14.8,44.400000000000006
15202,6013,90,1,18.82,18.82
15203,6014,91,1,31.68,31.68
15204,6015,84,1,45.79,45.79
15205,6015,96,4,75.38,301.52
15206,6015,93,2,23.75,47.5
15207,6016,96,5,78.74,393.7
15208,6017,49,4,22.18,88.72
15209,6018,88,5,37.37,186.85
15210,6019,62,5,12.04,60.199999999999996
15211,6019,103,1,13.79,13.79
15212,6019,60,4,29.58,118.32
15213,6020,12,3,38.39,115.17
15214,6020,98,4,58.47,233.88
15215,6021,61,1,49.93,49.93
15216,6021,5,3,87.33,261.99
15217,6021,100,5,38.04,190.2
15218,6021,7,1,13.09,13.09
15219,6022,14,3,72.45,217.35000000000002
15220,6022,86,2,39.2,78.4
15221,6023,19,4,39.76,159.04
15222,6023,33,3,106.04,318.12
15223,6023,49,2,22.04,44.08
15224,6024,117,3,58.36,175.07999999999998
15225,6024,68,2,25.33,50.66
15226,6024,117,3,56.73,170.19
15227,6025,87,3,30.48,91.44
15228,6025,35,5,60.47,302.35
15229,6025,68,4,26.65,106.6
15230,6025,41,5,53.33,266.65
15231,6026,26,2,20.78,41.56
15232,6027,65,1,15.21,15.21
15233,6027,102,2,18.77,37.54
15234,6027,95,3,102.91,308.73
15235,6028,32,3,22.32,66.96000000000001
15236,6028,32,1,22.77,22.77
15237,6028,103,1,14.16,14.16
15238,6029,76,3,12.66,37.980000000000004
15239,6029,60,2,28.67,57.34
15240,6030,99,2,19.7,39.4
15241,6030,5,4,89.42,357.68
15242,6030,91,2,30.81,61.62
15243,6031,58,5,61.38,306.90000000000003
15244,6031,59,3,19.02,57.06
15245,6031,79,4,20.3,81.2
15246,6032,28,2,24.19,48.38
15247,6032,106,1,51.06,51.06
15248,6032,11,2,27.2,54.4
15249,6033,70,1,73.01,73.01
15250,6033,58,3,59.59,178.77
15251,6033,119,2,38.82,77.64
15252,6034,79,2,20.14,40.28
15253,6035,46,2,14.28,28.56
15254,6035,51,3,109.9,329.70000000000005
15255,6036,30,1,18.66,18.66
15256,6036,7,2,12.81,25.62
15257,6036,54,2,57.27,114.54
15258,6036,3,3,29.36,88.08
15259,6037,80,3,10.04,30.119999999999997
15260,6038,109,3,21.12,63.36
15261,6039,12,4,36.88,147.52
15262,6039,117,1,56.71,56.71
15263,6039,11,1,28.73,28.73
15264,6040,58,3,56.19,168.57
15265,6041,75,2,34.23,68.46
15266,6042,77,2,21.89,43.78
15267,6042,47,2,23.68,47.36
15268,6042,6,2,72.27,144.54
15269,6042,94,1,26.52,26.52
15270,6043,56,2,23.5,47.0
15271,6044,32,5,20.93,104.65
15272,6045,55,1,36.31,36.31
15273,6045,53,5,42.89,214.45
15274,6046,72,4,34.58,138.32
15275,6046,62,1,12.52,12.52
15276,6046,72,4,31.19,124.76
15277,6046,114,2,33.64,67.28
15278,6047,111,3,36.35,109.05000000000001
15279,6047,1,1,16.35,16.35
15280,6047,78,1,16.14,16.14
15281,6047,27,4,52.84,211.36
15282,6048,9,3,34.07,102.21000000000001
15283,6048,12,3,37.66,112.97999999999999
15284,6049,77,5,22.53,112.65
15285,6049,119,5,42.96,214.8
15286,6050,94,5,27.88,139.4
15287,6050,16,3,36.18,108.53999999999999
15288,6050,26,5,18.9,94.5
15289,6051,99,1,18.57,18.57
15290,6051,73,4,9.5,38.0
15291,6051,63,5,48.24,241.20000000000002
15292,6051,22,1,63.15,63.15
15293,6052,94,4,28.07,112.28
15294,6053,101,5,57.28,286.4
15295,6053,37,2,10.52,21.04
15296,6054,120,5,30.77,153.85
15297,6055,58,1,58.24,58.24
15298,6056,5,5,90.72,453.6
15299,6056,118,5,23.73,118.65
15300,6056,24,3,44.31,132.93
15301,6057,12,5,37.85,189.25
15302,6058,55,3,36.39,109.17
15303,6058,75,4,36.85,147.4
15304,6058,76,3,13.52,40.56
15305,6058,115,1,36.79,36.79
15306,6059,56,2,23.1,46.2
15307,6060,16,1,33.12,33.12
15308,6060,55,1,34.5,34.5
15309,6060,101,4,54.72,218.88
15310,6060,2,1,42.02,42.02
15311,6061,34,1,46.89,46.89
15312,6061,82,5,18.73,93.65
15313,6062,25,1,65.17,65.17
15314,6062,59,3,19.32,57.96
15315,6062,20,1,34.96,34.96
15316,6063,16,4,34.28,137.12
15317,6063,89,3,18.57,55.71
15318,6064,94,1,25.45,25.45
15319,6064,5,4,87.59,350.36
15320,6065,65,1,15.85,15.85
15321,6065,51,5,103.41,517.05
15322,6065,45,3,43.96,131.88
15323,6066,84,1,47.91,47.91
15324,6066,77,3,22.89,68.67
15325,6067,17,5,52.12,260.59999999999997
15326,6068,117,4,59.52,238.08
15327,6069,27,2,48.79,97.58
15328,6069,66,3,90.45,271.35
15329,6070,19,5,38.35,191.75
15330,6071,73,2,10.14,20.28
15331,6072,4,4,30.11,120.44
15332,6073,33,3,109.51,328.53000000000003
15333,6073,55,2,35.18,70.36
15334,6073,12,1,38.67,38.67
15335,6073,60,5,29.59,147.95
15336,6074,70,3,69.73,209.19
15337,6074,114,3,33.25,99.75
15338,6075,45,1,43.08,43.08
15339,6075,88,4,39.96,159.84
15340,6076,32,2,22.31,44.62
15341,6076,117,5,58.19,290.95
15342,6076,116,4,90.93,363.72
15343,6076,91,3,31.82,95.46000000000001
15344,6077,26,2,19.34,38.68
15345,6077,118,1,22.97,22.97
15346,6077,48,4,50.91,203.64
15347,6078,30,1,19.28,19.28
15348,6079,49,5,22.57,112.85
15349,6079,21,2,65.14,130.28
15350,6079,44,5,16.38,81.89999999999999
15351,6080,47,5,23.15,115.75
15352,6080,120,3,30.7,92.1
15353,6080,60,5,31.28,156.4
15354,6081,89,4,18.81,75.24
15355,6081,99,3,18.98,56.94
15356,6082,114,2,31.8,63.6
15357,6082,65,3,15.83,47.49
15358,6082,71,4,18.82,75.28
15359,6083,115,2,36.11,72.22
15360,6084,82,3,18.26,54.78
15361,6084,35,5,60.77,303.85
15362,6084,72,3,32.63,97.89000000000001
15363,6084,70,2,70.26,140.52
15364,6085,71,4,18.74,74.96
15365,6085,79,3,21.94,65.82000000000001
15366,6085,52,4,45.53,182.12
15367,6086,19,5,40.01,200.04999999999998
15368,6086,44,4,16.47,65.88
15369,6087,95,4,103.58,414.32
15370,6087,120,2,29.28,58.56
15371,6087,77,4,22.77,91.08
15372,6087,94,1,26.37,26.37
15373,6088,24,3,45.3,135.89999999999998
15374,6088,95,1,106.99,106.99
15375,6088,50,1,40.86,40.86
15376,6089,85,5,71.16,355.79999999999995
15377,6089,77,2,21.89,43.78
15378,6089,92,3,8.2,24.599999999999998
15379,6089,89,3,17.83,53.489999999999995
15380,6090,78,4,16.42,65.68
15381,6091,51,4,99.7,398.8
15382,6091,98,1,59.99,59.99
15383,6092,87,4,32.06,128.24
15384,6092,17,4,49.22,196.88
15385,6093,32,5,22.95,114.75
15386,6093,33,1,99.68,99.68
15387,6094,37,1,10.19,10.19
15388,6094,85,2,68.19,136.38
15389,6094,2,3,43.07,129.21
15390,6095,32,4,22.51,90.04
15391,6095,59,5,19.62,98.10000000000001
15392,6096,22,4,57.89,231.56
15393,6096,23,3,67.32,201.95999999999998
15394,6096,52,1,46.51,46.51
15395,6096,73,2,9.99,19.98
15396,6097,41,3,53.48,160.44
15397,6098,116,4,97.41,389.64
15398,6099,51,5,101.84,509.20000000000005
15399,6099,120,1,30.89,30.89
15400,6099,68,5,27.06,135.29999999999998
15401,6099,45,2,46.59,93.18
15402,6100,14,4,76.87,307.48
15403,6100,89,4,17.0,68.0
15404,6100,65,2,15.66,31.32
15405,6101,116,1,89.81,89.81
15406,6102,117,2,58.11,116.22
15407,6102,63,5,46.25,231.25
15408,6102,30,4,19.03,76.12
15409,6102,41,2,52.04,104.08
15410,6103,9,5,35.9,179.5
15411,6104,19,2,39.86,79.72
15412,6104,50,4,42.1,168.4
15413,6104,22,5,61.71,308.55
15414,6105,103,2,13.24,26.48
15415,6106,103,1,13.57,13.57
15416,6106,22,3,61.09,183.27
15417,6107,32,3,22.2,66.6
15418,6107,100,3,39.38,118.14000000000001
15419,6107,33,3,99.47,298.40999999999997
15420,6107,32,4,21.95,87.8
15421,6108,90,1,19.01,19.01
15422,6109,49,5,21.81,109.05
15423,6109,101,2,54.42,108.84
15424,6110,64,4,44.58,178.32
15425,6110,26,3,19.08,57.239999999999995
15426,6111,19,2,39.17,78.34
15427,6112,83,5,35.53,177.65
15428,6113,54,2,58.12,116.24
15429,6113,54,3,62.02,186.06
15430,6114,82,2,19.02,38.04
15431,6114,34,3,44.87,134.60999999999999
15432,6115,120,1,29.05,29.05
15433,6116,63,4,47.21,188.84
15434,6116,104,1,42.92,42.92
15435,6116,94,1,26.89,26.89
15436,6117,73,5,10.25,51.25
15437,6118,12,1,39.41,39.41
15438,6118,89,2,17.49,34.98
15439,6119,9,3,34.07,102.21000000000001
15440,6119,89,3,17.33,51.989999999999995
15441,6119,110,4,69.17,276.68
15442,6119,64,1,43.51,43.51
15443,6120,116,2,96.33,192.66
15444,6120,76,3,13.46,40.38
15445,6121,64,1,43.6,43.6
15446,6121,64,1,43.72,43.72
15447,6121,18,4,16.72,66.88
15448,6122,8,5,20.82,104.1
15449,6122,10,4,79.36,317.44
15450,6123,108,5,19.55,97.75
15451,6123,19,5,39.05,195.25
15452,6123,77,5,21.62,108.10000000000001
15453,6124,34,4,46.23,184.92
15454,6124,46,1,14.32,14.32
15455,6124,83,4,36.2,144.8
15456,6124,105,5,14.65,73.25
15457,6125,14,3,79.13,237.39
15458,6125,63,2,48.13,96.26
15459,6126,17,5,50.85,254.25
15460,6126,25,4,70.99,283.96
15461,6126,86,4,37.23,148.92
15462,6127,4,5,27.84,139.2
15463,6127,31,1,25.8,25.8
15464,6128,67,3,26.77,80.31
15465,6128,26,4,20.57,82.28
15466,6129,47,3,25.01,75.03
15467,6129,70,2,71.58,143.16
15468,6129,109,3,20.07,60.21
15469,6129,10,5,77.92,389.6
15470,6130,61,4,48.16,192.64
15471,6130,76,5,12.61,63.05
15472,6131,58,3,56.48,169.44
15473,6132,3,1,31.65,31.65
15474,6132,92,1,8.68,8.68
15475,6133,28,1,23.82,23.82
15476,6133,12,4,37.33,149.32
15477,6133,55,4,36.66,146.64
15478,6134,23,1,73.53,73.53
15479,6134,76,4,13.44,53.76
15480,6134,65,4,15.65,62.6
15481,6135,25,4,65.46,261.84
15482,6135,111,3,38.55,115.64999999999999
15483,6135,106,3,52.09,156.27
15484,6136,38,1,115.44,115.44
15485,6136,111,5,39.25,196.25
15486,6137,40,4,19.01,76.04
15487,6137,58,4,56.49,225.96
15488,6138,68,5,27.52,137.6
15489,6139,33,5,108.44,542.2
15490,6140,73,2,9.52,19.04
15491,6140,14,2,78.72,157.44
15492,6140,73,2,9.31,18.62
15493,6140,113,2,30.82,61.64
15494,6141,39,1,8.04,8.04
15495,6141,17,4,52.07,208.28
15496,6141,70,1,73.28,73.28
15497,6141,36,4,20.09,80.36
15498,6142,90,5,19.62,98.10000000000001
15499,6143,40,1,18.96,18.96
15500,6143,8,2,21.85,43.7
15501,6143,33,1,108.9,108.9
15502,6143,100,4,40.29,161.16
15503,6144,1,5,16.4,82.0
15504,6144,107,4,67.28,269.12
15505,6144,25,3,68.52,205.56
15506,6144,33,3,103.71,311.13
15507,6145,90,2,18.74,37.48
15508,6146,112,4,63.56,254.24
15509,6146,25,2,65.72,131.44
15510,6147,110,2,68.69,137.38
15511,6148,92,5,8.04,40.199999999999996
15512,6148,4,5,28.47,142.35
15513,6148,50,2,41.87,83.74
15514,6149,31,4,26.49,105.96
15515,6149,10,4,73.74,294.96
15516,6149,111,5,36.79,183.95
15517,6150,100,3,40.13,120.39000000000001
15518,6151,105,3,14.6,43.8
15519,6151,77,5,21.4,107.0
15520,6151,88,5,38.59,192.95000000000002
15521,6151,74,4,57.6,230.4
15522,6152,6,5,72.3,361.5
15523,6152,19,4,40.31,161.24
15524,6153,107,2,71.73,143.46
15525,6153,75,4,33.62,134.48
15526,6154,39,5,8.49,42.45
15527,6155,96,5,71.37,356.85
15528,6155,64,4,45.4,181.6
15529,6155,120,2,30.69,61.38
15530,6155,60,4,31.52,126.08
15531,6156,81,1,77.21,77.21
15532,6157,118,4,21.66,86.64
15533,6157,52,2,46.85,93.7
15534,6157,112,1,60.7,60.7
15535,6157,99,5,18.58,92.89999999999999
15536,6158,5,4,87.04,348.16
15537,6158,7,4,13.57,54.28
15538,6158,12,4,38.98,155.92
15539,6158,51,1,103.68,103.68
15540,6159,98,3,62.16,186.48
15541,6160,88,2,37.77,75.54
15542,6161,89,5,18.04,90.19999999999999
15543,6162,44,4,17.05,68.2
15544,6162,6,5,71.62,358.1
15545,6162,8,1,19.92,19.92
15546,6162,17,2,48.88,97.76
15547,6163,14,3,75.05,225.14999999999998
15548,6164,114,5,31.81,159.04999999999998
15549,6164,21,1,68.45,68.45
15550,6164,39,1,8.04,8.04
15551,6165,100,4,38.59,154.36
15552,6165,25,1,69.6,69.6
15553,6165,87,2,29.97,59.94
15554,6165,56,4,23.33,93.32
15555,6166,92,3,8.54,25.619999999999997
15556,6166,37,4,10.72,42.88
15557,6167,110,1,68.04,68.04
15558,6167,88,4,39.33,157.32
15559,6167,37,4,10.55,42.2
15560,6168,80,2,10.15,20.3
15561,6169,90,4,18.77,75.08
15562,6169,119,3,42.41,127.22999999999999
15563,6169,44,5,17.39,86.95
15564,6169,118,4,21.67,86.68
15565,6170,95,4,109.92,439.68
15566,6170,53,3,43.11,129.32999999999998
15567,6170,84,4,48.59,194.36
15568,6171,68,1,25.74,25.74
15569,6171,119,3,40.96,122.88
15570,6171,8,2,20.86,41.72
15571,6172,91,1,28.88,28.88
15572,6172,100,5,38.62,193.1
15573,6173,1,4,16.8,67.2
15574,6173,62,2,12.19,24.38
15575,6173,84,1,49.8,49.8
15576,6174,102,5,19.42,97.10000000000001
15577,6174,13,4,42.92,171.68
15578,6174,34,5,45.65,228.25
15579,6175,66,1,89.5,89.5
15580,6176,78,5,16.49,82.44999999999999
15581,6176,19,1,39.04,39.04
15582,6176,99,5,18.48,92.4
15583,6177,60,3,30.05,90.15
15584,6178,49,5,23.64,118.2
15585,6178,96,5,71.38,356.9
15586,6178,62,5,11.7,58.5
15587,6179,35,4,63.73,254.92
15588,6179,53,1,44.02,44.02
15589,6179,19,4,38.58,154.32
15590,6179,102,3,18.28,54.84
15591,6180,38,4,112.46,449.84
15592,6180,42,5,27.44,137.20000000000002
15593,6180,21,3,68.52,205.56
15594,6180,45,2,44.15,88.3
15595,6181,23,4,73.01,292.04
15596,6181,6,2,69.37,138.74
15597,6182,84,3,48.76,146.28
15598,6182,46,4,14.22,56.88
15599,6182,85,5,68.27,341.34999999999997
15600,6182,27,4,52.01,208.04
15601,6183,64,4,46.42,185.68
15602,6183,26,3,20.1,60.300000000000004
15603,6183,31,2,26.23,52.46
15604,6183,117,5,56.75,283.75
15605,6184,64,2,42.94,85.88
15606,6184,1,2,16.85,33.7
15607,6185,114,4,31.34,125.36
15608,6185,99,5,17.95,89.75
15609,6186,47,3,25.24,75.72
15610,6187,29,2,11.02,22.04
15611,6187,51,1,108.85,108.85
15612,6187,93,5,24.4,122.0
15613,6188,60,4,29.9,119.6
15614,6188,21,1,63.72,63.72
15615,6189,22,4,62.08,248.32
15616,6189,120,2,31.09,62.18
15617,6189,30,1,18.46,18.46
15618,6190,70,4,68.46,273.84
15619,6190,83,2,37.64,75.28
15620,6190,19,2,37.08,74.16
15621,6190,20,4,35.03,140.12
15622,6191,38,2,108.81,217.62
15623,6192,73,1,10.09,10.09
15624,6192,102,1,18.39,18.39
15625,6193,47,5,24.57,122.85
15626,6193,35,3,61.21,183.63
15627,6193,37,3,10.68,32.04
15628,6194,93,5,22.29,111.44999999999999
15629,6194,66,3,93.76,281.28000000000003
15630,6194,75,2,36.93,73.86
15631,6195,28,5,23.54,117.69999999999999
15632,6195,78,4,17.77,71.08
15633,6195,38,4,110.22,440.88
15634,6195,107,2,68.82,137.64
15635,6196,63,5,49.17,245.85000000000002
15636,6196,19,2,38.9,77.8
15637,6196,79,5,20.47,102.35
15638,6196,4,4,28.0,112.0
15639,6197,101,3,58.37,175.10999999999999
15640,6197,49,4,21.9,87.6
15641,6198,99,2,18.03,36.06
15642,6198,113,5,30.6,153.0
15643,6198,60,5,31.54,157.7
15644,6199,14,1,75.94,75.94
15645,6199,9,1,34.11,34.11
15646,6200,39,1,8.68,8.68
15647,6201,23,3,69.12,207.36
15648,6201,86,4,35.53,142.12
15649,6201,1,4,17.0,68.0
15650,6202,86,2,37.91,75.82
15651,6202,23,5,73.66,368.29999999999995
15652,6202,16,1,34.95,34.95
15653,6202,4,4,29.45,117.8
15654,6203,97,3,48.5,145.5
15655,6203,86,1,36.26,36.26
15656,6203,108,5,20.05,100.25
15657,6203,66,4,94.83,379.32
15658,6204,72,3,32.97,98.91
15659,6204,5,4,91.55,366.2
15660,6205,3,2,29.3,58.6
15661,6205,75,1,35.94,35.94
15662,6205,62,2,11.58,23.16
15663,6205,98,2,60.86,121.72
15664,6206,67,4,28.79,115.16
15665,6207,4,3,28.11,84.33
15666,6207,78,5,16.77,83.85
15667,6208,16,4,34.98,139.92
15668,6208,107,4,70.04,280.16
15669,6209,57,4,66.59,266.36
15670,6209,54,2,59.1,118.2
15671,6210,6,3,69.21,207.63
15672,6210,37,5,10.54,52.699999999999996
15673,6210,3,5,31.61,158.05
15674,6210,14,2,75.58,151.16
15675,6211,70,4,73.15,292.6
15676,6211,59,1,19.2,19.2
15677,6212,68,1,26.55,26.55
15678,6212,97,3,45.9,137.7
15679,6212,97,4,46.64,186.56
15680,6212,106,1,47.7,47.7
15681,6213,10,2,73.01,146.02
15682,6213,9,4,34.12,136.48
15683,6213,108,1,19.41,19.41
15684,6213,105,1,14.46,14.46
15685,6214,3,4,32.13,128.52
15686,6215,4,3,30.11,90.33
15687,6215,37,3,9.74,29.22
15688,6215,66,3,89.27,267.81
15689,6215,6,5,76.03,380.15
15690,6216,54,5,60.34,301.70000000000005
15691,6217,30,3,20.15,60.449999999999996
15692,6217,111,4,35.71,142.84
15693,6217,98,3,63.54,190.62
15694,6218,63,2,48.5,97.0
15695,6218,16,1,34.42,34.42
15696,6219,32,4,21.51,86.04
15697,6219,25,5,68.34,341.70000000000005
15698,6220,104,4,45.25,181.0
15699,6220,74,2,58.19,116.38
15700,6220,42,4,27.49,109.96
15701,6221,3,3,31.73,95.19
15702,6221,100,5,39.63,198.15
15703,6221,73,3,9.78,29.339999999999996
15704,6221,29,3,11.87,35.61
15705,6222,108,5,18.98,94.9
15706,6223,91,1,30.64,30.64
15707,6224,9,2,34.41,68.82
15708,6224,1,2,16.92,33.84
15709,6224,1,4,18.04,72.16
15710,6225,33,4,101.59,406.36
15711,6226,49,4,23.08,92.32
15712,6226,112,5,60.85,304.25
15713,6227,102,1,19.07,19.07
15714,6227,120,2,30.41,60.82
15715,6228,113,2,30.81,61.62
15716,6228,1,2,17.14,34.28
15717,6229,97,1,47.36,47.36
15718,6229,111,2,37.68,75.36
15719,6229,78,1,16.97,16.97
15720,6230,116,5,89.34,446.70000000000005
15721,6230,52,1,48.0,48.0
15722,6231,95,2,108.4,216.8
15723,6232,95,2,108.09,216.18
15724,6232,28,4,23.86,95.44
15725,6232,91,4,29.92,119.68
15726,6233,58,5,58.81,294.05
15727,6233,23,1,72.89,72.89
15728,6234,13,5,39.57,197.85
15729,6235,86,2,37.32,74.64
15730,6235,98,5,60.64,303.2
15731,6235,96,3,76.29,228.87
15732,6235,117,3,60.74,182.22
15733,6236,109,2,19.64,39.28
15734,6236,23,1,68.39,68.39
15735,6237,88,2,36.99,73.98
15736,6237,27,2,51.65,103.3
15737,6237,88,3,38.79,116.37
15738,6238,52,4,45.9,183.6
15739,6238,109,4,20.46,81.84
15740,6238,15,5,19.63,98.14999999999999
15741,6239,24,3,43.17,129.51
15742,6240,75,2,34.36,68.72
15743,6240,67,2,27.03,54.06
15744,6240,104,2,45.09,90.18
15745,6240,108,5,20.07,100.35
15746,6241,32,4,21.01,84.04
15747,6242,76,5,13.65,68.25
15748,6242,91,2,29.98,59.96
15749,6242,112,2,64.5,129.0
15750,6243,43,5,41.09,205.45000000000002
15751,6243,7,4,13.4,53.6
15752,6243,43,1,38.63,38.63
15753,6244,26,4,18.78,75.12
15754,6245,6,1,70.38,70.38
15755,6246,27,1,49.95,49.95
15756,6246,24,1,46.1,46.1
15757,6246,10,1,77.6,77.6
15758,6246,93,3,23.38,70.14
15759,6247,75,1,33.71,33.71
15760,6248,19,3,37.55,112.64999999999999
15761,6249,49,1,23.78,23.78
15762,6249,101,2,57.6,115.2
15763,6249,30,1,20.01,20.01
15764,6249,29,2,11.43,22.86
15765,6250,88,1,36.6,36.6
15766,6251,48,3,53.2,159.60000000000002
15767,6251,82,3,19.37,58.11
15768,6251,24,5,44.87,224.35
15769,6252,5,4,86.3,345.2
15770,6252,65,3,15.45,46.349999999999994
15771,6253,53,3,44.73,134.19
15772,6253,102,1,19.52,19.52
15773,6254,87,3,31.53,94.59
15774,6255,41,3,56.36,169.07999999999998
15775,6255,13,2,40.63,81.26
15776,6255,66,2,96.32,192.64
15777,6256,96,4,77.0,308.0
15778,6256,37,4,10.1,40.4
15779,6257,74,2,62.41,124.82
15780,6257,4,4,28.39,113.56
15781,6257,87,2,31.29,62.58
15782,6258,101,3,55.75,167.25
15783,6258,31,5,25.37,126.85000000000001
15784,6258,81,4,77.38,309.52
15785,6258,90,3,17.88,53.64
15786,6259,29,3,11.05,33.150000000000006
15787,6259,21,3,66.72,200.16
15788,6260,47,1,24.19,24.19
15789,6261,104,1,45.56,45.56
15790,6261,45,5,47.52,237.60000000000002
15791,6261,25,5,65.77,328.84999999999997
15792,6262,35,5,59.75,298.75
15793,6262,33,2,101.06,202.12
15794,6263,64,3,44.66,133.98
15795,6263,81,4,82.93,331.72
15796,6263,33,2,101.14,202.28
15797,6264,41,4,55.35,221.4
15798,6264,59,3,19.05,57.150000000000006
15799,6264,38,5,115.08,575.4
15800,6264,55,5,36.45,182.25
15801,6265,8,5,21.81,109.05
15802,6266,46,5,13.52,67.6
15803,6267,99,1,17.98,17.98
15804,6267,53,4,43.55,174.2
15805,6268,56,1,23.23,23.23
15806,6268,73,4,9.89,39.56
15807,6268,48,5,52.11,260.55
15808,6268,51,5,101.52,507.59999999999997
15809,6269,30,2,18.25,36.5
15810,6269,91,4,31.76,127.04
15811,6270,67,5,27.59,137.95
15812,6270,2,1,43.8,43.8
15813,6271,68,3,24.9,74.69999999999999
15814,6271,44,1,16.55,16.55
15815,6271,1,2,17.25,34.5
15816,6271,61,5,47.53,237.65
15817,6272,11,1,26.62,26.62
15818,6272,24,4,46.25,185.0
15819,6272,74,5,62.5,312.5
15820,6272,62,5,11.8,59.0
15821,6273,35,1,61.95,61.95
15822,6273,105,5,13.96,69.80000000000001
15823,6273,119,3,39.14,117.42
15824,6273,12,5,37.06,185.3
15825,6274,30,4,18.46,73.84
15826,6274,1,4,17.24,68.96
15827,6274,19,3,37.92,113.76
15828,6274,44,1,16.7,16.7
15829,6275,6,2,70.79,141.58
15830,6275,111,3,38.1,114.30000000000001
15831,6275,83,1,38.23,38.23
15832,6275,10,1,74.12,74.12
15833,6276,35,1,59.1,59.1
15834,6277,86,4,35.92,143.68
15835,6277,33,5,109.61,548.05
15836,6278,58,5,60.6,303.0
15837,6278,14,3,74.25,222.75
15838,6278,104,3,42.1,126.30000000000001
15839,6278,7,1,13.24,13.24
15840,6279,12,3,37.12,111.35999999999999
15841,6279,28,2,22.26,44.52
15842,6279,44,2,16.94,33.88
15843,6280,48,4,52.55,210.2
15844,6281,83,3,37.7,113.10000000000001
15845,6281,80,4,10.05,40.2
15846,6281,1,5,17.23,86.15
15847,6282,13,1,42.12,42.12
15848,6283,39,5,8.74,43.7
15849,6283,44,2,17.9,35.8
15850,6284,93,4,22.87,91.48
15851,6284,120,4,29.33,117.32
15852,6284,31,5,27.14,135.7
15853,6284,82,5,18.54,92.69999999999999
15854,6285,33,2,98.91,197.82
15855,6285,120,3,30.28,90.84
15856,6285,75,5,35.32,176.6
15857,6285,10,1,77.98,77.98
15858,6286,12,4,40.02,160.08
15859,6287,49,5,22.44,112.2
15860,6287,54,3,59.94,179.82
15861,6288,28,3,23.32,69.96000000000001
15862,6288,10,3,74.99,224.96999999999997
15863,6289,113,4,30.91,123.64
15864,6289,83,1,37.07,37.07
15865,6289,109,2,19.2,38.4
15866,6290,35,1,63.08,63.08
15867,6290,69,5,64.49,322.45
15868,6290,77,4,21.11,84.44
15869,6290,37,2,9.81,19.62
15870,6291,78,4,17.32,69.28
15871,6291,66,4,98.42,393.68
15872,6291,103,2,13.0,26.0
15873,6291,105,3,14.97,44.910000000000004
15874,6292,112,2,65.26,130.52
15875,6293,69,2,64.16,128.32
15876,6293,7,4,13.26,53.04
15877,6293,92,1,8.72,8.72
15878,6294,50,2,39.34,78.68
15879,6295,83,5,38.0,190.0
15880,6295,81,1,82.3,82.3
15881,6295,12,3,37.91,113.72999999999999
15882,6296,23,4,73.42,293.68
15883,6296,91,3,31.01,93.03
15884,6296,67,3,28.71,86.13
15885,6297,26,1,19.31,19.31
15886,6297,103,3,13.61,40.83
15887,6298,105,1,14.26,14.26
15888,6298,27,1,51.74,51.74
15889,6298,38,2,116.17,232.34
15890,6298,24,4,45.51,182.04
15891,6299,68,1,27.22,27.22
15892,6299,93,1,22.41,22.41
15893,6299,35,3,61.07,183.21
15894,6300,3,4,30.72,122.88
15895,6300,2,1,44.59,44.59
15896,6300,32,1,22.01,22.01
15897,6300,94,4,26.06,104.24
15898,6301,44,5,16.69,83.45
15899,6301,86,4,36.75,147.0
15900,6302,109,2,20.06,40.12
15901,6302,111,3,38.27,114.81
15902,6303,38,5,112.35,561.75
15903,6303,69,2,60.24,120.48
15904,6303,88,1,36.93,36.93
15905,6304,23,4,72.26,289.04
15906,6305,84,4,45.56,182.24
15907,6305,21,5,63.82,319.1
15908,6305,68,3,25.38,76.14
15909,6305,47,4,23.2,92.8
15910,6306,46,3,14.28,42.839999999999996
15911,6306,40,4,18.97,75.88
15912,6307,59,4,19.47,77.88
15913,6308,49,1,21.96,21.96
15914,6308,32,5,22.87,114.35000000000001
15915,6309,27,3,53.03,159.09
15916,6309,59,3,20.14,60.42
15917,6309,119,1,41.7,41.7
15918,6310,79,2,21.78,43.56
15919,6310,11,1,26.8,26.8
15920,6310,9,5,34.67,173.35000000000002
15921,6311,89,3,16.98,50.94
15922,6312,66,1,91.46,91.46
15923,6313,69,2,62.23,124.46
15924,6313,45,4,44.49,177.96
15925,6313,67,4,26.8,107.2
15926,6314,71,4,17.2,68.8
15927,6314,74,5,62.15,310.75
15928,6314,114,5,33.34,166.70000000000002
15929,6314,109,3,20.85,62.550000000000004
15930,6315,101,4,57.38,229.52
15931,6316,82,1,17.79,17.79
15932,6316,83,1,37.51,37.51
15933,6316,33,2,104.9,209.8
15934,6316,104,2,42.06,84.12
15935,6317,33,3,99.35,298.04999999999995
15936,6317,15,5,18.49,92.44999999999999
15937,6318,100,3,40.24,120.72
15938,6319,50,3,41.91,125.72999999999999
15939,6319,58,3,59.21,177.63
15940,6320,76,1,13.83,13.83
15941,6320,85,5,69.67,348.35
15942,6320,10,2,75.58,151.16
15943,6320,46,5,13.67,68.35
15944,6321,95,4,103.41,413.64
15945,6321,89,4,17.38,69.52
15946,6322,76,5,12.56,62.800000000000004
15947,6322,51,1,102.78,102.78
15948,6322,43,4,38.1,152.4
15949,6322,60,1,29.06,29.06
15950,6323,22,5,60.69,303.45
15951,6323,112,2,60.49,120.98
15952,6323,23,2,68.26,136.52
15953,6324,60,4,30.26,121.04
15954,6324,91,3,28.69,86.07000000000001
15955,6324,27,5,51.31,256.55
15956,6324,119,2,40.35,80.7
15957,6325,64,4,43.27,173.08
15958,6325,19,1,37.32,37.32
15959,6326,2,5,42.26,211.29999999999998
15960,6327,38,1,116.38,116.38
15961,6327,34,2,45.31,90.62
15962,6328,6,4,74.01,296.04
15963,6328,73,4,10.12,40.48
15964,6328,63,1,49.37,49.37
15965,6328,9,2,35.74,71.48
15966,6329,100,2,37.58,75.16
15967,6329,55,4,35.9,143.6
15968,6329,71,2,17.37,34.74
15969,6329,72,1,33.36,33.36
15970,6330,101,2,55.9,111.8
15971,6330,28,4,24.54,98.16
15972,6331,6,2,71.99,143.98
15973,6332,27,5,52.59,262.95000000000005
15974,6333,82,4,17.89,71.56
15975,6333,81,2,76.63,153.26
15976,6334,38,4,116.39,465.56
15977,6334,117,5,60.65,303.25
15978,6334,83,5,35.41,177.04999999999998
15979,6334,37,1,9.91,9.91
15980,6335,119,2,42.55,85.1
15981,6335,25,4,67.8,271.2
15982,6335,4,1,29.4,29.4
15983,6336,119,3,39.18,117.53999999999999
15984,6336,53,3,41.75,125.25
15985,6337,101,1,57.82,57.82
15986,6337,104,1,43.45,43.45
15987,6337,113,4,31.73,126.92
15988,6337,92,3,8.0,24.0
15989,6338,6,1,69.18,69.18
15990,6339,66,1,93.11,93.11
15991,6339,113,3,30.62,91.86
15992,6340,92,5,8.76,43.8
15993,6340,101,2,53.52,107.04
15994,6340,95,3,106.82,320.46
15995,6341,36,1,21.65,21.65
15996,6341,94,2,26.33,52.66
15997,6342,75,1,36.15,36.15
15998,6342,70,2,71.76,143.52
15999,6342,21,4,63.78,255.12
16000,6343,14,3,77.69,233.07
16001,6343,51,1,110.02,110.02
16002,6343,30,1,18.79,18.79
16003,6343,73,2,9.45,18.9
16004,6344,38,5,118.27,591.35
16005,6344,14,2,71.52,143.04
16006,6344,5,2,86.73,173.46
16007,6345,116,1,91.57,91.57
16008,6345,13,4,41.93,167.72
16009,6345,112,1,65.13,65.13
16010,6346,68,1,26.27,26.27
16011,6347,105,3,14.91,44.730000000000004
16012,6347,110,4,66.1,264.4
16013,6347,16,4,35.19,140.76
16014,6347,65,4,14.83,59.32
16015,6348,81,1,83.72,83.72
16016,6349,76,3,12.96,38.88
16017,6350,107,1,70.62,70.62
16018,6351,21,3,64.44,193.32
16019,6351,17,5,50.26,251.29999999999998
16020,6352,101,1,57.08,57.08
16021,6352,78,5,16.47,82.35
16022,6352,111,5,36.74,183.70000000000002
16023,6352,25,5,66.54,332.70000000000005
16024,6353,7,1,13.11,13.11
16025,6353,83,4,34.86,139.44
16026,6353,91,2,31.82,63.64
16027,6354,78,1,16.57,16.57
16028,6354,6,1,72.42,72.42
16029,6354,105,1,14.13,14.13
16030,6354,31,3,25.67,77.01
16031,6355,59,2,20.88,41.76
16032,6356,3,1,31.23,31.23
16033,6356,92,2,8.35,16.7
16034,6356,99,3,19.11,57.33
16035,6356,24,2,44.8,89.6
16036,6357,10,4,73.54,294.16
16037,6357,78,1,16.58,16.58
16038,6358,67,2,27.81,55.62
16039,6358,106,1,51.35,51.35
16040,6358,36,2,19.96,39.92
16041,6359,87,5,30.29,151.45
16042,6360,102,4,18.13,72.52
16043,6360,106,1,50.93,50.93
16044,6360,11,1,26.54,26.54
16045,6361,76,1,12.95,12.95
16046,6361,42,5,26.32,131.6
16047,6361,67,1,27.62,27.62
16048,6362,81,1,81.09,81.09
16049,6362,110,3,64.95,194.85000000000002
16050,6362,57,3,71.28,213.84
16051,6363,39,2,8.35,16.7
16052,6363,24,3,44.99,134.97
16053,6363,90,3,18.42,55.260000000000005
16054,6363,41,1,50.86,50.86
16055,6364,84,3,48.04,144.12
16056,6365,33,5,104.03,520.15
16057,6365,98,5,60.21,301.05
16058,6365,81,4,81.04,324.16
16059,6365,60,1,30.83,30.83
16060,6366,119,4,41.04,164.16
16061,6366,60,2,29.95,59.9
16062,6367,65,1,16.02,16.02
16063,6367,5,4,91.05,364.2
16064,6368,78,1,16.54,16.54
16065,6368,112,3,60.51,181.53
16066,6368,70,3,69.46,208.38
16067,6369,47,3,23.32,69.96000000000001
16068,6370,78,2,16.11,32.22
16069,6370,67,3,28.02,84.06
16070,6370,26,1,19.57,19.57
16071,6371,24,5,46.29,231.45
16072,6371,108,4,18.26,73.04
16073,6371,74,1,61.29,61.29
16074,6371,107,5,70.52,352.59999999999997
16075,6372,42,5,27.51,137.55
16076,6373,115,4,38.14,152.56
16077,6373,71,1,18.87,18.87
16078,6373,104,4,42.59,170.36
16079,6374,89,1,17.6,17.6
16080,6374,112,4,65.3,261.2
16081,6374,74,2,62.02,124.04
16082,6374,93,5,24.08,120.39999999999999
16083,6375,4,4,29.41,117.64
16084,6375,65,5,15.95,79.75
16085,6375,97,3,47.06,141.18
16086,6376,99,1,18.45,18.45
16087,6376,68,1,27.52,27.52
16088,6376,114,5,31.94,159.70000000000002
16089,6376,29,5,11.87,59.349999999999994
16090,6377,96,2,74.33,148.66
16091,6377,39,5,8.51,42.55
16092,6377,32,2,22.02,44.04
16093,6377,98,3,61.45,184.35000000000002
16094,6378,97,3,49.41,148.23
16095,6378,113,1,31.69,31.69
16096,6379,52,2,49.01,98.02
16097,6379,98,3,60.55,181.64999999999998
16098,6380,93,1,22.34,22.34
16099,6380,107,3,72.03,216.09
16100,6380,38,3,119.0,357.0
16101,6381,59,1,19.57,19.57
16102,6381,85,3,72.44,217.32
16103,6382,51,1,105.49,105.49
16104,6382,120,4,29.17,116.68
16105,6383,99,3,17.82,53.46
16106,6383,3,2,31.57,63.14
16107,6383,48,5,54.3,271.5
16108,6383,65,5,14.76,73.8
16109,6384,85,2,66.08,132.16
16110,6385,65,3,14.95,44.849999999999994
16111,6385,74,2,62.54,125.08
16112,6386,71,5,18.67,93.35000000000001
16113,6386,19,5,38.87,194.35
16114,6387,43,5,41.03,205.15
16115,6387,38,4,110.83,443.32
16116,6387,45,5,45.64,228.2
16117,6388,26,3,20.12,60.36
16118,6388,115,4,35.41,141.64
16119,6388,16,2,33.25,66.5
16120,6388,40,4,18.99,75.96
16121,6389,51,5,110.31,551.55
16122,6389,75,3,35.04,105.12
16123,6389,24,4,43.95,175.8
16124,6389,85,2,68.57,137.14
16125,6390,9,1,36.31,36.31
16126,6390,8,2,19.85,39.7
16127,6391,25,1,71.34,71.34
16128,6391,27,5,51.31,256.55
16129,6392,75,4,35.6,142.4
16130,6393,97,4,46.63,186.52
16131,6393,98,2,57.84,115.68
16132,6393,22,4,62.38,249.52
16133,6393,56,1,23.38,23.38
16134,6394,21,5,61.82,309.1
16135,6394,74,4,61.22,244.88
16136,6395,31,2,25.76,51.52
16137,6395,79,5,20.79,103.94999999999999
16138,6396,93,3,22.25,66.75
16139,6396,79,3,21.41,64.23
16140,6397,1,3,17.53,52.59
16141,6397,119,2,42.86,85.72
16142,6397,55,3,33.71,101.13
16143,6397,74,1,62.75,62.75
16144,6398,83,1,36.52,36.52
16145,6398,66,4,89.53,358.12
16146,6398,115,4,37.91,151.64
16147,6398,105,1,14.35,14.35
16148,6399,79,2,20.12,40.24
16149,6399,75,4,34.06,136.24
16150,6400,42,1,27.87,27.87
16151,6400,55,5,35.73,178.64999999999998
16152,6400,1,2,18.08,36.16
16153,6401,90,2,19.41,38.82
16154,6402,16,4,34.96,139.84
16155,6402,27,4,48.87,195.48
16156,6403,70,2,69.28,138.56
16157,6403,81,1,78.46,78.46
16158,6403,5,3,86.98,260.94
16159,6404,93,2,23.31,46.62
16160,6404,17,2,48.87,97.74
16161,6404,77,3,22.87,68.61
16162,6405,94,1,25.43,25.43
16163,6405,23,4,67.23,268.92
16164,6405,48,4,52.35,209.4
16165,6405,62,2,11.55,23.1
16166,6406,67,3,28.0,84.0
16167,6406,98,4,62.88,251.52
16168,6406,115,5,35.46,177.3
16169,6407,49,4,21.72,86.88
16170,6407,72,5,34.42,172.10000000000002
16171,6407,112,1,64.67,64.67
16172,6407,73,2,9.51,19.02
16173,6408,6,5,72.78,363.9
16174,6408,38,2,109.18,218.36
16175,6409,80,4,10.68,42.72
16176,6409,119,1,39.52,39.52
16177,6409,28,5,24.28,121.4
16178,6410,26,2,19.24,38.48
16179,6410,78,4,16.25,65.0
16180,6410,14,4,73.04,292.16
16181,6410,114,4,32.62,130.48
16182,6411,110,2,70.49,140.98
16183,6411,69,1,59.06,59.06
16184,6411,41,5,51.64,258.2
16185,6411,53,3,43.79,131.37
16186,6412,67,4,26.65,106.6
16187,6412,104,2,43.62,87.24
16188,6413,87,5,30.31,151.54999999999998
16189,6413,56,4,23.28,93.12
16190,6413,77,4,22.33,89.32
16191,6414,68,4,25.47,101.88
16192,6414,15,1,18.71,18.71
16193,6414,37,3,10.15,30.450000000000003
16194,6415,25,2,67.49,134.98
16195,6415,66,2,96.09,192.18
16196,6415,117,3,56.52,169.56
16197,6415,86,1,36.02,36.02
16198,6416,80,4,9.92,39.68
16199,6417,62,2,12.11,24.22
16200,6418,43,3,37.97,113.91
16201,6419,26,4,18.88,75.52
16202,6420,109,1,20.84,20.84
16203,6420,3,2,32.15,64.3
16204,6421,110,2,64.44,128.88
16205,6421,27,1,49.15,49.15
16206,6422,97,4,47.44,189.76
16207,6423,103,1,14.07,14.07
16208,6423,111,1,37.55,37.55
16209,6423,116,5,91.49,457.45
16210,6423,61,4,49.47,197.88
16211,6424,68,2,26.92,53.84
16212,6424,4,4,30.12,120.48
16213,6424,100,5,37.96,189.8
16214,6424,70,2,70.75,141.5
16215,6425,6,1,70.48,70.48
16216,6426,42,3,26.45,79.35
16217,6426,103,3,13.98,41.94
16218,6427,47,2,25.02,50.04
16219,6427,35,3,61.09,183.27
16220,6428,33,2,107.25,214.5
16221,6428,22,2,57.44,114.88
16222,6428,65,2,15.76,31.52
16223,6428,34,1,47.1,47.1
16224,6429,71,2,18.43,36.86
16225,6430,60,5,29.04,145.2
16226,6430,79,5,20.39,101.95
16227,6430,71,5,17.44,87.2
16228,6430,8,2,21.3,42.6
16229,6431,1,4,16.86,67.44
16230,6432,37,1,9.83,9.83
16231,6432,42,1,26.75,26.75
16232,6432,55,4,34.63,138.52
16233,6433,85,2,69.56,139.12
16234,6433,117,5,60.8,304.0
16235,6433,91,2,29.4,58.8
16236,6434,44,4,17.87,71.48
16237,6435,29,5,11.64,58.2
16238,6436,43,3,41.03,123.09
16239,6436,30,4,19.0,76.0
16240,6437,68,5,26.41,132.05
16241,6437,82,3,18.97,56.91
16242,6437,32,3,21.0,63.0
16243,6437,74,3,59.09,177.27
16244,6438,45,4,43.44,173.76
16245,6438,60,4,31.13,124.52
16246,6438,29,2,11.95,23.9
16247,6439,66,1,97.93,97.93
16248,6439,11,3,28.56,85.67999999999999
16249,6439,60,2,29.78,59.56
16250,6439,54,3,60.29,180.87
16251,6440,49,1,22.49,22.49
16252,6440,109,1,19.96,19.96
16253,6441,95,5,100.12,500.6
16254,6441,69,3,62.67,188.01
16255,6441,107,3,71.24,213.71999999999997
16256,6442,80,4,10.21,40.84
16257,6442,77,1,22.64,22.64
16258,6442,58,2,58.28,116.56
16259,6442,33,5,105.81,529.05
16260,6443,36,2,19.87,39.74
16261,6443,117,5,60.11,300.55
16262,6444,82,1,18.02,18.02
16263,6444,11,3,28.22,84.66
16264,6444,29,5,10.78,53.9
16265,6444,115,5,35.4,177.0
16266,6445,26,1,20.42,20.42
16267,6445,67,1,27.69,27.69
16268,6445,43,2,38.73,77.46
16269,6445,86,4,35.51,142.04
16270,6446,104,1,43.67,43.67
16271,6446,51,4,108.09,432.36
16272,6446,2,3,43.59,130.77
16273,6447,43,3,38.1,114.30000000000001
16274,6447,3,4,30.19,120.76
16275,6448,27,2,50.08,100.16
16276,6449,47,2,23.26,46.52
16277,6450,14,2,74.28,148.56
16278,6450,5,1,86.78,86.78
16279,6450,38,4,115.83,463.32
16280,6450,4,4,28.35,113.4
16281,6451,31,2,25.39,50.78
16282,6451,15,5,18.36,91.8
16283,6452,65,1,15.7,15.7
16284,6452,96,5,78.64,393.2
16285,6452,103,5,13.06,65.3
16286,6452,75,1,35.56,35.56
16287,6453,11,4,28.53,114.12
16288,6453,9,1,36.22,36.22
16289,6454,90,2,18.14,36.28
16290,6454,90,4,19.05,76.2
16291,6455,33,1,104.34,104.34
16292,6455,120,2,29.32,58.64
16293,6455,77,2,22.55,45.1
16294,6456,53,1,41.37,41.37
16295,6456,76,3,13.63,40.89
16296,6457,3,4,29.75,119.0
16297,6457,89,4,17.24,68.96
16298,6458,27,4,51.61,206.44
16299,6458,2,3,45.47,136.41
16300,6459,76,2,13.18,26.36
16301,6459,1,5,18.1,90.5
16302,6459,4,1,29.54,29.54
16303,6459,21,2,65.88,131.76
16304,6460,115,2,35.7,71.4
16305,6460,118,5,21.98,109.9
16306,6460,51,1,106.28,106.28
16307,6460,42,4,25.35,101.4
16308,6461,52,2,49.88,99.76
16309,6461,76,4,12.85,51.4
16310,6461,70,2,69.38,138.76
16311,6462,37,3,9.88,29.64
16312,6462,31,1,25.84,25.84
16313,6462,59,5,19.46,97.30000000000001
16314,6462,35,1,62.9,62.9
16315,6463,53,1,41.55,41.55
16316,6463,4,3,28.94,86.82000000000001
16317,6464,23,3,72.73,218.19
16318,6464,117,3,61.76,185.28
16319,6464,43,2,41.65,83.3
16320,6465,53,2,41.52,83.04
16321,6465,23,2,67.99,135.98
16322,6466,105,3,14.09,42.269999999999996
16323,6466,34,5,47.87,239.35
16324,6467,36,1,21.98,21.98
16325,6467,51,3,105.67,317.01
16326,6467,97,3,48.56,145.68
16327,6468,96,1,75.0,75.0
16328,6468,22,3,62.74,188.22
16329,6469,24,5,42.98,214.89999999999998
16330,6470,31,1,26.8,26.8
16331,6470,24,1,44.72,44.72
16332,6471,61,5,47.54,237.7
16333,6472,30,4,19.31,77.24
16334,6472,9,3,34.52,103.56
16335,6472,95,4,109.44,437.76
16336,6473,42,4,25.85,103.4
16337,6473,30,5,18.42,92.10000000000001
16338,6473,18,2,17.65,35.3
16339,6474,99,4,19.25,77.0
16340,6475,73,1,9.76,9.76
16341,6475,39,2,8.44,16.88
16342,6476,100,1,38.98,38.98
16343,6476,37,2,10.58,21.16
16344,6477,30,4,19.6,78.4
16345,6478,46,3,14.39,43.17
16346,6479,5,1,91.21,91.21
16347,6479,54,1,61.27,61.27
16348,6480,91,5,30.36,151.8
16349,6480,51,3,105.33,315.99
16350,6480,70,2,66.55,133.1
16351,6481,48,1,51.38,51.38
16352,6481,99,2,18.23,36.46
16353,6481,120,4,31.06,124.24
16354,6482,66,1,97.87,97.87
16355,6483,84,3,47.05,141.14999999999998
16356,6484,74,4,57.46,229.84
16357,6485,106,4,49.5,198.0
16358,6485,109,3,21.3,63.900000000000006
16359,6485,108,3,18.39,55.17
16360,6485,9,4,36.07,144.28
16361,6486,52,3,45.54,136.62
16362,6486,61,4,48.05,192.2
16363,6486,94,4,27.79,111.16
16364,6487,68,2,26.5,53.0
16365,6487,57,2,66.67,133.34
16366,6488,64,2,46.57,93.14
16367,6489,72,5,34.11,170.55
16368,6490,73,1,9.41,9.41
16369,6490,89,1,17.94,17.94
16370,6491,49,4,23.11,92.44
16371,6491,70,2,70.31,140.62
16372,6491,15,4,18.76,75.04
16373,6491,61,1,49.36,49.36
16374,6492,45,5,44.22,221.1
16375,6493,2,3,42.55,127.64999999999999
16376,6493,25,1,68.6,68.6
16377,6493,117,2,56.63,113.26
16378,6494,66,1,89.77,89.77
16379,6494,5,1,94.64,94.64
16380,6494,107,1,68.49,68.49
16381,6495,15,4,19.19,76.76
16382,6495,75,3,37.28,111.84
16383,6495,6,5,76.56,382.8
16384,6495,101,4,57.91,231.64
16385,6496,76,1,13.28,13.28
16386,6496,103,5,13.14,65.7
16387,6497,37,2,9.88,19.76
16388,6497,108,2,18.49,36.98
16389,6498,108,2,19.01,38.02
16390,6498,58,2,57.15,114.3
16391,6498,72,4,34.05,136.2
16392,6499,46,1,14.33,14.33
16393,6499,94,2,27.05,54.1
16394,6500,77,5,22.18,110.9
16395,6501,18,4,17.46,69.84
16396,6501,50,2,39.77,79.54
16397,6501,50,3,43.03,129.09
16398,6502,53,4,41.43,165.72
16399,6502,75,1,36.11,36.11
16400,6502,34,4,44.08,176.32
16401,6502,23,1,72.82,72.82
16402,6503,55,2,35.72,71.44
16403,6503,46,2,13.36,26.72
16404,6503,109,1,20.84,20.84
16405,6503,91,4,31.16,124.64
16406,6504,30,2,19.17,38.34
16407,6505,82,4,18.52,74.08
16408,6505,73,2,9.36,18.72
16409,6505,109,4,20.09,80.36
16410,6505,90,5,19.18,95.9
16411,6506,67,1,26.58,26.58
16412,6506,31,1,25.59,25.59
16413,6506,25,2,67.91,135.82
16414,6507,45,4,46.28,185.12
16415,6507,106,4,49.41,197.64
16416,6507,108,5,20.13,100.64999999999999
16417,6508,116,4,95.62,382.48
16418,6508,118,5,22.83,114.14999999999999
16419,6509,59,3,20.47,61.41
16420,6509,73,1,9.57,9.57
16421,6509,11,3,27.33,81.99
16422,6509,20,4,35.75,143.0
16423,6510,31,1,25.38,25.38
16424,6510,21,2,67.59,135.18
16425,6510,91,3,30.42,91.26
16426,6511,102,3,18.79,56.37
16427,6512,1,2,16.93,33.86
16428,6513,83,3,38.1,114.30000000000001
16429,6513,36,2,20.53,41.06
16430,6513,60,4,28.98,115.92
16431,6514,45,3,43.31,129.93
16432,6514,19,5,40.61,203.05
16433,6515,95,3,103.5,310.5
16434,6515,37,4,10.38,41.52
16435,6515,53,3,45.81,137.43
16436,6516,71,4,17.53,70.12
16437,6516,64,3,44.88,134.64000000000001
16438,6516,23,4,71.08,284.32
16439,6516,81,4,76.99,307.96
16440,6517,20,2,34.91,69.82
16441,6517,95,3,101.37,304.11
16442,6518,78,4,16.49,65.96
16443,6518,41,4,55.68,222.72
16444,6518,43,4,38.99,155.96
16445,6518,21,1,61.97,61.97
16446,6519,54,5,62.61,313.05
16447,6520,22,4,62.86,251.44
16448,6520,61,1,47.98,47.98
16449,6521,20,1,34.93,34.93
16450,6521,107,2,71.24,142.48
16451,6522,14,4,72.14,288.56
16452,6522,87,4,31.08,124.32
16453,6522,53,1,41.93,41.93
16454,6523,41,2,55.69,111.38
16455,6524,22,4,61.88,247.52
16456,6524,77,2,22.75,45.5
16457,6525,94,3,28.07,84.21000000000001
16458,6525,78,4,17.48,69.92
16459,6526,1,4,16.84,67.36
16460,6526,100,5,39.54,197.7
16461,6526,115,2,38.61,77.22
16462,6527,85,3,67.43,202.29000000000002
16463,6528,2,3,42.04,126.12
16464,6528,61,3,49.01,147.03
16465,6528,40,5,20.13,100.64999999999999
16466,6529,79,2,20.92,41.84
16467,6529,91,2,28.95,57.9
16468,6529,107,1,70.87,70.87
16469,6530,105,1,14.23,14.23
16470,6530,116,1,96.66,96.66
16471,6530,11,4,27.63,110.52
16472,6531,15,3,19.57,58.71
16473,6531,97,4,45.8,183.2
16474,6531,86,2,38.09,76.18
16475,6532,91,1,31.75,31.75
16476,6532,29,4,11.05,44.2
16477,6532,56,2,23.9,47.8
16478,6533,78,4,16.78,67.12
16479,6534,76,3,12.6,37.8
16480,6534,104,1,46.17,46.17
16481,6534,45,1,44.97,44.97
16482,6535,101,1,55.4,55.4
16483,6535,38,2,116.79,233.58
16484,6535,92,2,7.92,15.84
16485,6536,4,1,29.47,29.47
16486,6537,25,2,65.05,130.1
16487,6538,1,5,18.06,90.3
16488,6538,26,4,20.59,82.36
16489,6539,64,5,44.95,224.75
16490,6539,105,3,14.52,43.56
16491,6540,2,3,44.73,134.19
16492,6541,71,3,18.36,55.08
16493,6541,15,3,18.91,56.730000000000004
16494,6541,21,2,62.89,125.78
16495,6541,12,5,39.73,198.64999999999998
16496,6542,71,1,18.34,18.34
16497,6542,76,4,12.9,51.6
16498,6542,34,5,45.37,226.85
16499,6543,81,1,82.61,82.61
16500,6543,49,5,23.08,115.39999999999999
16501,6543,91,2,31.59,63.18
16502,6543,63,5,45.29,226.45
16503,6544,117,4,60.16,240.64
16504,6544,81,3,79.68,239.04000000000002
16505,6544,118,5,22.32,111.6
16506,6544,110,1,70.6,70.6
16507,6545,25,2,67.76,135.52
16508,6545,42,3,26.36,79.08
16509,6545,43,1,38.77,38.77
16510,6546,74,1,61.48,61.48
16511,6546,68,4,26.01,104.04
16512,6546,57,1,68.26,68.26
16513,6546,6,2,74.39,148.78
16514,6547,54,5,60.92,304.6
16515,6547,24,1,47.15,47.15
16516,6547,114,4,31.83,127.32
16517,6548,103,4,14.12,56.48
16518,6548,22,1,60.21,60.21
16519,6548,49,3,21.62,64.86
16520,6548,77,3,22.33,66.99
16521,6549,59,3,19.78,59.34
16522,6550,21,2,67.82,135.64
16523,6550,89,1,17.74,17.74
16524,6550,109,3,19.43,58.29
16525,6550,98,1,61.98,61.98
16526,6551,43,3,39.04,117.12
16527,6551,104,3,44.89,134.67000000000002
16528,6552,106,4,49.0,196.0
16529,6552,108,4,18.94,75.76
16530,6553,100,4,39.15,156.6
16531,6553,36,5,20.98,104.9
16532,6554,61,3,50.25,150.75
16533,6554,78,3,17.02,51.06
16534,6555,98,3,61.52,184.56
16535,6555,14,3,78.14,234.42000000000002
16536,6556,9,3,32.82,98.46000000000001
16537,6556,117,1,62.12,62.12
16538,6557,84,1,46.68,46.68
16539,6557,33,1,107.86,107.86
16540,6557,120,1,29.89,29.89
16541,6557,47,4,25.17,100.68
16542,6558,76,1,13.0,13.0
16543,6558,112,2,64.63,129.26
16544,6558,103,1,14.11,14.11
16545,6559,76,1,12.88,12.88
16546,6559,67,4,28.2,112.8
16547,6559,35,2,58.87,117.74
16548,6559,22,5,61.2,306.0
16549,6560,11,4,28.59,114.36
16550,6560,2,2,44.13,88.26
16551,6560,59,1,20.52,20.52
16552,6560,42,5,27.63,138.15
16553,6561,71,1,18.31,18.31
16554,6561,62,4,11.75,47.0
16555,6561,81,3,82.04,246.12
16556,6562,24,5,46.84,234.20000000000002
16557,6562,20,3,36.32,108.96000000000001
16558,6563,16,1,33.66,33.66
16559,6563,85,1,72.63,72.63
16560,6563,110,5,70.77,353.84999999999997
16561,6564,44,4,16.66,66.64
16562,6565,18,4,17.15,68.6
16563,6565,114,4,31.15,124.6
16564,6565,28,5,24.52,122.6
16565,6566,79,1,21.2,21.2
16566,6567,106,1,49.18,49.18
16567,6567,111,4,36.64,146.56
16568,6568,27,1,51.26,51.26
16569,6568,4,1,30.63,30.63
16570,6569,51,4,104.45,417.8
16571,6569,109,4,21.27,85.08
16572,6569,57,5,70.79,353.95000000000005
16573,6569,106,2,51.18,102.36
16574,6570,101,4,54.25,217.0
16575,6570,62,2,11.68,23.36
16576,6570,105,5,14.84,74.2
16577,6571,118,4,22.02,88.08
16578,6571,82,4,18.52,74.08
16579,6571,90,4,18.88,75.52
16580,6572,54,5,61.58,307.9
16581,6572,120,2,29.76,59.52
16582,6572,43,4,38.52,154.08
16583,6573,91,5,31.15,155.75
16584,6573,114,2,33.45,66.9
16585,6573,110,2,64.46,128.92
16586,6574,106,4,50.32,201.28
16587,6575,24,3,42.85,128.55
16588,6576,118,4,21.91,87.64
16589,6576,24,2,42.73,85.46
16590,6576,29,1,11.69,11.69
16591,6576,61,1,48.1,48.1
16592,6577,18,1,17.41,17.41
16593,6577,88,5,37.24,186.20000000000002
16594,6577,112,4,59.18,236.72
16595,6578,32,2,21.41,42.82
16596,6578,40,4,19.49,77.96
16597,6578,51,3,108.86,326.58
16598,6579,11,1,26.33,26.33
16599,6579,21,4,63.23,252.92
16600,6580,114,1,31.24,31.24
16601,6580,112,1,64.16,64.16
16602,6580,61,2,45.98,91.96
16603,6580,90,4,18.07,72.28
16604,6581,6,2,72.99,145.98
16605,6582,5,2,90.27,180.54
16606,6582,107,3,68.56,205.68
16607,6583,3,5,31.74,158.7
16608,6583,85,2,70.12,140.24
16609,6583,120,2,28.12,56.24
16610,6584,96,1,73.78,73.78
16611,6584,48,5,53.17,265.85
16612,6585,65,5,14.65,73.25
16613,6585,73,2,10.12,20.24
16614,6585,54,5,60.25,301.25
16615,6585,114,1,31.9,31.9
16616,6586,6,1,70.76,70.76
16617,6587,115,3,36.23,108.69
16618,6587,104,3,42.25,126.75
16619,6587,12,1,38.59,38.59
16620,6588,69,3,60.48,181.44
16621,6588,77,1,22.69,22.69
16622,6588,119,3,39.3,117.89999999999999
16623,6588,120,3,29.49,88.47
16624,6589,57,2,70.67,141.34
16625,6590,22,2,61.78,123.56
16626,6590,97,3,46.0,138.0
16627,6590,80,3,10.81,32.43
16628,6591,62,5,12.63,63.150000000000006
16629,6592,93,4,23.12,92.48
16630,6592,10,4,75.57,302.28
16631,6592,10,5,74.57,372.84999999999997
16632,6593,58,2,57.96,115.92
16633,6593,47,2,25.01,50.02
16634,6594,19,3,39.16,117.47999999999999
16635,6594,25,3,71.1,213.29999999999998
16636,6594,59,4,19.84,79.36
16637,6594,7,4,13.46,53.84
16638,6595,86,4,38.32,153.28
16639,6596,12,3,37.68,113.03999999999999
16640,6596,81,5,84.16,420.79999999999995
16641,6597,42,2,26.6,53.2
16642,6598,19,1,39.15,39.15
16643,6598,70,1,66.34,66.34
16644,6598,76,1,13.64,13.64
16645,6599,115,1,37.35,37.35
16646,6600,53,3,42.31,126.93
16647,6600,113,1,30.37,30.37
16648,6600,58,4,57.78,231.12
16649,6601,105,4,14.99,59.96
16650,6601,34,2,47.16,94.32
16651,6602,93,3,23.42,70.26
16652,6602,27,1,52.44,52.44
16653,6602,5,2,90.85,181.7
16654,6602,16,3,33.23,99.69
16655,6603,49,5,22.09,110.45
16656,6604,16,4,33.87,135.48
16657,6604,94,3,25.98,77.94
16658,6604,11,5,28.5,142.5
16659,6605,117,5,57.45,287.25
16660,6606,43,3,38.01,114.03
16661,6607,56,2,24.14,48.28
16662,6607,90,2,18.14,36.28
16663,6607,85,4,66.07,264.28
16664,6607,101,4,57.37,229.48
16665,6608,120,2,28.51,57.02
16666,6608,37,5,10.11,50.55
16667,6608,75,5,34.8,174.0
16668,6608,81,3,84.59,253.77
16669,6609,94,2,25.62,51.24
16670,6609,35,2,57.9,115.8
16671,6609,116,1,95.37,95.37
16672,6609,29,2,11.18,22.36
16673,6610,86,4,37.65,150.6
16674,6611,107,1,65.41,65.41
16675,6611,16,2,36.28,72.56
16676,6611,65,5,15.47,77.35000000000001
16677,6611,118,5,23.2,116.0
16678,6612,18,1,17.85,17.85
16679,6612,97,1,46.71,46.71
16680,6613,101,2,55.72,111.44
16681,6614,32,1,21.9,21.9
16682,6614,85,3,71.86,215.57999999999998
16683,6615,119,1,39.05,39.05
16684,6616,47,2,23.72,47.44
16685,6616,10,2,78.14,156.28
16686,6616,32,5,21.05,105.25
16687,6617,113,5,32.43,162.15
16688,6617,111,4,37.74,150.96
16689,6617,101,5,54.07,270.35
16690,6618,70,5,67.42,337.1
16691,6619,33,5,101.05,505.25
16692,6619,75,5,34.28,171.4
16693,6619,104,5,44.42,222.10000000000002
16694,6619,99,2,19.36,38.72
16695,6620,8,2,20.15,40.3
16696,6620,86,3,35.63,106.89000000000001
16697,6620,115,3,35.11,105.33
16698,6621,16,3,33.14,99.42
16699,6621,73,2,9.46,18.92
16700,6621,75,3,35.12,105.35999999999999
16701,6622,63,4,48.87,195.48
16702,6623,91,4,28.74,114.96
16703,6623,119,5,39.91,199.54999999999998
16704,6623,79,5,19.97,99.85
16705,6623,4,1,30.7,30.7
16706,6624,63,2,48.62,97.24
16707,6624,62,3,11.68,35.04
16708,6625,33,5,99.91,499.54999999999995
16709,6625,89,3,17.5,52.5
16710,6626,69,1,63.62,63.62
16711,6627,14,5,79.26,396.3
16712,6627,94,3,26.09,78.27
16713,6627,2,5,44.88,224.4
16714,6627,105,2,14.98,29.96
16715,6628,74,5,61.05,305.25
16716,6628,120,1,29.64,29.64
16717,6628,41,4,56.08,224.32
16718,6629,27,5,51.75,258.75
16719,6629,58,5,58.73,293.65
16720,6629,97,3,47.95,143.85000000000002
16721,6629,75,5,36.47,182.35
16722,6630,54,5,57.83,289.15
16723,6630,47,1,25.11,25.11
16724,6630,95,3,109.38,328.14
16725,6631,26,5,19.45,97.25
16726,6632,5,5,86.08,430.4
16727,6632,29,3,11.72,35.160000000000004
16728,6632,26,2,20.54,41.08
16729,6633,23,2,71.32,142.64
16730,6633,38,1,116.26,116.26
16731,6634,86,3,38.44,115.32
16732,6634,30,1,18.75,18.75
16733,6634,17,3,47.82,143.46
16734,6635,48,1,53.73,53.73
16735,6635,117,3,57.8,173.39999999999998
16736,6635,113,1,30.75,30.75
16737,6636,1,2,17.94,35.88
16738,6636,2,2,42.63,85.26
16739,6636,37,4,10.13,40.52
16740,6636,18,4,16.53,66.12
16741,6637,97,4,45.28,181.12
16742,6638,18,3,17.69,53.07000000000001
16743,6638,11,1,28.63,28.63
16744,6638,28,5,22.53,112.65
16745,6638,71,4,18.75,75.0
16746,6639,20,4,34.04,136.16
16747,6639,35,3,63.18,189.54
16748,6640,61,3,49.72,149.16
16749,6640,116,5,88.09,440.45000000000005
16750,6640,104,2,43.61,87.22
16751,6641,27,4,49.38,197.52
16752,6641,35,5,63.82,319.1
16753,6641,9,5,33.86,169.3
16754,6642,36,4,21.05,84.2
16755,6642,74,4,59.45,237.8
16756,6642,63,1,47.78,47.78
16757,6643,46,3,13.98,41.94
16758,6643,3,5,30.15,150.75
16759,6643,109,2,21.09,42.18
16760,6644,47,2,23.58,47.16
16761,6644,110,4,70.34,281.36
16762,6644,89,5,18.03,90.15
16763,6645,96,3,78.61,235.82999999999998
16764,6645,51,5,108.58,542.9
16765,6645,16,3,35.43,106.28999999999999
16766,6645,27,4,50.04,200.16
16767,6646,79,5,20.4,102.0
16768,6646,71,5,18.74,93.69999999999999
16769,6647,12,5,36.93,184.65
16770,6647,104,5,42.13,210.65
16771,6648,4,3,30.23,90.69
16772,6648,57,1,71.35,71.35
16773,6648,24,1,46.79,46.79
16774,6648,21,5,66.89,334.45
16775,6649,60,5,31.25,156.25
16776,6649,40,2,19.09,38.18
16777,6649,55,1,35.56,35.56
16778,6649,114,3,33.9,101.69999999999999
16779,6650,94,3,27.89,83.67
16780,6650,40,3,20.7,62.099999999999994
16781,6651,63,2,48.71,97.42
16782,6651,45,1,44.63,44.63
16783,6652,32,2,21.34,42.68
16784,6652,55,3,33.6,100.80000000000001
16785,6652,17,4,47.73,190.92
16786,6653,29,2,10.97,21.94
16787,6653,69,5,62.48,312.4
16788,6653,89,5,17.02,85.1
16789,6653,81,4,77.91,311.64
16790,6654,119,2,40.23,80.46
16791,6654,26,3,20.06,60.17999999999999
16792,6654,15,5,19.77,98.85
16793,6654,76,4,13.03,52.12
16794,6655,69,3,61.1,183.3
16795,6656,104,4,44.41,177.64
16796,6657,16,5,34.85,174.25
16797,6657,30,3,18.89,56.67
16798,6657,50,2,42.1,84.2
16799,6658,99,2,18.56,37.12
16800,6659,24,5,43.38,216.9
16801,6659,115,3,38.27,114.81
16802,6659,14,2,72.99,145.98
16803,6659,113,4,31.92,127.68
16804,6660,81,5,81.4,407.0
16805,6660,17,4,51.19,204.76
16806,6661,119,5,38.73,193.64999999999998
16807,6661,6,5,70.74,353.7
16808,6662,47,4,24.11,96.44
16809,6662,88,5,39.88,199.4
16810,6662,42,2,25.46,50.92
16811,6662,46,5,13.82,69.1
16812,6663,35,2,62.91,125.82
16813,6663,22,5,57.12,285.59999999999997
16814,6663,70,4,66.25,265.0
16815,6663,54,4,59.51,238.04
16816,6664,98,5,58.24,291.2
16817,6664,66,5,89.85,449.25
16818,6664,62,5,11.7,58.5
16819,6664,20,3,35.4,106.19999999999999
16820,6665,31,3,25.52,76.56
16821,6665,5,1,94.7,94.7
16822,6665,117,2,59.03,118.06
16823,6666,94,5,26.97,134.85
16824,6666,33,3,102.92,308.76
16825,6666,55,1,33.69,33.69
16826,6666,68,2,25.95,51.9
16827,6667,30,3,19.07,57.21
16828,6667,16,2,36.14,72.28
16829,6668,115,5,38.45,192.25
16830,6669,43,5,37.63,188.15
16831,6669,92,4,8.15,32.6
16832,6669,76,5,13.26,66.3
16833,6670,49,2,23.25,46.5
16834,6671,74,1,59.6,59.6
16835,6672,33,2,106.61,213.22
16836,6672,31,1,26.57,26.57
16837,6673,88,4,39.25,157.0
16838,6673,94,2,26.05,52.1
16839,6673,87,4,29.13,116.52
16840,6674,84,5,45.97,229.85
16841,6674,107,4,67.89,271.56
16842,6674,37,2,10.17,20.34
16843,6674,2,4,41.58,166.32
16844,6675,34,1,46.62,46.62
16845,6676,76,1,12.66,12.66
16846,6676,72,4,32.12,128.48
16847,6676,34,4,44.83,179.32
16848,6677,94,4,27.0,108.0
16849,6677,117,4,60.82,243.28
16850,6677,15,3,18.67,56.010000000000005
16851,6678,3,3,31.69,95.07000000000001
16852,6678,84,4,46.78,187.12
16853,6678,59,5,20.67,103.35000000000001
16854,6679,81,3,77.77,233.31
16855,6679,86,3,36.85,110.55000000000001
16856,6679,5,2,91.0,182.0
16857,6680,91,1,30.27,30.27
16858,6680,21,4,64.27,257.08
16859,6681,76,1,12.76,12.76
16860,6682,119,1,40.86,40.86
16861,6683,57,3,66.08,198.24
16862,6684,42,4,26.28,105.12
16863,6684,110,4,64.68,258.72
16864,6685,51,5,104.1,520.5
16865,6685,70,5,73.04,365.20000000000005
16866,6685,25,2,68.16,136.32
16867,6686,63,3,48.09,144.27
16868,6687,9,2,34.62,69.24
16869,6688,103,3,13.1,39.3
16870,6688,74,4,57.46,229.84
16871,6688,54,5,59.11,295.55
16872,6689,90,2,18.89,37.78
16873,6689,73,4,9.97,39.88
16874,6689,51,1,106.47,106.47
16875,6690,40,5,19.92,99.60000000000001
16876,6690,9,1,34.08,34.08
16877,6690,26,4,19.26,77.04
16878,6690,49,1,23.34,23.34
16879,6691,56,5,24.27,121.35
16880,6691,120,5,30.01,150.05
16881,6691,41,4,51.4,205.6
16882,6691,58,3,60.43,181.29
16883,6692,5,1,91.07,91.07
16884,6692,11,5,27.79,138.95
16885,6692,59,2,20.43,40.86
16886,6692,42,1,26.47,26.47
16887,6693,79,3,21.05,63.150000000000006
16888,6694,102,1,18.49,18.49
16889,6694,7,5,13.37,66.85
16890,6695,20,3,35.46,106.38
16891,6695,69,2,61.04,122.08
16892,6696,12,2,37.26,74.52
16893,6696,38,3,114.83,344.49
16894,6696,85,1,69.32,69.32
16895,6697,5,2,87.4,174.8
16896,6697,75,2,36.5,73.0
16897,6697,12,2,38.51,77.02
16898,6697,92,1,8.47,8.47
16899,6698,86,2,37.65,75.3
16900,6698,7,2,13.37,26.74
16901,6698,65,5,14.57,72.85
16902,6698,57,5,67.48,337.40000000000003
16903,6699,115,5,37.98,189.89999999999998
16904,6699,5,1,93.04,93.04
16905,6699,82,4,17.55,70.2
16906,6699,66,1,96.25,96.25
16907,6700,116,1,90.0,90.0
16908,6701,89,1,18.54,18.54
16909,6702,35,5,60.01,300.05
16910,6702,14,2,73.72,147.44
16911,6703,70,1,68.11,68.11
16912,6703,102,1,19.23,19.23
16913,6703,68,1,26.67,26.67
16914,6703,70,1,70.38,70.38
16915,6704,63,1,49.92,49.92
16916,6704,45,3,44.36,133.07999999999998
16917,6705,108,2,19.5,39.0
16918,6706,21,5,64.81,324.05
16919,6707,64,1,44.57,44.57
16920,6707,105,1,13.94,13.94
16921,6707,32,1,23.01,23.01
16922,6708,51,2,108.95,217.9
16923,6708,85,2,73.05,146.1
16924,6708,16,5,35.37,176.85
16925,6708,32,5,22.52,112.6
16926,6709,87,1,29.27,29.27
16927,6709,11,5,27.18,135.9
16928,6710,46,5,13.06,65.3
16929,6711,71,5,18.78,93.9
16930,6712,103,5,13.63,68.15
16931,6712,17,4,47.54,190.16
16932,6713,65,2,15.39,30.78
16933,6713,86,4,37.98,151.92
16934,6714,48,2,54.29,108.58
16935,6714,53,3,44.27,132.81
16936,6715,56,1,24.07,24.07
16937,6716,104,5,45.61,228.05
16938,6716,74,1,61.33,61.33
16939,6716,49,2,21.81,43.62
16940,6716,2,1,42.7,42.7
16941,6717,48,4,53.05,212.2
16942,6717,98,4,63.38,253.52
16943,6718,52,1,45.83,45.83
16944,6719,48,3,48.95,146.85000000000002
16945,6719,86,1,38.78,38.78
16946,6720,117,4,57.71,230.84
16947,6720,19,3,39.23,117.69
16948,6720,114,1,34.16,34.16
16949,6721,41,5,55.05,275.25
16950,6721,71,1,17.34,17.34
16951,6721,33,5,108.97,544.85
16952,6721,3,4,29.68,118.72
16953,6722,47,1,25.1,25.1
16954,6722,106,2,47.52,95.04
16955,6723,110,2,65.86,131.72
16956,6723,46,5,13.16,65.8
16957,6723,76,5,13.24,66.2
16958,6724,93,2,23.58,47.16
16959,6724,61,3,48.81,146.43
16960,6725,98,2,59.53,119.06
16961,6725,16,1,36.13,36.13
16962,6725,112,2,59.12,118.24
16963,6726,70,3,68.32,204.95999999999998
16964,6726,19,1,37.3,37.3
16965,6726,96,4,74.19,296.76
16966,6727,112,4,65.24,260.96
16967,6728,44,4,16.78,67.12
16968,6728,56,4,22.84,91.36
16969,6728,109,5,19.8,99.0
16970,6729,65,1,15.75,15.75
16971,6729,43,1,40.07,40.07
16972,6729,77,3,21.64,64.92
16973,6729,20,2,34.99,69.98
16974,6730,41,4,54.69,218.76
16975,6731,100,2,41.04,82.08
16976,6731,12,3,38.15,114.44999999999999
16977,6732,68,2,25.41,50.82
16978,6732,82,5,18.22,91.1
16979,6732,63,3,46.04,138.12
16980,6733,47,4,24.68,98.72
16981,6734,112,3,59.17,177.51
16982,6734,98,4,60.48,241.92
16983,6734,99,2,17.82,35.64
16984,6735,12,5,36.47,182.35
16985,6735,120,3,29.23,87.69
16986,6735,61,2,49.05,98.1
16987,6736,83,2,37.25,74.5
16988,6736,46,4,14.3,57.2
16989,6736,70,5,69.12,345.6
16990,6737,86,3,36.07,108.21000000000001
16991,6737,65,3,14.55,43.650000000000006
16992,6738,69,5,60.41,302.04999999999995
16993,6738,43,3,39.71,119.13
16994,6738,120,5,28.91,144.55
16995,6738,22,2,61.82,123.64
16996,6739,45,1,46.04,46.04
16997,6739,100,2,38.76,77.52
16998,6740,58,1,59.92,59.92
16999,6740,1,4,17.19,68.76
17000,6740,13,1,39.16,39.16
17001,6741,107,3,70.69,212.07
17002,6741,119,4,41.53,166.12
17003,6742,32,2,22.1,44.2
17004,6742,26,5,19.02,95.1
17005,6742,29,1,11.4,11.4
17006,6742,110,4,66.03,264.12
17007,6743,1,5,18.12,90.60000000000001
17008,6743,12,2,38.21,76.42
17009,6744,44,2,17.65,35.3
17010,6744,118,4,23.0,92.0
17011,6745,11,1,28.27,28.27
17012,6745,40,4,19.79,79.16
17013,6746,23,4,71.31,285.24
17014,6746,40,5,19.83,99.14999999999999
17015,6746,83,5,38.31,191.55
17016,6747,24,2,43.07,86.14
17017,6747,50,4,40.81,163.24
17018,6747,20,4,35.67,142.68
17019,6747,2,2,41.58,83.16
17020,6748,60,5,31.25,156.25
17021,6748,39,4,8.64,34.56
17022,6748,90,3,18.28,54.84
17023,6749,1,2,18.06,36.12
17024,6750,6,1,73.79,73.79
17025,6751,110,3,68.41,205.23
17026,6752,52,1,46.75,46.75
17027,6752,104,1,44.65,44.65
17028,6752,13,4,40.09,160.36
17029,6752,43,2,37.76,75.52
17030,6753,84,3,48.68,146.04
17031,6754,29,3,11.93,35.79
17032,6755,27,3,48.71,146.13
17033,6755,13,1,41.55,41.55
17034,6756,42,3,25.89,77.67
17035,6757,85,4,68.78,275.12
17036,6758,36,5,20.47,102.35
17037,6759,15,3,18.19,54.57000000000001
17038,6760,76,3,13.83,41.49
17039,6760,81,3,81.29,243.87
17040,6760,50,4,41.74,166.96
17041,6761,32,3,22.23,66.69
17042,6761,88,4,36.71,146.84
17043,6762,88,4,37.98,151.92
17044,6762,72,4,34.33,137.32
17045,6763,48,4,51.95,207.8
17046,6763,61,5,47.25,236.25
17047,6763,17,4,48.34,193.36
17048,6763,1,5,16.8,84.0
17049,6764,34,2,47.15,94.3
17050,6764,63,4,48.36,193.44
17051,6764,83,4,35.94,143.76
17052,6764,29,2,11.86,23.72
17053,6765,83,3,34.75,104.25
17054,6766,37,3,10.5,31.5
17055,6766,72,1,32.96,32.96
17056,6766,14,2,78.44,156.88
17057,6766,39,1,8.64,8.64
17058,6767,24,5,43.97,219.85
17059,6768,77,3,20.76,62.28
17060,6768,86,3,38.87,116.60999999999999
17061,6768,6,3,75.42,226.26
17062,6769,48,2,49.82,99.64
17063,6769,73,4,9.8,39.2
17064,6769,89,3,17.67,53.010000000000005
17065,6770,94,4,27.39,109.56
17066,6770,93,3,24.23,72.69
17067,6770,17,3,50.5,151.5
17068,6771,77,2,22.86,45.72
17069,6771,98,3,57.98,173.94
17070,6772,67,2,27.54,55.08
17071,6772,109,2,19.92,39.84
17072,6772,99,2,18.27,36.54
17073,6773,116,5,91.31,456.55
17074,6774,114,2,31.21,62.42
17075,6774,4,4,29.2,116.8
17076,6775,48,2,50.7,101.4
17077,6775,108,2,19.45,38.9
17078,6775,10,2,75.31,150.62
17079,6775,8,4,19.8,79.2
17080,6776,34,2,45.82,91.64
17081,6776,46,3,13.8,41.400000000000006
17082,6776,75,3,36.74,110.22
17083,6777,66,3,91.86,275.58
17084,6777,89,1,18.36,18.36
17085,6777,27,5,52.93,264.65
17086,6778,58,2,59.78,119.56
17087,6779,42,4,25.48,101.92
17088,6779,109,2,20.07,40.14
17089,6780,109,5,20.03,100.15
17090,6781,99,5,18.26,91.30000000000001
17091,6781,22,3,59.16,177.48
17092,6781,12,5,39.16,195.79999999999998
17093,6782,65,4,15.03,60.12
17094,6782,85,5,67.51,337.55
17095,6783,100,3,40.28,120.84
17096,6783,96,4,74.35,297.4
17097,6783,29,3,11.29,33.87
17098,6783,42,4,25.41,101.64
17099,6784,113,3,31.91,95.73
17100,6784,85,3,66.65,199.95000000000002
17101,6784,118,4,23.0,92.0
17102,6784,27,5,52.3,261.5
17103,6785,32,1,21.18,21.18
17104,6786,79,5,20.59,102.95
17105,6786,57,4,72.59,290.36
17106,6787,118,1,22.7,22.7
17107,6787,2,3,43.81,131.43
17108,6787,75,5,36.81,184.05
17109,6787,116,4,96.56,386.24
17110,6788,64,3,43.52,130.56
17111,6789,17,1,51.64,51.64
17112,6790,8,3,20.51,61.53
17113,6790,52,2,49.05,98.1
17114,6790,92,5,8.61,43.05
17115,6790,81,3,81.35,244.04999999999998
17116,6791,13,2,41.78,83.56
17117,6791,79,3,21.18,63.54
17118,6792,110,4,64.96,259.84
17119,6792,79,1,20.89,20.89
17120,6792,32,3,21.17,63.510000000000005
17121,6793,3,1,29.16,29.16
17122,6794,68,1,26.15,26.15
17123,6794,89,3,17.46,52.38
17124,6795,105,3,14.25,42.75
17125,6795,90,3,19.11,57.33
17126,6795,56,5,23.23,116.15
17127,6796,66,2,94.61,189.22
17128,6796,24,4,45.64,182.56
17129,6797,88,5,39.08,195.39999999999998
17130,6797,80,4,10.52,42.08
17131,6797,1,2,17.18,34.36
17132,6797,37,1,10.45,10.45
17133,6798,20,4,34.61,138.44
17134,6798,117,2,61.0,122.0
17135,6798,9,1,35.68,35.68
17136,6798,63,5,49.64,248.2
17137,6799,38,1,118.6,118.6
17138,6799,112,2,62.45,124.9
17139,6799,25,4,68.5,274.0
17140,6800,114,5,32.07,160.35
17141,6800,23,5,72.8,364.0
17142,6801,5,4,88.02,352.08
17143,6802,51,2,106.38,212.76
17144,6803,60,2,30.37,60.74
17145,6803,75,3,34.63,103.89000000000001
17146,6803,63,4,46.44,185.76
17147,6803,66,4,90.59,362.36
17148,6804,37,5,10.47,52.35
17149,6804,101,4,58.22,232.88
17150,6804,66,1,90.8,90.8
17151,6804,48,4,53.89,215.56
17152,6805,10,5,73.55,367.75
17153,6805,49,5,21.81,109.05
17154,6805,53,2,45.28,90.56
17155,6805,2,1,45.39,45.39
17156,6806,97,2,45.72,91.44
17157,6806,92,4,8.07,32.28
17158,6806,29,1,11.13,11.13
17159,6806,73,5,9.31,46.550000000000004
17160,6807,17,5,49.42,247.10000000000002
17161,6808,16,2,35.3,70.6
17162,6808,81,3,77.13,231.39
17163,6808,23,4,69.26,277.04
17164,6809,111,4,36.97,147.88
17165,6809,21,4,68.25,273.0
17166,6810,79,1,21.57,21.57
17167,6811,49,2,22.44,44.88
17168,6811,10,1,73.55,73.55
17169,6811,5,3,93.72,281.15999999999997
17170,6812,17,4,48.72,194.88
17171,6812,94,5,27.1,135.5
17172,6812,119,5,41.66,208.29999999999998
17173,6813,39,3,8.57,25.71
17174,6813,33,3,105.57,316.71
17175,6813,111,2,37.15,74.3
17176,6814,49,5,21.91,109.55
17177,6814,33,5,100.99,504.95
17178,6815,67,3,28.1,84.30000000000001
17179,6816,44,2,17.11,34.22
17180,6817,37,5,10.1,50.5
17181,6818,111,1,37.66,37.66
17182,6818,88,3,39.85,119.55000000000001
17183,6818,21,1,62.08,62.08
17184,6818,72,3,31.61,94.83
17185,6819,102,5,17.88,89.39999999999999
17186,6819,59,1,19.65,19.65
17187,6819,19,2,37.75,75.5
17188,6820,59,1,19.56,19.56
17189,6820,60,5,28.82,144.1
17190,6821,25,1,67.15,67.15
17191,6821,105,5,14.33,71.65
17192,6821,5,2,94.26,188.52
17193,6821,20,1,35.75,35.75
17194,6822,13,3,42.63,127.89000000000001
17195,6822,5,4,91.39,365.56
17196,6823,35,2,60.39,120.78
17197,6823,29,3,11.85,35.55
17198,6824,98,2,62.6,125.2
17199,6824,32,4,20.95,83.8
17200,6824,30,1,18.61,18.61
17201,6824,49,3,23.95,71.85
17202,6825,11,5,28.13,140.65
17203,6825,90,1,18.68,18.68
17204,6825,98,2,61.44,122.88
17205,6826,6,1,75.0,75.0
17206,6826,77,3,21.58,64.74
17207,6826,69,1,59.1,59.1
17208,6827,118,1,23.11,23.11
17209,6827,88,2,36.85,73.7
17210,6827,109,4,19.7,78.8
17211,6827,97,4,47.49,189.96
17212,6828,74,3,61.81,185.43
17213,6828,116,2,89.98,179.96
17214,6829,74,5,57.99,289.95
17215,6830,100,2,38.75,77.5
17216,6830,54,3,57.86,173.57999999999998
17217,6830,13,3,40.05,120.14999999999999
17218,6831,80,5,10.1,50.5
17219,6831,22,4,61.96,247.84
17220,6832,61,3,48.59,145.77
17221,6832,87,5,30.27,151.35
17222,6832,105,4,15.16,60.64
17223,6832,26,2,19.29,38.58
17224,6833,108,1,19.28,19.28
17225,6833,30,4,19.41,77.64
17226,6834,95,4,110.57,442.28
17227,6834,102,2,19.57,39.14
17228,6834,79,4,20.74,82.96
17229,6834,56,4,23.32,93.28
17230,6835,71,4,17.89,71.56
17231,6835,48,5,50.61,253.05
17232,6835,13,3,41.05,123.14999999999999
17233,6836,57,2,66.05,132.1
17234,6836,3,3,29.16,87.48
17235,6836,31,3,24.79,74.37
17236,6837,119,1,39.27,39.27
17237,6837,11,2,26.73,53.46
17238,6837,7,2,13.39,26.78
17239,6838,118,3,23.65,70.94999999999999
17240,6839,88,3,39.54,118.62
17241,6839,36,3,20.56,61.67999999999999
17242,6839,14,1,71.7,71.7
17243,6839,62,5,11.5,57.5
17244,6840,114,5,33.5,167.5
17245,6840,8,4,21.71,86.84
17246,6841,120,4,30.95,123.8
17247,6841,18,3,18.25,54.75
17248,6841,117,1,61.54,61.54
17249,6842,13,1,40.51,40.51
17250,6842,32,2,21.99,43.98
17251,6843,7,2,13.66,27.32
17252,6844,54,2,62.69,125.38
17253,6844,79,3,20.72,62.16
17254,6845,17,3,50.52,151.56
17255,6845,3,5,29.57,147.85
17256,6846,16,1,32.69,32.69
17257,6846,55,4,34.62,138.48
17258,6846,62,2,12.6,25.2
17259,6846,80,2,10.49,20.98
17260,6847,114,3,33.83,101.49
17261,6847,44,5,16.88,84.39999999999999
17262,6848,71,5,17.12,85.60000000000001
17263,6848,19,5,38.54,192.7
17264,6848,42,1,26.37,26.37
17265,6848,27,3,51.83,155.49
17266,6849,23,5,74.21,371.04999999999995
17267,6849,19,4,38.34,153.36
17268,6849,6,2,74.89,149.78
17269,6850,36,1,21.8,21.8
17270,6850,7,3,12.85,38.55
17271,6850,43,5,40.87,204.35
17272,6851,8,2,21.89,43.78
17273,6851,48,1,53.18,53.18
17274,6851,98,5,60.2,301.0
17275,6851,27,5,51.36,256.8
17276,6852,10,4,77.86,311.44
17277,6852,29,3,11.75,35.25
17278,6852,52,3,48.55,145.64999999999998
17279,6852,77,4,22.93,91.72
17280,6853,76,1,13.66,13.66
17281,6853,3,2,29.68,59.36
17282,6854,112,1,65.59,65.59
17283,6854,53,3,44.48,133.44
17284,6855,38,5,118.23,591.15
17285,6855,112,3,62.29,186.87
17286,6855,23,1,73.67,73.67
17287,6856,92,3,8.78,26.339999999999996
17288,6857,119,3,42.23,126.69
17289,6858,40,3,20.49,61.47
17290,6858,52,3,46.09,138.27
17291,6859,66,5,90.34,451.70000000000005
17292,6859,100,2,40.16,80.32
17293,6859,118,3,23.32,69.96000000000001
17294,6860,68,2,26.52,53.04
17295,6860,86,1,37.19,37.19
17296,6860,103,5,12.88,64.4
17297,6860,71,3,18.11,54.33
17298,6861,95,3,105.87,317.61
17299,6861,68,5,26.77,133.85
17300,6861,66,2,89.88,179.76
17301,6862,108,2,19.07,38.14
17302,6862,45,5,44.9,224.5
17303,6863,24,2,44.65,89.3
17304,6863,87,3,29.21,87.63
17305,6863,70,2,70.27,140.54
17306,6863,68,2,25.33,50.66
17307,6864,43,2,41.42,82.84
17308,6864,86,2,37.92,75.84
17309,6864,57,3,71.44,214.32
17310,6865,79,5,21.01,105.05000000000001
17311,6865,5,2,88.99,177.98
17312,6865,112,2,60.72,121.44
17313,6865,96,1,74.42,74.42
17314,6866,60,3,31.51,94.53
17315,6866,23,2,73.9,147.8
17316,6866,119,2,42.73,85.46
17317,6867,68,3,26.91,80.73
17318,6867,56,3,22.52,67.56
17319,6867,111,3,38.39,115.17
17320,6867,109,1,19.89,19.89
17321,6868,31,4,25.77,103.08
17322,6868,81,3,80.34,241.02
17323,6868,40,4,19.35,77.4
17324,6868,5,4,87.44,349.76
17325,6869,49,5,21.8,109.0
17326,6869,29,4,11.31,45.24
17327,6869,66,2,94.85,189.7
17328,6870,54,1,62.59,62.59
17329,6870,28,4,22.27,89.08
17330,6870,55,1,33.48,33.48
17331,6870,89,1,18.37,18.37
17332,6871,75,4,36.54,146.16
17333,6871,76,4,12.51,50.04
17334,6871,16,1,35.45,35.45
17335,6871,12,5,38.59,192.95000000000002
17336,6872,77,1,21.42,21.42
17337,6873,62,5,12.26,61.3
17338,6873,76,5,12.89,64.45
17339,6873,44,4,17.03,68.12
17340,6874,13,2,41.08,82.16
17341,6874,43,2,38.84,77.68
17342,6874,78,3,16.64,49.92
17343,6874,118,1,23.77,23.77
17344,6875,69,4,61.47,245.88
17345,6875,49,3,22.22,66.66
17346,6875,44,3,17.15,51.449999999999996
17347,6876,3,2,29.42,58.84
17348,6876,24,1,45.13,45.13
17349,6877,43,4,41.12,164.48
17350,6878,74,4,59.81,239.24
17351,6878,72,1,31.19,31.19
17352,6878,40,2,20.71,41.42
17353,6879,64,1,45.43,45.43
17354,6879,28,2,24.62,49.24
17355,6879,10,4,78.34,313.36
17356,6879,35,3,63.04,189.12
17357,6880,21,4,68.07,272.28
17358,6880,65,3,14.83,44.49
17359,6880,93,2,24.51,49.02
17360,6881,21,3,63.53,190.59
17361,6881,1,4,18.13,72.52
17362,6881,7,4,13.61,54.44
17363,6881,28,3,24.04,72.12
17364,6882,20,4,34.47,137.88
17365,6883,118,4,22.36,89.44
17366,6883,29,3,10.97,32.910000000000004
17367,6883,79,5,20.57,102.85
17368,6884,84,1,49.6,49.6
17369,6884,30,4,19.09,76.36
17370,6884,18,3,18.23,54.69
17371,6884,24,5,45.25,226.25
17372,6885,106,1,47.55,47.55
17373,6885,50,1,40.76,40.76
17374,6886,1,1,16.97,16.97
17375,6886,78,1,16.82,16.82
17376,6886,52,3,48.36,145.07999999999998
17377,6886,21,4,63.63,254.52
17378,6887,20,5,35.13,175.65
17379,6888,90,4,19.85,79.4
17380,6888,38,2,111.67,223.34
17381,6888,6,3,72.95,218.85000000000002
17382,6888,92,1,8.36,8.36
17383,6889,24,3,43.38,130.14000000000001
17384,6890,120,4,29.59,118.36
17385,6891,71,2,17.45,34.9
17386,6891,66,3,90.07,270.21
17387,6891,85,2,71.96,143.92
17388,6891,27,5,52.06,260.3
17389,6892,81,1,78.71,78.71
17390,6892,22,4,57.87,231.48
17391,6892,32,1,23.17,23.17
17392,6892,69,3,64.8,194.39999999999998
17393,6893,47,4,23.91,95.64
17394,6893,109,3,20.55,61.650000000000006
17395,6894,5,3,88.19,264.57
17396,6895,12,4,37.85,151.4
17397,6895,1,4,17.33,69.32
17398,6895,109,1,19.75,19.75
17399,6896,50,2,39.66,79.32
17400,6896,106,3,51.26,153.78
17401,6897,66,5,90.89,454.45
17402,6897,104,4,43.4,173.6
17403,6898,99,2,19.65,39.3
17404,6899,12,5,38.77,193.85000000000002
17405,6899,116,2,90.01,180.02
17406,6899,62,5,11.79,58.949999999999996
17407,6900,72,3,31.91,95.73
17408,6901,30,4,19.92,79.68
17409,6901,98,3,62.78,188.34
17410,6901,10,4,76.28,305.12
17411,6901,16,4,33.16,132.64
17412,6902,28,3,24.05,72.15
17413,6903,98,3,63.09,189.27
17414,6903,98,3,61.03,183.09
17415,6903,31,5,25.18,125.9
17416,6903,66,3,95.87,287.61
17417,6904,50,3,40.71,122.13
17418,6904,66,2,98.07,196.14
17419,6904,3,1,31.66,31.66
17420,6905,53,1,43.12,43.12
17421,6905,57,3,65.69,197.07
17422,6906,2,1,45.5,45.5
17423,6906,79,4,22.03,88.12
17424,6907,47,2,24.23,48.46
17425,6907,31,3,24.62,73.86
17426,6908,95,3,107.98,323.94
17427,6909,98,2,59.45,118.9
17428,6910,31,4,26.65,106.6
17429,6910,112,3,59.22,177.66
17430,6910,2,2,43.99,87.98
17431,6911,69,4,64.94,259.76
17432,6911,86,2,37.48,74.96
17433,6911,30,4,20.07,80.28
17434,6911,44,1,17.54,17.54
17435,6912,85,3,70.41,211.23
17436,6912,44,3,17.76,53.28
17437,6912,36,2,21.87,43.74
17438,6913,78,5,17.59,87.95
17439,6913,20,5,37.04,185.2
17440,6913,68,4,24.97,99.88
17441,6913,35,2,58.9,117.8
17442,6914,39,2,8.11,16.22
17443,6914,53,2,45.66,91.32
17444,6914,88,4,40.06,160.24
17445,6915,28,4,24.23,96.92
17446,6915,81,1,83.19,83.19
17447,6916,41,3,53.35,160.05
17448,6916,107,3,66.06,198.18
17449,6916,48,2,52.57,105.14
17450,6916,51,1,105.09,105.09
17451,6917,91,1,29.95,29.95
17452,6918,6,5,71.86,359.3
17453,6918,103,3,13.02,39.06
17454,6919,40,1,19.67,19.67
17455,6919,99,5,19.59,97.95
17456,6919,45,5,43.83,219.14999999999998
17457,6920,24,5,45.29,226.45
17458,6921,13,3,41.67,125.01
17459,6921,98,4,60.1,240.4
17460,6921,3,5,29.86,149.3
17461,6921,77,3,21.04,63.12
17462,6922,73,5,9.68,48.4
17463,6922,29,5,11.39,56.95
17464,6923,91,4,28.78,115.12
17465,6923,46,5,14.34,71.7
17466,6923,96,3,71.29,213.87
17467,6924,42,2,25.31,50.62
17468,6924,94,5,27.23,136.15
17469,6924,53,3,44.87,134.60999999999999
17470,6925,56,4,23.21,92.84
17471,6926,102,5,18.51,92.55000000000001
17472,6926,12,1,39.22,39.22
17473,6927,50,5,43.08,215.39999999999998
17474,6927,6,4,71.49,285.96
17475,6927,7,5,13.35,66.75
17476,6927,17,2,51.94,103.88
17477,6928,89,5,18.22,91.1
17478,6928,95,1,100.86,100.86
17479,6928,95,2,101.73,203.46
17480,6928,120,3,30.55,91.65
17481,6929,69,3,61.92,185.76
17482,6929,24,5,43.56,217.8
17483,6929,58,1,56.04,56.04
17484,6930,67,5,26.61,133.05
17485,6930,93,3,23.36,70.08
17486,6931,58,4,60.06,240.24
17487,6931,3,1,30.33,30.33
17488,6931,101,1,55.71,55.71
17489,6932,71,3,17.03,51.09
17490,6932,13,3,40.55,121.64999999999999
17491,6932,115,3,35.7,107.10000000000001
17492,6933,55,1,34.78,34.78
17493,6934,96,4,71.63,286.52
17494,6934,88,2,38.63,77.26
17495,6935,34,2,46.06,92.12
17496,6936,108,1,19.96,19.96
17497,6936,111,5,36.22,181.1
17498,6936,113,4,31.32,125.28
17499,6937,25,1,70.75,70.75
17500,6938,17,1,52.03,52.03
17501,6938,66,4,90.74,362.96
17502,6938,30,4,19.43,77.72
17503,6938,75,5,34.16,170.79999999999998
17504,6939,81,5,78.07,390.34999999999997
17505,6939,5,5,92.27,461.34999999999997
17506,6940,92,5,8.65,43.25
17507,6940,16,3,34.01,102.03
17508,6940,69,5,64.01,320.05
17509,6940,66,1,95.76,95.76
17510,6941,3,3,30.15,90.44999999999999
17511,6941,22,1,58.79,58.79
17512,6941,65,4,15.59,62.36
17513,6941,51,4,108.61,434.44
17514,6942,57,5,66.06,330.3
17515,6942,85,1,69.49,69.49
17516,6943,83,4,35.73,142.92
17517,6943,76,1,12.62,12.62
17518,6943,89,1,17.31,17.31
17519,6944,105,3,14.95,44.849999999999994
17520,6945,26,5,20.14,100.7
17521,6945,111,1,39.38,39.38
17522,6945,57,2,67.81,135.62
17523,6945,112,5,65.02,325.09999999999997
17524,6946,77,5,20.88,104.39999999999999
17525,6946,48,3,53.7,161.10000000000002
17526,6946,6,2,69.46,138.92
17527,6946,15,5,18.41,92.05
17528,6947,75,3,36.59,109.77000000000001
17529,6947,81,2,84.36,168.72
17530,6947,17,2,50.32,100.64
17531,6948,111,5,38.96,194.8
17532,6948,40,3,19.08,57.239999999999995
17533,6948,93,5,24.22,121.1
17534,6949,93,1,22.79,22.79
17535,6950,84,3,49.7,149.10000000000002
17536,6950,110,3,67.22,201.66
17537,6951,97,1,48.79,48.79
17538,6951,20,5,36.22,181.1
17539,6951,50,1,39.36,39.36
17540,6952,69,1,60.21,60.21
17541,6953,61,5,48.11,240.55
17542,6953,63,2,46.26,92.52
17543,6953,24,3,46.19,138.57
17544,6954,117,1,61.36,61.36
17545,6954,81,2,76.6,153.2
17546,6954,97,5,47.91,239.54999999999998
17547,6954,42,2,27.95,55.9
17548,6955,80,5,10.35,51.75
17549,6955,33,5,108.09,540.45
17550,6955,71,5,17.24,86.19999999999999
17551,6955,31,5,26.6,133.0
17552,6956,112,3,60.38,181.14000000000001
17553,6957,62,2,11.79,23.58
17554,6957,60,4,30.16,120.64
17555,6957,65,3,15.93,47.79
17556,6958,28,1,23.91,23.91
17557,6959,100,5,40.79,203.95
17558,6960,35,5,62.26,311.3
17559,6960,110,4,69.55,278.2
17560,6960,101,3,58.42,175.26
17561,6960,38,4,111.25,445.0
17562,6961,67,1,28.7,28.7
17563,6961,40,5,20.58,102.89999999999999
17564,6961,17,5,51.11,255.55
17565,6962,34,5,46.56,232.8
17566,6962,105,3,14.0,42.0
17567,6962,37,4,10.71,42.84
17568,6963,112,1,60.9,60.9
17569,6963,88,3,38.06,114.18
17570,6963,54,3,57.44,172.32
17571,6963,76,5,12.49,62.45
17572,6964,106,5,48.36,241.8
17573,6965,10,4,76.87,307.48
17574,6965,97,1,46.37,46.37
17575,6965,69,1,64.55,64.55
17576,6966,118,5,21.68,108.4
17577,6967,102,3,18.26,54.78
17578,6968,108,5,18.42,92.10000000000001
17579,6968,8,3,20.02,60.06
17580,6968,55,1,34.19,34.19
17581,6968,109,5,21.02,105.1
17582,6969,33,5,108.19,540.95
17583,6969,31,3,25.5,76.5
17584,6970,81,2,77.06,154.12
17585,6971,40,2,20.25,40.5
17586,6971,71,5,18.35,91.75
17587,6971,48,1,53.98,53.98
17588,6971,55,3,36.71,110.13
17589,6972,18,5,16.95,84.75
17590,6972,101,3,58.59,175.77
17591,6972,12,3,38.48,115.44
17592,6973,21,3,68.06,204.18
17593,6973,29,2,11.59,23.18
17594,6974,33,2,103.89,207.78
17595,6974,1,3,17.4,52.199999999999996
17596,6974,116,3,90.08,270.24
17597,6974,70,1,70.15,70.15
17598,6975,59,5,19.54,97.69999999999999
17599,6975,17,1,49.54,49.54
17600,6975,77,2,21.37,42.74
17601,6976,12,2,38.12,76.24
17602,6976,33,5,108.23,541.15
17603,6977,68,4,26.36,105.44
17604,6977,118,1,21.74,21.74
17605,6978,72,4,33.54,134.16
17606,6979,58,3,59.6,178.8
17607,6979,80,1,9.87,9.87
17608,6980,88,3,37.64,112.92
17609,6980,61,4,46.53,186.12
17610,6981,41,3,53.43,160.29
17611,6981,107,4,68.11,272.44
17612,6982,37,5,10.57,52.85
17613,6983,15,2,18.84,37.68
17614,6984,36,3,20.11,60.33
17615,6984,95,1,103.11,103.11
17616,6984,10,3,73.02,219.06
17617,6985,50,4,40.71,162.84
17618,6985,5,3,93.55,280.65
17619,6986,109,3,20.31,60.92999999999999
17620,6987,40,3,19.57,58.71
17621,6987,29,2,11.86,23.72
17622,6987,84,4,47.29,189.16
17623,6988,114,3,33.27,99.81
17624,6989,7,2,12.78,25.56
17625,6989,105,5,14.28,71.39999999999999
17626,6990,48,4,51.71,206.84
17627,6990,21,1,65.3,65.3
17628,6990,9,4,35.71,142.84
17629,6990,53,3,43.91,131.73
17630,6991,29,4,11.86,47.44
17631,6991,30,2,20.01,40.02
17632,6992,23,1,70.24,70.24
17633,6993,18,2,17.73,35.46
17634,6993,95,3,108.67,326.01
17635,6993,47,4,23.92,95.68
17636,6994,97,2,46.31,92.62
17637,6995,65,4,15.84,63.36
17638,6995,10,4,76.64,306.56
17639,6995,49,5,22.01,110.05000000000001
17640,6996,11,4,27.58,110.32
17641,6996,40,2,19.28,38.56
17642,6996,99,3,18.68,56.04
17643,6996,40,3,20.24,60.72
17644,6997,29,2,11.78,23.56
17645,6997,20,1,35.12,35.12
17646,6998,16,3,33.05,99.14999999999999
17647,6999,27,5,52.38,261.90000000000003
17648,6999,110,3,68.92,206.76
17649,6999,64,4,44.83,179.32
17650,6999,94,4,26.21,104.84
17651,7000,20,5,33.78,168.9
17652,7000,74,3,60.54,181.62
17653,7000,100,4,40.19,160.76
17654,7001,94,5,26.2,131.0
17655,7001,89,1,18.25,18.25
17656,7002,91,1,29.08,29.08
17657,7003,119,3,41.83,125.49
17658,7003,47,5,25.17,125.85000000000001
17659,7003,39,5,8.22,41.1
17660,7004,12,3,36.88,110.64000000000001
17661,7004,22,1,60.09,60.09
17662,7004,49,4,22.95,91.8
17663,7004,10,2,72.83,145.66
17664,7005,91,1,29.29,29.29
17665,7006,42,4,25.35,101.4
17666,7006,39,5,8.62,43.099999999999994
17667,7007,111,3,37.06,111.18
17668,7007,8,2,21.02,42.04
17669,7008,71,1,18.34,18.34
17670,7008,72,5,32.01,160.04999999999998
17671,7009,116,1,95.25,95.25
17672,7010,50,4,40.0,160.0
17673,7010,110,1,71.23,71.23
17674,7010,82,3,18.36,55.08
17675,7011,46,3,13.72,41.160000000000004
17676,7011,64,5,44.52,222.60000000000002
17677,7011,53,5,42.59,212.95000000000002
17678,7011,73,5,9.72,48.6
17679,7012,36,3,19.93,59.79
17680,7013,40,3,20.56,61.67999999999999
17681,7014,90,3,19.73,59.19
17682,7014,118,2,22.53,45.06
17683,7015,69,2,64.32,128.64
17684,7015,40,1,20.17,20.17
17685,7015,8,5,20.45,102.25
17686,7016,113,4,30.06,120.24
17687,7017,111,5,37.8,189.0
17688,7017,25,2,66.58,133.16
17689,7017,95,4,107.55,430.2
17690,7017,82,1,17.96,17.96
17691,7018,112,3,64.65,193.95000000000002
17692,7018,61,3,49.63,148.89000000000001
17693,7018,30,5,19.15,95.75
17694,7019,42,3,26.8,80.4
17695,7019,91,3,29.81,89.42999999999999
17696,7020,25,5,70.98,354.90000000000003
17697,7020,77,2,22.72,45.44
17698,7021,100,5,39.56,197.8
17699,7021,15,1,18.3,18.3
17700,7022,64,5,44.33,221.64999999999998
17701,7022,32,1,22.49,22.49
17702,7022,60,3,31.55,94.65
17703,7023,24,3,46.87,140.60999999999999
17704,7024,39,1,8.56,8.56
17705,7024,19,2,37.11,74.22
17706,7025,48,1,51.18,51.18
17707,7025,78,2,17.72,35.44
17708,7026,37,4,10.09,40.36
17709,7026,104,3,44.82,134.46
17710,7027,73,4,10.11,40.44
17711,7027,119,4,39.56,158.24
17712,7027,82,4,17.83,71.32
17713,7027,26,4,20.64,82.56
17714,7028,69,3,64.28,192.84
17715,7029,81,4,80.12,320.48
17716,7030,57,5,72.07,360.34999999999997
17717,7030,10,5,76.4,382.0
17718,7031,22,3,58.4,175.2
17719,7031,29,1,11.21,11.21
17720,7032,50,2,42.84,85.68
17721,7032,102,5,18.96,94.80000000000001
17722,7032,4,4,27.74,110.96
17723,7032,113,1,31.0,31.0
17724,7033,64,2,41.99,83.98
17725,7033,117,4,57.27,229.08
17726,7034,82,5,18.72,93.6
17727,7034,56,3,23.61,70.83
17728,7034,14,5,75.65,378.25
17729,7035,89,3,18.13,54.39
17730,7035,74,4,59.38,237.52
17731,7035,45,5,42.92,214.60000000000002
17732,7036,98,3,61.87,185.60999999999999
17733,7036,85,4,71.33,285.32
17734,7036,35,1,61.13,61.13
17735,7037,19,1,39.56,39.56
17736,7037,80,3,9.98,29.94
17737,7038,15,4,18.56,74.24
17738,7038,64,2,44.45,88.9
17739,7038,119,3,39.93,119.78999999999999
17740,7038,90,3,18.31,54.92999999999999
17741,7039,38,3,116.65,349.95000000000005
17742,7039,116,4,93.79,375.16
17743,7040,108,1,18.46,18.46
17744,7040,59,2,20.74,41.48
17745,7041,3,5,30.71,153.55
17746,7042,107,5,70.79,353.95000000000005
17747,7042,100,2,39.25,78.5
17748,7042,118,3,22.77,68.31
17749,7042,113,5,31.66,158.3
17750,7043,60,3,30.09,90.27
17751,7043,2,5,44.1,220.5
17752,7043,48,1,52.04,52.04
17753,7043,47,5,24.82,124.1
17754,7044,37,3,10.53,31.589999999999996
17755,7045,97,3,48.43,145.29
17756,7045,98,2,63.56,127.12
17757,7045,1,5,18.06,90.3
17758,7046,110,2,64.95,129.9
17759,7046,37,2,10.34,20.68
17760,7046,22,3,60.7,182.10000000000002
17761,7046,31,3,24.73,74.19
17762,7047,8,1,20.64,20.64
17763,7048,17,3,48.62,145.85999999999999
17764,7048,36,2,20.77,41.54
17765,7048,11,3,28.13,84.39
17766,7049,21,2,63.77,127.54
17767,7049,30,3,20.03,60.09
17768,7049,93,1,24.26,24.26
17769,7049,24,4,45.45,181.8
17770,7050,111,2,39.46,78.92
17771,7050,117,1,56.32,56.32
17772,7050,41,1,52.81,52.81
17773,7051,3,5,29.79,148.95
17774,7051,35,4,58.45,233.8
17775,7051,16,3,35.48,106.44
17776,7051,4,2,29.23,58.46
17777,7052,97,4,49.51,198.04
17778,7053,14,3,74.49,223.46999999999997
17779,7053,92,5,8.75,43.75
17780,7054,81,4,81.84,327.36
17781,7054,57,5,68.07,340.34999999999997
17782,7054,39,5,8.44,42.199999999999996
17783,7055,47,3,25.25,75.75
17784,7055,38,1,108.01,108.01
17785,7055,42,5,26.39,131.95
17786,7055,33,2,99.37,198.74
17787,7056,117,3,60.13,180.39000000000001
17788,7057,111,4,35.61,142.44
17789,7058,105,2,14.5,29.0
17790,7058,101,4,54.51,218.04
17791,7059,32,3,21.35,64.05000000000001
17792,7059,105,5,14.85,74.25
17793,7059,56,1,22.5,22.5
17794,7059,20,2,33.83,67.66
17795,7060,90,4,18.63,74.52
17796,7060,116,5,92.16,460.79999999999995
17797,7060,99,2,18.46,36.92
17798,7060,3,4,30.65,122.6
17799,7061,15,3,18.79,56.37
17800,7061,16,5,33.76,168.79999999999998
17801,7061,115,2,36.94,73.88
17802,7061,64,5,42.08,210.39999999999998
17803,7062,99,2,17.81,35.62
17804,7062,17,5,51.81,259.05
17805,7062,61,4,48.59,194.36
17806,7063,45,2,44.53,89.06
17807,7063,61,2,47.02,94.04
17808,7063,81,1,79.45,79.45
17809,7064,61,5,49.6,248.0
17810,7064,9,1,36.33,36.33
17811,7065,98,1,59.58,59.58
17812,7065,109,3,20.67,62.010000000000005
17813,7065,66,3,91.46,274.38
17814,7066,22,4,61.68,246.72
17815,7067,98,3,63.75,191.25
17816,7068,72,2,31.26,62.52
17817,7069,104,3,42.29,126.87
17818,7070,74,5,61.81,309.05
17819,7070,85,1,69.35,69.35
17820,7071,95,2,106.12,212.24
17821,7071,6,5,72.07,360.34999999999997
17822,7072,30,5,18.27,91.35
17823,7072,54,2,59.55,119.1
17824,7072,85,5,67.12,335.6
17825,7072,31,2,25.49,50.98
17826,7073,54,4,58.09,232.36
17827,7073,6,3,75.64,226.92000000000002
17828,7073,76,3,12.81,38.43
17829,7073,78,1,17.1,17.1
17830,7074,66,2,98.75,197.5
17831,7074,62,4,12.69,50.76
17832,7074,120,4,30.08,120.32
17833,7074,8,2,20.47,40.94
17834,7075,86,1,37.42,37.42
17835,7076,75,4,35.48,141.92
17836,7076,55,2,36.55,73.1
17837,7076,23,2,72.36,144.72
17838,7077,113,3,32.22,96.66
17839,7077,113,4,29.39,117.56
17840,7078,41,2,56.33,112.66
17841,7078,84,3,48.41,145.23
17842,7078,13,5,43.0,215.0
17843,7079,1,5,17.79,88.94999999999999
17844,7080,116,3,94.66,283.98
17845,7081,105,2,13.83,27.66
17846,7081,2,2,41.83,83.66
17847,7082,8,3,20.25,60.75
17848,7083,19,2,39.08,78.16
17849,7083,2,3,44.71,134.13
17850,7084,45,3,44.02,132.06
17851,7084,48,1,54.28,54.28
17852,7085,80,3,10.5,31.5
17853,7085,19,3,40.11,120.33
17854,7085,106,5,52.22,261.1
17855,7085,99,3,18.78,56.34
17856,7086,85,3,67.1,201.29999999999998
17857,7086,114,1,32.23,32.23
17858,7086,24,1,44.96,44.96
17859,7087,95,4,110.74,442.96
17860,7088,53,3,41.58,124.74
17861,7088,45,3,44.46,133.38
17862,7088,82,2,18.9,37.8
17863,7089,36,1,21.4,21.4
17864,7090,3,5,31.68,158.4
17865,7090,42,4,27.85,111.4
17866,7090,94,3,26.93,80.78999999999999
17867,7090,11,3,28.37,85.11
17868,7091,103,1,14.16,14.16
17869,7092,109,5,19.46,97.30000000000001
17870,7093,57,4,69.67,278.68
17871,7093,30,3,19.08,57.239999999999995
17872,7093,98,5,62.6,313.0
17873,7094,31,2,25.15,50.3
17874,7094,25,2,70.84,141.68
17875,7094,86,4,37.19,148.76
17876,7095,39,5,8.19,40.949999999999996
17877,7095,75,3,36.26,108.78
17878,7095,28,1,23.05,23.05
17879,7096,116,5,96.47,482.35
17880,7096,27,1,52.92,52.92
17881,7096,118,3,21.7,65.1
17882,7096,91,3,29.25,87.75
17883,7097,51,2,107.45,214.9
17884,7098,83,5,36.76,183.79999999999998
17885,7098,111,3,35.88,107.64000000000001
17886,7098,76,4,13.03,52.12
17887,7098,115,1,35.11,35.11
17888,7099,111,5,36.58,182.89999999999998
17889,7100,103,2,13.04,26.08
17890,7100,111,1,38.82,38.82
17891,7100,112,3,64.65,193.95000000000002
17892,7101,3,3,31.65,94.94999999999999
17893,7101,72,4,31.22,124.88
17894,7102,81,4,82.77,331.08
17895,7102,14,2,76.15,152.3
17896,7102,80,2,10.52,21.04
17897,7103,104,1,42.22,42.22
17898,7104,89,5,17.35,86.75
17899,7104,37,2,9.91,19.82
17900,7104,59,5,19.31,96.55
17901,7105,112,3,62.79,188.37
17902,7105,33,5,102.47,512.35
17903,7105,63,3,47.44,142.32
17904,7105,101,5,57.61,288.05
17905,7106,59,5,20.12,100.60000000000001
17906,7106,14,1,74.96,74.96
17907,7107,100,1,40.74,40.74
17908,7107,41,1,54.43,54.43
17909,7107,47,3,24.74,74.22
17910,7107,102,1,18.23,18.23
17911,7108,13,1,41.58,41.58
17912,7108,90,2,18.89,37.78
17913,7108,95,5,110.43,552.1500000000001
17914,7109,108,2,19.75,39.5
17915,7109,35,4,62.9,251.6
17916,7110,3,2,31.11,62.22
17917,7110,102,2,18.52,37.04
17918,7110,19,1,39.79,39.79
17919,7111,110,3,71.09,213.27
17920,7111,86,3,36.7,110.10000000000001
17921,7111,48,5,49.88,249.4
17922,7112,45,5,44.38,221.9
17923,7112,81,1,83.04,83.04
17924,7113,103,3,12.91,38.730000000000004
17925,7113,3,2,31.98,63.96
17926,7114,3,4,31.29,125.16
17927,7114,96,3,76.09,228.27
17928,7115,50,2,40.05,80.1
17929,7116,56,2,23.42,46.84
17930,7116,2,3,41.24,123.72
17931,7116,32,1,22.21,22.21
17932,7117,73,3,9.56,28.68
17933,7117,106,1,50.3,50.3
17934,7117,16,1,34.0,34.0
17935,7118,50,2,41.21,82.42
17936,7118,89,4,18.02,72.08
17937,7118,99,4,19.65,78.6
17938,7119,59,5,21.04,105.19999999999999
17939,7119,51,5,106.09,530.45
17940,7119,101,2,54.18,108.36
17941,7120,114,2,30.93,61.86
17942,7120,93,5,24.53,122.65
17943,7121,81,5,81.78,408.9
17944,7121,84,4,47.99,191.96
17945,7122,81,3,76.77,230.31
17946,7122,63,2,49.86,99.72
17947,7122,15,1,18.37,18.37
17948,7122,108,5,19.35,96.75
17949,7123,90,3,18.46,55.38
17950,7124,42,1,26.25,26.25
17951,7125,63,2,46.8,93.6
17952,7125,9,4,33.74,134.96
17953,7126,87,2,29.94,59.88
17954,7126,50,5,39.64,198.2
17955,7126,105,2,13.75,27.5
17956,7127,27,5,50.4,252.0
17957,7127,85,3,66.64,199.92000000000002
17958,7128,41,5,52.78,263.9
17959,7129,60,3,29.35,88.05000000000001
17960,7129,39,4,8.31,33.24
17961,7130,103,2,13.69,27.38
17962,7131,25,2,67.47,134.94
17963,7131,89,1,17.83,17.83
17964,7131,4,3,30.7,92.1
17965,7131,92,3,8.3,24.900000000000002
17966,7132,57,4,68.42,273.68
17967,7133,110,5,68.23,341.15000000000003
17968,7134,50,5,39.42,197.10000000000002
17969,7134,17,2,49.8,99.6
17970,7134,82,1,17.53,17.53
17971,7134,60,3,29.46,88.38
17972,7135,6,5,75.06,375.3
17973,7135,15,4,18.47,73.88
17974,7135,60,3,30.14,90.42
17975,7136,90,3,19.24,57.72
17976,7137,119,5,42.89,214.45
17977,7137,52,4,48.22,192.88
17978,7137,115,5,38.41,192.04999999999998
17979,7137,87,1,29.76,29.76
17980,7138,65,2,14.55,29.1
17981,7139,15,1,19.04,19.04
17982,7140,102,3,19.01,57.03
17983,7141,75,1,34.79,34.79
17984,7141,95,5,107.94,539.7
17985,7141,14,5,75.72,378.6
17986,7142,113,5,31.26,156.3
17987,7142,43,1,41.36,41.36
17988,7142,49,3,21.95,65.85
17989,7143,65,5,14.95,74.75
17990,7143,4,3,29.99,89.97
17991,7144,83,1,36.59,36.59
17992,7145,32,4,22.95,91.8
17993,7145,61,3,46.04,138.12
17994,7145,63,5,47.43,237.15
17995,7146,88,3,39.49,118.47
17996,7146,97,2,48.03,96.06
17997,7147,21,4,62.79,251.16
17998,7147,97,4,48.39,193.56
17999,7147,78,1,17.03,17.03
18000,7147,110,2,71.11,142.22
18001,7148,47,4,24.61,98.44
18002,7149,67,5,27.32,136.6
18003,7149,19,5,39.29,196.45
18004,7149,43,1,38.17,38.17
18005,7149,103,5,13.85,69.25
18006,7150,94,3,27.76,83.28
18007,7150,118,5,23.04,115.19999999999999
18008,7150,103,2,13.59,27.18
18009,7150,29,5,10.91,54.55
18010,7151,39,3,8.03,24.089999999999996
18011,7151,19,2,41.01,82.02
18012,7152,61,2,47.25,94.5
18013,7152,92,1,8.59,8.59
18014,7152,100,5,40.67,203.35000000000002
18015,7153,119,3,39.08,117.24
18016,7153,42,4,27.66,110.64
18017,7153,51,2,101.21,202.42
18018,7153,70,2,71.63,143.26
18019,7154,95,5,102.94,514.7
18020,7154,116,1,96.06,96.06
18021,7154,18,3,17.32,51.96
18022,7154,42,3,26.47,79.41
18023,7155,28,2,23.67,47.34
18024,7155,30,3,19.88,59.64
18025,7155,17,5,48.79,243.95
18026,7156,72,2,34.52,69.04
18027,7157,80,2,10.68,21.36
18028,7157,53,2,43.03,86.06
18029,7157,71,3,17.08,51.239999999999995
18030,7157,84,5,45.88,229.4
18031,7158,80,3,10.38,31.14
18032,7159,114,4,33.61,134.44
18033,7159,21,5,68.26,341.3
18034,7159,115,1,36.45,36.45
18035,7159,10,3,72.23,216.69
18036,7160,4,5,29.82,149.1
18037,7160,65,2,14.93,29.86
18038,7160,58,2,59.19,118.38
18039,7160,64,1,43.8,43.8
18040,7161,120,1,30.01,30.01
18041,7161,51,3,102.07,306.21
18042,7161,102,4,18.18,72.72
18043,7162,82,4,17.78,71.12
18044,7162,8,3,21.81,65.42999999999999
18045,7163,51,2,108.89,217.78
18046,7164,16,3,35.78,107.34
18047,7164,103,4,13.66,54.64
18048,7165,44,2,16.97,33.94
18049,7166,94,3,25.98,77.94
18050,7166,9,3,35.16,105.47999999999999
18051,7166,41,1,52.64,52.64
18052,7166,97,4,47.87,191.48
18053,7167,108,1,18.98,18.98
18054,7167,4,3,27.7,83.1
18055,7167,60,1,30.56,30.56
18056,7167,106,2,52.68,105.36
18057,7168,56,3,23.25,69.75
18058,7169,36,1,20.18,20.18
18059,7170,87,5,31.51,157.55
18060,7170,96,5,75.28,376.4
18061,7170,115,2,37.74,75.48
18062,7170,110,3,70.46,211.38
18063,7171,4,4,28.51,114.04
18064,7171,98,3,59.3,177.89999999999998
18065,7171,22,5,59.98,299.9
18066,7172,101,5,53.86,269.3
18067,7172,97,3,45.41,136.23
18068,7172,28,4,23.49,93.96
18069,7173,54,5,59.5,297.5
18070,7173,93,5,23.08,115.39999999999999
18071,7173,104,2,45.0,90.0
18072,7174,105,5,15.13,75.65
18073,7174,43,3,41.52,124.56
18074,7175,10,5,75.12,375.6
18075,7175,118,3,23.19,69.57000000000001
18076,7175,104,5,43.86,219.3
18077,7175,26,1,20.27,20.27
18078,7176,70,4,69.68,278.72
18079,7177,114,3,31.2,93.6
18080,7177,39,1,8.35,8.35
18081,7177,95,4,110.98,443.92
18082,7177,59,3,19.54,58.62
18083,7178,117,1,61.03,61.03
18084,7178,49,1,22.24,22.24
18085,7178,20,4,36.33,145.32
18086,7178,115,5,36.82,184.1
18087,7179,43,3,40.6,121.80000000000001
18088,7180,34,2,47.29,94.58
18089,7180,24,2,42.55,85.1
18090,7180,50,4,42.09,168.36
18091,7180,100,2,37.28,74.56
18092,7181,42,3,27.83,83.49
18093,7181,33,5,104.46,522.3
18094,7181,54,4,58.84,235.36
18095,7182,64,5,45.07,225.35
18096,7182,100,4,39.8,159.2
18097,7182,24,2,44.62,89.24
18098,7182,39,1,8.66,8.66
18099,7183,85,3,73.11,219.32999999999998
18100,7183,52,2,47.3,94.6
18101,7183,90,3,19.28,57.84
18102,7183,54,5,57.04,285.2
18103,7184,14,4,73.78,295.12
18104,7184,104,1,45.89,45.89
18105,7184,83,2,35.15,70.3
18106,7184,17,1,47.4,47.4
18107,7185,20,2,36.17,72.34
18108,7186,41,5,52.95,264.75
18109,7186,115,1,38.42,38.42
18110,7187,36,4,21.97,87.88
18111,7187,106,1,49.29,49.29
18112,7188,59,1,21.02,21.02
18113,7188,25,1,69.67,69.67
18114,7188,14,3,74.88,224.64
18115,7188,41,1,53.92,53.92
18116,7189,27,1,53.07,53.07
18117,7189,72,2,31.47,62.94
18118,7189,118,4,22.47,89.88
18119,7190,97,2,46.81,93.62
18120,7190,38,1,112.22,112.22
18121,7190,114,1,32.85,32.85
18122,7191,117,1,57.44,57.44
18123,7191,51,5,105.73,528.65
18124,7192,59,3,20.95,62.849999999999994
18125,7193,59,1,19.98,19.98
18126,7193,50,1,41.1,41.1
18127,7194,19,5,37.55,187.75
18128,7194,108,5,19.74,98.69999999999999
18129,7195,42,4,27.12,108.48
18130,7196,11,3,27.78,83.34
18131,7197,120,4,31.03,124.12
18132,7197,15,3,18.84,56.519999999999996
18133,7197,113,2,31.19,62.38
18134,7197,17,3,51.97,155.91
18135,7198,50,5,42.47,212.35
18136,7199,63,2,48.37,96.74
18137,7200,27,2,51.76,103.52
18138,7201,70,4,67.99,271.96
18139,7201,69,1,59.45,59.45
18140,7202,104,3,42.18,126.53999999999999
18141,7203,51,1,106.65,106.65
18142,7203,106,1,50.02,50.02
18143,7203,91,2,31.49,62.98
18144,7204,98,4,57.83,231.32
18145,7205,76,1,13.34,13.34
18146,7206,22,1,58.12,58.12
18147,7206,80,5,10.26,51.3
18148,7206,86,5,38.77,193.85000000000002
18149,7206,45,3,44.78,134.34
18150,7207,77,3,21.86,65.58
18151,7207,75,5,36.48,182.39999999999998
18152,7208,78,2,16.09,32.18
18153,7208,83,3,34.7,104.10000000000001
18154,7209,81,1,82.97,82.97
18155,7210,78,1,16.77,16.77
18156,7210,39,2,8.62,17.24
18157,7211,84,3,49.06,147.18
18158,7212,18,1,17.86,17.86
18159,7213,107,1,72.38,72.38
18160,7213,96,1,75.41,75.41
18161,7214,33,5,100.54,502.70000000000005
18162,7215,9,2,34.14,68.28
18163,7215,19,4,40.71,162.84
18164,7216,83,5,37.22,186.1
18165,7216,5,2,91.16,182.32
18166,7217,12,1,36.56,36.56
18167,7217,85,4,71.19,284.76
18168,7218,59,2,20.39,40.78
18169,7218,41,4,55.28,221.12
18170,7218,34,5,46.93,234.65
18171,7218,61,5,47.35,236.75
18172,7219,36,2,20.1,40.2
18173,7220,9,4,33.71,134.84
18174,7220,55,3,34.36,103.08
18175,7221,112,4,65.3,261.2
18176,7221,62,2,11.87,23.74
18177,7222,71,3,17.26,51.78
18178,7222,40,1,20.83,20.83
18179,7223,15,2,19.54,39.08
18180,7224,90,2,18.56,37.12
18181,7224,49,2,21.57,43.14
18182,7225,10,1,71.93,71.93
18183,7225,38,4,112.8,451.2
18184,7226,5,5,93.67,468.35
18185,7226,105,5,14.71,73.55000000000001
18186,7226,119,4,38.88,155.52
18187,7226,106,4,48.3,193.2
18188,7227,98,2,62.31,124.62
18189,7228,95,5,104.88,524.4
18190,7228,57,3,70.59,211.77
18191,7229,47,4,25.29,101.16
18192,7230,10,1,77.76,77.76
18193,7230,114,4,33.01,132.04
18194,7230,2,1,45.03,45.03
18195,7230,34,1,45.4,45.4
18196,7231,52,5,48.24,241.20000000000002
18197,7231,80,4,10.66,42.64
18198,7231,120,1,30.73,30.73
18199,7232,63,1,47.01,47.01
18200,7232,98,4,59.81,239.24
18201,7233,53,3,42.24,126.72
18202,7233,119,1,42.42,42.42
18203,7233,23,3,71.32,213.95999999999998
18204,7233,49,5,22.92,114.60000000000001
18205,7234,29,4,11.07,44.28
18206,7234,33,5,102.67,513.35
18207,7234,99,5,17.92,89.60000000000001
18208,7235,86,5,36.68,183.4
18209,7236,81,3,84.68,254.04000000000002
18210,7236,11,5,27.67,138.35000000000002
18211,7236,112,3,63.49,190.47
18212,7237,114,2,32.87,65.74
18213,7237,82,3,18.72,56.16
18214,7237,49,5,23.73,118.65
18215,7238,8,2,21.83,43.66
18216,7238,54,3,57.27,171.81
18217,7238,14,2,73.48,146.96
18218,7239,79,2,20.3,40.6
18219,7240,87,1,32.03,32.03
18220,7240,9,5,35.68,178.4
18221,7240,31,5,27.15,135.75
18222,7241,78,5,16.12,80.60000000000001
18223,7241,30,1,19.38,19.38
18224,7242,103,1,12.86,12.86
18225,7243,49,5,21.97,109.85
18226,7243,81,5,83.38,416.9
18227,7244,90,2,19.11,38.22
18228,7244,73,3,9.8,29.400000000000002
18229,7245,77,4,20.75,83.0
18230,7246,69,2,60.65,121.3
18231,7247,24,4,44.14,176.56
18232,7247,36,4,20.79,83.16
18233,7247,108,2,18.51,37.02
18234,7248,43,1,38.63,38.63
18235,7248,117,3,60.43,181.29
18236,7248,70,5,70.59,352.95000000000005
18237,7249,96,3,74.08,222.24
18238,7250,28,1,23.1,23.1
18239,7251,24,1,46.33,46.33
18240,7251,46,5,13.41,67.05
18241,7251,96,1,71.8,71.8
18242,7251,83,1,35.91,35.91
18243,7252,63,4,45.91,183.64
18244,7253,22,1,58.79,58.79
18245,7253,4,3,28.63,85.89
18246,7253,16,1,33.41,33.41
18247,7254,81,5,78.93,394.65000000000003
18248,7254,115,1,37.42,37.42
18249,7255,118,2,22.99,45.98
18250,7255,92,2,7.97,15.94
18251,7255,52,2,46.47,92.94
18252,7256,87,2,30.56,61.12
18253,7257,8,4,19.85,79.4
18254,7258,43,3,41.64,124.92
18255,7258,28,4,22.81,91.24
18256,7258,117,3,60.25,180.75
18257,7258,68,2,25.11,50.22
18258,7259,113,5,30.58,152.89999999999998
18259,7259,95,1,100.19,100.19
18260,7260,88,5,36.92,184.60000000000002
18261,7260,23,1,67.95,67.95
18262,7261,10,3,76.91,230.73
18263,7261,27,1,48.35,48.35
18264,7261,100,3,38.35,115.05000000000001
18265,7262,111,2,36.29,72.58
18266,7262,84,1,48.35,48.35
18267,7263,106,2,47.68,95.36
18268,7263,9,3,35.06,105.18
18269,7264,110,1,68.38,68.38
18270,7265,13,3,39.46,118.38
18271,7265,22,4,61.44,245.76
18272,7265,100,2,37.87,75.74
18273,7266,112,2,59.64,119.28
18274,7267,19,3,37.34,112.02000000000001
18275,7267,41,3,56.31,168.93
18276,7268,100,4,38.15,152.6
18277,7268,63,5,49.42,247.10000000000002
18278,7269,49,4,22.81,91.24
18279,7269,55,2,36.48,72.96
18280,7269,36,5,21.61,108.05
18281,7270,118,2,22.25,44.5
18282,7270,64,4,44.19,176.76
18283,7270,32,2,21.41,42.82
18284,7271,108,2,18.98,37.96
18285,7271,115,1,38.74,38.74
18286,7271,8,5,20.65,103.25
18287,7272,116,2,88.98,177.96
18288,7272,117,1,59.54,59.54
18289,7272,111,5,38.38,191.9
18290,7273,18,5,17.09,85.45
18291,7273,43,1,39.54,39.54
18292,7274,105,5,14.96,74.80000000000001
18293,7274,46,2,13.45,26.9
18294,7275,53,4,45.24,180.96
18295,7275,25,1,70.21,70.21
18296,7275,51,1,107.7,107.7
18297,7275,58,1,60.93,60.93
18298,7276,49,4,23.03,92.12
18299,7276,30,2,19.05,38.1
18300,7276,11,1,28.4,28.4
18301,7277,76,5,13.29,66.44999999999999
18302,7277,8,2,20.47,40.94
18303,7277,105,1,14.06,14.06
18304,7278,9,5,34.1,170.5
18305,7278,114,4,33.35,133.4
18306,7278,67,4,27.01,108.04
18307,7278,53,1,44.33,44.33
18308,7279,102,1,18.72,18.72
18309,7280,52,4,45.82,183.28
18310,7281,17,4,50.6,202.4
18311,7282,62,5,12.67,63.35
18312,7282,59,5,19.04,95.19999999999999
18313,7283,110,2,68.71,137.42
18314,7283,63,3,45.91,137.73
18315,7283,10,3,72.14,216.42000000000002
18316,7284,41,3,51.94,155.82
18317,7284,37,3,9.84,29.52
18318,7284,27,5,49.69,248.45
18319,7284,24,2,45.39,90.78
18320,7285,10,3,79.01,237.03000000000003
18321,7285,94,1,25.56,25.56
18322,7285,48,3,50.25,150.75
18323,7286,46,1,13.04,13.04
18324,7286,53,5,43.53,217.65
18325,7286,116,2,91.32,182.64
18326,7287,85,2,72.72,145.44
18327,7287,118,2,21.93,43.86
18328,7287,72,2,32.84,65.68
18329,7287,106,3,51.87,155.60999999999999
18330,7288,112,2,63.78,127.56
18331,7289,62,1,12.21,12.21
18332,7289,60,1,30.76,30.76
18333,7289,112,4,64.52,258.08
18334,7290,87,2,30.6,61.2
18335,7290,46,1,13.7,13.7
18336,7290,39,4,7.98,31.92
18337,7291,48,1,54.22,54.22
18338,7292,31,4,27.11,108.44
18339,7292,57,2,70.27,140.54
18340,7293,81,3,80.83,242.49
18341,7294,84,4,47.88,191.52
18342,7294,6,3,70.42,211.26
18343,7295,8,1,21.31,21.31
18344,7295,76,4,13.47,53.88
18345,7295,65,4,15.41,61.64
18346,7296,7,2,12.51,25.02
18347,7296,116,4,88.52,354.08
18348,7297,118,1,21.97,21.97
18349,7297,9,2,35.38,70.76
18350,7298,1,5,17.13,85.64999999999999
18351,7298,11,1,28.25,28.25
18352,7298,79,2,22.05,44.1
18353,7299,114,5,32.54,162.7
18354,7299,49,3,22.31,66.92999999999999
18355,7299,100,2,39.38,78.76
18356,7299,26,4,19.4,77.6
18357,7300,1,4,17.07,68.28
18358,7300,58,3,55.95,167.85000000000002
18359,7301,55,4,34.55,138.2
18360,7301,120,4,31.08,124.32
18361,7301,38,3,116.26,348.78000000000003
18362,7302,52,1,49.69,49.69
18363,7302,21,3,63.94,191.82
18364,7303,49,5,22.09,110.45
18365,7303,7,2,12.6,25.2
18366,7303,42,1,26.73,26.73
18367,7303,30,3,19.8,59.400000000000006
18368,7304,46,2,14.42,28.84
18369,7304,79,5,20.38,101.89999999999999
18370,7304,95,4,100.74,402.96
18371,7305,37,4,10.16,40.64
18372,7305,105,3,14.32,42.96
18373,7305,37,2,10.34,20.68
18374,7305,10,4,76.53,306.12
18375,7306,32,4,22.23,88.92
18376,7306,29,2,11.93,23.86
18377,7307,12,4,39.6,158.4
18378,7307,80,5,10.31,51.550000000000004
18379,7307,72,3,31.8,95.4
18380,7308,37,2,10.59,21.18
18381,7308,88,3,36.6,109.80000000000001
18382,7309,27,3,50.2,150.60000000000002
18383,7309,118,3,22.42,67.26
18384,7309,42,4,25.27,101.08
18385,7310,28,4,23.08,92.32
18386,7311,90,4,18.28,73.12
18387,7311,20,4,35.99,143.96
18388,7311,116,4,90.64,362.56
18389,7312,85,5,72.82,364.09999999999997
18390,7313,25,2,69.94,139.88
18391,7313,39,5,7.99,39.95
18392,7313,117,1,61.1,61.1
18393,7314,62,5,12.61,63.05
18394,7314,66,3,89.48,268.44
18395,7315,86,5,37.03,185.15
18396,7315,31,5,27.05,135.25
18397,7315,51,1,101.08,101.08
18398,7315,51,3,108.3,324.9
18399,7316,45,2,43.49,86.98
18400,7317,38,1,110.33,110.33
18401,7318,53,2,44.28,88.56
18402,7318,95,4,100.25,401.0
18403,7318,55,4,36.21,144.84
18404,7319,11,1,27.85,27.85
18405,7319,1,3,18.07,54.21
18406,7319,3,4,29.01,116.04
18407,7319,23,5,68.46,342.29999999999995
18408,7320,92,2,8.28,16.56
18409,7320,74,4,61.3,245.2
18410,7320,42,4,26.54,106.16
18411,7320,3,3,29.34,88.02
18412,7321,40,2,18.92,37.84
18413,7321,34,5,44.95,224.75
18414,7321,60,1,29.09,29.09
18415,7322,53,4,42.06,168.24
18416,7322,21,5,63.81,319.05
18417,7323,54,1,60.69,60.69
18418,7323,15,4,19.63,78.52
18419,7324,6,3,70.67,212.01
18420,7324,111,4,37.26,149.04
18421,7324,106,5,51.28,256.4
18422,7324,120,2,30.72,61.44
18423,7325,11,4,26.51,106.04
18424,7326,82,5,19.08,95.39999999999999
18425,7326,106,1,49.76,49.76
18426,7326,49,5,23.11,115.55
18427,7326,119,1,40.69,40.69
18428,7327,116,1,95.05,95.05
18429,7327,22,4,61.58,246.32
18430,7328,104,5,44.41,222.04999999999998
18431,7328,9,4,36.26,145.04
18432,7329,19,1,40.78,40.78
18433,7329,15,5,18.73,93.65
18434,7329,118,2,21.92,43.84
18435,7330,103,2,13.0,26.0
18436,7330,34,4,44.53,178.12
18437,7331,117,5,60.32,301.6
18438,7332,16,4,33.37,133.48
18439,7332,71,5,18.09,90.45
18440,7333,104,2,45.49,90.98
18441,7334,114,3,31.48,94.44
18442,7334,27,3,49.88,149.64000000000001
18443,7334,93,3,22.21,66.63
18444,7335,83,5,35.12,175.6
18445,7335,69,2,61.25,122.5
18446,7336,97,1,46.27,46.27
18447,7336,110,2,65.7,131.4
18448,7337,18,1,17.08,17.08
18449,7337,57,1,66.19,66.19
18450,7338,26,2,20.23,40.46
18451,7339,50,2,41.88,83.76
18452,7339,46,5,13.38,66.9
18453,7339,87,1,29.54,29.54
18454,7339,74,2,57.04,114.08
18455,7340,90,4,19.21,76.84
18456,7340,85,4,67.6,270.4
18457,7341,43,1,39.41,39.41
18458,7341,78,3,17.11,51.33
18459,7341,58,5,57.72,288.6
18460,7342,65,2,14.49,28.98
18461,7342,26,5,19.81,99.05
18462,7343,34,5,47.8,239.0
18463,7343,15,2,18.31,36.62
18464,7344,20,2,35.02,70.04
18465,7345,43,5,38.93,194.65
18466,7345,23,3,68.81,206.43
18467,7345,60,3,30.59,91.77
18468,7345,87,3,30.29,90.87
18469,7346,19,5,38.36,191.8
18470,7346,26,1,19.07,19.07
18471,7346,20,4,34.97,139.88
18472,7347,98,1,64.01,64.01
18473,7347,15,1,19.79,19.79
18474,7348,111,1,35.94,35.94
18475,7348,106,4,50.8,203.2
18476,7348,47,5,24.22,121.1
18477,7349,84,4,48.39,193.56
18478,7349,22,3,62.97,188.91
18479,7349,18,5,16.64,83.2
18480,7349,80,2,10.38,20.76
18481,7350,80,4,9.85,39.4
18482,7350,37,4,10.08,40.32
18483,7350,59,4,19.92,79.68
18484,7351,64,2,42.33,84.66
18485,7351,68,4,25.47,101.88
18486,7351,35,1,61.2,61.2
18487,7351,100,5,37.93,189.65
18488,7352,73,1,9.99,9.99
18489,7352,58,4,59.63,238.52
18490,7352,63,3,47.64,142.92000000000002
18491,7353,35,4,61.11,244.44
18492,7353,42,1,26.08,26.08
18493,7353,94,1,26.89,26.89
18494,7354,16,2,33.86,67.72
18495,7354,20,5,37.0,185.0
18496,7355,21,3,62.36,187.07999999999998
18497,7355,111,5,36.36,181.8
18498,7355,98,2,59.27,118.54
18499,7356,113,3,31.91,95.73
18500,7356,38,3,112.74,338.21999999999997
18501,7356,42,5,26.73,133.65
18502,7357,34,3,44.7,134.10000000000002
18503,7357,93,3,22.76,68.28
18504,7357,91,2,30.73,61.46
18505,7357,111,3,38.27,114.81
18506,7358,35,3,60.85,182.55
18507,7358,111,5,38.34,191.70000000000002
18508,7358,115,3,37.98,113.94
18509,7359,14,2,72.16,144.32
18510,7359,42,4,25.83,103.32
18511,7360,21,4,66.05,264.2
18512,7360,118,2,23.73,47.46
18513,7361,59,5,20.68,103.4
18514,7361,2,2,43.83,87.66
18515,7362,67,5,27.68,138.4
18516,7362,22,2,57.22,114.44
18517,7362,42,4,27.75,111.0
18518,7362,70,2,71.44,142.88
18519,7363,10,2,74.17,148.34
18520,7364,110,1,67.79,67.79
18521,7364,52,4,46.21,184.84
18522,7364,78,3,17.69,53.07000000000001
18523,7365,34,1,45.44,45.44
18524,7365,93,2,24.19,48.38
18525,7366,54,4,60.92,243.68
18526,7367,62,4,12.1,48.4
18527,7368,33,4,108.75,435.0
18528,7369,23,5,68.04,340.20000000000005
18529,7369,53,5,41.55,207.75
18530,7369,39,2,8.46,16.92
18531,7369,71,2,18.76,37.52
18532,7370,71,2,17.28,34.56
18533,7370,44,4,16.67,66.68
18534,7370,17,4,49.32,197.28
18535,7370,26,3,20.66,61.980000000000004
18536,7371,33,4,108.15,432.6
18537,7372,48,4,54.24,216.96
18538,7372,91,5,31.13,155.65
18539,7373,32,4,21.7,86.8
18540,7373,89,3,17.06,51.17999999999999
18541,7374,8,1,21.14,21.14
18542,7375,79,3,21.9,65.69999999999999
18543,7375,77,4,21.71,86.84
18544,7376,96,5,74.39,371.95
18545,7376,77,1,22.5,22.5
18546,7376,38,2,112.11,224.22
18547,7376,39,5,8.52,42.599999999999994
18548,7377,98,5,58.99,294.95
18549,7377,116,1,93.97,93.97
18550,7378,62,2,12.15,24.3
18551,7378,95,5,104.83,524.15
18552,7378,119,1,40.1,40.1
18553,7379,109,2,20.49,40.98
18554,7379,5,5,94.46,472.29999999999995
18555,7379,57,3,67.64,202.92000000000002
18556,7379,73,5,9.31,46.550000000000004
18557,7380,63,3,49.55,148.64999999999998
18558,7381,71,2,17.06,34.12
18559,7381,83,3,34.92,104.76
18560,7381,28,4,22.58,90.32
18561,7381,71,4,18.44,73.76
18562,7382,81,3,77.0,231.0
18563,7382,81,4,80.63,322.52
18564,7383,71,1,17.29,17.29
18565,7383,52,2,47.79,95.58
18566,7383,43,4,39.64,158.56
18567,7384,16,4,33.82,135.28
18568,7384,92,5,8.41,42.05
18569,7384,98,3,59.62,178.85999999999999
18570,7384,119,3,42.3,126.89999999999999
18571,7385,47,4,25.35,101.4
18572,7385,26,1,19.8,19.8
18573,7385,74,4,57.56,230.24
18574,7386,73,2,9.58,19.16
18575,7386,45,4,46.81,187.24
18576,7387,42,5,25.75,128.75
18577,7387,58,1,56.31,56.31
18578,7387,51,2,109.95,219.9
18579,7387,77,4,21.95,87.8
18580,7388,87,1,30.59,30.59
18581,7389,70,3,72.75,218.25
18582,7389,83,4,36.74,146.96
18583,7390,17,1,49.82,49.82
18584,7390,38,5,110.92,554.6
18585,7390,29,1,11.59,11.59
18586,7391,96,4,76.94,307.76
18587,7391,21,2,62.71,125.42
18588,7392,105,3,14.91,44.730000000000004
18589,7392,70,5,69.22,346.1
18590,7392,21,5,64.66,323.29999999999995
18591,7392,48,4,53.87,215.48
18592,7393,7,2,12.72,25.44
18593,7394,30,1,19.15,19.15
18594,7394,73,4,9.72,38.88
18595,7394,6,5,73.69,368.45
18596,7395,63,2,46.26,92.52
18597,7396,93,4,22.7,90.8
18598,7396,30,2,18.27,36.54
18599,7396,7,3,13.63,40.89
18600,7397,75,1,33.94,33.94
18601,7397,46,5,13.89,69.45
18602,7397,50,5,39.42,197.10000000000002
18603,7397,55,4,35.5,142.0
18604,7398,71,1,17.46,17.46
18605,7398,55,3,35.77,107.31
18606,7398,37,3,10.51,31.53
18607,7398,17,4,52.36,209.44
18608,7399,119,4,41.9,167.6
18609,7399,86,1,39.16,39.16
18610,7399,80,5,10.79,53.949999999999996
18611,7399,28,3,22.92,68.76
18612,7400,3,1,30.28,30.28
18613,7400,76,2,13.04,26.08
18614,7400,109,4,19.92,79.68
18615,7401,46,2,14.07,28.14
18616,7401,15,3,18.82,56.46
18617,7402,63,3,49.76,149.28
18618,7402,119,2,41.09,82.18
18619,7403,55,2,34.44,68.88
18620,7404,41,3,55.6,166.8
18621,7404,115,1,37.63,37.63
18622,7404,29,4,11.16,44.64
18623,7405,42,5,27.68,138.4
18624,7405,30,4,19.06,76.24
18625,7405,19,1,37.5,37.5
18626,7406,107,3,71.26,213.78000000000003
18627,7406,44,5,17.51,87.55000000000001
18628,7406,96,4,71.58,286.32
18629,7406,60,4,29.02,116.08
18630,7407,88,4,39.99,159.96
18631,7407,8,1,19.88,19.88
18632,7407,69,4,62.4,249.6
18633,7407,111,2,35.79,71.58
18634,7408,119,1,42.27,42.27
18635,7409,24,4,43.21,172.84
18636,7409,92,4,8.44,33.76
18637,7409,112,1,65.5,65.5
18638,7409,89,4,18.22,72.88
18639,7410,49,4,22.52,90.08
18640,7410,16,2,34.02,68.04
18641,7411,67,2,29.17,58.34
18642,7411,4,5,29.46,147.3
18643,7411,82,1,19.38,19.38
18644,7412,50,4,39.55,158.2
18645,7412,8,4,21.57,86.28
18646,7412,85,2,67.4,134.8
18647,7413,50,2,40.77,81.54
18648,7413,61,3,48.51,145.53
18649,7413,34,2,47.16,94.32
18650,7414,53,1,43.86,43.86
18651,7414,21,3,62.5,187.5
18652,7415,23,4,67.04,268.16
18653,7416,81,3,83.83,251.49
18654,7416,100,4,38.13,152.52
18655,7416,20,4,36.12,144.48
18656,7417,20,3,36.51,109.53
18657,7418,70,4,71.12,284.48
18658,7418,68,1,25.07,25.07
18659,7418,47,5,24.97,124.85
18660,7419,119,1,42.53,42.53
18661,7419,118,4,23.53,94.12
18662,7420,77,4,21.85,87.4
18663,7421,109,5,19.6,98.0
18664,7421,55,2,35.62,71.24
18665,7421,1,2,17.63,35.26
18666,7422,13,2,40.14,80.28
18667,7423,98,3,61.76,185.28
18668,7423,16,2,35.87,71.74
18669,7423,21,5,64.4,322.0
18670,7423,82,4,18.48,73.92
18671,7424,57,5,70.62,353.1
18672,7425,29,3,11.67,35.01
18673,7425,98,5,61.78,308.9
18674,7425,87,1,30.8,30.8
18675,7425,35,3,62.03,186.09
18676,7426,25,4,70.76,283.04
18677,7426,89,3,18.66,55.980000000000004
18678,7426,29,4,11.3,45.2
18679,7426,29,1,11.63,11.63
18680,7427,106,5,49.6,248.0
18681,7427,105,1,15.03,15.03
18682,7428,118,1,23.62,23.62
18683,7428,53,3,44.71,134.13
18684,7428,88,4,38.36,153.44
18685,7429,24,2,45.0,90.0
18686,7429,119,5,42.13,210.65
18687,7430,7,2,12.57,25.14
18688,7431,103,4,13.6,54.4
18689,7431,73,1,9.5,9.5
18690,7432,113,4,31.31,125.24
18691,7432,82,4,18.37,73.48
18692,7433,24,1,45.47,45.47
18693,7433,82,5,17.63,88.14999999999999
18694,7433,90,4,19.7,78.8
18695,7434,60,3,30.44,91.32000000000001
18696,7434,71,5,17.58,87.89999999999999
18697,7434,49,5,23.46,117.30000000000001
18698,7435,33,2,106.28,212.56
18699,7435,75,5,35.26,176.29999999999998
18700,7435,61,5,46.65,233.25
18701,7435,4,1,28.64,28.64
18702,7436,91,4,28.83,115.32
18703,7436,29,5,11.24,56.2
18704,7436,6,1,73.01,73.01
18705,7437,31,1,26.91,26.91
18706,7437,108,4,19.56,78.24
18707,7437,94,1,25.96,25.96
18708,7437,51,2,109.96,219.92
18709,7438,53,3,42.27,126.81
18710,7438,52,5,48.1,240.5
18711,7438,6,4,71.6,286.4
18712,7438,44,2,16.46,32.92
18713,7439,108,3,19.92,59.760000000000005
18714,7439,76,3,13.28,39.839999999999996
18715,7439,47,2,24.33,48.66
18716,7439,119,3,39.98,119.94
18717,7440,10,4,78.12,312.48
18718,7440,104,1,45.97,45.97
18719,7441,51,5,108.56,542.8
18720,7441,61,4,45.62,182.48
18721,7441,114,4,31.45,125.8
18722,7442,112,3,59.84,179.52
18723,7442,97,2,46.42,92.84
18724,7442,64,4,42.46,169.84
18725,7442,72,5,31.74,158.7
18726,7443,109,1,20.68,20.68
18727,7443,92,2,8.5,17.0
18728,7443,37,5,9.99,49.95
18729,7444,62,5,12.48,62.400000000000006
18730,7445,99,5,19.08,95.39999999999999
18731,7445,97,1,47.05,47.05
18732,7445,36,1,19.89,19.89
18733,7445,101,5,57.23,286.15
18734,7446,68,5,26.95,134.75
18735,7446,41,2,52.1,104.2
18736,7446,60,2,28.96,57.92
18737,7446,54,3,58.99,176.97
18738,7447,9,1,35.35,35.35
18739,7447,28,5,24.61,123.05
18740,7447,17,5,49.28,246.4
18741,7448,83,4,37.88,151.52
18742,7448,51,1,107.72,107.72
18743,7448,17,3,51.88,155.64000000000001
18744,7448,72,3,33.43,100.28999999999999
18745,7449,57,4,72.28,289.12
18746,7450,82,1,19.23,19.23
18747,7450,116,3,88.11,264.33
18748,7450,119,5,40.91,204.54999999999998
18749,7450,56,1,22.89,22.89
18750,7451,4,5,30.26,151.3
18751,7451,9,3,34.28,102.84
18752,7452,17,1,52.02,52.02
18753,7452,3,4,31.91,127.64
18754,7452,78,4,16.71,66.84
18755,7452,115,1,37.21,37.21
18756,7453,91,3,28.75,86.25
18757,7454,85,2,68.65,137.3
18758,7454,39,5,8.45,42.25
18759,7454,86,2,36.26,72.52
18760,7455,62,1,11.63,11.63
18761,7456,45,3,47.44,142.32
18762,7456,7,5,13.31,66.55
18763,7456,61,2,48.09,96.18
18764,7456,51,5,108.38,541.9
18765,7457,68,2,26.33,52.66
18766,7457,57,5,70.1,350.5
18767,7458,93,3,22.85,68.55000000000001
18768,7458,109,3,19.98,59.94
18769,7458,62,4,11.78,47.12
18770,7458,41,3,54.21,162.63
18771,7459,37,2,10.32,20.64
18772,7459,106,2,48.34,96.68
18773,7459,64,2,45.49,90.98
18774,7460,117,3,57.44,172.32
18775,7460,82,3,18.78,56.34
18776,7461,70,4,66.44,265.76
18777,7462,7,2,13.78,27.56
18778,7462,89,2,17.08,34.16
18779,7463,57,5,65.87,329.35
18780,7463,13,5,39.34,196.70000000000002
18781,7464,42,5,26.44,132.20000000000002
18782,7464,55,2,35.35,70.7
18783,7465,108,2,18.56,37.12
18784,7465,77,4,22.41,89.64
18785,7466,47,1,23.3,23.3
18786,7467,118,5,23.88,119.39999999999999
18787,7467,76,2,13.07,26.14
18788,7467,117,2,59.63,119.26
18789,7467,55,4,36.14,144.56
18790,7468,103,2,13.97,27.94
18791,7468,98,3,62.76,188.28
18792,7468,86,5,36.76,183.79999999999998
18793,7468,112,1,63.92,63.92
18794,7469,67,1,26.63,26.63
18795,7470,11,4,27.72,110.88
18796,7471,46,1,13.52,13.52
18797,7472,3,4,29.04,116.16
18798,7472,32,2,22.73,45.46
18799,7473,85,2,72.49,144.98
18800,7473,16,2,33.15,66.3
18801,7473,76,1,12.69,12.69
18802,7474,77,5,20.98,104.9
18803,7474,67,3,29.31,87.92999999999999
18804,7475,83,2,34.89,69.78
18805,7475,52,3,48.49,145.47
18806,7475,80,2,9.82,19.64
18807,7476,90,3,19.15,57.449999999999996
18808,7476,71,1,18.86,18.86
18809,7477,85,5,67.3,336.5
18810,7478,92,4,8.52,34.08
18811,7479,50,2,42.35,84.7
18812,7479,110,3,66.51,199.53000000000003
18813,7479,39,3,8.65,25.950000000000003
18814,7479,7,1,13.47,13.47
18815,7480,116,4,89.87,359.48
18816,7480,102,3,18.16,54.480000000000004
18817,7480,49,4,23.57,94.28
18818,7480,26,2,18.79,37.58
18819,7481,26,5,20.53,102.65
18820,7481,69,4,59.41,237.64
18821,7482,116,2,96.29,192.58
18822,7482,38,3,110.38,331.14
18823,7482,85,5,71.96,359.79999999999995
18824,7483,44,1,18.04,18.04
18825,7483,68,1,25.57,25.57
18826,7483,77,5,22.63,113.14999999999999
18827,7484,93,1,24.03,24.03
18828,7484,88,2,39.56,79.12
18829,7485,27,5,49.98,249.89999999999998
18830,7485,14,4,77.91,311.64
18831,7485,67,2,29.15,58.3
18832,7486,49,3,21.58,64.74
18833,7486,33,4,107.65,430.6
18834,7487,24,2,42.86,85.72
18835,7488,104,4,42.96,171.84
18836,7488,11,5,27.01,135.05
18837,7489,17,4,52.4,209.6
18838,7490,42,4,27.2,108.8
18839,7490,27,2,53.54,107.08
18840,7491,9,5,34.21,171.05
18841,7491,30,3,19.62,58.86
18842,7492,44,3,17.44,52.32000000000001
18843,7492,53,5,41.28,206.4
18844,7493,64,2,42.37,84.74
18845,7494,16,1,32.74,32.74
18846,7494,118,1,22.76,22.76
18847,7494,66,3,94.71,284.13
18848,7494,49,3,21.66,64.98
18849,7495,88,1,37.38,37.38
18850,7496,113,4,31.9,127.6
18851,7496,1,1,16.57,16.57
18852,7497,61,4,48.7,194.8
18853,7497,107,3,68.63,205.89
18854,7498,29,5,10.88,54.400000000000006
18855,7498,103,2,13.83,27.66
18856,7499,71,4,18.63,74.52
18857,7499,7,5,13.24,66.2
18858,7500,105,5,14.55,72.75
18859,7500,9,3,32.99,98.97
18860,7500,86,3,39.18,117.53999999999999
18861,7500,69,4,64.54,258.16
18862,7501,96,3,79.15,237.45000000000002
18863,7501,38,4,116.16,464.64
18864,7501,15,3,19.3,57.900000000000006
18865,7501,59,5,20.81,104.05
18866,7502,90,5,19.73,98.65
18867,7503,69,2,64.82,129.64
18868,7503,11,1,26.02,26.02
18869,7503,77,4,22.46,89.84
18870,7504,49,1,22.44,22.44
18871,7504,88,1,39.67,39.67
18872,7504,112,5,59.43,297.15
18873,7505,103,5,13.53,67.64999999999999
18874,7505,120,1,31.1,31.1
18875,7505,73,5,9.87,49.349999999999994
18876,7505,87,5,29.28,146.4
18877,7506,13,5,43.13,215.65
18878,7506,21,2,63.72,127.44
18879,7507,17,2,52.1,104.2
18880,7507,88,4,37.3,149.2
18881,7508,74,1,59.87,59.87
18882,7508,111,5,36.06,180.3
18883,7508,86,5,38.9,194.5
18884,7508,105,5,14.73,73.65
18885,7509,91,3,29.01,87.03
18886,7509,76,5,13.64,68.2
18887,7510,63,3,50.12,150.35999999999999
18888,7510,17,2,52.22,104.44
18889,7510,73,3,9.3,27.900000000000002
18890,7511,64,2,45.63,91.26
18891,7511,117,1,62.01,62.01
18892,7512,110,3,71.27,213.81
18893,7512,42,4,27.81,111.24
18894,7512,23,4,73.54,294.16
18895,7512,26,3,20.6,61.800000000000004
18896,7513,59,5,19.43,97.15
18897,7514,117,5,62.2,311.0
18898,7514,104,1,45.58,45.58
18899,7514,111,4,36.77,147.08
18900,7514,28,4,23.36,93.44
18901,7515,1,5,16.93,84.65
18902,7516,81,5,82.3,411.5
18903,7516,49,1,21.86,21.86
18904,7516,56,2,22.84,45.68
18905,7517,89,4,18.33,73.32
18906,7518,119,2,42.08,84.16
18907,7519,22,5,60.17,300.85
18908,7519,74,3,60.64,181.92000000000002
18909,7519,4,4,29.95,119.8
18910,7520,61,5,47.63,238.15
18911,7520,5,4,91.37,365.48
18912,7520,98,3,58.48,175.44
18913,7520,68,1,27.43,27.43
18914,7521,31,5,25.19,125.95
18915,7521,28,2,23.34,46.68
18916,7522,79,2,21.93,43.86
18917,7523,31,4,25.65,102.6
18918,7524,47,1,23.53,23.53
18919,7524,2,3,45.04,135.12
18920,7524,42,4,25.5,102.0
18921,7524,88,5,39.69,198.45
18922,7525,7,2,12.69,25.38
18923,7525,102,4,17.93,71.72
18924,7525,33,5,101.08,505.4
18925,7525,89,3,17.58,52.739999999999995
18926,7526,17,5,49.35,246.75
18927,7526,17,4,51.42,205.68
18928,7527,105,2,15.05,30.1
18929,7527,115,4,36.35,145.4
18930,7528,33,4,100.63,402.52
18931,7528,116,4,91.61,366.44
18932,7528,99,1,19.29,19.29
18933,7529,32,4,23.12,92.48
18934,7529,97,5,46.39,231.95
18935,7529,118,3,21.71,65.13
18936,7529,37,3,10.63,31.89
18937,7530,54,1,59.1,59.1
18938,7530,35,2,61.65,123.3
18939,7530,6,5,70.16,350.79999999999995
18940,7531,113,5,30.82,154.1
18941,7531,70,1,69.13,69.13
18942,7531,22,4,60.85,243.4
18943,7531,64,1,44.81,44.81
18944,7532,94,4,26.63,106.52
18945,7532,103,5,14.18,70.9
18946,7532,94,3,28.07,84.21000000000001
18947,7532,43,3,38.48,115.44
18948,7533,111,2,37.32,74.64
18949,7533,92,5,8.31,41.550000000000004
18950,7534,54,5,59.61,298.05
18951,7534,95,2,100.33,200.66
18952,7534,120,4,29.92,119.68
18953,7535,5,3,88.1,264.29999999999995
18954,7536,74,2,56.85,113.7
18955,7537,81,4,82.19,328.76
18956,7537,105,3,15.03,45.089999999999996
18957,7537,58,3,55.73,167.19
18958,7537,42,5,27.49,137.45
18959,7538,25,5,69.07,345.34999999999997
18960,7538,50,2,40.74,81.48
18961,7539,51,4,105.82,423.28
18962,7539,100,3,39.1,117.30000000000001
18963,7539,103,3,13.71,41.13
18964,7539,61,2,47.86,95.72
18965,7540,83,5,36.34,181.70000000000002
18966,7540,89,1,17.01,17.01
18967,7541,76,3,12.96,38.88
18968,7541,91,3,29.69,89.07000000000001
18969,7541,10,2,73.5,147.0
18970,7541,56,2,22.79,45.58
18971,7542,81,1,84.64,84.64
18972,7542,63,1,46.25,46.25
18973,7543,92,2,8.0,16.0
18974,7544,38,1,117.68,117.68
18975,7544,114,4,32.53,130.12
18976,7545,15,3,19.9,59.699999999999996
18977,7545,96,5,71.57,357.84999999999997
18978,7545,88,5,38.59,192.95000000000002
18979,7546,10,4,74.36,297.44
18980,7546,30,3,18.88,56.64
18981,7547,114,4,33.31,133.24
18982,7547,82,1,18.89,18.89
18983,7548,96,2,75.04,150.08
18984,7548,102,4,17.94,71.76
18985,7548,1,4,18.05,72.2
18986,7548,103,1,12.8,12.8
18987,7549,86,3,37.51,112.53
18988,7549,30,2,18.57,37.14
18989,7550,37,4,10.22,40.88
18990,7550,48,4,49.38,197.52
18991,7550,73,2,9.28,18.56
18992,7551,33,5,108.08,540.4
18993,7552,34,3,44.33,132.99
18994,7552,65,2,14.84,29.68
18995,7552,88,3,36.45,109.35000000000001
18996,7552,52,5,49.06,245.3
18997,7553,23,2,71.21,142.42
18998,7553,14,2,77.77,155.54
18999,7553,101,3,55.96,167.88
19000,7554,59,2,20.32,40.64
19001,7555,9,2,34.71,69.42
19002,7555,45,3,46.59,139.77
19003,7555,3,1,30.09,30.09
19004,7556,25,5,65.51,327.55
19005,7556,16,1,33.54,33.54
19006,7556,112,4,62.68,250.72
19007,7557,47,3,23.69,71.07000000000001
19008,7557,21,2,62.93,125.86
19009,7557,79,1,21.88,21.88
19010,7557,120,2,29.05,58.1
19011,7558,58,2,55.74,111.48
19012,7558,22,1,60.66,60.66
19013,7559,58,4,60.11,240.44
19014,7560,75,4,34.23,136.92
19015,7561,104,3,44.32,132.96
19016,7561,17,1,47.78,47.78
19017,7561,68,3,25.33,75.99
19018,7561,6,4,71.06,284.24
19019,7562,61,4,49.25,197.0
19020,7563,2,2,41.99,83.98
19021,7563,51,1,100.35,100.35
19022,7564,60,3,29.76,89.28
19023,7564,118,2,23.99,47.98
19024,7564,24,4,45.01,180.04
19025,7564,30,3,19.23,57.69
19026,7565,70,4,71.8,287.2
19027,7565,19,2,39.0,78.0
19028,7565,8,2,21.37,42.74
19029,7565,60,3,28.8,86.4
19030,7566,29,4,11.11,44.44
19031,7566,82,5,18.28,91.4
19032,7567,12,5,37.67,188.35000000000002
19033,7567,3,1,29.1,29.1
19034,7567,27,4,50.88,203.52
19035,7568,103,2,13.17,26.34
19036,7568,67,2,27.69,55.38
19037,7568,34,5,47.43,237.15
19038,7569,72,1,31.54,31.54
19039,7570,78,3,16.95,50.849999999999994
19040,7570,54,4,59.34,237.36
19041,7571,21,5,63.89,319.45
19042,7571,45,3,44.77,134.31
19043,7571,105,1,13.9,13.9
19044,7571,85,3,70.21,210.63
19045,7572,44,4,17.04,68.16
19046,7572,108,3,20.06,60.17999999999999
19047,7572,23,5,67.41,337.04999999999995
19048,7573,21,4,66.59,266.36
19049,7573,3,5,29.11,145.55
19050,7573,11,4,27.25,109.0
19051,7574,38,1,111.52,111.52
19052,7574,7,1,12.8,12.8
19053,7574,46,3,14.43,43.29
19054,7574,9,5,34.69,173.45
19055,7575,5,3,94.14,282.42
19056,7576,70,1,70.05,70.05
19057,7576,67,4,29.2,116.8
19058,7576,96,4,78.81,315.24
19059,7577,55,1,33.56,33.56
19060,7578,104,4,43.27,173.08
19061,7579,60,3,31.47,94.41
19062,7579,33,1,102.34,102.34
19063,7579,17,1,49.77,49.77
19064,7579,59,3,19.43,58.29
19065,7580,46,2,14.21,28.42
19066,7580,62,2,11.86,23.72
19067,7580,117,5,59.9,299.5
19068,7580,7,2,13.18,26.36
19069,7581,43,3,40.3,120.89999999999999
19070,7581,17,3,50.65,151.95
19071,7581,96,5,72.8,364.0
19072,7581,65,5,14.81,74.05
19073,7582,15,1,18.69,18.69
19074,7582,96,2,77.57,155.14
19075,7583,15,4,18.88,75.52
19076,7583,93,4,23.63,94.52
19077,7583,120,1,29.19,29.19
19078,7584,62,2,11.43,22.86
19079,7585,78,1,17.02,17.02
19080,7586,3,1,30.15,30.15
19081,7587,80,5,10.68,53.4
19082,7587,19,5,40.49,202.45000000000002
19083,7588,52,1,48.27,48.27
19084,7588,62,5,11.56,57.800000000000004
19085,7589,92,2,8.48,16.96
19086,7590,95,5,104.91,524.55
19087,7590,112,5,65.27,326.34999999999997
19088,7590,91,3,30.31,90.92999999999999
19089,7590,10,1,74.0,74.0
19090,7591,83,1,36.99,36.99
19091,7591,21,5,65.54,327.70000000000005
19092,7591,114,4,32.01,128.04
19093,7592,104,1,45.24,45.24
19094,7592,38,5,113.3,566.5
19095,7593,10,2,75.52,151.04
19096,7593,109,1,21.24,21.24
19097,7594,44,4,17.2,68.8
19098,7594,103,3,13.49,40.47
19099,7594,10,1,78.4,78.4
19100,7595,31,3,26.64,79.92
19101,7595,49,4,21.88,87.52
19102,7596,16,2,34.54,69.08
19103,7596,54,5,59.05,295.25
19104,7596,111,2,38.1,76.2
19105,7596,22,2,59.38,118.76
19106,7597,51,4,106.36,425.44
19107,7597,10,4,75.8,303.2
19108,7597,79,5,20.99,104.94999999999999
19109,7597,51,2,109.89,219.78
19110,7598,62,1,12.59,12.59
19111,7599,62,4,12.68,50.72
19112,7599,79,5,21.35,106.75
19113,7599,89,3,18.31,54.92999999999999
19114,7599,117,3,57.43,172.29
19115,7600,88,3,36.65,109.94999999999999
19116,7600,102,2,18.35,36.7
19117,7601,9,1,34.04,34.04
19118,7602,15,5,18.22,91.1
19119,7602,53,4,43.26,173.04
19120,7602,17,4,49.4,197.6
19121,7602,102,3,19.09,57.269999999999996
19122,7603,103,2,14.03,28.06
19123,7603,72,2,34.25,68.5
19124,7604,59,2,20.33,40.66
19125,7605,103,3,14.08,42.24
19126,7605,69,1,60.26,60.26
19127,7605,115,2,37.11,74.22
19128,7606,97,5,49.35,246.75
19129,7606,41,2,56.12,112.24
19130,7607,78,2,17.83,35.66
19131,7608,16,1,35.63,35.63
19132,7608,6,5,69.59,347.95000000000005
19133,7608,11,2,28.18,56.36
19134,7609,119,5,39.2,196.0
19135,7609,16,1,35.63,35.63
19136,7610,25,2,65.85,131.7
19137,7610,82,1,18.88,18.88
19138,7610,21,4,67.64,270.56
19139,7611,15,4,18.33,73.32
19140,7612,84,5,45.12,225.6
19141,7612,115,1,37.94,37.94
19142,7613,16,5,34.76,173.79999999999998
19143,7614,80,2,10.15,20.3
19144,7614,65,1,15.05,15.05
19145,7615,115,4,35.33,141.32
19146,7615,115,2,37.91,75.82
19147,7615,68,4,27.27,109.08
19148,7615,107,2,66.58,133.16
19149,7616,25,1,68.65,68.65
19150,7616,71,5,18.47,92.35
19151,7616,21,5,63.97,319.85
19152,7616,3,3,32.03,96.09
19153,7617,93,1,22.83,22.83
19154,7617,68,3,27.49,82.47
19155,7618,1,3,16.55,49.650000000000006
19156,7618,97,4,45.18,180.72
19157,7618,106,5,50.05,250.25
19158,7619,48,5,49.08,245.39999999999998
19159,7619,4,3,30.09,90.27
19160,7619,36,4,21.45,85.8
19161,7620,73,5,9.26,46.3
19162,7620,7,2,12.63,25.26
19163,7620,47,4,24.15,96.6
19164,7620,27,5,53.44,267.2
19165,7621,74,2,61.99,123.98
19166,7622,25,1,67.25,67.25
19167,7622,94,1,26.23,26.23
19168,7623,37,2,10.47,20.94
19169,7623,14,5,73.76,368.8
19170,7623,33,3,106.51,319.53000000000003
19171,7624,114,5,30.91,154.55
19172,7624,96,4,77.81,311.24
19173,7625,72,4,31.77,127.08
19174,7625,25,1,67.29,67.29
19175,7625,46,2,14.04,28.08
19176,7626,56,3,22.62,67.86
19177,7626,118,3,24.02,72.06
19178,7626,39,4,8.18,32.72
19179,7626,98,1,61.27,61.27
19180,7627,35,4,63.03,252.12
19181,7627,20,3,37.25,111.75
19182,7627,93,5,24.32,121.6
19183,7627,11,5,28.54,142.7
19184,7628,93,1,23.88,23.88
19185,7628,111,2,35.96,71.92
19186,7629,18,5,16.92,84.60000000000001
19187,7630,71,4,18.31,73.24
19188,7630,20,1,36.06,36.06
19189,7631,56,1,23.64,23.64
19190,7631,56,2,22.39,44.78
19191,7631,10,4,73.98,295.92
19192,7632,23,2,71.67,143.34
19193,7632,66,3,93.64,280.92
19194,7632,101,5,57.11,285.55
19195,7633,33,2,101.53,203.06
19196,7633,101,3,56.51,169.53
19197,7633,24,3,42.59,127.77000000000001
19198,7633,3,3,29.14,87.42
19199,7634,47,5,23.76,118.80000000000001
19200,7634,1,5,16.38,81.89999999999999
19201,7634,5,5,89.29,446.45000000000005
19202,7634,37,3,10.02,30.06
19203,7635,72,2,32.86,65.72
19204,7636,116,5,88.7,443.5
19205,7637,75,4,35.27,141.08
19206,7638,81,4,77.85,311.4
19207,7639,84,2,47.18,94.36
19208,7639,63,5,46.14,230.7
19209,7640,3,3,31.12,93.36
19210,7641,41,2,51.93,103.86
19211,7641,22,4,57.23,228.92
19212,7641,68,2,27.5,55.0
19213,7641,93,2,23.8,47.6
19214,7642,52,2,48.89,97.78
19215,7642,69,2,59.14,118.28
19216,7643,77,1,22.2,22.2
19217,7644,2,1,43.59,43.59
19218,7644,90,5,19.69,98.45
19219,7644,88,4,39.19,156.76
19220,7645,116,2,89.79,179.58
19221,7646,50,5,39.99,199.95000000000002
19222,7646,117,1,57.65,57.65
19223,7646,32,5,22.3,111.5
19224,7646,49,4,22.62,90.48
19225,7647,91,5,31.71,158.55
19226,7647,60,3,30.97,92.91
19227,7647,44,4,16.45,65.8
19228,7647,70,2,72.95,145.9
19229,7648,55,3,36.11,108.33
19230,7648,12,5,36.45,182.25
19231,7648,104,5,46.21,231.05
19232,7648,92,3,8.49,25.47
19233,7649,18,2,17.15,34.3
19234,7649,26,3,18.84,56.519999999999996
19235,7650,68,3,27.01,81.03
19236,7650,55,4,34.1,136.4
19237,7650,13,5,41.01,205.04999999999998
19238,7651,43,1,41.6,41.6
19239,7652,118,3,23.45,70.35
19240,7653,34,2,45.95,91.9
19241,7653,38,4,111.85,447.4
19242,7653,99,2,19.07,38.14
19243,7654,110,4,68.46,273.84
19244,7654,23,1,68.84,68.84
19245,7654,45,5,46.71,233.55
19246,7655,102,2,18.11,36.22
19247,7656,102,1,18.29,18.29
19248,7656,49,3,21.9,65.69999999999999
19249,7656,92,2,8.45,16.9
19250,7656,37,5,9.72,48.6
19251,7657,28,5,24.59,122.95
19252,7657,114,4,32.91,131.64
19253,7658,78,5,17.66,88.3
19254,7658,94,1,25.69,25.69
19255,7658,29,3,11.03,33.089999999999996
19256,7659,3,4,31.42,125.68
19257,7660,3,2,31.71,63.42
19258,7660,84,3,46.35,139.05
19259,7660,37,5,10.46,52.300000000000004
19260,7660,63,5,49.38,246.9
19261,7661,86,5,36.62,183.1
19262,7661,93,4,22.95,91.8
19263,7661,22,2,59.6,119.2
19264,7662,69,1,63.77,63.77
19265,7662,76,4,12.96,51.84
19266,7663,69,1,59.5,59.5
19267,7663,92,5,8.4,42.0
19268,7663,44,2,16.33,32.66
19269,7664,38,3,114.0,342.0
19270,7664,39,5,8.14,40.7
19271,7664,13,1,41.95,41.95
19272,7664,6,3,70.48,211.44
19273,7665,72,5,33.72,168.6
19274,7666,120,1,30.94,30.94
19275,7667,16,4,35.39,141.56
19276,7667,31,4,25.43,101.72
19277,7667,1,4,17.34,69.36
19278,7668,30,2,19.85,39.7
19279,7668,16,4,35.55,142.2
19280,7668,120,3,28.22,84.66
19281,7668,32,3,21.03,63.09
19282,7669,112,3,59.76,179.28
19283,7669,82,5,18.34,91.7
19284,7669,38,1,109.49,109.49
19285,7669,40,4,20.28,81.12
19286,7670,12,3,39.96,119.88
19287,7671,111,3,35.65,106.94999999999999
19288,7671,97,5,48.61,243.05
19289,7672,90,3,17.94,53.82000000000001
19290,7672,3,5,29.24,146.2
19291,7672,119,4,40.55,162.2
19292,7672,30,5,20.18,100.9
19293,7673,80,4,10.1,40.4
19294,7673,69,1,62.15,62.15
19295,7673,3,1,32.14,32.14
19296,7673,48,3,52.37,157.10999999999999
19297,7674,18,2,17.15,34.3
19298,7674,21,2,64.03,128.06
19299,7675,33,3,101.89,305.67
19300,7675,1,3,16.5,49.5
19301,7675,85,1,66.8,66.8
19302,7675,90,3,19.32,57.96
19303,7676,78,5,17.05,85.25
19304,7676,55,1,33.79,33.79
19305,7676,25,4,67.57,270.28
19306,7676,74,4,58.26,233.04
19307,7677,84,4,47.1,188.4
19308,7678,26,1,20.02,20.02
19309,7678,34,3,43.87,131.60999999999999
19310,7678,103,5,13.81,69.05
19311,7678,81,2,76.75,153.5
19312,7679,60,3,28.62,85.86
19313,7679,38,5,117.45,587.25
19314,7679,27,3,52.05,156.14999999999998
19315,7680,26,2,18.89,37.78
19316,7680,107,1,65.78,65.78
19317,7680,60,3,31.21,93.63
19318,7680,68,3,25.04,75.12
19319,7681,118,2,23.42,46.84
19320,7681,84,2,48.12,96.24
19321,7681,78,5,17.56,87.8
19322,7681,28,4,23.35,93.4
19323,7682,43,4,40.03,160.12
19324,7683,8,1,20.09,20.09
19325,7683,63,5,49.58,247.89999999999998
19326,7683,33,2,102.75,205.5
19327,7684,53,5,42.3,211.5
19328,7684,51,5,99.65,498.25
19329,7685,4,2,29.05,58.1
19330,7685,61,2,45.26,90.52
19331,7685,81,4,81.66,326.64
19332,7685,97,3,48.58,145.74
19333,7686,25,3,65.48,196.44
19334,7687,48,3,51.49,154.47
19335,7687,65,4,15.16,60.64
19336,7688,100,4,37.56,150.24
19337,7689,9,3,34.64,103.92
19338,7689,60,3,30.68,92.03999999999999
19339,7689,95,1,107.76,107.76
19340,7689,5,2,86.68,173.36
19341,7690,3,4,31.34,125.36
19342,7690,11,4,27.82,111.28
19343,7691,39,3,8.01,24.03
19344,7692,15,4,18.45,73.8
19345,7692,46,1,13.47,13.47
19346,7692,36,4,21.46,85.84
19347,7693,93,4,22.9,91.6
19348,7693,46,3,14.1,42.3
19349,7693,117,1,60.42,60.42
19350,7694,19,5,40.07,200.35
19351,7694,23,5,67.57,337.84999999999997
19352,7694,97,5,47.11,235.55
19353,7695,17,1,48.12,48.12
19354,7695,46,1,13.12,13.12
19355,7695,75,3,34.68,104.03999999999999
19356,7695,108,5,19.55,97.75
19357,7696,27,2,52.12,104.24
19358,7696,34,2,47.64,95.28
19359,7696,3,5,31.31,156.54999999999998
19360,7696,49,1,21.76,21.76
19361,7697,28,4,23.98,95.92
19362,7697,35,3,58.08,174.24
19363,7698,29,2,11.78,23.56
19364,7698,120,4,28.16,112.64
19365,7698,67,2,27.99,55.98
19366,7698,61,5,49.37,246.85
19367,7699,55,4,34.65,138.6
19368,7699,71,1,17.82,17.82
19369,7699,41,5,54.55,272.75
19370,7700,19,4,38.39,153.56
19371,7700,35,3,63.59,190.77
19372,7700,39,4,8.05,32.2
19373,7700,33,5,99.2,496.0
19374,7701,18,3,18.2,54.599999999999994
19375,7701,104,4,44.15,176.6
19376,7701,52,5,49.06,245.3
19377,7702,56,4,23.73,94.92
19378,7703,107,3,71.02,213.06
19379,7703,103,2,13.29,26.58
19380,7703,30,2,20.07,40.14
19381,7703,120,1,28.87,28.87
19382,7704,51,3,106.21,318.63
19383,7704,60,3,30.26,90.78
19384,7704,113,2,29.55,59.1
19385,7705,112,4,64.37,257.48
19386,7705,113,2,29.64,59.28
19387,7706,21,3,67.07,201.20999999999998
19388,7706,10,4,75.49,301.96
19389,7707,38,2,115.55,231.1
19390,7707,35,1,60.02,60.02
19391,7707,80,2,10.5,21.0
19392,7708,20,3,36.0,108.0
19393,7708,29,5,11.26,56.3
19394,7708,96,1,78.04,78.04
19395,7708,72,1,34.4,34.4
19396,7709,96,2,78.78,157.56
19397,7710,108,1,19.89,19.89
19398,7711,113,5,29.91,149.55
19399,7712,117,1,62.26,62.26
19400,7713,81,4,81.31,325.24
19401,7714,65,3,14.77,44.31
19402,7715,78,5,17.12,85.60000000000001
19403,7715,89,3,18.1,54.300000000000004
19404,7716,105,5,14.37,71.85
19405,7716,73,4,9.37,37.48
19406,7716,70,5,70.86,354.3
19407,7716,51,3,101.19,303.57
19408,7717,98,1,59.33,59.33
19409,7717,43,4,40.91,163.64
19410,7717,42,2,27.04,54.08
19411,7718,74,1,57.73,57.73
19412,7719,76,3,13.25,39.75
19413,7720,42,3,25.91,77.73
19414,7720,2,5,44.47,222.35
19415,7720,90,4,18.56,74.24
19416,7720,11,4,26.48,105.92
19417,7721,16,2,33.92,67.84
19418,7722,14,3,78.32,234.95999999999998
19419,7722,87,2,29.25,58.5
19420,7722,91,3,30.99,92.97
19421,7722,62,2,12.62,25.24
19422,7723,12,2,37.37,74.74
19423,7723,10,2,73.2,146.4
19424,7724,68,5,27.38,136.9
19425,7724,101,1,55.76,55.76
19426,7724,85,5,67.55,337.75
19427,7725,66,5,92.12,460.6
19428,7725,61,2,47.85,95.7
19429,7725,89,2,17.75,35.5
19430,7725,26,2,19.82,39.64
19431,7726,15,5,18.83,94.14999999999999
19432,7726,43,1,39.83,39.83
19433,7726,19,1,40.78,40.78
19434,7726,33,1,107.79,107.79
19435,7727,106,2,50.61,101.22
19436,7728,58,4,58.12,232.48
19437,7728,57,3,71.57,214.70999999999998
19438,7728,90,3,18.57,55.71
19439,7729,36,1,21.79,21.79
19440,7729,85,4,67.42,269.68
19441,7730,63,5,46.5,232.5
19442,7730,69,2,62.73,125.46
19443,7730,45,3,46.22,138.66
19444,7730,112,2,65.06,130.12
19445,7731,117,5,58.88,294.40000000000003
19446,7731,15,3,18.88,56.64
19447,7731,24,2,42.78,85.56
19448,7731,90,2,19.21,38.42
19449,7732,64,1,45.59,45.59
19450,7733,93,5,22.12,110.60000000000001
19451,7733,40,5,20.16,100.8
19452,7733,78,3,16.59,49.769999999999996
19453,7733,20,2,36.41,72.82
19454,7734,116,1,88.48,88.48
19455,7734,82,2,18.4,36.8
19456,7735,78,1,17.61,17.61
19457,7735,17,4,52.37,209.48
19458,7735,108,1,19.71,19.71
19459,7736,33,2,99.72,199.44
19460,7737,15,2,19.14,38.28
19461,7737,59,4,20.08,80.32
19462,7738,117,3,59.29,177.87
19463,7739,51,5,104.51,522.5500000000001
19464,7740,1,2,16.39,32.78
19465,7740,110,3,69.08,207.24
19466,7740,79,3,21.25,63.75
19467,7740,79,2,21.13,42.26
19468,7741,67,4,28.47,113.88
19469,7742,9,5,34.8,174.0
19470,7742,84,1,47.13,47.13
19471,7742,18,5,17.09,85.45
19472,7743,25,5,67.52,337.59999999999997
19473,7743,71,4,18.01,72.04
19474,7743,63,4,47.02,188.08
19475,7743,28,4,23.32,93.28
19476,7744,8,2,21.2,42.4
19477,7745,24,4,45.08,180.32
19478,7745,6,3,72.42,217.26
19479,7746,119,3,42.44,127.32
19480,7746,10,5,74.64,373.2
19481,7747,86,2,36.49,72.98
19482,7747,46,1,13.5,13.5
19483,7748,37,1,10.36,10.36
19484,7748,1,3,16.37,49.11
19485,7748,4,1,28.78,28.78
19486,7748,120,5,28.18,140.9
19487,7749,96,1,77.52,77.52
19488,7750,34,4,45.06,180.24
19489,7750,70,2,67.18,134.36
19490,7750,108,4,19.26,77.04
19491,7751,38,1,111.69,111.69
19492,7751,116,5,96.83,484.15
19493,7752,64,1,45.05,45.05
19494,7752,55,2,35.08,70.16
19495,7753,108,3,20.22,60.66
19496,7753,55,4,36.01,144.04
19497,7754,8,2,20.22,40.44
19498,7754,18,1,17.33,17.33
19499,7754,88,5,38.4,192.0
19500,7755,76,5,13.73,68.65
19501,7755,104,4,44.59,178.36
19502,7756,24,2,45.7,91.4
19503,7756,63,5,45.96,229.8
19504,7756,45,1,44.83,44.83
19505,7757,116,1,89.55,89.55
19506,7758,96,4,74.84,299.36
19507,7758,28,2,24.38,48.76
19508,7759,90,4,19.56,78.24
19509,7759,87,4,29.59,118.36
19510,7760,47,1,24.04,24.04
19511,7761,51,4,109.84,439.36
19512,7762,29,3,10.93,32.79
19513,7763,46,2,13.23,26.46
19514,7763,13,3,39.37,118.10999999999999
19515,7763,77,5,21.88,109.39999999999999
19516,7764,61,1,50.27,50.27
19517,7764,74,3,62.38,187.14000000000001
19518,7764,116,4,89.98,359.92
19519,7764,45,5,46.74,233.70000000000002
19520,7765,16,3,32.79,98.37
19521,7765,46,3,13.87,41.61
19522,7765,43,1,41.26,41.26
19523,7766,58,3,57.71,173.13
19524,7766,102,5,18.64,93.2
19525,7766,120,2,30.08,60.16
19526,7766,76,3,13.68,41.04
19527,7767,96,1,75.58,75.58
19528,7767,35,2,63.54,127.08
19529,7767,44,1,17.29,17.29
19530,7768,106,5,49.28,246.4
19531,7769,44,2,17.76,35.52
19532,7770,45,5,46.78,233.9
19533,7770,108,5,19.56,97.8
19534,7770,97,1,45.59,45.59
19535,7770,94,2,25.35,50.7
19536,7771,88,3,36.59,109.77000000000001
19537,7771,79,5,20.47,102.35
19538,7771,67,5,27.08,135.39999999999998
19539,7772,86,5,37.86,189.3
19540,7772,5,3,89.56,268.68
19541,7772,7,3,12.54,37.62
19542,7772,105,1,15.04,15.04
19543,7773,12,3,38.73,116.19
19544,7773,78,1,16.76,16.76
19545,7774,38,5,111.95,559.75
19546,7774,90,2,18.07,36.14
19547,7774,57,3,69.12,207.36
19548,7774,37,2,10.75,21.5
19549,7775,86,5,37.49,187.45000000000002
19550,7775,118,4,21.66,86.64
19551,7776,94,4,27.09,108.36
19552,7776,28,5,22.25,111.25
19553,7776,107,2,71.96,143.92
19554,7776,120,5,29.65,148.25
19555,7777,33,4,106.37,425.48
19556,7778,78,1,17.62,17.62
19557,7778,90,1,19.42,19.42
19558,7779,75,4,35.62,142.48
19559,7779,120,3,29.3,87.9
19560,7779,31,5,27.13,135.65
19561,7779,25,1,64.84,64.84
19562,7780,107,4,68.29,273.16
19563,7780,9,3,34.61,103.83
19564,7780,4,1,30.33,30.33
19565,7780,108,5,18.59,92.95
19566,7781,102,1,19.26,19.26
19567,7781,17,1,50.73,50.73
19568,7782,100,5,40.94,204.7
19569,7782,87,2,31.91,63.82
19570,7782,109,5,20.21,101.05000000000001
19571,7782,47,3,23.22,69.66
19572,7783,39,3,8.61,25.83
19573,7783,43,2,38.65,77.3
19574,7784,79,1,21.59,21.59
19575,7784,113,1,31.17,31.17
19576,7784,113,1,29.5,29.5
19577,7784,43,1,37.62,37.62
19578,7785,9,5,33.25,166.25
19579,7786,49,2,22.21,44.42
19580,7786,54,5,58.73,293.65
19581,7786,2,2,42.18,84.36
19582,7786,118,3,23.72,71.16
19583,7787,23,3,70.99,212.96999999999997
19584,7787,70,5,66.83,334.15
19585,7787,44,5,16.42,82.10000000000001
19586,7788,86,1,37.76,37.76
19587,7789,80,3,10.51,31.53
19588,7789,110,5,69.27,346.34999999999997
19589,7790,8,1,21.23,21.23
19590,7790,34,5,46.33,231.64999999999998
19591,7790,42,2,27.36,54.72
19592,7790,108,4,18.41,73.64
19593,7791,44,2,17.41,34.82
19594,7791,62,3,11.66,34.980000000000004
19595,7791,95,3,102.13,306.39
19596,7792,111,2,38.62,77.24
19597,7793,33,4,109.74,438.96
19598,7794,80,1,10.12,10.12
19599,7794,108,1,19.3,19.3
19600,7795,33,4,106.49,425.96
19601,7795,114,3,34.01,102.03
19602,7796,48,3,52.47,157.41
19603,7796,27,2,52.01,104.02
19604,7796,96,1,73.54,73.54
19605,7797,46,4,13.54,54.16
19606,7797,50,2,43.2,86.4
19607,7797,89,2,17.04,34.08
19608,7798,27,5,51.21,256.05
19609,7798,33,5,100.29,501.45000000000005
19610,7799,86,2,35.6,71.2
19611,7799,100,2,37.58,75.16
19612,7800,22,5,59.97,299.85
19613,7801,117,2,60.06,120.12
19614,7802,6,3,70.33,210.99
19615,7802,76,1,13.18,13.18
19616,7802,51,5,110.06,550.3
19617,7802,20,1,35.62,35.62
19618,7803,94,2,25.52,51.04
19619,7803,1,4,16.8,67.2
19620,7803,34,5,43.47,217.35
19621,7803,50,3,41.85,125.55000000000001
19622,7804,84,5,49.39,246.95
19623,7804,28,3,24.15,72.44999999999999
19624,7804,7,3,12.56,37.68
19625,7804,93,1,24.0,24.0
19626,7805,10,2,75.97,151.94
19627,7805,57,1,71.59,71.59
19628,7805,81,2,79.79,159.58
19629,7805,76,3,13.03,39.089999999999996
19630,7806,13,5,43.25,216.25
19631,7807,73,5,9.61,48.05
19632,7807,2,3,42.07,126.21000000000001
19633,7808,5,3,94.72,284.15999999999997
19634,7808,29,2,11.87,23.74
19635,7808,85,5,66.84,334.20000000000005
19636,7809,26,2,19.17,38.34
19637,7809,100,5,40.52,202.60000000000002
19638,7809,17,3,48.37,145.10999999999999
19639,7810,57,1,67.7,67.7
19640,7810,58,3,57.67,173.01
19641,7810,70,5,68.47,342.35
19642,7810,46,2,13.34,26.68
19643,7811,18,4,16.81,67.24
19644,7811,88,5,37.84,189.20000000000002
19645,7812,80,1,10.33,10.33
19646,7813,79,5,19.97,99.85
19647,7813,113,4,29.48,117.92
19648,7813,107,4,69.34,277.36
19649,7814,86,3,36.13,108.39000000000001
19650,7814,53,4,42.0,168.0
19651,7814,2,1,41.47,41.47
19652,7815,27,5,52.48,262.4
19653,7815,38,2,110.75,221.5
19654,7815,36,1,20.96,20.96
19655,7816,115,4,37.01,148.04
19656,7817,8,1,20.34,20.34
19657,7817,81,2,83.34,166.68
19658,7817,59,2,21.02,42.04
19659,7818,39,5,8.26,41.3
19660,7818,89,2,18.83,37.66
19661,7818,73,5,9.46,47.300000000000004
19662,7819,102,3,19.39,58.17
19663,7819,20,3,35.56,106.68
19664,7820,33,4,104.77,419.08
19665,7820,111,4,39.15,156.6
19666,7821,105,2,15.17,30.34
19667,7822,47,5,22.99,114.94999999999999
19668,7823,49,1,22.12,22.12
19669,7823,24,2,43.85,87.7
19670,7823,10,2,75.66,151.32
19671,7824,9,5,34.94,174.7
19672,7824,1,3,17.9,53.699999999999996
19673,7825,5,3,94.85,284.54999999999995
19674,7825,45,1,45.08,45.08
19675,7825,78,5,16.62,83.10000000000001
19676,7826,78,3,17.41,52.230000000000004
19677,7826,82,1,18.82,18.82
19678,7826,78,2,16.27,32.54
19679,7827,80,4,10.48,41.92
19680,7827,47,1,25.11,25.11
19681,7827,38,5,108.19,540.95
19682,7828,52,3,47.73,143.19
19683,7828,96,4,71.41,285.64
19684,7828,65,4,14.88,59.52
19685,7828,101,2,53.65,107.3
19686,7829,40,3,20.84,62.519999999999996
19687,7830,73,1,9.87,9.87
19688,7831,78,3,17.83,53.489999999999995
19689,7831,74,4,62.35,249.4
19690,7832,13,1,40.71,40.71
19691,7833,24,1,44.91,44.91
19692,7833,75,1,36.25,36.25
19693,7833,103,5,13.1,65.5
19694,7834,59,5,19.1,95.5
19695,7834,11,3,28.34,85.02
19696,7835,105,3,14.65,43.95
19697,7836,97,2,49.54,99.08
19698,7837,98,3,62.18,186.54
19699,7837,51,2,102.42,204.84
19700,7837,78,3,16.53,49.59
19701,7837,12,1,37.68,37.68
19702,7838,4,3,28.23,84.69
19703,7838,8,5,20.86,104.3
19704,7839,52,4,46.3,185.2
19705,7839,119,4,42.39,169.56
19706,7840,7,2,13.58,27.16
19707,7841,69,4,60.19,240.76
19708,7841,91,5,30.3,151.5
19709,7841,54,5,62.67,313.35
19710,7841,7,5,12.67,63.35
19711,7842,112,2,64.23,128.46
19712,7842,108,2,18.75,37.5
19713,7842,56,1,22.93,22.93
19714,7843,101,5,56.63,283.15000000000003
19715,7843,102,3,19.49,58.47
19716,7844,79,3,20.35,61.050000000000004
19717,7844,103,3,14.11,42.33
19718,7844,84,4,47.32,189.28
19719,7844,91,1,29.68,29.68
19720,7845,14,2,73.05,146.1
19721,7845,12,3,37.61,112.83
19722,7846,19,1,38.36,38.36
19723,7846,115,3,38.13,114.39000000000001
19724,7846,50,4,41.09,164.36
19725,7846,76,1,12.91,12.91
19726,7847,69,5,59.81,299.05
19727,7847,50,4,42.02,168.08
19728,7847,86,1,36.93,36.93
19729,7847,92,2,8.63,17.26
19730,7848,115,4,35.55,142.2
19731,7848,9,3,34.93,104.78999999999999
19732,7849,43,1,37.87,37.87
19733,7849,22,4,57.81,231.24
19734,7849,66,2,98.7,197.4
19735,7850,82,2,18.81,37.62
19736,7850,22,1,60.33,60.33
19737,7850,76,4,12.61,50.44
19738,7850,7,2,12.52,25.04
19739,7851,63,4,46.44,185.76
19740,7852,117,3,59.27,177.81
19741,7852,81,1,77.06,77.06
19742,7853,94,1,26.35,26.35
19743,7853,114,1,31.66,31.66
19744,7853,63,1,49.77,49.77
19745,7853,16,1,34.95,34.95
19746,7854,71,1,18.07,18.07
19747,7855,42,5,26.54,132.7
19748,7855,115,5,35.56,177.8
19749,7856,36,2,20.68,41.36
19750,7856,64,1,44.77,44.77
19751,7856,113,3,32.09,96.27000000000001
19752,7856,90,4,19.76,79.04
19753,7857,23,3,72.0,216.0
19754,7857,105,3,14.86,44.58
19755,7857,45,3,45.34,136.02
19756,7858,86,1,36.21,36.21
19757,7858,109,2,20.64,41.28
19758,7859,118,1,23.38,23.38
19759,7860,81,2,78.44,156.88
19760,7861,89,1,18.65,18.65
19761,7861,4,2,29.22,58.44
19762,7861,115,2,37.64,75.28
19763,7861,116,2,92.87,185.74
19764,7862,26,1,19.92,19.92
19765,7862,8,4,21.41,85.64
19766,7862,114,2,31.54,63.08
19767,7863,63,4,49.09,196.36
19768,7863,22,3,59.17,177.51
19769,7863,30,2,19.29,38.58
19770,7863,80,1,10.43,10.43
19771,7864,76,1,13.76,13.76
19772,7865,74,5,57.9,289.5
19773,7865,35,4,60.25,241.0
19774,7866,92,3,8.0,24.0
19775,7867,99,1,18.61,18.61
19776,7868,5,3,92.37,277.11
19777,7869,68,3,25.67,77.01
19778,7869,84,5,48.17,240.85000000000002
19779,7869,38,3,116.18,348.54
19780,7870,84,1,47.75,47.75
19781,7871,104,4,45.9,183.6
19782,7872,108,3,18.38,55.14
19783,7872,94,4,27.37,109.48
19784,7872,85,5,72.33,361.65
19785,7872,60,5,31.0,155.0
19786,7873,12,3,37.98,113.94
19787,7873,59,2,19.64,39.28
19788,7874,95,3,101.9,305.70000000000005
19789,7874,57,1,68.39,68.39
19790,7874,112,4,61.01,244.04
19791,7875,65,3,15.46,46.38
19792,7875,1,5,16.71,83.55000000000001
19793,7875,103,2,12.8,25.6
19794,7876,54,4,61.88,247.52
19795,7876,9,3,35.54,106.62
19796,7877,83,3,35.62,106.85999999999999
19797,7878,47,5,24.63,123.14999999999999
19798,7878,95,2,108.8,217.6
19799,7879,91,2,29.8,59.6
19800,7879,114,3,32.59,97.77000000000001
19801,7879,116,3,90.51,271.53000000000003
19802,7879,91,1,29.59,29.59
19803,7880,19,1,38.73,38.73
19804,7880,99,3,18.89,56.67
19805,7880,6,4,74.78,299.12
19806,7881,56,1,22.87,22.87
19807,7881,97,3,47.12,141.35999999999999
19808,7881,109,5,21.23,106.15
19809,7882,117,2,61.98,123.96
19810,7882,16,5,33.09,165.45000000000002
19811,7882,86,3,38.37,115.10999999999999
19812,7883,10,4,76.85,307.4
19813,7883,67,2,28.21,56.42
19814,7884,42,5,26.94,134.70000000000002
19815,7884,29,3,11.31,33.93
19816,7885,90,3,19.5,58.5
19817,7885,116,2,94.14,188.28
19818,7886,42,4,27.18,108.72
19819,7886,87,2,31.78,63.56
19820,7886,92,5,8.29,41.449999999999996
19821,7887,84,1,45.59,45.59
19822,7887,40,5,19.03,95.15
19823,7887,106,2,50.86,101.72
19824,7887,85,1,69.69,69.69
19825,7888,106,2,51.72,103.44
19826,7889,30,2,18.25,36.5
19827,7889,10,4,72.34,289.36
19828,7890,83,5,37.64,188.2
19829,7890,3,4,32.19,128.76
19830,7891,24,4,46.46,185.84
19831,7891,27,1,50.48,50.48
19832,7891,24,2,46.59,93.18
19833,7891,110,4,64.44,257.76
19834,7892,105,4,14.83,59.32
19835,7893,65,3,14.7,44.099999999999994
19836,7894,82,5,18.0,90.0
19837,7894,78,3,16.68,50.04
19838,7894,105,5,13.99,69.95
19839,7895,42,1,26.58,26.58
19840,7895,85,5,69.16,345.79999999999995
19841,7896,51,3,105.18,315.54
19842,7897,62,5,11.9,59.5
19843,7897,37,1,9.78,9.78
19844,7897,91,1,31.23,31.23
19845,7898,113,2,31.97,63.94
19846,7898,118,3,23.37,70.11
19847,7898,50,5,42.16,210.79999999999998
19848,7898,11,4,27.28,109.12
19849,7899,101,1,57.74,57.74
19850,7900,4,3,30.33,90.99
19851,7900,19,4,40.18,160.72
19852,7900,108,4,18.77,75.08
19853,7901,39,2,8.05,16.1
19854,7901,66,3,94.6,283.79999999999995
19855,7902,22,2,59.52,119.04
19856,7903,33,2,102.6,205.2
19857,7903,36,3,21.91,65.73
19858,7903,27,3,52.18,156.54
19859,7904,81,2,80.68,161.36
19860,7904,81,1,79.34,79.34
19861,7904,17,5,48.61,243.05
19862,7904,118,5,24.02,120.1
19863,7905,65,1,14.9,14.9
19864,7905,87,3,31.83,95.49
19865,7906,1,4,16.59,66.36
19866,7907,47,3,24.94,74.82000000000001
19867,7908,118,5,22.81,114.05
19868,7908,104,4,44.1,176.4
19869,7908,5,2,93.15,186.3
19870,7909,81,2,76.88,153.76
19871,7909,91,4,28.69,114.76
19872,7910,17,5,47.78,238.9
19873,7910,105,3,13.79,41.37
19874,7910,22,2,62.91,125.82
19875,7911,120,5,28.41,142.05
19876,7912,2,2,44.77,89.54
19877,7912,79,2,21.59,43.18
19878,7912,29,5,10.78,53.9
19879,7913,73,2,9.54,19.08
19880,7914,92,4,8.62,34.48
19881,7915,67,5,28.29,141.45
19882,7916,90,5,19.4,97.0
19883,7916,92,4,8.64,34.56
19884,7916,40,1,18.88,18.88
19885,7916,105,4,14.74,58.96
19886,7917,10,5,72.17,360.85
19887,7917,64,3,46.26,138.78
19888,7917,91,4,30.03,120.12
19889,7917,87,3,30.13,90.39
19890,7918,39,5,8.03,40.15
19891,7918,116,5,94.39,471.95
19892,7919,119,4,42.22,168.88
19893,7920,14,3,72.21,216.63
19894,7920,12,4,40.3,161.2
19895,7920,71,4,17.18,68.72
19896,7920,23,1,72.85,72.85
19897,7921,9,5,33.04,165.2
19898,7922,98,4,58.99,235.96
19899,7922,53,4,41.98,167.92
19900,7923,104,1,42.78,42.78
19901,7923,88,4,39.84,159.36
19902,7923,80,2,10.49,20.98
19903,7923,46,1,14.41,14.41
19904,7924,90,5,18.31,91.55
19905,7924,13,2,39.79,79.58
19906,7925,38,2,109.31,218.62
19907,7925,100,4,40.43,161.72
19908,7925,82,2,18.09,36.18
19909,7925,30,5,19.37,96.85000000000001
19910,7926,103,3,13.28,39.839999999999996
19911,7926,61,3,47.97,143.91
19912,7927,89,4,18.27,73.08
19913,7927,18,4,16.7,66.8
19914,7928,17,3,51.96,155.88
19915,7928,119,1,40.02,40.02
19916,7929,110,1,65.35,65.35
19917,7929,46,1,14.14,14.14
19918,7929,112,3,65.57,196.70999999999998
19919,7929,99,1,18.42,18.42
19920,7930,33,5,103.31,516.55
19921,7930,47,1,23.46,23.46
19922,7931,64,4,42.04,168.16
19923,7931,42,1,25.55,25.55
19924,7931,35,5,63.65,318.25
19925,7931,29,1,11.84,11.84
19926,7932,77,4,22.52,90.08
19927,7932,49,4,23.81,95.24
19928,7932,117,3,60.18,180.54
19929,7932,106,3,49.54,148.62
19930,7933,12,5,37.39,186.95
19931,7933,80,3,10.6,31.799999999999997
19932,7933,77,1,22.27,22.27
19933,7934,7,2,13.18,26.36
19934,7934,95,3,106.87,320.61
19935,7935,65,3,15.46,46.38
19936,7935,100,2,38.81,77.62
19937,7935,60,1,29.24,29.24
19938,7936,51,2,101.73,203.46
19939,7936,83,4,35.17,140.68
19940,7937,92,5,8.03,40.15
19941,7937,91,1,29.93,29.93
19942,7937,58,2,56.88,113.76
19943,7938,68,5,24.92,124.60000000000001
19944,7938,120,2,29.11,58.22
19945,7938,106,2,48.16,96.32
19946,7939,48,3,52.78,158.34
19947,7939,78,2,16.96,33.92
19948,7939,20,5,33.75,168.75
19949,7939,41,1,51.75,51.75
19950,7940,65,4,14.46,57.84
19951,7940,46,1,13.37,13.37
19952,7940,112,5,60.1,300.5
19953,7940,104,2,42.47,84.94
19954,7941,4,4,28.27,113.08
19955,7941,32,5,22.48,112.4
19956,7942,19,3,37.15,111.44999999999999
19957,7942,18,1,16.8,16.8
19958,7942,66,2,94.33,188.66
19959,7942,91,3,29.66,88.98
19960,7943,88,1,38.28,38.28
19961,7943,52,2,49.95,99.9
19962,7943,49,3,22.2,66.6
19963,7943,28,4,24.37,97.48
19964,7944,104,1,42.03,42.03
19965,7944,100,4,38.5,154.0
19966,7945,45,4,44.23,176.92
19967,7946,23,1,71.89,71.89
19968,7946,57,3,72.51,217.53000000000003
19969,7947,88,1,38.8,38.8
19970,7947,34,5,45.76,228.79999999999998
19971,7947,41,4,54.89,219.56
19972,7948,18,3,16.49,49.47
19973,7949,86,4,38.42,153.68
19974,7949,106,5,48.0,240.0
19975,7949,93,4,24.37,97.48
19976,7949,97,2,49.4,98.8
19977,7950,19,4,38.59,154.36
19978,7950,105,4,13.73,54.92
19979,7950,99,5,18.29,91.44999999999999
19980,7950,39,3,8.59,25.77
19981,7951,75,2,34.86,69.72
19982,7952,9,3,34.27,102.81
19983,7952,104,2,45.09,90.18
19984,7953,1,2,16.86,33.72
19985,7953,4,5,29.6,148.0
19986,7954,74,5,59.59,297.95000000000005
19987,7954,91,2,31.85,63.7
19988,7954,99,3,19.68,59.04
19989,7954,119,5,40.88,204.4
19990,7955,3,2,30.33,60.66
19991,7955,85,4,66.19,264.76
19992,7955,39,5,8.17,40.85
19993,7955,111,4,38.43,153.72
19994,7956,36,3,21.54,64.62
19995,7956,50,5,40.0,200.0
19996,7956,36,2,21.83,43.66
19997,7957,85,4,67.23,268.92
19998,7957,109,2,21.03,42.06
19999,7957,69,1,61.53,61.53
20000,7958,42,5,25.83,129.14999999999998
20001,7958,41,3,54.83,164.49
20002,7958,83,4,37.99,151.96
20003,7958,75,2,37.18,74.36
20004,7959,29,3,11.7,35.099999999999994
20005,7959,44,3,17.97,53.91
20006,7959,114,3,32.11,96.33
20007,7960,114,2,33.86,67.72
20008,7960,47,2,24.19,48.38
20009,7960,96,2,72.26,144.52
20010,7961,9,4,36.3,145.2
20011,7961,105,3,13.95,41.849999999999994
20012,7961,39,5,7.96,39.8
20013,7961,77,4,21.4,85.6
20014,7962,74,2,60.29,120.58
20015,7962,101,1,55.24,55.24
20016,7962,115,1,37.3,37.3
20017,7963,45,2,45.74,91.48
20018,7964,65,4,15.63,62.52
20019,7964,80,4,10.83,43.32
20020,7965,71,2,18.21,36.42
20021,7965,41,4,52.23,208.92
20022,7965,46,2,13.04,26.08
20023,7966,72,1,33.29,33.29
20024,7966,113,3,30.53,91.59
20025,7966,9,1,34.11,34.11
20026,7966,28,5,23.05,115.25
20027,7967,96,3,74.64,223.92000000000002
20028,7967,72,4,32.81,131.24
20029,7967,51,5,106.74,533.6999999999999
20030,7968,43,4,40.82,163.28
20031,7968,119,2,40.66,81.32
20032,7969,107,2,65.96,131.92
20033,7970,103,5,13.42,67.1
20034,7970,35,3,63.28,189.84
20035,7970,74,5,62.5,312.5
20036,7970,116,3,97.2,291.6
20037,7971,32,4,22.73,90.92
20038,7972,25,3,69.73,209.19
20039,7973,76,5,13.22,66.10000000000001
20040,7973,24,3,44.04,132.12
20041,7973,91,2,31.26,62.52
20042,7974,104,3,42.83,128.49
20043,7974,57,3,70.76,212.28000000000003
20044,7974,119,2,41.03,82.06
20045,7975,72,4,33.15,132.6
20046,7975,50,2,40.99,81.98
20047,7975,106,1,50.44,50.44
20048,7976,75,2,36.52,73.04
20049,7976,17,4,49.75,199.0
20050,7977,104,4,45.76,183.04
20051,7977,60,5,28.66,143.3
20052,7977,42,5,27.42,137.10000000000002
20053,7978,104,3,46.15,138.45
20054,7978,93,3,24.37,73.11
20055,7979,47,2,24.16,48.32
20056,7979,119,5,40.58,202.89999999999998
20057,7980,107,1,68.06,68.06
20058,7981,21,5,62.36,311.8
20059,7981,67,2,28.94,57.88
20060,7981,77,5,21.26,106.30000000000001
20061,7982,49,2,21.92,43.84
20062,7982,64,4,45.5,182.0
20063,7982,119,5,39.29,196.45
20064,7983,69,4,63.8,255.2
20065,7983,20,1,36.73,36.73
20066,7984,103,5,13.16,65.8
20067,7984,42,5,25.46,127.30000000000001
20068,7984,21,4,64.31,257.24
20069,7985,27,4,48.95,195.8
20070,7986,100,3,39.4,118.19999999999999
20071,7986,118,4,23.79,95.16
20072,7986,23,5,70.88,354.4
20073,7987,19,4,38.03,152.12
20074,7987,117,2,59.96,119.92
20075,7987,15,1,18.24,18.24
20076,7988,67,4,27.28,109.12
20077,7988,32,4,23.01,92.04
20078,7988,24,5,46.48,232.39999999999998
20079,7989,74,2,61.64,123.28
20080,7989,22,4,61.33,245.32
20081,7989,32,1,22.59,22.59
20082,7990,78,4,17.19,68.76
20083,7990,40,5,20.01,100.05000000000001
20084,7990,119,2,38.91,77.82
20085,7990,65,2,14.59,29.18
20086,7991,14,5,73.19,365.95
20087,7991,77,4,21.94,87.76
20088,7991,74,3,58.17,174.51
20089,7991,70,1,69.4,69.4
20090,7992,116,5,93.46,467.29999999999995
20091,7992,74,1,61.51,61.51
20092,7993,91,3,30.44,91.32000000000001
20093,7993,81,3,82.16,246.48
20094,7994,31,4,25.84,103.36
20095,7994,106,1,52.33,52.33
20096,7994,82,1,18.93,18.93
20097,7995,82,4,18.31,73.24
20098,7995,9,2,33.44,66.88
20099,7995,87,1,31.39,31.39
20100,7995,12,4,38.13,152.52
20101,7996,48,3,50.17,150.51
20102,7997,68,4,26.45,105.8
20103,7997,114,2,32.09,64.18
20104,7997,22,2,61.94,123.88
20105,7997,97,2,46.31,92.62
20106,7998,65,5,15.18,75.9
20107,7998,70,4,68.57,274.28
20108,7999,110,5,70.23,351.15000000000003
20109,7999,54,3,59.69,179.07
20110,8000,17,5,48.46,242.3
20111,8000,3,1,31.77,31.77
20112,8001,43,4,41.49,165.96
20113,8001,119,2,40.28,80.56
20114,8001,27,1,52.94,52.94
20115,8002,17,2,49.8,99.6
20116,8002,5,4,92.42,369.68
20117,8003,62,3,11.78,35.339999999999996
20118,8003,44,5,16.52,82.6
20119,8003,42,4,26.63,106.52
20120,8003,72,3,32.52,97.56
20121,8004,40,2,18.82,37.64
20122,8004,7,5,12.56,62.800000000000004
20123,8005,51,2,106.25,212.5
20124,8005,89,1,17.62,17.62
20125,8006,69,4,59.02,236.08
20126,8007,113,4,30.74,122.96
20127,8007,2,1,41.73,41.73
20128,8007,8,5,20.12,100.60000000000001
20129,8008,19,4,40.19,160.76
20130,8008,5,3,86.2,258.6
20131,8008,74,5,59.68,298.4
20132,8008,75,4,34.81,139.24
20133,8009,89,4,18.81,75.24
20134,8009,25,3,64.83,194.49
20135,8009,82,2,18.33,36.66
20136,8010,21,1,66.58,66.58
20137,8010,119,1,42.75,42.75
20138,8010,31,2,25.47,50.94
20139,8010,6,2,73.94,147.88
20140,8011,23,2,68.92,137.84
20141,8011,62,1,12.23,12.23
20142,8012,86,2,35.78,71.56
20143,8012,51,3,102.48,307.44
20144,8012,39,3,8.26,24.78
20145,8013,24,3,42.75,128.25
20146,8013,15,5,18.45,92.25
20147,8013,107,4,66.11,264.44
20148,8013,90,3,19.74,59.22
20149,8014,18,4,17.42,69.68
20150,8014,19,5,39.48,197.39999999999998
20151,8014,61,2,49.37,98.74
20152,8015,43,5,39.05,195.25
20153,8016,24,2,42.93,85.86
20154,8016,53,5,42.03,210.15
20155,8016,53,3,44.41,133.23
20156,8016,70,4,72.92,291.68
20157,8017,95,4,104.95,419.8
20158,8018,34,2,44.76,89.52
20159,8019,85,3,72.5,217.5
20160,8020,88,2,37.98,75.96
20161,8020,85,2,66.98,133.96
20162,8020,112,5,60.73,303.65
20163,8021,26,5,20.34,101.7
20164,8021,89,1,18.59,18.59
20165,8021,3,1,31.54,31.54
20166,8021,41,5,56.39,281.95
20167,8022,87,4,29.53,118.12
20168,8022,112,4,62.25,249.0
20169,8022,13,2,41.83,83.66
20170,8023,88,3,40.33,120.99
20171,8023,47,3,25.41,76.23
20172,8024,65,1,15.0,15.0
20173,8024,102,5,19.64,98.2
20174,8025,103,5,13.52,67.6
20175,8025,50,3,39.71,119.13
20176,8025,106,1,47.77,47.77
20177,8026,56,4,24.54,98.16
20178,8027,28,2,24.56,49.12
20179,8028,115,4,37.43,149.72
20180,8028,44,1,17.5,17.5
20181,8029,110,4,68.34,273.36
20182,8029,111,3,38.7,116.10000000000001
20183,8030,11,3,26.73,80.19
20184,8030,86,5,36.41,182.04999999999998
20185,8030,105,1,14.48,14.48
20186,8031,25,5,66.14,330.7
20187,8031,60,5,30.23,151.15
20188,8031,119,5,42.8,214.0
20189,8032,96,3,73.71,221.13
20190,8033,41,1,54.24,54.24
20191,8034,43,5,41.36,206.8
20192,8035,14,4,75.89,303.56
20193,8035,115,4,35.38,141.52
20194,8036,106,2,50.74,101.48
20195,8036,96,4,76.04,304.16
20196,8036,49,1,22.31,22.31
20197,8037,54,4,60.9,243.6
20198,8037,46,4,14.11,56.44
20199,8038,44,5,17.7,88.5
20200,8039,8,5,21.51,107.55000000000001
20201,8040,26,4,19.77,79.08
20202,8040,74,4,61.59,246.36
20203,8040,34,3,43.55,130.64999999999998
20204,8041,19,4,40.07,160.28
20205,8041,54,2,58.6,117.2
20206,8042,97,4,45.33,181.32
20207,8042,43,2,39.6,79.2
20208,8042,91,5,29.25,146.25
20209,8042,78,1,17.8,17.8
20210,8043,40,1,19.21,19.21
20211,8043,77,2,22.83,45.66
20212,8043,62,3,12.5,37.5
20213,8044,24,1,46.46,46.46
20214,8044,52,3,47.21,141.63
20215,8045,32,1,21.5,21.5
20216,8046,66,4,93.75,375.0
20217,8046,6,2,76.4,152.8
20218,8046,10,5,74.31,371.55
20219,8047,46,4,13.2,52.8
20220,8047,62,5,12.4,62.0
20221,8048,57,1,68.87,68.87
20222,8048,10,3,73.85,221.54999999999998
20223,8048,13,4,39.17,156.68
20224,8049,13,2,42.46,84.92
20225,8049,11,5,26.65,133.25
20226,8050,100,5,37.05,185.25
20227,8051,33,3,109.59,328.77
20228,8051,96,5,78.01,390.05
20229,8051,59,2,20.28,40.56
20230,8051,120,5,29.88,149.4
20231,8052,119,4,39.59,158.36
20232,8053,73,1,9.69,9.69
20233,8053,110,4,68.62,274.48
20234,8053,49,5,22.27,111.35
20235,8054,48,2,52.66,105.32
20236,8055,15,4,19.34,77.36
20237,8055,67,2,29.02,58.04
20238,8055,80,5,9.87,49.349999999999994
20239,8055,68,5,24.91,124.55
20240,8056,28,3,22.23,66.69
20241,8056,42,3,27.91,83.73
20242,8057,31,1,26.26,26.26
20243,8057,103,5,13.86,69.3
20244,8057,17,4,50.62,202.48
20245,8058,35,3,59.01,177.03
20246,8059,40,2,20.21,40.42
20247,8059,52,1,48.31,48.31
20248,8059,37,2,10.66,21.32
20249,8059,109,4,19.94,79.76
20250,8060,61,2,48.43,96.86
20251,8061,42,5,26.27,131.35
20252,8062,41,5,51.82,259.1
20253,8062,62,1,12.41,12.41
20254,8063,44,5,17.08,85.39999999999999
20255,8063,105,2,14.33,28.66
20256,8063,15,3,18.98,56.94
20257,8064,40,3,20.72,62.16
20258,8064,52,2,48.03,96.06
20259,8065,116,5,89.97,449.85
20260,8065,36,2,20.78,41.56
20261,8066,25,5,65.4,327.0
20262,8067,48,5,50.66,253.29999999999998
20263,8067,83,4,36.0,144.0
20264,8067,119,4,39.3,157.2
20265,8068,8,4,21.71,86.84
20266,8068,78,4,17.17,68.68
20267,8069,65,1,14.45,14.45
20268,8069,41,2,51.4,102.8
20269,8069,20,3,37.26,111.78
20270,8069,79,3,20.14,60.42
20271,8070,76,4,13.42,53.68
20272,8070,16,5,35.44,177.2
20273,8071,75,2,36.89,73.78
20274,8071,62,5,12.53,62.65
20275,8071,50,1,42.2,42.2
20276,8072,64,5,45.03,225.15
20277,8072,111,3,37.46,112.38
20278,8073,53,5,41.53,207.65
20279,8074,107,5,69.71,348.54999999999995
20280,8074,4,1,28.82,28.82
20281,8074,89,5,17.9,89.5
20282,8075,90,5,19.16,95.8
20283,8075,87,3,31.11,93.33
20284,8075,45,3,46.55,139.64999999999998
20285,8076,9,3,35.28,105.84
20286,8076,7,3,13.68,41.04
20287,8076,39,4,8.73,34.92
20288,8076,15,1,18.82,18.82
20289,8077,25,1,68.33,68.33
20290,8077,3,1,29.06,29.06
20291,8077,47,3,23.64,70.92
20292,8078,110,3,67.87,203.61
20293,8078,14,4,74.3,297.2
20294,8078,44,2,17.02,34.04
20295,8079,39,1,8.33,8.33
20296,8080,53,2,45.04,90.08
20297,8080,69,5,59.09,295.45000000000005
20298,8080,111,3,38.03,114.09
20299,8080,20,3,35.77,107.31
20300,8081,37,1,10.07,10.07
20301,8082,13,5,42.24,211.20000000000002
20302,8082,6,1,76.69,76.69
20303,8082,85,3,70.9,212.70000000000002
20304,8083,35,5,61.83,309.15
20305,8083,30,2,18.64,37.28
20306,8083,54,3,62.52,187.56
20307,8084,58,2,56.21,112.42
20308,8084,53,2,44.84,89.68
20309,8084,101,5,58.64,293.2
20310,8084,82,4,18.85,75.4
20311,8085,46,3,13.46,40.38
20312,8085,24,4,44.94,179.76
20313,8086,12,3,39.83,119.49
20314,8086,85,5,66.58,332.9
20315,8087,95,4,102.71,410.84
20316,8088,84,2,46.06,92.12
20317,8088,89,5,18.16,90.8
20318,8089,77,3,20.93,62.79
20319,8089,74,5,58.48,292.4
20320,8089,116,1,96.07,96.07
20321,8089,65,4,15.42,61.68
20322,8090,109,4,20.31,81.24
20323,8091,91,2,28.98,57.96
20324,8091,54,4,58.01,232.04
20325,8091,43,1,38.07,38.07
20326,8091,20,1,34.34,34.34
20327,8092,40,3,19.31,57.92999999999999
20328,8093,63,5,47.31,236.55
20329,8093,76,1,12.92,12.92
20330,8094,102,2,17.94,35.88
20331,8094,20,5,36.69,183.45
20332,8095,20,3,36.7,110.10000000000001
20333,8095,76,5,12.98,64.9
20334,8095,2,2,45.28,90.56
20335,8095,105,3,15.19,45.57
20336,8096,26,2,19.51,39.02
20337,8096,62,1,12.29,12.29
20338,8096,10,5,78.77,393.84999999999997
20339,8097,10,2,78.17,156.34
20340,8097,108,1,18.73,18.73
20341,8097,80,2,10.38,20.76
20342,8097,114,3,32.23,96.69
20343,8098,105,2,14.15,28.3
20344,8098,119,2,41.4,82.8
20345,8098,24,4,42.5,170.0
20346,8098,88,4,37.04,148.16
20347,8099,74,5,57.42,287.1
20348,8099,26,1,20.79,20.79
20349,8099,24,1,43.19,43.19
20350,8100,47,5,25.11,125.55
20351,8100,99,5,19.47,97.35
20352,8100,56,4,23.32,93.28
20353,8101,31,5,24.76,123.80000000000001
20354,8101,70,4,71.56,286.24
20355,8101,76,5,13.29,66.44999999999999
20356,8102,75,3,35.98,107.94
20357,8102,71,3,18.09,54.269999999999996
20358,8102,46,3,13.49,40.47
20359,8103,45,2,47.63,95.26
20360,8103,46,2,14.01,28.02
20361,8103,109,3,20.69,62.07000000000001
20362,8103,52,4,47.76,191.04
20363,8104,109,4,19.31,77.24
20364,8104,38,1,114.35,114.35
20365,8105,41,2,53.52,107.04
20366,8105,43,2,39.35,78.7
20367,8105,42,3,26.48,79.44
20368,8106,40,4,20.6,82.4
20369,8106,79,5,21.83,109.14999999999999
20370,8107,116,4,96.24,384.96
20371,8107,35,1,61.17,61.17
20372,8108,37,4,10.49,41.96
20373,8108,37,2,9.97,19.94
20374,8109,30,4,18.47,73.88
20375,8110,3,1,31.02,31.02
20376,8110,1,2,17.99,35.98
20377,8110,12,3,39.06,117.18
20378,8110,18,2,18.17,36.34
20379,8111,79,3,20.89,62.67
20380,8111,16,3,34.2,102.60000000000001
20381,8112,39,1,8.64,8.64
20382,8112,56,2,23.49,46.98
20383,8112,10,3,73.8,221.39999999999998
20384,8113,58,3,55.74,167.22
20385,8114,112,1,60.73,60.73
20386,8114,1,5,16.36,81.8
20387,8114,36,4,22.02,88.08
20388,8115,11,4,26.37,105.48
20389,8116,26,5,19.05,95.25
20390,8116,101,4,57.62,230.48
20391,8116,63,1,49.89,49.89
20392,8117,42,2,25.64,51.28
20393,8117,100,4,37.9,151.6
20394,8118,111,2,36.93,73.86
20395,8119,105,3,14.47,43.410000000000004
20396,8119,62,3,11.53,34.589999999999996
20397,8120,37,3,9.73,29.19
20398,8121,62,1,11.43,11.43
20399,8122,90,3,19.84,59.519999999999996
20400,8122,53,4,44.24,176.96
20401,8122,63,4,49.66,198.64
20402,8122,93,4,23.98,95.92
20403,8123,72,4,34.27,137.08
20404,8123,91,1,29.94,29.94
20405,8123,53,3,44.96,134.88
20406,8123,97,4,49.76,199.04
20407,8124,22,2,60.28,120.56
20408,8124,84,2,49.04,98.08
20409,8124,99,2,19.67,39.34
20410,8124,51,1,107.43,107.43
20411,8125,66,5,89.11,445.55
20412,8126,74,3,61.83,185.49
20413,8126,49,2,21.81,43.62
20414,8126,58,5,61.35,306.75
20415,8127,82,5,19.15,95.75
20416,8127,90,1,18.51,18.51
20417,8127,52,2,48.18,96.36
20418,8128,107,5,72.38,361.9
20419,8128,102,3,18.52,55.56
20420,8129,88,3,39.42,118.26
20421,8129,17,4,48.94,195.76
20422,8129,47,4,24.29,97.16
20423,8130,4,1,30.54,30.54
20424,8130,112,2,62.06,124.12
20425,8131,69,3,58.93,176.79
20426,8131,40,1,19.88,19.88
20427,8131,31,2,25.48,50.96
20428,8131,82,1,19.11,19.11
20429,8132,15,2,19.67,39.34
20430,8133,44,3,17.63,52.89
20431,8133,4,3,29.8,89.4
20432,8134,90,3,19.82,59.46
20433,8134,93,2,22.8,45.6
20434,8134,90,4,18.03,72.12
20435,8134,116,3,94.55,283.65
20436,8135,59,1,20.31,20.31
20437,8136,74,4,59.1,236.4
20438,8136,104,4,42.08,168.32
20439,8136,93,4,23.0,92.0
20440,8136,56,3,22.5,67.5
20441,8137,101,2,54.24,108.48
20442,8137,93,4,24.26,97.04
20443,8137,97,2,47.41,94.82
20444,8138,59,2,20.06,40.12
20445,8138,40,5,19.12,95.60000000000001
20446,8138,94,3,27.98,83.94
20447,8138,1,5,17.03,85.15
20448,8139,106,2,50.56,101.12
20449,8139,76,5,12.57,62.85
20450,8139,100,5,39.21,196.05
20451,8140,114,4,31.05,124.2
20452,8140,88,2,38.17,76.34
20453,8140,107,3,71.64,214.92000000000002
20454,8140,77,3,20.79,62.37
20455,8141,1,3,17.08,51.239999999999995
20456,8141,46,2,13.37,26.74
20457,8141,109,4,19.59,78.36
20458,8141,28,4,23.22,92.88
20459,8142,2,1,45.38,45.38
20460,8142,51,4,104.45,417.8
20461,8142,64,1,44.8,44.8
20462,8142,60,5,31.24,156.2
20463,8143,103,2,12.96,25.92
20464,8144,22,4,59.18,236.72
20465,8144,50,4,39.46,157.84
20466,8144,72,4,31.46,125.84
20467,8144,83,2,35.73,71.46
20468,8145,101,5,56.95,284.75
20469,8145,28,1,23.31,23.31
20470,8146,107,1,66.74,66.74
20471,8146,117,1,56.55,56.55
20472,8146,119,1,40.78,40.78
20473,8146,6,5,69.36,346.8
20474,8147,45,1,43.78,43.78
20475,8148,76,4,12.55,50.2
20476,8149,35,3,61.2,183.60000000000002
20477,8149,5,3,86.94,260.82
20478,8149,32,1,21.76,21.76
20479,8150,6,1,70.77,70.77
20480,8151,89,3,18.66,55.980000000000004
20481,8151,33,4,105.78,423.12
20482,8152,80,4,10.23,40.92
20483,8152,2,4,44.89,179.56
20484,8153,96,3,77.76,233.28000000000003
20485,8154,25,1,69.79,69.79
20486,8154,29,5,11.39,56.95
20487,8154,19,2,39.2,78.4
20488,8155,10,4,78.36,313.44
20489,8155,110,4,65.23,260.92
20490,8155,113,5,31.16,155.8
20491,8156,5,5,94.23,471.15000000000003
20492,8156,33,5,107.87,539.35
20493,8156,74,2,59.55,119.1
20494,8157,68,4,26.92,107.68
20495,8157,81,3,77.69,233.07
20496,8158,109,3,21.12,63.36
20497,8159,99,4,18.78,75.12
20498,8160,38,5,116.81,584.05
20499,8160,45,3,45.41,136.23
20500,8161,41,1,54.29,54.29
20501,8162,22,2,59.48,118.96
20502,8162,69,2,59.89,119.78
20503,8162,15,5,19.1,95.5
20504,8163,14,5,79.17,395.85
20505,8163,18,3,16.53,49.59
20506,8163,90,1,18.56,18.56
20507,8163,63,4,45.63,182.52
20508,8164,37,5,10.42,52.1
20509,8164,72,3,32.27,96.81
20510,8165,87,2,32.27,64.54
20511,8165,95,1,101.86,101.86
20512,8165,56,4,23.23,92.92
20513,8166,97,3,49.82,149.46
20514,8166,39,2,8.05,16.1
20515,8166,102,2,18.1,36.2
20516,8166,24,4,45.56,182.24
20517,8167,20,1,33.9,33.9
20518,8167,92,4,8.26,33.04
20519,8168,90,1,18.43,18.43
20520,8169,106,5,50.04,250.2
20521,8169,9,5,33.12,165.6
20522,8170,109,1,21.07,21.07
20523,8171,106,5,47.88,239.4
20524,8171,68,3,27.33,81.99
20525,8171,64,1,45.65,45.65
20526,8171,19,2,40.53,81.06
20527,8172,77,4,22.33,89.32
20528,8172,93,1,24.49,24.49
20529,8172,75,3,36.58,109.74
20530,8172,27,2,50.49,100.98
20531,8173,67,3,28.79,86.37
20532,8174,20,1,37.13,37.13
20533,8174,63,1,49.48,49.48
20534,8175,106,5,50.8,254.0
20535,8176,111,5,39.18,195.9
20536,8176,87,5,30.9,154.5
20537,8176,42,3,25.77,77.31
20538,8176,42,5,25.66,128.3
20539,8177,94,4,27.31,109.24
20540,8177,2,3,42.77,128.31
20541,8177,44,5,16.4,82.0
20542,8177,67,5,26.58,132.89999999999998
20543,8178,6,5,70.05,350.25
20544,8178,97,5,48.76,243.79999999999998
20545,8179,46,1,13.07,13.07
20546,8179,101,5,57.92,289.6
20547,8179,19,2,37.08,74.16
20548,8180,5,4,86.19,344.76
20549,8180,53,3,45.25,135.75
20550,8180,116,2,95.84,191.68
20551,8181,10,3,76.57,229.70999999999998
20552,8181,16,3,33.51,100.53
20553,8181,95,5,100.48,502.40000000000003
20554,8181,14,5,74.41,372.04999999999995
20555,8182,71,3,18.51,55.53
20556,8182,6,1,73.25,73.25
20557,8182,5,4,93.21,372.84
20558,8182,47,5,24.72,123.6
20559,8183,78,3,17.66,52.980000000000004
20560,8183,72,2,33.76,67.52
20561,8183,115,2,35.66,71.32
20562,8184,7,3,12.81,38.43
20563,8184,8,2,20.44,40.88
20564,8185,94,2,26.09,52.18
20565,8185,43,2,38.17,76.34
20566,8185,26,1,20.37,20.37
20567,8186,108,4,18.86,75.44
20568,8186,39,2,8.32,16.64
20569,8186,5,1,94.44,94.44
20570,8187,3,4,29.94,119.76
20571,8187,111,2,37.95,75.9
20572,8187,20,1,35.52,35.52
20573,8188,119,4,42.54,170.16
20574,8189,24,4,46.94,187.76
20575,8190,47,1,25.5,25.5
20576,8190,8,4,20.31,81.24
20577,8190,56,3,24.37,73.11
20578,8191,116,1,96.07,96.07
20579,8191,119,3,40.87,122.60999999999999
20580,8191,45,5,45.74,228.70000000000002
20581,8191,8,1,19.81,19.81
20582,8192,83,3,38.04,114.12
20583,8192,39,1,8.08,8.08
20584,8192,105,2,14.49,28.98
20585,8192,8,4,21.28,85.12
20586,8193,12,3,39.58,118.74
20587,8193,90,3,19.44,58.32000000000001
20588,8193,79,3,21.33,63.989999999999995
20589,8194,79,4,20.6,82.4
20590,8194,66,3,97.33,291.99
20591,8194,104,4,43.36,173.44
20592,8194,81,5,83.52,417.59999999999997
20593,8195,23,3,69.05,207.14999999999998
20594,8196,97,1,46.93,46.93
20595,8196,66,3,92.77,278.31
20596,8196,22,4,61.42,245.68
20597,8196,86,2,38.0,76.0
20598,8197,82,2,17.9,35.8
20599,8198,34,1,44.77,44.77
20600,8198,23,5,72.5,362.5
20601,8199,107,1,65.88,65.88
20602,8199,103,5,14.07,70.35
20603,8200,24,3,46.63,139.89000000000001
20604,8201,83,4,34.75,139.0
20605,8201,15,3,19.59,58.769999999999996
20606,8202,110,1,64.2,64.2
20607,8202,34,1,44.76,44.76
20608,8202,21,2,63.61,127.22
20609,8203,96,3,77.53,232.59
20610,8204,116,5,89.18,445.90000000000003
20611,8205,86,5,36.6,183.0
20612,8205,108,1,19.73,19.73
20613,8206,107,1,65.56,65.56
20614,8207,36,5,20.46,102.30000000000001
20615,8207,75,4,37.32,149.28
20616,8207,83,2,37.98,75.96
20617,8207,111,3,38.14,114.42
20618,8208,65,1,15.12,15.12
20619,8208,66,4,96.33,385.32
20620,8209,99,5,18.58,92.89999999999999
20621,8209,111,2,35.85,71.7
20622,8209,8,1,20.9,20.9
20623,8210,105,5,14.71,73.55000000000001
20624,8210,47,3,24.46,73.38
20625,8210,57,2,69.17,138.34
20626,8211,52,1,49.92,49.92
20627,8211,1,4,16.36,65.44
20628,8212,69,5,61.37,306.84999999999997
20629,8212,119,4,39.34,157.36
20630,8213,87,5,30.33,151.64999999999998
20631,8214,60,4,29.71,118.84
20632,8214,3,4,29.14,116.56
20633,8214,89,3,17.23,51.69
20634,8214,81,5,82.93,414.65000000000003
20635,8215,55,4,34.81,139.24
20636,8215,44,3,17.88,53.64
20637,8215,44,4,18.03,72.12
20638,8215,26,5,20.56,102.8
20639,8216,43,4,40.32,161.28
20640,8216,20,3,35.7,107.10000000000001
20641,8216,43,4,40.69,162.76
20642,8217,113,5,29.37,146.85
20643,8217,70,4,66.84,267.36
20644,8217,70,3,66.29,198.87
20645,8218,97,5,48.95,244.75
20646,8218,106,2,48.26,96.52
20647,8218,69,5,64.81,324.05
20648,8218,44,3,17.32,51.96
20649,8219,64,1,46.57,46.57
20650,8220,105,1,14.82,14.82
20651,8220,37,5,9.78,48.9
20652,8220,118,2,22.8,45.6
20653,8221,56,4,22.51,90.04
20654,8221,88,4,36.7,146.8
20655,8221,22,3,60.8,182.39999999999998
20656,8221,119,3,40.23,120.69
20657,8222,90,4,18.76,75.04
20658,8222,108,4,19.17,76.68
20659,8222,94,2,25.65,51.3
20660,8222,52,4,45.04,180.16
20661,8223,29,3,11.88,35.64
20662,8223,97,4,46.66,186.64
20663,8224,69,2,59.24,118.48
20664,8224,30,1,18.91,18.91
20665,8224,35,5,61.88,309.40000000000003
20666,8225,23,5,71.14,355.7
20667,8225,118,3,22.32,66.96000000000001
20668,8226,85,4,68.03,272.12
20669,8227,36,1,21.23,21.23
20670,8227,26,4,19.52,78.08
20671,8228,104,4,44.82,179.28
20672,8228,87,1,29.87,29.87
20673,8229,85,4,68.6,274.4
20674,8229,8,1,21.62,21.62
20675,8229,116,4,93.2,372.8
20676,8229,53,4,43.06,172.24
20677,8230,87,2,29.77,59.54
20678,8230,22,5,60.85,304.25
20679,8231,74,4,59.33,237.32
20680,8231,12,5,37.63,188.15
20681,8231,56,5,23.66,118.3
20682,8231,29,4,11.49,45.96
20683,8232,57,1,66.95,66.95
20684,8232,105,5,14.89,74.45
20685,8232,1,3,17.77,53.31
20686,8232,56,3,23.58,70.74
20687,8233,120,2,29.94,59.88
20688,8233,117,3,58.06,174.18
20689,8233,69,3,61.41,184.23
20690,8234,80,1,10.71,10.71
20691,8234,71,4,18.61,74.44
20692,8235,55,1,36.49,36.49
20693,8235,22,5,62.43,312.15
20694,8236,98,3,63.05,189.14999999999998
20695,8236,52,3,47.38,142.14000000000001
20696,8236,105,3,14.25,42.75
20697,8236,27,5,53.36,266.8
20698,8237,24,4,46.06,184.24
20699,8237,27,5,48.31,241.55
20700,8238,79,5,20.26,101.30000000000001
20701,8238,66,5,95.77,478.84999999999997
20702,8239,79,5,21.61,108.05
20703,8239,29,3,10.91,32.730000000000004
20704,8240,44,2,17.25,34.5
20705,8240,80,1,10.39,10.39
20706,8241,61,2,47.3,94.6
20707,8241,46,4,13.8,55.2
20708,8242,39,3,7.92,23.759999999999998
20709,8243,46,4,13.6,54.4
20710,8243,34,3,44.11,132.32999999999998
20711,8243,85,3,70.55,211.64999999999998
20712,8243,20,2,35.67,71.34
20713,8244,81,5,76.45,382.25
20714,8244,10,3,79.58,238.74
20715,8244,49,1,22.52,22.52
20716,8244,60,2,29.29,58.58
20717,8245,112,5,62.28,311.4
20718,8245,80,2,10.44,20.88
20719,8245,40,5,20.8,104.0
20720,8246,45,2,47.41,94.82
20721,8246,87,4,31.43,125.72
20722,8246,105,3,14.86,44.58
20723,8246,96,5,74.08,370.4
20724,8247,109,2,19.87,39.74
20725,8247,27,2,50.15,100.3
20726,8248,60,2,29.79,59.58
20727,8248,57,2,69.74,139.48
20728,8248,51,2,105.05,210.1
20729,8249,3,1,30.13,30.13
20730,8249,27,3,52.34,157.02
20731,8249,40,2,20.87,41.74
20732,8249,50,1,41.65,41.65
20733,8250,33,1,102.66,102.66
20734,8251,43,1,40.76,40.76
20735,8252,93,1,22.56,22.56
20736,8252,40,5,20.07,100.35
20737,8252,27,1,49.75,49.75
20738,8252,56,5,22.55,112.75
20739,8253,4,4,29.29,117.16
20740,8254,28,2,22.52,45.04
20741,8254,3,2,30.73,61.46
20742,8254,9,1,35.93,35.93
20743,8254,92,4,8.56,34.24
20744,8255,3,1,31.03,31.03
20745,8255,18,4,16.61,66.44
20746,8256,22,3,57.57,172.71
20747,8256,78,4,17.52,70.08
20748,8256,40,5,20.46,102.30000000000001
20749,8257,25,5,65.71,328.54999999999995
20750,8257,89,1,17.87,17.87
20751,8257,27,4,53.39,213.56
20752,8257,113,3,31.96,95.88
20753,8258,97,4,47.12,188.48
20754,8258,107,1,68.41,68.41
20755,8258,82,1,18.38,18.38
20756,8259,34,1,43.43,43.43
20757,8260,79,1,21.34,21.34
20758,8260,91,1,30.04,30.04
20759,8260,112,4,59.76,239.04
20760,8261,7,2,12.52,25.04
20761,8262,105,5,14.65,73.25
20762,8262,98,4,61.46,245.84
20763,8262,102,3,19.4,58.199999999999996
20764,8262,25,2,65.55,131.1
20765,8263,17,5,47.55,237.75
20766,8263,80,4,10.68,42.72
20767,8264,20,5,34.05,170.25
20768,8264,23,2,67.91,135.82
20769,8264,118,5,23.88,119.39999999999999
20770,8264,110,2,65.06,130.12
20771,8265,70,4,69.35,277.4
20772,8265,78,5,17.64,88.2
20773,8265,66,5,91.58,457.9
20774,8265,90,2,18.75,37.5
20775,8266,61,4,50.17,200.68
20776,8266,74,4,58.64,234.56
20777,8267,89,3,18.41,55.230000000000004
20778,8267,96,3,76.32,228.95999999999998
20779,8268,72,1,33.63,33.63
20780,8268,89,1,17.67,17.67
20781,8268,18,5,17.79,88.94999999999999
20782,8268,7,1,13.3,13.3
20783,8269,13,2,42.74,85.48
20784,8269,90,4,18.43,73.72
20785,8269,37,1,9.77,9.77
20786,8270,95,5,103.57,517.8499999999999
20787,8270,105,4,14.85,59.4
20788,8270,85,3,69.81,209.43
20789,8271,49,2,22.83,45.66
20790,8271,13,1,39.62,39.62
20791,8271,105,3,13.95,41.849999999999994
20792,8271,41,4,51.69,206.76
20793,8272,69,5,61.75,308.75
20794,8272,87,2,30.83,61.66
20795,8273,112,4,65.22,260.88
20796,8273,63,1,46.71,46.71
20797,8273,107,1,66.08,66.08
20798,8274,88,1,38.23,38.23
20799,8274,46,1,13.77,13.77
20800,8275,42,2,26.84,53.68
20801,8276,67,3,28.95,86.85
20802,8276,86,1,37.14,37.14
20803,8277,86,1,35.62,35.62
20804,8278,89,2,18.65,37.3
20805,8278,6,1,72.15,72.15
20806,8278,51,4,99.57,398.28
20807,8278,20,2,34.69,69.38
20808,8279,5,4,89.79,359.16
20809,8279,88,1,40.17,40.17
20810,8280,119,2,38.88,77.76
20811,8280,110,5,70.41,352.04999999999995
20812,8280,105,2,13.85,27.7
20813,8280,37,2,10.39,20.78
20814,8281,19,1,37.68,37.68
20815,8281,48,3,50.81,152.43
20816,8281,53,4,45.2,180.8
20817,8281,105,4,14.62,58.48
20818,8282,39,1,8.61,8.61
20819,8282,32,2,21.47,42.94
20820,8283,118,1,22.78,22.78
20821,8283,112,2,60.38,120.76
20822,8283,86,5,38.79,193.95
20823,8283,17,2,50.13,100.26
20824,8284,68,3,26.25,78.75
20825,8285,31,5,25.39,126.95
20826,8286,19,5,37.5,187.5
20827,8286,5,2,90.47,180.94
20828,8286,39,3,8.01,24.03
20829,8286,12,4,36.63,146.52
20830,8287,11,5,27.97,139.85
20831,8287,31,4,26.55,106.2
20832,8288,58,4,55.77,223.08
20833,8289,79,3,21.73,65.19
20834,8290,105,1,15.11,15.11
20835,8290,25,4,70.94,283.76
20836,8290,95,2,102.33,204.66
20837,8290,113,1,31.82,31.82
20838,8291,93,3,23.77,71.31
20839,8291,42,1,27.04,27.04
20840,8292,38,4,108.42,433.68
20841,8292,63,4,47.28,189.12
20842,8293,100,3,37.03,111.09
20843,8293,80,2,10.84,21.68
20844,8294,55,3,34.2,102.60000000000001
20845,8295,17,5,52.26,261.3
20846,8295,81,2,82.96,165.92
20847,8295,83,3,35.49,106.47
20848,8295,61,3,47.41,142.23
20849,8296,15,1,19.25,19.25
20850,8297,54,3,57.27,171.81
20851,8297,100,2,39.28,78.56
20852,8298,115,5,36.33,181.64999999999998
20853,8298,59,3,19.14,57.42
20854,8298,102,3,19.25,57.75
20855,8298,11,5,27.54,137.7
20856,8299,9,2,35.74,71.48
20857,8300,85,2,72.65,145.3
20858,8300,117,2,57.45,114.9
20859,8300,10,1,77.14,77.14
20860,8301,18,5,17.06,85.3
20861,8301,117,4,59.74,238.96
20862,8301,115,4,35.57,142.28
20863,8302,55,3,34.23,102.69
20864,8302,6,4,75.31,301.24
20865,8302,46,4,13.31,53.24
20866,8303,81,1,79.72,79.72
20867,8303,38,3,117.54,352.62
20868,8303,40,5,19.37,96.85000000000001
20869,8303,54,2,60.33,120.66
20870,8304,55,3,33.96,101.88
20871,8305,94,3,25.91,77.73
20872,8305,60,5,29.34,146.7
20873,8306,63,5,46.54,232.7
20874,8306,49,4,21.82,87.28
20875,8307,78,2,17.1,34.2
20876,8307,84,5,47.2,236.0
20877,8307,7,3,12.53,37.589999999999996
20878,8307,5,4,85.79,343.16
20879,8308,103,2,13.86,27.72
20880,8308,6,1,75.43,75.43
20881,8309,64,1,46.51,46.51
20882,8309,101,2,53.67,107.34
20883,8310,63,2,47.62,95.24
20884,8310,11,5,26.17,130.85000000000002
20885,8311,31,5,26.14,130.7
20886,8311,19,5,39.7,198.5
20887,8311,10,5,76.17,380.85
20888,8312,43,3,38.56,115.68
20889,8312,41,4,53.36,213.44
20890,8312,79,2,20.93,41.86
20891,8313,99,3,19.58,58.739999999999995
20892,8313,70,5,67.79,338.95000000000005
20893,8313,66,4,93.95,375.8
20894,8314,97,5,49.27,246.35000000000002
20895,8314,32,1,21.77,21.77
20896,8314,58,3,58.07,174.21
20897,8315,72,1,31.95,31.95
20898,8315,97,1,48.05,48.05
20899,8315,43,1,39.26,39.26
20900,8315,61,4,49.21,196.84
20901,8316,27,4,51.54,206.16
20902,8316,38,3,114.31,342.93
20903,8316,89,3,18.28,54.84
20904,8316,102,5,17.97,89.85
20905,8317,21,1,63.41,63.41
20906,8317,119,2,40.26,80.52
20907,8317,71,3,18.55,55.650000000000006
20908,8318,119,2,38.98,77.96
20909,8318,89,5,17.58,87.89999999999999
20910,8318,16,2,35.22,70.44
20911,8318,8,3,21.14,63.42
20912,8319,110,3,69.86,209.57999999999998
20913,8319,84,3,47.05,141.14999999999998
20914,8320,104,1,43.13,43.13
20915,8321,2,2,43.28,86.56
20916,8321,19,5,38.48,192.39999999999998
20917,8321,98,1,59.93,59.93
20918,8321,102,5,18.93,94.65
20919,8322,34,2,44.97,89.94
20920,8322,119,4,39.26,157.04
20921,8322,19,2,37.22,74.44
20922,8322,37,1,10.25,10.25
20923,8323,16,3,33.74,101.22
20924,8324,69,3,63.82,191.46
20925,8324,53,5,44.06,220.3
20926,8325,73,1,10.08,10.08
20927,8325,35,2,59.54,119.08
20928,8326,64,5,44.72,223.6
20929,8326,57,2,72.38,144.76
20930,8326,35,1,59.06,59.06
20931,8327,102,2,19.76,39.52
20932,8327,104,3,42.83,128.49
20933,8328,13,2,39.63,79.26
20934,8328,36,1,21.47,21.47
20935,8328,32,3,23.17,69.51
20936,8329,34,1,47.19,47.19
20937,8329,14,4,71.84,287.36
20938,8329,47,2,23.44,46.88
20939,8330,77,4,22.27,89.08
20940,8330,45,3,47.01,141.03
20941,8330,75,1,35.28,35.28
20942,8330,9,5,35.19,175.95
20943,8331,102,4,18.73,74.92
20944,8331,63,1,47.53,47.53
20945,8331,88,2,39.79,79.58
20946,8331,59,4,20.67,82.68
20947,8332,84,1,47.94,47.94
20948,8332,68,1,25.37,25.37
20949,8333,20,5,35.29,176.45
20950,8333,28,4,23.95,95.8
20951,8333,99,5,17.85,89.25
20952,8334,41,5,54.27,271.35
20953,8334,1,2,17.48,34.96
20954,8334,63,5,48.11,240.55
20955,8335,86,4,37.38,149.52
20956,8335,103,4,13.42,53.68
20957,8336,98,4,61.9,247.6
20958,8336,114,1,32.0,32.0
20959,8336,28,5,24.46,122.30000000000001
20960,8336,86,1,35.6,35.6
20961,8337,38,1,118.09,118.09
20962,8338,106,5,52.19,260.95
20963,8338,30,2,19.55,39.1
20964,8338,86,1,38.64,38.64
20965,8338,99,4,18.67,74.68
20966,8339,72,2,31.97,63.94
20967,8339,51,1,104.11,104.11
20968,8339,56,1,24.15,24.15
20969,8339,44,5,17.29,86.44999999999999
20970,8340,14,1,78.18,78.18
20971,8340,61,2,49.17,98.34
20972,8341,73,4,9.45,37.8
20973,8341,88,4,39.69,158.76
20974,8342,8,3,19.81,59.42999999999999
20975,8343,80,1,10.83,10.83
20976,8344,35,2,59.22,118.44
20977,8345,85,4,68.2,272.8
20978,8345,60,3,29.62,88.86
20979,8345,114,1,34.0,34.0
20980,8345,14,5,76.59,382.95000000000005
20981,8346,31,1,25.39,25.39
20982,8346,87,4,30.11,120.44
20983,8346,25,1,70.65,70.65
20984,8346,31,3,24.83,74.49
20985,8347,78,4,17.47,69.88
20986,8347,62,1,12.38,12.38
20987,8347,18,1,17.11,17.11
20988,8347,40,4,20.11,80.44
20989,8348,78,2,17.49,34.98
20990,8348,8,2,20.09,40.18
20991,8349,115,5,38.67,193.35000000000002
20992,8349,48,2,50.21,100.42
20993,8350,56,2,23.69,47.38
20994,8350,79,4,21.4,85.6
20995,8350,26,1,19.15,19.15
20996,8350,68,3,25.1,75.30000000000001
20997,8351,120,4,30.43,121.72
20998,8351,116,1,91.79,91.79
20999,8351,46,1,13.97,13.97
21000,8352,119,5,38.92,194.60000000000002
21001,8353,14,4,77.5,310.0
21002,8353,108,2,19.84,39.68
21003,8353,50,3,41.21,123.63
21004,8353,38,2,110.55,221.1
21005,8354,11,5,26.04,130.2
21006,8355,75,4,34.64,138.56
21007,8356,10,2,75.08,150.16
21008,8356,88,1,37.36,37.36
21009,8356,6,3,69.33,207.99
21010,8356,63,5,45.73,228.64999999999998
21011,8357,55,5,35.64,178.2
21012,8357,119,1,39.86,39.86
21013,8357,56,4,24.15,96.6
21014,8357,38,3,109.73,329.19
21015,8358,89,2,17.26,34.52
21016,8358,105,3,14.31,42.93
21017,8358,66,1,95.24,95.24
21018,8359,91,1,31.4,31.4
21019,8359,104,3,45.46,136.38
21020,8360,56,1,23.63,23.63
21021,8361,105,3,14.25,42.75
21022,8361,97,5,49.84,249.20000000000002
21023,8362,21,2,63.56,127.12
21024,8362,52,4,46.1,184.4
21025,8362,5,4,91.15,364.6
21026,8363,93,1,24.05,24.05
21027,8364,85,2,73.19,146.38
21028,8364,5,2,89.13,178.26
21029,8364,2,5,42.96,214.8
21030,8365,73,3,10.09,30.27
21031,8366,48,4,53.87,215.48
21032,8366,6,1,73.52,73.52
21033,8367,7,4,12.51,50.04
21034,8368,104,3,44.36,133.07999999999998
21035,8369,56,4,23.06,92.24
21036,8369,91,3,30.17,90.51
21037,8370,54,1,58.15,58.15
21038,8370,111,4,38.23,152.92
21039,8370,102,2,19.85,39.7
21040,8371,109,2,20.59,41.18
21041,8371,78,5,16.54,82.69999999999999
21042,8371,2,1,43.14,43.14
21043,8371,49,5,23.07,115.35
21044,8372,12,3,39.4,118.19999999999999
21045,8373,62,1,12.54,12.54
21046,8373,58,5,58.32,291.6
21047,8373,66,5,98.21,491.04999999999995
21048,8374,113,5,32.33,161.64999999999998
21049,8374,28,2,24.05,48.1
21050,8374,105,5,15.06,75.3
21051,8374,94,4,26.98,107.92
21052,8375,54,2,57.0,114.0
21053,8375,57,5,69.01,345.05
21054,8376,48,3,51.64,154.92000000000002
21055,8376,77,2,20.85,41.7
21056,8376,93,4,22.87,91.48
21057,8376,4,1,28.87,28.87
21058,8377,120,2,30.11,60.22
21059,8377,14,3,75.42,226.26
21060,8378,19,3,37.14,111.42
21061,8379,71,4,18.88,75.52
21062,8379,13,5,40.4,202.0
21063,8380,90,3,18.69,56.07000000000001
21064,8380,27,3,51.45,154.35000000000002
21065,8381,39,4,8.72,34.88
21066,8381,72,3,32.37,97.10999999999999
21067,8381,114,5,32.08,160.39999999999998
21068,8382,24,2,45.04,90.08
21069,8383,102,1,18.31,18.31
21070,8383,79,4,20.18,80.72
21071,8383,63,5,47.72,238.6
21072,8384,106,2,52.51,105.02
21073,8384,77,1,21.79,21.79
21074,8384,98,3,60.13,180.39000000000001
21075,8384,72,5,31.43,157.15
21076,8385,58,2,59.0,118.0
21077,8385,37,4,10.22,40.88
21078,8386,33,2,103.3,206.6
21079,8387,8,5,21.45,107.25
21080,8387,35,2,59.0,118.0
21081,8387,97,5,48.97,244.85
21082,8388,36,3,21.59,64.77
21083,8388,56,1,22.3,22.3
21084,8388,46,5,14.41,72.05
21085,8389,102,4,18.31,73.24
21086,8389,70,1,69.68,69.68
21087,8390,45,2,44.61,89.22
21088,8390,112,5,62.93,314.65
21089,8390,2,2,43.64,87.28
21090,8390,16,5,36.28,181.4
21091,8391,16,3,36.03,108.09
21092,8391,12,1,37.39,37.39
21093,8391,19,3,38.5,115.5
21094,8391,83,1,38.08,38.08
21095,8392,88,4,38.93,155.72
21096,8393,10,1,78.14,78.14
21097,8393,4,4,29.42,117.68
21098,8393,109,1,21.2,21.2
21099,8394,99,2,18.8,37.6
21100,8394,95,1,105.74,105.74
21101,8394,83,2,35.37,70.74
21102,8395,51,4,102.26,409.04
21103,8396,39,5,8.71,43.550000000000004
21104,8397,40,4,20.14,80.56
21105,8398,63,4,47.53,190.12
21106,8398,6,5,75.2,376.0
21107,8399,112,3,64.96,194.88
21108,8399,117,1,59.76,59.76
21109,8400,9,2,35.72,71.44
21110,8400,63,5,46.31,231.55
21111,8400,44,5,16.63,83.14999999999999
21112,8401,46,5,13.03,65.14999999999999
21113,8401,47,2,23.51,47.02
21114,8401,63,1,49.07,49.07
21115,8401,116,5,93.7,468.5
21116,8402,89,5,18.46,92.30000000000001
21117,8402,118,3,22.83,68.49
21118,8403,33,5,102.73,513.65
21119,8403,101,4,54.02,216.08
21120,8403,50,5,40.99,204.95000000000002
21121,8403,46,2,14.27,28.54
21122,8404,7,3,13.06,39.18
21123,8404,107,1,69.44,69.44
21124,8404,14,4,78.56,314.24
21125,8405,59,2,20.33,40.66
21126,8405,117,5,59.93,299.65
21127,8405,78,3,17.72,53.16
21128,8405,15,4,18.69,74.76
21129,8406,112,4,65.43,261.72
21130,8406,72,5,34.12,170.6
21131,8407,30,3,19.3,57.900000000000006
21132,8407,32,2,21.8,43.6
21133,8407,104,4,42.55,170.2
21134,8408,71,3,17.77,53.31
21135,8408,48,1,51.01,51.01
21136,8408,36,4,20.43,81.72
21137,8408,105,5,14.45,72.25
21138,8409,43,4,41.69,166.76
21139,8409,66,3,92.72,278.15999999999997
21140,8409,10,2,74.41,148.82
21141,8409,30,2,18.73,37.46
21142,8410,95,4,100.3,401.2
21143,8410,92,3,8.04,24.119999999999997
21144,8411,119,5,39.68,198.4
21145,8411,14,3,78.14,234.42000000000002
21146,8412,63,4,49.0,196.0
21147,8413,18,5,17.81,89.05
21148,8413,90,4,18.2,72.8
21149,8413,18,2,18.27,36.54
21150,8414,15,5,19.98,99.9
21151,8414,101,4,57.23,228.92
21152,8414,16,3,36.13,108.39000000000001
21153,8415,105,4,14.91,59.64
21154,8415,90,5,18.12,90.60000000000001
21155,8416,69,5,62.53,312.65
21156,8417,18,4,17.03,68.12
21157,8417,34,1,44.82,44.82
21158,8417,25,3,69.92,209.76
21159,8417,48,4,52.36,209.44
21160,8418,25,1,68.69,68.69
21161,8418,23,2,74.42,148.84
21162,8418,40,1,19.37,19.37
21163,8418,1,2,17.94,35.88
21164,8419,109,3,20.65,61.949999999999996
21165,8419,101,3,53.51,160.53
21166,8419,33,4,103.97,415.88
21167,8419,24,2,43.18,86.36
21168,8420,105,2,13.9,27.8
21169,8420,10,3,77.44,232.32
21170,8421,92,1,8.69,8.69
21171,8421,16,2,35.16,70.32
21172,8421,10,4,74.63,298.52
21173,8422,112,5,59.33,296.65
21174,8422,66,4,93.64,374.56
21175,8422,44,5,16.59,82.95
21176,8422,6,1,75.41,75.41
21177,8423,78,1,16.68,16.68
21178,8423,68,5,27.28,136.4
21179,8423,4,1,28.03,28.03
21180,8423,86,5,35.68,178.4
21181,8424,64,3,41.95,125.85000000000001
21182,8424,103,1,14.18,14.18
21183,8425,90,4,18.8,75.2
21184,8425,72,5,33.63,168.15
21185,8425,8,4,20.02,80.08
21186,8425,26,5,18.94,94.7
21187,8426,36,2,20.44,40.88
21188,8426,114,5,31.14,155.7
21189,8426,39,3,7.91,23.73
21190,8427,63,4,45.47,181.88
21191,8428,107,1,68.43,68.43
21192,8429,4,2,28.97,57.94
21193,8429,80,1,10.31,10.31
21194,8430,107,5,69.82,349.09999999999997
21195,8430,104,2,43.28,86.56
21196,8430,61,3,47.91,143.73
21197,8430,46,4,14.43,57.72
21198,8431,23,2,71.84,143.68
21199,8431,71,4,18.57,74.28
21200,8431,108,4,20.04,80.16
21201,8432,63,1,46.26,46.26
21202,8432,80,2,10.01,20.02
21203,8432,34,1,44.31,44.31
21204,8433,89,2,17.72,35.44
21205,8433,51,1,109.61,109.61
21206,8433,44,4,17.8,71.2
21207,8434,30,3,19.03,57.09
21208,8434,79,3,20.95,62.849999999999994
21209,8434,2,1,45.14,45.14
21210,8434,112,4,62.67,250.68
21211,8435,117,4,58.59,234.36
21212,8435,115,4,35.19,140.76
21213,8435,115,4,36.68,146.72
21214,8436,101,3,54.48,163.44
21215,8436,99,4,17.87,71.48
21216,8437,51,2,100.02,200.04
21217,8437,21,2,65.81,131.62
21218,8438,1,3,17.13,51.39
21219,8438,3,3,31.67,95.01
21220,8438,85,1,70.63,70.63
21221,8439,24,2,42.79,85.58
21222,8440,19,1,39.05,39.05
21223,8440,105,3,14.62,43.86
21224,8440,19,4,40.51,162.04
21225,8440,19,1,41.03,41.03
21226,8441,57,4,68.57,274.28
21227,8441,29,1,11.07,11.07
21228,8441,9,3,34.59,103.77000000000001
21229,8441,83,1,35.49,35.49
21230,8442,63,1,46.52,46.52
21231,8442,58,4,56.42,225.68
21232,8443,29,5,11.55,57.75
21233,8443,79,5,21.46,107.30000000000001
21234,8443,68,5,25.81,129.04999999999998
21235,8444,68,5,24.82,124.1
21236,8444,112,3,62.99,188.97
21237,8444,69,4,60.34,241.36
21238,8444,112,3,59.78,179.34
21239,8445,105,5,14.47,72.35000000000001
21240,8445,13,1,40.39,40.39
21241,8445,27,2,50.26,100.52
21242,8446,83,5,37.64,188.2
21243,8447,17,5,51.85,259.25
21244,8448,88,1,39.77,39.77
21245,8448,49,2,22.95,45.9
21246,8448,38,5,109.06,545.3
21247,8449,65,3,15.01,45.03
21248,8450,36,4,20.86,83.44
21249,8450,59,2,20.13,40.26
21250,8450,92,4,8.04,32.16
21251,8450,65,4,14.91,59.64
21252,8451,119,3,42.3,126.89999999999999
21253,8451,59,3,21.05,63.150000000000006
21254,8452,98,1,59.12,59.12
21255,8452,63,4,48.92,195.68
21256,8452,101,4,54.96,219.84
21257,8452,112,2,59.97,119.94
21258,8453,106,1,48.22,48.22
21259,8454,6,5,75.52,377.59999999999997
21260,8454,19,3,38.95,116.85000000000001
21261,8455,113,2,31.4,62.8
21262,8456,95,5,109.8,549.0
21263,8456,71,1,18.16,18.16
21264,8457,78,5,16.06,80.3
21265,8458,6,2,73.79,147.58
21266,8458,62,4,11.52,46.08
21267,8459,7,1,13.13,13.13
21268,8459,76,4,13.54,54.16
21269,8460,69,4,64.28,257.12
21270,8460,78,5,16.8,84.0
21271,8460,83,1,36.94,36.94
21272,8461,120,1,30.48,30.48
21273,8462,63,4,46.63,186.52
21274,8462,98,4,61.35,245.4
21275,8463,54,5,58.39,291.95
21276,8463,90,4,18.29,73.16
21277,8463,34,3,44.5,133.5
21278,8464,52,5,47.38,236.9
21279,8464,73,4,9.35,37.4
21280,8465,117,1,60.97,60.97
21281,8465,108,3,18.89,56.67
21282,8465,33,2,107.66,215.32
21283,8466,51,1,100.61,100.61
21284,8466,10,1,77.38,77.38
21285,8466,84,3,49.71,149.13
21286,8466,9,3,36.06,108.18
21287,8467,3,3,31.89,95.67
21288,8467,89,5,17.41,87.05
21289,8467,54,2,60.22,120.44
21290,8468,23,3,74.25,222.75
21291,8468,92,4,8.01,32.04
21292,8468,94,2,27.75,55.5
21293,8468,102,3,19.16,57.480000000000004
21294,8469,98,2,59.51,119.02
21295,8469,65,5,14.8,74.0
21296,8469,114,3,34.1,102.30000000000001
21297,8469,68,4,24.92,99.68
21298,8470,84,3,48.03,144.09
21299,8470,17,4,48.94,195.76
21300,8470,66,1,96.19,96.19
21301,8471,36,5,21.75,108.75
21302,8471,97,2,49.0,98.0
21303,8472,81,3,83.54,250.62
21304,8472,85,4,72.94,291.76
21305,8473,93,5,24.05,120.25
21306,8473,76,3,13.29,39.87
21307,8473,10,3,73.74,221.21999999999997
21308,8473,28,3,22.94,68.82000000000001
21309,8474,116,2,89.5,179.0
21310,8474,84,2,48.36,96.72
21311,8474,115,4,35.26,141.04
21312,8474,9,4,33.16,132.64
21313,8475,23,5,70.81,354.05
21314,8476,80,2,10.14,20.28
21315,8476,6,3,76.13,228.39
21316,8476,9,1,35.8,35.8
21317,8477,41,4,53.08,212.32
21318,8477,82,4,19.19,76.76
21319,8478,116,5,93.48,467.40000000000003
21320,8478,117,5,59.15,295.75
21321,8478,54,1,62.17,62.17
21322,8478,89,1,18.82,18.82
21323,8479,38,4,116.06,464.24
21324,8479,85,3,71.16,213.48
21325,8480,108,2,19.83,39.66
21326,8481,76,3,13.07,39.21
21327,8481,17,5,51.2,256.0
21328,8481,34,5,45.72,228.6
21329,8481,113,1,32.27,32.27
21330,8482,95,4,109.51,438.04
21331,8482,98,4,58.33,233.32
21332,8482,7,3,13.11,39.33
21333,8483,47,4,24.78,99.12
21334,8483,62,1,11.57,11.57
21335,8483,95,1,103.61,103.61
21336,8483,13,2,40.51,81.02
21337,8484,91,5,30.78,153.9
21338,8484,74,1,57.32,57.32
21339,8484,70,3,72.2,216.60000000000002
21340,8484,104,4,43.91,175.64
21341,8485,94,1,25.37,25.37
21342,8485,86,2,39.1,78.2
21343,8486,61,4,48.34,193.36
21344,8486,117,4,57.34,229.36
21345,8487,102,1,19.54,19.54
21346,8487,36,4,21.64,86.56
21347,8487,96,5,78.12,390.6
21348,8487,69,3,62.64,187.92000000000002
21349,8488,109,3,20.44,61.32000000000001
21350,8488,45,4,46.94,187.76
21351,8489,96,5,76.24,381.2
21352,8490,32,2,20.89,41.78
21353,8490,111,4,38.2,152.8
21354,8490,21,4,68.28,273.12
21355,8491,22,5,60.36,301.8
21356,8491,118,3,22.0,66.0
21357,8491,34,3,48.07,144.21
21358,8492,63,2,47.5,95.0
21359,8492,55,2,34.57,69.14
21360,8492,95,2,109.92,219.84
21361,8492,30,1,19.54,19.54
21362,8493,41,4,53.34,213.36
21363,8494,108,2,19.01,38.02
21364,8494,111,3,39.08,117.24
21365,8495,22,5,59.02,295.1
21366,8495,59,3,19.91,59.730000000000004
21367,8495,56,5,23.08,115.39999999999999
21368,8496,62,1,12.66,12.66
21369,8496,63,1,49.55,49.55
21370,8496,6,2,74.43,148.86
21371,8496,105,2,14.61,29.22
21372,8497,30,4,19.17,76.68
21373,8498,32,2,21.13,42.26
21374,8498,98,5,63.41,317.04999999999995
21375,8498,117,3,62.34,187.02
21376,8499,109,2,20.76,41.52
21377,8499,36,3,20.48,61.44
21378,8499,90,4,18.64,74.56
21379,8500,20,5,36.65,183.25
21380,8500,49,1,23.56,23.56
21381,8500,31,2,25.44,50.88
21382,8500,28,3,23.91,71.73
21383,8501,106,3,52.44,157.32
21384,8501,107,5,70.68,353.40000000000003
21385,8502,19,4,38.74,154.96
21386,8503,45,3,45.29,135.87
21387,8503,4,1,30.01,30.01
21388,8503,100,2,37.12,74.24
21389,8504,35,4,63.12,252.48
21390,8504,72,3,31.64,94.92
21391,8504,66,4,97.79,391.16
21392,8504,24,4,47.15,188.6
21393,8505,43,5,37.82,189.1
21394,8506,14,2,78.98,157.96
21395,8506,20,5,34.46,172.3
21396,8506,102,4,18.8,75.2
21397,8507,44,3,16.38,49.14
21398,8507,55,1,34.17,34.17
21399,8507,84,4,46.22,184.88
21400,8508,106,5,48.45,242.25
21401,8508,53,5,45.13,225.65
21402,8508,105,2,15.2,30.4
21403,8508,69,5,60.8,304.0
21404,8509,7,5,13.53,67.64999999999999
21405,8509,114,3,31.29,93.87
21406,8510,32,1,23.08,23.08
21407,8510,90,1,19.25,19.25
21408,8510,105,4,14.78,59.12
21409,8510,97,2,46.13,92.26
21410,8511,74,3,60.09,180.27
21411,8512,35,5,60.14,300.7
21412,8512,78,4,17.6,70.4
21413,8512,62,1,12.26,12.26
21414,8513,80,3,10.08,30.240000000000002
21415,8513,42,5,25.46,127.30000000000001
21416,8513,83,5,37.79,188.95
21417,8514,59,4,19.11,76.44
21418,8514,117,3,59.12,177.35999999999999
21419,8515,14,5,76.49,382.45
21420,8516,87,3,31.04,93.12
21421,8516,63,3,45.74,137.22
21422,8516,70,1,70.73,70.73
21423,8516,64,2,43.05,86.1
21424,8517,17,4,50.14,200.56
21425,8517,69,5,60.43,302.15
21426,8518,51,3,103.59,310.77
21427,8518,29,3,11.68,35.04
21428,8518,111,4,36.56,146.24
21429,8518,27,4,52.8,211.2
21430,8519,51,4,104.33,417.32
21431,8519,45,5,47.62,238.1
21432,8520,55,5,35.57,177.85
21433,8520,65,3,14.68,44.04
21434,8520,76,2,13.5,27.0
21435,8521,41,1,54.28,54.28
21436,8521,42,3,25.5,76.5
21437,8521,85,2,66.53,133.06
21438,8522,84,1,49.12,49.12
21439,8522,71,4,17.95,71.8
21440,8523,63,4,48.62,194.48
21441,8523,14,4,75.32,301.28
21442,8524,68,2,27.08,54.16
21443,8524,27,3,49.1,147.3
21444,8525,9,3,33.19,99.57
21445,8526,73,4,9.65,38.6
21446,8526,63,2,47.75,95.5
21447,8526,64,4,44.82,179.28
21448,8527,88,2,37.33,74.66
21449,8527,41,1,55.11,55.11
21450,8528,41,3,54.99,164.97
21451,8528,21,3,65.15,195.45000000000002
21452,8528,10,3,75.67,227.01
21453,8529,111,5,38.4,192.0
21454,8529,35,2,63.91,127.82
21455,8529,54,1,59.39,59.39
21456,8530,109,2,19.76,39.52
21457,8530,26,4,19.72,78.88
21458,8530,21,5,63.47,317.35
21459,8530,87,3,29.29,87.87
21460,8531,43,2,41.59,83.18
21461,8531,31,4,25.57,102.28
21462,8531,94,2,26.78,53.56
21463,8531,32,5,21.13,105.64999999999999
21464,8532,1,1,17.69,17.69
21465,8533,100,5,38.98,194.89999999999998
21466,8534,117,3,57.34,172.02
21467,8534,109,5,19.74,98.69999999999999
21468,8534,14,4,76.24,304.96
21469,8534,57,3,71.67,215.01
21470,8535,107,4,66.12,264.48
21471,8536,76,1,12.73,12.73
21472,8536,36,2,21.75,43.5
21473,8536,44,4,17.56,70.24
21474,8537,38,1,118.4,118.4
21475,8537,77,4,21.04,84.16
21476,8537,79,1,21.37,21.37
21477,8537,88,1,37.32,37.32
21478,8538,34,1,44.74,44.74
21479,8538,87,4,30.84,123.36
21480,8538,53,1,43.01,43.01
21481,8538,5,4,90.86,363.44
21482,8539,94,5,26.42,132.10000000000002
21483,8539,12,3,39.37,118.10999999999999
21484,8540,2,1,42.25,42.25
21485,8540,85,5,66.56,332.8
21486,8541,11,2,28.17,56.34
21487,8541,64,5,46.1,230.5
21488,8542,41,4,55.48,221.92
21489,8543,114,1,32.3,32.3
21490,8544,38,1,112.64,112.64
21491,8545,13,1,40.31,40.31
21492,8545,17,3,49.67,149.01
21493,8545,119,1,38.84,38.84
21494,8545,116,3,94.32,282.96
21495,8546,17,5,50.91,254.54999999999998
21496,8546,41,5,55.45,277.25
21497,8547,4,1,29.64,29.64
21498,8547,99,4,18.12,72.48
21499,8547,108,3,19.99,59.97
21500,8548,85,3,68.79,206.37
21501,8548,61,1,48.47,48.47
21502,8548,45,2,43.91,87.82
21503,8549,35,3,60.16,180.48
21504,8550,86,4,37.91,151.64
21505,8550,69,3,63.09,189.27
21506,8550,56,5,22.83,114.14999999999999
21507,8550,46,2,13.87,27.74
21508,8551,88,3,36.39,109.17
21509,8551,119,4,41.24,164.96
21510,8552,15,2,19.87,39.74
21511,8552,93,3,23.4,70.19999999999999
21512,8552,55,1,34.94,34.94
21513,8553,79,3,20.96,62.88
21514,8553,96,4,71.97,287.88
21515,8554,39,5,8.24,41.2
21516,8554,25,1,70.63,70.63
21517,8555,4,2,30.55,61.1
21518,8556,116,2,89.54,179.08
21519,8556,96,5,76.8,384.0
21520,8556,87,5,30.75,153.75
21521,8557,6,5,76.3,381.5
21522,8557,111,5,37.35,186.75
21523,8557,14,1,73.09,73.09
21524,8557,35,1,57.83,57.83
21525,8558,71,2,18.45,36.9
21526,8559,2,4,44.46,177.84
21527,8559,91,2,31.62,63.24
21528,8560,112,5,59.43,297.15
21529,8560,50,4,43.57,174.28
21530,8561,15,4,18.42,73.68
21531,8561,71,2,18.09,36.18
21532,8561,94,3,26.94,80.82000000000001
21533,8562,117,2,56.49,112.98
21534,8562,33,4,105.64,422.56
21535,8562,34,4,44.91,179.64
21536,8563,10,3,78.57,235.70999999999998
21537,8563,6,4,73.16,292.64
21538,8563,89,2,17.11,34.22
21539,8563,27,4,51.25,205.0
21540,8564,37,2,10.72,21.44
21541,8564,54,3,62.18,186.54
21542,8565,10,5,77.87,389.35
21543,8566,94,4,27.89,111.56
21544,8566,69,3,63.4,190.2
21545,8567,51,3,101.14,303.42
21546,8568,28,4,23.16,92.64
21547,8568,71,5,17.21,86.05000000000001
21548,8569,87,2,30.69,61.38
21549,8569,68,4,25.49,101.96
21550,8570,91,5,30.93,154.65
21551,8570,59,4,19.14,76.56
21552,8571,15,4,18.21,72.84
21553,8571,20,4,37.17,148.68
21554,8571,96,5,78.01,390.05
21555,8572,9,2,34.07,68.14
21556,8573,55,5,33.33,166.64999999999998
21557,8573,25,3,66.72,200.16
21558,8574,91,4,29.47,117.88
21559,8574,33,5,106.96,534.8
21560,8574,92,1,8.33,8.33
21561,8575,23,5,71.25,356.25
21562,8575,74,5,62.4,312.0
21563,8576,24,1,44.43,44.43
21564,8576,57,4,65.46,261.84
21565,8576,74,2,62.8,125.6
21566,8576,19,2,39.25,78.5
21567,8577,55,2,33.72,67.44
21568,8578,86,1,38.73,38.73
21569,8578,31,4,25.13,100.52
21570,8579,7,2,13.48,26.96
21571,8580,29,3,11.19,33.57
21572,8581,48,3,54.05,162.14999999999998
21573,8581,18,5,17.53,87.65
21574,8582,97,1,46.3,46.3
21575,8582,84,1,46.81,46.81
21576,8583,61,4,47.61,190.44
21577,8584,58,4,61.04,244.16
21578,8584,96,3,74.71,224.13
21579,8584,80,3,10.41,31.23
21580,8584,83,3,35.38,106.14000000000001
21581,8585,46,3,13.28,39.839999999999996
21582,8585,1,5,16.58,82.89999999999999
21583,8585,11,5,26.43,132.15
21584,8585,89,5,17.61,88.05
21585,8586,99,5,18.4,92.0
21586,8586,12,2,39.34,78.68
21587,8587,5,1,91.53,91.53
21588,8587,29,3,11.09,33.269999999999996
21589,8587,45,5,44.12,220.6
21590,8587,22,3,58.81,176.43
21591,8588,71,5,17.76,88.80000000000001
21592,8589,107,2,69.13,138.26
21593,8589,80,4,10.52,42.08
21594,8589,40,1,20.02,20.02
21595,8589,58,1,57.45,57.45
21596,8590,114,5,32.51,162.54999999999998
21597,8590,96,2,78.19,156.38
21598,8590,19,5,39.41,197.04999999999998
21599,8590,58,1,56.18,56.18
21600,8591,10,5,75.98,379.90000000000003
21601,8591,101,5,59.03,295.15
21602,8592,84,5,47.76,238.79999999999998
21603,8592,30,3,18.43,55.29
21604,8592,90,3,19.49,58.47
21605,8593,57,5,67.5,337.5
21606,8593,96,1,74.24,74.24
21607,8594,4,4,30.64,122.56
21608,8594,52,1,46.01,46.01
21609,8594,70,2,68.62,137.24
21610,8594,13,4,43.13,172.52
21611,8595,49,2,23.7,47.4
21612,8595,89,1,16.99,16.99
21613,8596,82,3,18.96,56.88
21614,8597,13,4,39.44,157.76
21615,8598,90,2,19.02,38.04
21616,8598,88,4,39.24,156.96
21617,8598,52,3,47.48,142.44
21618,8599,99,4,19.73,78.92
21619,8599,74,1,59.94,59.94
21620,8599,120,1,28.46,28.46
21621,8599,88,4,36.52,146.08
21622,8600,120,3,30.13,90.39
21623,8600,101,5,55.8,279.0
21624,8600,41,2,54.65,109.3
21625,8601,13,2,41.77,83.54
21626,8601,76,1,13.0,13.0
21627,8601,66,2,92.71,185.42
21628,8602,119,1,40.76,40.76
21629,8602,111,5,37.36,186.8
21630,8602,1,3,16.75,50.25
21631,8602,35,4,57.63,230.52
21632,8603,62,4,12.48,49.92
21633,8603,76,1,13.62,13.62
21634,8604,48,3,52.95,158.85000000000002
21635,8604,34,3,45.16,135.48
21636,8605,55,5,35.22,176.1
21637,8605,97,1,45.1,45.1
21638,8605,113,3,32.45,97.35000000000001
21639,8605,90,2,18.49,36.98
21640,8606,20,2,36.15,72.3
21641,8606,114,4,32.3,129.2
21642,8606,64,1,42.28,42.28
21643,8607,84,1,48.46,48.46
21644,8608,82,4,17.92,71.68
21645,8609,59,2,20.3,40.6
21646,8609,64,1,45.85,45.85
21647,8609,65,1,15.0,15.0
21648,8609,16,1,35.82,35.82
21649,8610,94,4,26.38,105.52
21650,8610,38,4,111.76,447.04
21651,8610,89,2,18.66,37.32
21652,8610,4,3,29.85,89.55000000000001
21653,8611,15,3,19.25,57.75
21654,8611,32,3,21.21,63.63
21655,8612,36,1,19.95,19.95
21656,8612,13,1,42.06,42.06
21657,8612,82,5,18.26,91.30000000000001
21658,8612,8,2,19.94,39.88
21659,8613,13,5,39.3,196.5
21660,8613,74,4,56.9,227.6
21661,8613,80,4,10.33,41.32
21662,8613,79,2,21.66,43.32
21663,8614,104,5,45.47,227.35
21664,8614,95,3,102.85,308.54999999999995
21665,8614,45,5,46.14,230.7
21666,8615,78,5,17.75,88.75
21667,8615,27,3,52.53,157.59
21668,8615,99,3,18.6,55.800000000000004
21669,8615,103,5,13.82,69.1
21670,8616,67,3,26.86,80.58
21671,8616,58,5,60.33,301.65
21672,8616,75,5,34.38,171.9
21673,8616,100,3,38.55,115.64999999999999
21674,8617,110,5,68.45,342.25
21675,8617,10,1,76.38,76.38
21676,8618,73,3,9.83,29.490000000000002
21677,8618,26,3,20.35,61.050000000000004
21678,8618,8,5,20.29,101.44999999999999
21679,8618,1,4,17.93,71.72
21680,8619,12,1,36.48,36.48
21681,8619,54,4,57.95,231.8
21682,8619,103,2,14.17,28.34
21683,8620,106,4,51.47,205.88
21684,8620,94,5,25.76,128.8
21685,8621,78,1,16.86,16.86
21686,8622,74,2,56.83,113.66
21687,8622,3,1,30.67,30.67
21688,8622,99,1,19.71,19.71
21689,8623,3,2,31.07,62.14
21690,8623,95,1,106.72,106.72
21691,8623,87,3,31.78,95.34
21692,8623,32,2,22.23,44.46
21693,8624,12,2,38.93,77.86
21694,8625,106,5,49.03,245.15
21695,8625,27,1,51.25,51.25
21696,8626,64,4,45.35,181.4
21697,8626,84,5,47.58,237.89999999999998
21698,8626,56,5,23.08,115.39999999999999
21699,8626,30,4,18.59,74.36
21700,8627,59,5,19.49,97.44999999999999
21701,8627,59,2,20.91,41.82
21702,8627,54,5,57.82,289.1
21703,8627,48,1,52.37,52.37
21704,8628,7,2,13.52,27.04
21705,8628,42,1,25.73,25.73
21706,8629,44,4,16.55,66.2
21707,8629,31,2,25.18,50.36
21708,8629,14,5,75.69,378.45
21709,8629,49,2,22.01,44.02
21710,8630,111,2,36.66,73.32
21711,8630,22,1,59.26,59.26
21712,8630,84,2,45.2,90.4
21713,8630,115,5,35.08,175.39999999999998
21714,8631,116,2,87.85,175.7
21715,8631,38,2,117.89,235.78
21716,8632,17,1,52.04,52.04
21717,8632,88,5,38.69,193.45
21718,8633,37,3,9.73,29.19
21719,8634,36,5,21.01,105.05000000000001
21720,8635,87,1,31.93,31.93
21721,8635,32,3,22.87,68.61
21722,8635,63,4,48.11,192.44
21723,8636,58,2,56.24,112.48
21724,8637,102,4,18.56,74.24
21725,8637,88,4,40.38,161.52
21726,8638,45,4,46.83,187.32
21727,8639,1,5,17.66,88.3
21728,8639,30,4,18.8,75.2
21729,8640,21,4,63.06,252.24
21730,8641,95,3,104.71,314.13
21731,8641,93,1,22.67,22.67
21732,8641,5,2,88.65,177.3
21733,8642,43,5,41.0,205.0
21734,8642,18,1,16.79,16.79
21735,8642,103,3,13.15,39.45
21736,8642,87,4,29.92,119.68
21737,8643,16,3,36.01,108.03
21738,8643,84,4,45.51,182.04
21739,8643,98,1,60.6,60.6
21740,8644,8,5,21.84,109.2
21741,8644,75,3,36.8,110.39999999999999
21742,8644,64,2,45.0,90.0
21743,8644,21,4,66.57,266.28
21744,8645,111,5,38.32,191.6
21745,8645,2,2,41.73,83.46
21746,8645,59,4,19.1,76.4
21747,8646,106,5,47.5,237.5
21748,8646,38,5,113.17,565.85
21749,8646,35,1,62.02,62.02
21750,8647,88,2,38.31,76.62
21751,8647,29,1,10.79,10.79
21752,8648,61,5,48.79,243.95
21753,8648,23,3,69.96,209.88
21754,8649,9,1,35.71,35.71
21755,8650,43,1,41.52,41.52
21756,8650,18,1,17.32,17.32
21757,8650,63,4,47.48,189.92
21758,8651,59,2,19.81,39.62
21759,8652,58,3,58.13,174.39000000000001
21760,8652,117,2,60.1,120.2
21761,8652,103,3,13.84,41.519999999999996
21762,8653,53,3,43.08,129.24
21763,8653,24,3,43.6,130.8
21764,8653,25,2,65.44,130.88
21765,8654,90,1,19.32,19.32
21766,8654,102,5,18.7,93.5
21767,8654,110,2,69.25,138.5
21768,8654,112,1,61.39,61.39
21769,8655,5,3,91.68,275.04
21770,8655,100,2,38.78,77.56
21771,8656,91,4,31.65,126.6
21772,8656,20,2,35.4,70.8
21773,8656,33,5,106.18,530.9000000000001
21774,8656,117,2,59.79,119.58
21775,8657,54,2,62.26,124.52
21776,8657,84,1,48.57,48.57
21777,8658,8,1,20.69,20.69
21778,8658,77,2,21.04,42.08
21779,8658,36,2,20.78,41.56
21780,8659,94,2,27.91,55.82
21781,8659,14,2,77.31,154.62
21782,8659,120,1,29.33,29.33
21783,8659,28,3,23.16,69.48
21784,8660,49,1,21.67,21.67
21785,8660,4,4,28.59,114.36
21786,8660,12,2,38.95,77.9
21787,8661,113,3,32.28,96.84
21788,8661,85,3,70.94,212.82
21789,8661,108,2,18.32,36.64
21790,8661,102,1,18.52,18.52
21791,8662,79,1,21.64,21.64
21792,8662,78,5,17.54,87.69999999999999
21793,8662,40,5,19.01,95.05000000000001
21794,8663,85,1,67.97,67.97
21795,8664,114,4,31.88,127.52
21796,8664,29,3,11.85,35.55
21797,8665,117,5,59.83,299.15
21798,8665,63,2,46.08,92.16
21799,8665,96,1,75.86,75.86
21800,8665,43,4,40.65,162.6
21801,8666,82,5,18.15,90.75
21802,8666,67,1,29.14,29.14
21803,8666,40,5,20.55,102.75
21804,8667,4,2,29.57,59.14
21805,8668,106,5,49.47,247.35
21806,8668,84,4,45.06,180.24
21807,8669,60,1,28.81,28.81
21808,8669,66,5,96.96,484.79999999999995
21809,8669,76,2,13.7,27.4
21810,8670,4,1,28.04,28.04
21811,8670,21,5,62.4,312.0
21812,8670,119,2,41.65,83.3
21813,8670,3,3,30.79,92.37
21814,8671,14,3,74.27,222.81
21815,8672,119,4,40.02,160.08
21816,8672,95,2,102.67,205.34
21817,8673,75,2,34.33,68.66
21818,8674,111,5,36.46,182.3
21819,8674,83,3,35.95,107.85000000000001
21820,8675,11,1,27.38,27.38
21821,8675,7,2,13.86,27.72
21822,8675,106,3,47.62,142.85999999999999
21823,8675,51,4,107.75,431.0
21824,8676,43,1,38.05,38.05
21825,8677,35,1,61.05,61.05
21826,8677,96,3,72.78,218.34
21827,8677,101,3,53.42,160.26
21828,8678,75,1,34.06,34.06
21829,8678,59,5,19.45,97.25
21830,8679,72,1,32.15,32.15
21831,8679,47,5,23.46,117.30000000000001
21832,8680,44,4,16.78,67.12
21833,8680,18,5,17.02,85.1
21834,8680,57,5,72.0,360.0
21835,8680,47,1,24.94,24.94
21836,8681,34,4,44.18,176.72
21837,8681,44,3,17.4,52.199999999999996
21838,8681,85,3,69.04,207.12
21839,8681,95,2,105.09,210.18
21840,8682,97,4,46.56,186.24
21841,8683,102,5,19.18,95.9
21842,8683,119,5,38.8,194.0
21843,8684,46,3,13.55,40.650000000000006
21844,8685,108,3,19.81,59.42999999999999
21845,8686,50,5,43.62,218.1
21846,8686,100,1,37.56,37.56
21847,8686,118,1,22.43,22.43
21848,8687,95,2,104.25,208.5
21849,8687,46,5,13.8,69.0
21850,8688,46,2,13.71,27.42
21851,8688,76,3,13.61,40.83
21852,8689,120,1,30.04,30.04
21853,8689,17,3,51.5,154.5
21854,8689,31,3,26.56,79.67999999999999
21855,8690,52,5,49.74,248.70000000000002
21856,8690,97,1,48.58,48.58
21857,8690,29,1,10.9,10.9
21858,8690,55,4,35.86,143.44
21859,8691,30,1,18.23,18.23
21860,8691,85,2,67.33,134.66
21861,8691,29,1,11.9,11.9
21862,8692,12,4,40.19,160.76
21863,8692,57,3,66.19,198.57
21864,8692,1,3,17.07,51.21
21865,8693,36,4,22.02,88.08
21866,8693,116,2,88.5,177.0
21867,8694,99,5,19.57,97.85
21868,8694,76,5,13.83,69.15
21869,8695,54,4,62.58,250.32
21870,8695,98,5,62.89,314.45
21871,8695,7,4,13.29,53.16
21872,8696,53,5,45.44,227.2
21873,8696,53,3,41.72,125.16
21874,8697,3,4,29.35,117.4
21875,8697,12,3,39.12,117.35999999999999
21876,8697,52,4,45.05,180.2
21877,8698,18,3,17.65,52.949999999999996
21878,8698,119,2,41.35,82.7
21879,8699,17,5,50.43,252.15
21880,8699,4,1,28.19,28.19
21881,8700,96,2,78.53,157.06
21882,8700,49,5,23.31,116.55
21883,8700,52,2,46.41,92.82
21884,8700,32,3,22.28,66.84
21885,8701,1,5,17.07,85.35
21886,8702,87,5,31.56,157.79999999999998
21887,8702,62,5,12.06,60.300000000000004
21888,8702,48,1,50.53,50.53
21889,8702,25,4,70.54,282.16
21890,8703,17,4,49.31,197.24
21891,8704,87,4,32.32,129.28
21892,8704,9,5,34.22,171.1
21893,8705,113,2,31.2,62.4
21894,8705,65,4,15.07,60.28
21895,8705,21,4,65.46,261.84
21896,8706,107,5,72.54,362.70000000000005
21897,8706,34,4,43.82,175.28
21898,8706,36,3,21.64,64.92
21899,8706,86,3,38.93,116.78999999999999
21900,8707,15,3,19.4,58.199999999999996
21901,8707,76,2,13.15,26.3
21902,8707,33,5,104.74,523.6999999999999
21903,8707,100,1,39.82,39.82
21904,8708,56,5,24.42,122.10000000000001
21905,8708,78,3,16.67,50.010000000000005
21906,8708,56,2,24.33,48.66
21907,8709,23,3,69.1,207.29999999999998
21908,8709,39,1,8.27,8.27
21909,8710,101,4,55.95,223.8
21910,8710,62,5,11.65,58.25
21911,8711,20,1,34.32,34.32
21912,8711,9,3,35.92,107.76
21913,8712,11,4,28.76,115.04
21914,8712,98,4,63.72,254.88
21915,8712,113,5,30.03,150.15
21916,8712,61,4,46.7,186.8
21917,8713,71,3,17.27,51.81
21918,8713,63,5,48.63,243.15
21919,8713,40,3,18.83,56.489999999999995
21920,8714,93,2,23.76,47.52
21921,8715,31,5,25.33,126.64999999999999
21922,8716,89,4,18.32,73.28
21923,8717,11,4,26.44,105.76
21924,8717,70,2,72.82,145.64
21925,8717,68,4,25.1,100.4
21926,8718,16,1,32.82,32.82
21927,8718,105,2,13.89,27.78
21928,8718,23,5,68.83,344.15
21929,8718,82,1,18.77,18.77
21930,8719,58,1,58.23,58.23
21931,8719,92,5,8.32,41.6
21932,8720,53,2,43.97,87.94
21933,8721,72,5,33.47,167.35
21934,8721,89,1,18.32,18.32
21935,8722,2,1,43.1,43.1
21936,8722,26,3,18.98,56.94
21937,8722,54,5,57.59,287.95000000000005
21938,8723,44,3,16.7,50.099999999999994
21939,8724,5,4,87.09,348.36
21940,8724,77,1,21.57,21.57
21941,8724,10,2,79.82,159.64
21942,8725,92,3,8.18,24.54
21943,8725,22,2,62.99,125.98
21944,8725,73,1,9.92,9.92
21945,8725,107,4,65.71,262.84
21946,8726,44,2,17.6,35.2
21947,8726,26,1,20.21,20.21
21948,8726,28,2,23.97,47.94
21949,8726,55,4,33.82,135.28
21950,8727,36,3,19.89,59.67
21951,8728,106,5,51.82,259.1
21952,8728,101,1,57.76,57.76
21953,8728,82,3,18.58,55.739999999999995
21954,8728,42,5,27.3,136.5
21955,8729,16,5,34.78,173.9
21956,8730,28,4,23.69,94.76
21957,8730,56,4,24.45,97.8
21958,8731,98,1,58.59,58.59
21959,8731,93,3,22.83,68.49
21960,8732,118,1,21.9,21.9
21961,8732,54,3,58.47,175.41
21962,8732,67,2,28.85,57.7
21963,8733,27,4,52.08,208.32
21964,8733,83,4,36.87,147.48
21965,8733,78,5,16.43,82.15
21966,8733,9,5,34.54,172.7
21967,8734,49,1,22.89,22.89
21968,8734,112,1,59.87,59.87
21969,8734,62,1,11.52,11.52
21970,8735,53,5,42.09,210.45000000000002
21971,8735,15,4,19.64,78.56
21972,8735,96,4,75.77,303.08
21973,8735,109,5,20.57,102.85
21974,8736,109,3,19.41,58.230000000000004
21975,8736,111,3,36.8,110.39999999999999
21976,8736,114,4,31.58,126.32
21977,8736,37,2,10.53,21.06
21978,8737,91,1,29.12,29.12
21979,8737,36,5,20.44,102.2
21980,8737,44,5,17.49,87.44999999999999
21981,8738,21,2,66.28,132.56
21982,8738,6,1,75.79,75.79
21983,8738,71,2,18.63,37.26
21984,8739,10,2,78.61,157.22
21985,8739,24,3,46.02,138.06
21986,8739,23,5,68.13,340.65
21987,8740,74,3,60.22,180.66
21988,8740,60,4,28.95,115.8
21989,8741,114,1,32.48,32.48
21990,8741,79,1,21.65,21.65
21991,8742,22,3,60.25,180.75
21992,8742,31,1,25.55,25.55
21993,8742,28,3,24.7,74.1
21994,8743,55,2,34.45,68.9
21995,8744,11,1,26.44,26.44
21996,8744,52,1,47.56,47.56
21997,8745,38,3,112.74,338.21999999999997
21998,8745,13,2,40.45,80.9
21999,8746,106,2,48.9,97.8
22000,8746,42,2,27.95,55.9
22001,8746,2,1,42.84,42.84
22002,8747,89,1,18.01,18.01
22003,8747,77,5,20.88,104.39999999999999
22004,8748,43,1,39.55,39.55
22005,8749,47,2,24.27,48.54
22006,8749,24,2,44.12,88.24
22007,8749,39,3,7.91,23.73
22008,8750,20,4,35.59,142.36
22009,8750,21,3,62.08,186.24
22010,8751,47,4,23.55,94.2
22011,8751,100,1,40.86,40.86
22012,8751,21,4,64.15,256.6
22013,8752,99,3,18.6,55.800000000000004
22014,8752,100,1,39.16,39.16
22015,8752,5,2,93.78,187.56
22016,8753,34,3,44.53,133.59
22017,8753,70,4,72.97,291.88
22018,8753,20,2,36.4,72.8
22019,8753,50,1,39.83,39.83
22020,8754,85,1,71.57,71.57
22021,8754,1,4,17.67,70.68
22022,8754,77,1,22.12,22.12
22023,8755,37,5,10.11,50.55
22024,8755,95,1,108.77,108.77
22025,8755,23,5,73.42,367.1
22026,8756,85,4,66.55,266.2
22027,8756,92,5,8.24,41.2
22028,8757,53,3,43.72,131.16
22029,8757,54,4,63.21,252.84
22030,8757,49,2,22.74,45.48
22031,8758,96,1,73.85,73.85
22032,8758,50,4,39.71,158.84
22033,8759,117,1,60.04,60.04
22034,8759,19,3,40.37,121.10999999999999
22035,8759,49,1,23.93,23.93
22036,8759,66,3,95.34,286.02
22037,8760,67,5,28.17,140.85000000000002
22038,8760,55,1,35.4,35.4
22039,8760,117,4,60.98,243.92
22040,8761,59,2,20.04,40.08
22041,8761,20,2,34.65,69.3
22042,8762,46,5,13.52,67.6
22043,8762,7,2,13.48,26.96
22044,8762,35,3,62.81,188.43
22045,8762,57,1,69.9,69.9
22046,8763,10,1,77.72,77.72
22047,8763,59,5,18.97,94.85
22048,8764,27,3,53.39,160.17000000000002
22049,8764,112,2,60.25,120.5
22050,8764,17,5,48.61,243.05
22051,8765,55,5,34.27,171.35000000000002
22052,8765,22,2,58.79,117.58
22053,8765,54,4,58.17,232.68
22054,8766,58,2,55.66,111.32
22055,8766,60,5,31.59,157.95
22056,8766,57,2,68.41,136.82
22057,8767,54,4,57.94,231.76
22058,8767,35,5,60.39,301.95
22059,8767,108,2,19.39,38.78
22060,8768,78,2,17.4,34.8
22061,8768,75,2,35.5,71.0
22062,8768,49,3,23.12,69.36
22063,8769,96,5,72.83,364.15
22064,8769,82,5,19.12,95.60000000000001
22065,8769,19,3,40.59,121.77000000000001
22066,8769,53,3,41.63,124.89000000000001
22067,8770,106,4,49.42,197.68
22068,8771,106,5,51.86,259.3
22069,8771,117,3,57.98,173.94
22070,8771,91,3,28.98,86.94
22071,8772,115,2,35.18,70.36
22072,8772,31,5,25.14,125.7
22073,8772,118,4,22.16,88.64
22074,8773,114,4,33.32,133.28
22075,8773,84,5,45.07,225.35
22076,8773,82,4,18.53,74.12
22077,8773,81,2,84.24,168.48
22078,8774,14,4,78.81,315.24
22079,8774,9,1,34.98,34.98
22080,8774,29,1,11.26,11.26
22081,8775,34,1,44.85,44.85
22082,8776,8,1,20.96,20.96
22083,8776,95,5,109.34,546.7
22084,8776,5,1,87.72,87.72
22085,8776,44,4,16.56,66.24
22086,8777,13,5,39.76,198.79999999999998
22087,8777,75,4,35.44,141.76
22088,8777,115,2,36.33,72.66
22089,8777,71,1,18.79,18.79
22090,8778,68,3,25.9,77.69999999999999
22091,8778,70,2,70.87,141.74
22092,8778,33,4,108.03,432.12
22093,8778,45,1,46.82,46.82
22094,8779,38,4,109.54,438.16
22095,8780,107,4,70.61,282.44
22096,8781,44,2,17.37,34.74
22097,8782,30,2,19.08,38.16
22098,8782,61,4,49.42,197.68
22099,8783,93,5,22.99,114.94999999999999
22100,8784,46,2,13.09,26.18
22101,8784,4,4,27.72,110.88
22102,8784,50,3,42.06,126.18
22103,8784,101,1,56.09,56.09
22104,8785,104,5,45.57,227.85
22105,8785,91,1,31.52,31.52
22106,8785,64,1,44.86,44.86
22107,8786,118,1,22.96,22.96
22108,8786,13,2,39.76,79.52
22109,8787,15,2,19.19,38.38
22110,8787,86,3,37.43,112.28999999999999
22111,8788,97,5,47.93,239.65
22112,8788,26,1,19.74,19.74
22113,8789,38,5,114.16,570.8
22114,8790,28,2,24.09,48.18
22115,8790,30,2,19.96,39.92
22116,8791,3,1,30.66,30.66
22117,8791,25,2,70.85,141.7
22118,8791,83,5,36.98,184.89999999999998
22119,8792,87,2,30.24,60.48
22120,8792,106,5,49.4,247.0
22121,8793,114,3,33.38,100.14000000000001
22122,8793,26,1,19.72,19.72
22123,8794,79,3,21.64,64.92
22124,8794,48,1,52.06,52.06
22125,8794,32,3,20.99,62.97
22126,8794,83,3,36.54,109.62
22127,8795,48,1,51.64,51.64
22128,8795,73,4,9.98,39.92
22129,8796,29,2,11.73,23.46
22130,8797,52,4,45.6,182.4
22131,8797,9,3,35.04,105.12
22132,8797,5,5,92.1,460.5
22133,8798,93,2,24.15,48.3
22134,8799,107,4,68.95,275.8
22135,8799,13,4,39.15,156.6
22136,8799,81,1,77.08,77.08
22137,8799,78,1,16.82,16.82
22138,8800,34,2,46.76,93.52
22139,8801,52,2,49.75,99.5
22140,8801,36,5,20.67,103.35000000000001
22141,8801,9,4,35.12,140.48
22142,8802,99,2,19.18,38.36
22143,8802,37,3,9.76,29.28
22144,8803,64,1,44.36,44.36
22145,8803,10,5,72.53,362.65
22146,8804,6,4,72.67,290.68
22147,8804,76,2,13.68,27.36
22148,8804,50,4,42.77,171.08
22149,8804,81,1,82.25,82.25
22150,8805,106,2,52.25,104.5
22151,8805,108,3,18.86,56.58
22152,8805,9,4,34.44,137.76
22153,8805,35,2,59.35,118.7
22154,8806,25,3,67.07,201.20999999999998
22155,8807,22,1,61.19,61.19
22156,8807,55,1,35.81,35.81
22157,8807,57,1,66.3,66.3
22158,8807,117,4,61.57,246.28
22159,8808,98,3,59.27,177.81
22160,8808,8,2,20.32,40.64
22161,8809,68,2,25.77,51.54
22162,8809,27,4,50.29,201.16
22163,8810,114,2,33.01,66.02
22164,8810,31,2,26.49,52.98
22165,8810,11,2,27.87,55.74
22166,8810,113,2,31.08,62.16
22167,8811,87,4,29.86,119.44
22168,8812,84,5,46.22,231.1
22169,8812,80,2,10.8,21.6
22170,8813,88,5,37.07,185.35
22171,8814,30,3,19.08,57.239999999999995
22172,8814,81,4,83.35,333.4
22173,8814,25,5,68.43,342.15000000000003
22174,8815,109,5,21.22,106.1
22175,8815,46,1,14.41,14.41
22176,8815,112,1,64.55,64.55
22177,8816,39,4,8.23,32.92
22178,8816,23,4,73.38,293.52
22179,8816,41,4,54.74,218.96
22180,8817,67,1,28.98,28.98
22181,8817,87,3,29.92,89.76
22182,8817,3,3,29.3,87.9
22183,8817,11,5,27.5,137.5
22184,8818,34,4,45.51,182.04
22185,8818,90,4,19.03,76.12
22186,8818,35,2,63.12,126.24
22187,8819,60,4,31.24,124.96
22188,8820,119,1,39.02,39.02
22189,8821,21,1,62.83,62.83
22190,8821,24,3,45.7,137.10000000000002
22191,8822,81,3,81.01,243.03000000000003
22192,8822,94,2,25.83,51.66
22193,8823,45,1,43.0,43.0
22194,8824,24,3,43.84,131.52
22195,8824,16,1,33.61,33.61
22196,8824,117,2,56.95,113.9
22197,8825,71,3,18.9,56.699999999999996
22198,8825,46,3,14.35,43.05
22199,8825,39,1,8.03,8.03
22200,8826,19,5,39.85,199.25
22201,8826,35,1,62.49,62.49
22202,8827,94,3,26.77,80.31
22203,8827,58,5,58.66,293.29999999999995
22204,8827,109,5,19.78,98.9
22205,8827,63,5,48.71,243.55
22206,8828,73,4,9.26,37.04
22207,8828,85,1,69.99,69.99
22208,8829,22,4,59.58,238.32
22209,8829,60,1,31.26,31.26
22210,8829,105,5,15.0,75.0
22211,8829,65,2,15.35,30.7
22212,8830,31,1,25.41,25.41
22213,8830,69,1,62.7,62.7
22214,8830,80,1,10.41,10.41
22215,8831,112,2,62.72,125.44
22216,8831,92,1,8.33,8.33
22217,8831,13,4,39.63,158.52
22218,8831,71,4,18.11,72.44
22219,8832,80,2,10.17,20.34
22220,8832,90,1,18.86,18.86
22221,8832,5,4,92.74,370.96
22222,8833,34,1,46.31,46.31
22223,8833,32,5,22.88,114.39999999999999
22224,8834,24,2,43.92,87.84
22225,8835,95,1,104.09,104.09
22226,8835,56,4,23.01,92.04
22227,8835,44,3,16.45,49.349999999999994
22228,8836,66,5,90.34,451.70000000000005
22229,8836,4,1,30.32,30.32
22230,8836,28,3,24.53,73.59
22231,8837,62,3,11.6,34.8
22232,8837,25,2,65.22,130.44
22233,8837,53,1,42.53,42.53
22234,8837,39,1,8.58,8.58
22235,8838,112,3,63.69,191.07
22236,8838,106,3,52.66,157.98
22237,8838,114,3,34.16,102.47999999999999
22238,8839,46,4,13.46,53.84
22239,8839,34,5,44.48,222.39999999999998
22240,8839,62,1,11.58,11.58
22241,8840,99,1,18.78,18.78
22242,8840,97,3,49.01,147.03
22243,8840,62,1,12.36,12.36
22244,8840,68,2,25.38,50.76
22245,8841,65,1,15.07,15.07
22246,8841,56,1,24.04,24.04
22247,8841,14,1,74.1,74.1
22248,8841,41,1,52.6,52.6
22249,8842,101,3,57.94,173.82
22250,8843,104,3,44.0,132.0
22251,8844,73,5,9.27,46.349999999999994
22252,8844,118,5,23.69,118.45
22253,8844,115,3,38.51,115.53
22254,8844,61,5,49.33,246.64999999999998
22255,8845,94,4,26.76,107.04
22256,8846,26,5,20.35,101.75
22257,8846,56,4,23.9,95.6
22258,8846,50,5,41.25,206.25
22259,8846,103,1,13.28,13.28
22260,8847,50,5,43.44,217.2
22261,8848,39,5,8.26,41.3
22262,8848,47,1,23.34,23.34
22263,8849,104,5,42.6,213.0
22264,8849,75,3,35.01,105.03
22265,8849,14,1,74.64,74.64
22266,8849,4,4,28.06,112.24
22267,8850,41,2,53.36,106.72
22268,8851,99,4,18.19,72.76
22269,8852,105,3,15.1,45.3
22270,8852,19,4,39.64,158.56
22271,8852,3,5,30.34,151.7
22272,8852,32,4,22.52,90.08
22273,8853,105,3,15.11,45.33
22274,8853,52,2,45.21,90.42
22275,8853,5,2,92.0,184.0
22276,8853,61,1,47.03,47.03
22277,8854,80,2,10.44,20.88
22278,8854,12,1,38.73,38.73
22279,8854,77,3,20.88,62.64
22280,8854,97,1,48.23,48.23
22281,8855,7,5,12.75,63.75
22282,8855,7,2,13.63,27.26
22283,8856,101,4,54.53,218.12
22284,8856,56,1,22.96,22.96
22285,8856,11,5,28.27,141.35
22286,8856,17,1,48.52,48.52
22287,8857,103,1,13.65,13.65
22288,8857,103,2,12.82,25.64
22289,8857,118,2,21.81,43.62
22290,8858,84,5,49.55,247.75
22291,8858,81,4,76.86,307.44
22292,8859,108,3,18.76,56.28
22293,8859,112,1,64.54,64.54
22294,8859,4,5,29.41,147.05
22295,8860,76,2,12.84,25.68
22296,8861,91,4,29.44,117.76
22297,8861,118,5,22.27,111.35
22298,8862,7,2,12.95,25.9
22299,8862,96,3,73.79,221.37
22300,8862,67,4,27.74,110.96
22301,8862,82,3,18.22,54.66
22302,8863,120,2,30.48,60.96
22303,8864,119,2,42.29,84.58
22304,8864,22,4,60.36,241.44
22305,8865,59,1,19.03,19.03
22306,8865,50,3,41.82,125.46000000000001
22307,8865,59,5,19.73,98.65
22308,8866,51,2,101.6,203.2
22309,8866,103,1,13.51,13.51
22310,8866,107,3,72.59,217.77
22311,8867,81,3,78.98,236.94
22312,8867,78,1,16.25,16.25
22313,8867,18,3,16.68,50.04
22314,8867,42,1,26.07,26.07
22315,8868,37,3,10.3,30.900000000000002
22316,8868,14,1,72.39,72.39
22317,8868,71,5,18.45,92.25
22318,8869,78,5,17.73,88.65
22319,8870,2,1,45.7,45.7
22320,8870,56,4,23.44,93.76
22321,8870,62,2,11.56,23.12
22322,8870,55,1,36.39,36.39
22323,8871,29,4,11.82,47.28
22324,8872,3,5,29.92,149.60000000000002
22325,8872,29,1,11.49,11.49
22326,8872,119,1,40.02,40.02
22327,8873,108,5,19.64,98.2
22328,8873,84,1,48.8,48.8
22329,8873,34,2,44.92,89.84
22330,8873,3,5,29.05,145.25
22331,8874,108,3,19.06,57.17999999999999
22332,8874,52,1,46.1,46.1
22333,8874,65,1,15.1,15.1
22334,8875,117,3,62.37,187.10999999999999
22335,8876,112,3,59.25,177.75
22336,8876,67,3,27.35,82.05000000000001
22337,8877,88,2,38.39,76.78
22338,8878,68,5,26.12,130.6
22339,8878,50,2,40.2,80.4
22340,8879,29,5,11.71,58.550000000000004
22341,8879,5,5,88.25,441.25
22342,8879,113,2,29.89,59.78
22343,8879,107,4,71.56,286.24
22344,8880,48,3,53.31,159.93
22345,8880,85,4,70.19,280.76
22346,8881,13,3,39.94,119.82
22347,8881,17,5,52.19,260.95
22348,8881,104,3,43.3,129.89999999999998
22349,8881,113,1,30.92,30.92
22350,8882,74,5,62.46,312.3
22351,8883,59,1,20.57,20.57
22352,8883,78,4,16.91,67.64
22353,8884,4,4,29.05,116.2
22354,8884,39,3,8.13,24.39
22355,8884,36,1,21.59,21.59
22356,8885,63,2,49.89,99.78
22357,8885,104,4,46.02,184.08
22358,8885,11,5,27.21,136.05
22359,8885,51,3,109.97,329.90999999999997
22360,8886,92,3,7.92,23.759999999999998
22361,8886,97,2,46.49,92.98
22362,8886,103,3,13.92,41.76
22363,8887,49,4,23.85,95.4
22364,8887,114,5,34.08,170.39999999999998
22365,8887,17,3,49.9,149.7
22366,8888,98,1,63.75,63.75
22367,8888,24,1,45.32,45.32
22368,8888,82,3,18.88,56.64
22369,8888,106,5,50.37,251.85
22370,8889,83,3,35.8,107.39999999999999
22371,8890,22,2,58.17,116.34
22372,8890,106,5,50.87,254.35
22373,8890,113,2,32.16,64.32
22374,8890,59,1,20.27,20.27
22375,8891,35,4,61.23,244.92
22376,8891,78,1,16.82,16.82
22377,8892,117,3,58.56,175.68
22378,8892,117,1,62.03,62.03
22379,8893,12,2,36.61,73.22
22380,8893,17,2,50.21,100.42
22381,8893,66,3,90.42,271.26
22382,8893,104,5,44.69,223.45
22383,8894,5,4,88.82,355.28
22384,8894,83,1,35.05,35.05
22385,8895,31,1,24.77,24.77
22386,8895,36,2,21.6,43.2
22387,8895,103,5,12.85,64.25
22388,8896,35,3,63.76,191.28
22389,8896,23,2,69.42,138.84
22390,8897,116,2,97.34,194.68
22391,8897,107,1,68.27,68.27
22392,8897,111,3,38.69,116.07
22393,8898,71,1,17.36,17.36
22394,8899,32,3,21.36,64.08
22395,8899,88,5,38.86,194.3
22396,8900,92,1,8.74,8.74
22397,8900,44,1,17.87,17.87
22398,8901,70,1,71.58,71.58
22399,8902,119,4,42.15,168.6
22400,8902,69,1,65.33,65.33
22401,8902,100,1,40.12,40.12
22402,8902,4,1,28.83,28.83
22403,8903,110,5,66.52,332.59999999999997
22404,8903,116,1,92.68,92.68
22405,8903,18,5,18.19,90.95
22406,8904,53,3,41.33,123.99
22407,8904,33,2,108.92,217.84
22408,8904,67,5,29.1,145.5
22409,8904,101,1,54.07,54.07
22410,8905,23,1,67.21,67.21
22411,8906,81,1,81.63,81.63
22412,8906,16,2,32.93,65.86
22413,8907,47,5,24.86,124.3
22414,8907,66,3,92.57,277.71
22415,8907,56,4,22.81,91.24
22416,8907,15,2,18.57,37.14
22417,8908,53,5,45.08,225.39999999999998
22418,8909,41,5,56.14,280.7
22419,8910,67,3,26.65,79.94999999999999
22420,8910,40,3,19.09,57.269999999999996
22421,8910,59,5,20.51,102.55000000000001
22422,8910,115,3,38.53,115.59
22423,8911,55,5,36.74,183.70000000000002
22424,8912,88,2,39.92,79.84
22425,8912,40,2,19.65,39.3
22426,8913,81,1,76.54,76.54
22427,8914,54,1,57.04,57.04
22428,8914,75,5,33.61,168.05
22429,8915,22,2,60.23,120.46
22430,8915,101,3,55.06,165.18
22431,8915,23,3,74.29,222.87
22432,8915,21,1,66.21,66.21
22433,8916,83,4,37.85,151.4
22434,8916,36,1,21.84,21.84
22435,8917,116,5,91.46,457.29999999999995
22436,8917,82,3,17.68,53.04
22437,8918,26,4,18.77,75.08
22438,8918,117,3,61.28,183.84
22439,8918,110,1,64.39,64.39
22440,8918,36,5,21.1,105.5
22441,8919,76,5,13.19,65.95
22442,8919,53,3,43.54,130.62
22443,8920,115,5,38.75,193.75
22444,8920,116,2,88.75,177.5
22445,8920,48,2,52.28,104.56
22446,8921,109,4,19.56,78.24
22447,8921,83,5,35.11,175.55
22448,8921,12,2,38.83,77.66
22449,8922,66,2,93.24,186.48
22450,8922,47,2,23.14,46.28
22451,8922,118,3,23.04,69.12
22452,8923,24,4,47.06,188.24
22453,8923,8,4,19.82,79.28
22454,8923,17,1,48.79,48.79
22455,8924,8,1,21.3,21.3
22456,8924,60,4,31.22,124.88
22457,8924,104,4,44.62,178.48
22458,8924,60,3,29.74,89.22
22459,8925,7,3,12.72,38.160000000000004
22460,8925,104,1,42.75,42.75
22461,8925,109,3,21.2,63.599999999999994
22462,8925,92,2,7.92,15.84
22463,8926,12,4,39.0,156.0
22464,8926,28,5,23.64,118.2
22465,8926,14,1,77.44,77.44
22466,8926,80,5,9.92,49.6
22467,8927,40,1,20.1,20.1
22468,8927,7,1,13.35,13.35
22469,8928,88,1,39.74,39.74
22470,8929,90,1,19.85,19.85
22471,8930,70,1,70.95,70.95
22472,8930,21,4,66.2,264.8
22473,8930,110,3,65.5,196.5
22474,8930,48,3,51.53,154.59
22475,8931,76,4,13.51,54.04
22476,8931,2,2,45.53,91.06
22477,8931,72,1,31.84,31.84
22478,8931,108,2,18.36,36.72
22479,8932,69,4,63.82,255.28
22480,8933,34,1,44.03,44.03
22481,8933,49,5,23.12,115.60000000000001
22482,8934,32,1,21.45,21.45
22483,8935,77,1,22.86,22.86
22484,8935,64,2,45.75,91.5
22485,8935,117,1,59.94,59.94
22486,8936,3,3,29.34,88.02
22487,8936,117,2,59.93,119.86
22488,8936,34,3,43.48,130.44
22489,8937,14,4,72.0,288.0
22490,8938,32,2,22.5,45.0
22491,8938,55,1,33.87,33.87
22492,8938,90,1,18.03,18.03
22493,8938,72,2,32.68,65.36
22494,8939,28,4,24.66,98.64
22495,8939,86,5,38.39,191.95
22496,8939,5,4,90.29,361.16
22497,8939,37,3,9.87,29.61
22498,8940,116,3,90.12,270.36
22499,8940,118,1,23.57,23.57
22500,8940,38,2,108.07,216.14
22501,8940,50,4,41.75,167.0
22502,8941,43,1,41.4,41.4
22503,8941,35,2,60.43,120.86
22504,8941,23,4,73.96,295.84
22505,8941,94,5,27.42,137.10000000000002
22506,8942,79,5,21.47,107.35
22507,8943,71,5,17.82,89.1
22508,8943,93,4,22.52,90.08
22509,8944,109,2,19.68,39.36
22510,8944,103,2,13.01,26.02
22511,8945,13,5,42.1,210.5
22512,8946,93,4,23.54,94.16
22513,8946,7,4,13.33,53.32
22514,8946,86,3,36.71,110.13
22515,8946,114,1,31.6,31.6
22516,8947,112,3,64.05,192.14999999999998
22517,8948,54,5,58.47,292.35
22518,8948,117,2,56.92,113.84
22519,8948,26,1,19.71,19.71
22520,8949,111,3,38.41,115.22999999999999
22521,8949,90,1,17.9,17.9
22522,8950,96,1,73.33,73.33
22523,8950,120,4,30.13,120.52
22524,8950,92,5,8.27,41.349999999999994
22525,8951,120,2,28.05,56.1
22526,8951,53,1,44.48,44.48
22527,8952,116,5,89.79,448.95000000000005
22528,8953,98,5,59.41,297.04999999999995
22529,8953,19,3,39.11,117.33
22530,8954,45,5,47.24,236.20000000000002
22531,8954,103,4,13.41,53.64
22532,8954,75,4,33.85,135.4
22533,8955,15,4,18.94,75.76
22534,8955,72,2,32.4,64.8
22535,8955,43,5,38.1,190.5
22536,8956,14,1,72.57,72.57
22537,8957,22,1,60.81,60.81
22538,8957,25,1,71.72,71.72
22539,8958,43,2,41.31,82.62
22540,8958,108,4,19.94,79.76
22541,8958,30,5,18.65,93.25
22542,8959,22,1,60.71,60.71
22543,8960,108,2,18.54,37.08
22544,8960,59,2,19.88,39.76
22545,8960,119,4,41.85,167.4
22546,8961,37,5,9.92,49.6
22547,8961,21,1,67.68,67.68
22548,8961,104,2,45.43,90.86
22549,8961,16,4,35.11,140.44
22550,8962,89,5,18.63,93.14999999999999
22551,8962,20,1,34.64,34.64
22552,8962,103,3,14.13,42.39
22553,8963,68,4,25.88,103.52
22554,8963,17,5,49.32,246.6
22555,8964,106,4,51.8,207.2
22556,8964,34,4,47.41,189.64
22557,8964,90,3,19.29,57.87
22558,8965,23,1,69.93,69.93
22559,8965,51,1,109.16,109.16
22560,8965,31,5,26.75,133.75
22561,8965,116,2,92.06,184.12
22562,8966,14,4,74.4,297.6
22563,8966,65,1,15.25,15.25
22564,8966,33,3,108.48,325.44
22565,8967,95,2,109.16,218.32
22566,8967,67,3,26.5,79.5
22567,8967,60,2,30.76,61.52
22568,8968,97,4,47.38,189.52
22569,8968,80,3,9.93,29.79
22570,8968,79,4,19.94,79.76
22571,8969,46,5,13.62,68.1
22572,8970,28,3,22.81,68.42999999999999
22573,8971,7,4,12.84,51.36
22574,8971,67,3,28.19,84.57000000000001
22575,8971,74,2,59.93,119.86
22576,8972,29,4,11.03,44.12
22577,8972,35,5,63.27,316.35
22578,8973,7,2,13.2,26.4
22579,8973,67,2,26.69,53.38
22580,8973,114,3,31.44,94.32000000000001
22581,8973,79,2,22.06,44.12
22582,8974,9,1,34.52,34.52
22583,8974,55,1,36.05,36.05
22584,8975,111,2,39.5,79.0
22585,8975,19,4,38.42,153.68
22586,8975,32,5,20.96,104.80000000000001
22587,8975,97,2,47.88,95.76
22588,8976,81,3,76.62,229.86
22589,8976,21,2,64.48,128.96
22590,8976,1,5,16.71,83.55000000000001
22591,8977,16,2,35.83,71.66
22592,8977,68,1,25.02,25.02
22593,8978,39,5,8.64,43.2
22594,8978,22,1,59.7,59.7
22595,8978,7,5,13.16,65.8
22596,8978,11,3,25.98,77.94
22597,8979,43,3,40.62,121.85999999999999
22598,8980,28,3,23.97,71.91
22599,8980,91,5,30.77,153.85
22600,8980,91,1,29.22,29.22
22601,8981,95,3,104.83,314.49
22602,8981,86,1,38.68,38.68
22603,8982,55,4,33.33,133.32
22604,8982,23,4,72.66,290.64
22605,8982,23,5,72.61,363.05
22606,8983,75,4,37.08,148.32
22607,8984,117,3,59.79,179.37
22608,8985,89,4,17.57,70.28
22609,8985,99,3,17.9,53.699999999999996
22610,8986,101,5,58.44,292.2
22611,8986,1,1,17.34,17.34
22612,8986,110,2,66.39,132.78
22613,8987,73,5,10.13,50.650000000000006
22614,8987,105,4,14.79,59.16
22615,8987,114,1,31.08,31.08
22616,8987,16,4,35.04,140.16
22617,8988,112,3,64.53,193.59
22618,8988,66,4,91.52,366.08
22619,8988,48,4,50.14,200.56
22620,8988,117,4,62.16,248.64
22621,8989,74,3,61.28,183.84
22622,8989,78,4,17.64,70.56
22623,8989,74,4,59.05,236.2
22624,8990,76,3,13.74,41.22
22625,8991,88,5,38.77,193.85000000000002
22626,8991,43,3,39.94,119.82
22627,8991,113,5,30.19,150.95000000000002
22628,8991,81,4,76.63,306.52
22629,8992,56,1,23.38,23.38
22630,8992,64,3,46.5,139.5
22631,8992,8,2,20.65,41.3
22632,8992,11,2,28.62,57.24
22633,8993,87,5,29.31,146.54999999999998
22634,8993,46,5,13.33,66.65
22635,8993,114,2,31.74,63.48
22636,8994,52,4,46.86,187.44
22637,8995,105,4,14.56,58.24
22638,8996,87,1,31.81,31.81
22639,8996,3,3,30.83,92.49
22640,8996,41,4,51.54,206.16
22641,8996,106,5,47.65,238.25
22642,8997,95,3,107.67,323.01
22643,8998,18,2,17.79,35.58
22644,8998,28,3,22.24,66.72
22645,8999,118,5,21.84,109.2
22646,8999,57,1,71.82,71.82
22647,8999,89,3,18.07,54.21
22648,8999,59,1,19.95,19.95
22649,9000,16,2,33.02,66.04
22650,9001,68,1,25.57,25.57
22651,9001,13,3,42.09,126.27000000000001
22652,9002,111,4,37.81,151.24
22653,9002,34,3,45.89,137.67000000000002
22654,9002,101,1,58.06,58.06
22655,9003,28,1,24.03,24.03
22656,9003,9,3,33.82,101.46000000000001
22657,9004,1,1,18.03,18.03
22658,9004,13,1,41.58,41.58
22659,9004,107,5,66.28,331.4
22660,9004,12,2,38.4,76.8
22661,9005,16,4,34.23,136.92
22662,9006,27,3,52.55,157.64999999999998
22663,9006,119,4,42.69,170.76
22664,9006,98,2,59.03,118.06
22665,9007,32,2,22.57,45.14
22666,9007,52,5,47.7,238.5
22667,9008,69,3,64.7,194.10000000000002
22668,9008,34,4,43.64,174.56
22669,9008,84,1,48.54,48.54
22670,9009,33,2,109.43,218.86
22671,9010,37,1,10.3,10.3
22672,9010,111,1,36.77,36.77
22673,9010,55,5,35.75,178.75
22674,9011,111,5,35.65,178.25
22675,9012,93,2,23.45,46.9
22676,9012,38,2,111.99,223.98
22677,9012,8,3,20.04,60.12
22678,9012,18,2,18.15,36.3
22679,9013,44,5,17.1,85.5
22680,9013,91,3,31.47,94.41
22681,9013,95,4,102.82,411.28
22682,9013,49,4,22.3,89.2
22683,9014,40,1,20.88,20.88
22684,9014,87,3,30.88,92.64
22685,9015,8,3,20.62,61.86
22686,9015,49,4,23.35,93.4
22687,9015,23,3,67.44,202.32
22688,9016,82,1,18.94,18.94
22689,9016,82,3,17.74,53.22
22690,9016,103,5,12.82,64.1
22691,9017,117,5,62.44,312.2
22692,9017,26,2,19.14,38.28
22693,9017,28,3,24.45,73.35
22694,9017,49,4,22.76,91.04
22695,9018,63,4,45.97,183.88
22696,9018,88,2,38.48,76.96
22697,9018,29,2,11.01,22.02
22698,9018,68,5,25.0,125.0
22699,9019,111,4,36.77,147.08
22700,9019,9,1,34.55,34.55
22701,9019,109,3,20.6,61.800000000000004
22702,9019,22,1,59.17,59.17
22703,9020,47,4,23.73,94.92
22704,9020,19,2,38.89,77.78
22705,9021,5,4,89.71,358.84
22706,9021,34,5,47.26,236.29999999999998
22707,9021,73,2,9.36,18.72
22708,9022,46,5,13.13,65.65
22709,9023,76,2,13.18,26.36
22710,9023,89,2,18.07,36.14
22711,9024,75,5,34.69,173.45
22712,9024,82,1,17.87,17.87
22713,9025,36,3,21.74,65.22
22714,9025,98,1,59.0,59.0
22715,9026,3,4,31.08,124.32
22716,9026,102,2,19.28,38.56
22717,9026,4,5,29.45,147.25
22718,9026,76,2,13.02,26.04
22719,9027,94,2,27.66,55.32
22720,9028,109,4,20.11,80.44
22721,9028,64,3,42.34,127.02000000000001
22722,9029,98,4,57.71,230.84
22723,9029,33,1,108.9,108.9
22724,9029,35,2,62.82,125.64
22725,9029,110,2,70.46,140.92
22726,9030,66,4,91.52,366.08
22727,9031,107,4,67.28,269.12
22728,9031,62,2,12.18,24.36
22729,9031,98,1,63.4,63.4
22730,9031,22,4,62.66,250.64
22731,9032,75,1,34.8,34.8
22732,9033,25,5,70.9,354.5
22733,9033,74,2,59.23,118.46
22734,9033,40,2,19.2,38.4
22735,9034,64,3,42.65,127.94999999999999
22736,9034,110,2,68.34,136.68
22737,9034,22,5,57.49,287.45
22738,9034,88,3,38.65,115.94999999999999
22739,9035,88,4,36.46,145.84
22740,9035,38,1,110.06,110.06
22741,9036,63,4,49.59,198.36
22742,9036,109,4,21.11,84.44
22743,9036,66,2,95.82,191.64
22744,9037,17,4,47.72,190.88
22745,9038,83,1,38.18,38.18
22746,9038,14,4,73.43,293.72
22747,9039,45,4,43.27,173.08
22748,9040,101,3,55.41,166.23
22749,9041,85,1,67.22,67.22
22750,9041,82,3,18.82,56.46
22751,9042,30,4,18.82,75.28
22752,9042,3,1,30.91,30.91
22753,9042,104,2,46.5,93.0
22754,9042,29,4,11.31,45.24
22755,9043,119,3,40.04,120.12
22756,9043,39,3,8.39,25.17
22757,9043,72,3,33.25,99.75
22758,9043,86,3,37.66,112.97999999999999
22759,9044,46,2,13.15,26.3
22760,9045,96,1,71.43,71.43
22761,9046,35,4,63.07,252.28
22762,9046,54,5,58.22,291.1
22763,9046,108,2,18.33,36.66
22764,9047,38,2,114.2,228.4
22765,9047,40,1,19.14,19.14
22766,9047,11,2,28.67,57.34
22767,9047,98,2,62.05,124.1
22768,9048,8,5,21.98,109.9
22769,9048,50,5,42.85,214.25
22770,9048,34,5,44.81,224.05
22771,9049,106,3,51.09,153.27
22772,9049,57,1,68.52,68.52
22773,9049,52,5,46.19,230.95
22774,9050,64,1,44.47,44.47
22775,9050,70,1,72.83,72.83
22776,9050,27,4,48.28,193.12
22777,9051,15,1,19.9,19.9
22778,9051,22,3,58.62,175.85999999999999
22779,9052,118,5,21.83,109.14999999999999
22780,9052,6,5,76.71,383.54999999999995
22781,9052,68,1,25.1,25.1
22782,9053,90,1,19.79,19.79
22783,9054,75,2,35.83,71.66
22784,9055,98,3,63.13,189.39000000000001
22785,9056,16,4,34.99,139.96
22786,9057,47,1,23.07,23.07
22787,9057,83,1,37.6,37.6
22788,9057,7,3,13.52,40.56
22789,9058,52,4,45.87,183.48
22790,9058,96,2,71.99,143.98
22791,9059,51,1,103.53,103.53
22792,9059,95,5,100.22,501.1
22793,9059,57,5,65.42,327.1
22794,9060,13,3,42.58,127.74
22795,9061,65,3,15.74,47.22
22796,9061,50,2,41.32,82.64
22797,9062,97,3,47.16,141.48
22798,9063,101,4,55.56,222.24
22799,9063,42,2,25.59,51.18
22800,9064,109,4,20.55,82.2
22801,9064,106,2,49.22,98.44
22802,9064,59,2,19.59,39.18
22803,9065,14,2,71.98,143.96
22804,9066,86,3,37.57,112.71000000000001
22805,9066,64,5,46.5,232.5
22806,9066,80,4,10.77,43.08
22807,9066,82,2,17.82,35.64
22808,9067,92,1,8.32,8.32
22809,9067,117,2,59.17,118.34
22810,9068,39,2,8.2,16.4
22811,9068,48,3,50.29,150.87
22812,9068,22,2,61.73,123.46
22813,9068,82,2,18.18,36.36
22814,9069,85,1,71.78,71.78
22815,9069,95,2,100.78,201.56
22816,9069,19,5,40.76,203.79999999999998
22817,9070,100,2,40.11,80.22
22818,9070,73,1,9.59,9.59
22819,9070,111,1,38.42,38.42
22820,9070,1,1,17.41,17.41
22821,9071,42,5,25.93,129.65
22822,9071,115,4,36.35,145.4
22823,9071,102,1,19.0,19.0
22824,9072,78,2,16.95,33.9
22825,9072,115,1,35.83,35.83
22826,9073,77,1,22.64,22.64
22827,9074,57,4,72.25,289.0
22828,9075,33,2,106.22,212.44
22829,9075,83,3,37.01,111.03
22830,9075,64,4,45.29,181.16
22831,9075,39,2,8.07,16.14
22832,9076,19,5,38.19,190.95
22833,9076,31,3,24.66,73.98
22834,9076,62,1,11.5,11.5
22835,9077,34,3,44.63,133.89000000000001
22836,9078,71,2,17.27,34.54
22837,9079,7,2,13.04,26.08
22838,9079,42,4,26.0,104.0
22839,9079,70,5,72.2,361.0
22840,9079,88,3,40.38,121.14000000000001
22841,9080,104,5,43.22,216.1
22842,9081,17,2,48.19,96.38
22843,9081,35,2,59.11,118.22
22844,9081,78,5,16.19,80.95
22845,9082,4,2,29.3,58.6
22846,9082,66,1,97.33,97.33
22847,9083,34,3,44.81,134.43
22848,9083,63,1,48.95,48.95
22849,9083,93,1,24.35,24.35
22850,9084,21,4,61.9,247.6
22851,9085,54,2,60.7,121.4
22852,9086,90,1,18.4,18.4
22853,9087,93,2,23.59,47.18
22854,9087,37,5,9.73,48.650000000000006
22855,9087,27,2,48.29,96.58
22856,9088,51,2,100.26,200.52
22857,9088,78,1,17.44,17.44
22858,9088,85,2,68.75,137.5
22859,9089,88,3,39.86,119.58
22860,9089,36,2,20.37,40.74
22861,9089,98,4,59.25,237.0
22862,9090,95,3,101.62,304.86
22863,9090,83,4,38.1,152.4
22864,9090,89,5,18.39,91.95
22865,9091,110,5,64.52,322.59999999999997
22866,9092,99,5,19.31,96.55
22867,9093,16,1,35.56,35.56
22868,9094,92,2,7.98,15.96
22869,9095,67,1,26.71,26.71
22870,9095,52,4,48.36,193.44
22871,9095,54,3,58.29,174.87
22872,9096,20,1,33.7,33.7
22873,9096,120,3,30.28,90.84
22874,9097,7,3,13.48,40.44
22875,9097,66,2,89.83,179.66
22876,9098,112,2,60.13,120.26
22877,9099,83,2,35.43,70.86
22878,9099,115,3,37.59,112.77000000000001
22879,9099,111,1,36.71,36.71
22880,9100,4,3,28.55,85.65
22881,9100,18,3,17.35,52.050000000000004
22882,9100,14,3,73.6,220.79999999999998
22883,9100,41,3,54.43,163.29
22884,9101,47,4,23.07,92.28
22885,9102,39,4,8.39,33.56
22886,9102,19,3,37.67,113.01
22887,9102,15,4,18.11,72.44
22888,9102,61,1,47.02,47.02
22889,9103,68,2,27.11,54.22
22890,9104,37,2,9.92,19.84
22891,9104,37,4,9.88,39.52
22892,9104,60,3,30.27,90.81
22893,9104,20,1,35.74,35.74
22894,9105,19,3,39.5,118.5
22895,9105,3,4,31.0,124.0
22896,9105,44,5,17.28,86.4
22897,9106,4,4,28.11,112.44
22898,9106,44,5,17.15,85.75
22899,9106,47,2,23.53,47.06
22900,9106,32,3,22.05,66.15
22901,9107,74,1,57.61,57.61
22902,9108,18,3,17.52,52.56
22903,9108,26,1,20.34,20.34
22904,9108,115,2,38.48,76.96
22905,9109,110,4,70.32,281.28
22906,9110,14,2,72.77,145.54
22907,9110,26,2,19.66,39.32
22908,9111,70,3,66.02,198.06
22909,9112,33,5,102.95,514.75
22910,9113,20,1,35.61,35.61
22911,9113,37,4,10.47,41.88
22912,9113,119,5,39.88,199.4
22913,9113,19,1,38.74,38.74
22914,9114,75,2,36.82,73.64
22915,9114,120,2,30.09,60.18
22916,9114,100,5,39.31,196.55
22917,9114,87,1,30.7,30.7
22918,9115,37,5,10.24,51.2
22919,9115,37,4,10.01,40.04
22920,9116,73,1,9.32,9.32
22921,9116,117,5,59.85,299.25
22922,9117,42,4,27.62,110.48
22923,9117,77,4,22.97,91.88
22924,9117,117,2,56.83,113.66
22925,9118,93,2,22.59,45.18
22926,9118,116,4,94.66,378.64
22927,9118,42,1,26.73,26.73
22928,9119,82,3,19.14,57.42
22929,9119,27,5,50.16,250.79999999999998
22930,9119,6,5,73.5,367.5
22931,9120,54,1,62.75,62.75
22932,9120,96,4,76.56,306.24
22933,9121,51,4,101.77,407.08
22934,9121,33,5,107.3,536.5
22935,9122,119,2,39.32,78.64
22936,9122,49,5,21.81,109.05
22937,9122,18,2,17.1,34.2
22938,9122,22,3,60.13,180.39000000000001
22939,9123,17,1,50.83,50.83
22940,9124,117,4,61.16,244.64
22941,9124,75,1,35.98,35.98
22942,9125,2,2,44.59,89.18
22943,9125,68,1,27.55,27.55
22944,9126,51,3,99.62,298.86
22945,9127,66,3,97.52,292.56
22946,9128,103,4,13.58,54.32
22947,9129,50,3,40.99,122.97
22948,9129,37,4,9.87,39.48
22949,9129,44,3,18.02,54.06
22950,9129,85,1,70.51,70.51
22951,9130,11,1,27.7,27.7
22952,9130,75,1,34.16,34.16
22953,9130,96,5,77.79,388.95000000000005
22954,9130,119,3,40.8,122.39999999999999
22955,9131,54,1,57.71,57.71
22956,9131,56,2,22.26,44.52
22957,9131,108,5,20.24,101.19999999999999
22958,9132,97,5,44.97,224.85
22959,9132,60,2,31.35,62.7
22960,9132,46,2,13.19,26.38
22961,9132,109,3,20.66,61.980000000000004
22962,9133,50,2,40.23,80.46
22963,9133,111,4,37.68,150.72
22964,9133,53,4,41.4,165.6
22965,9133,68,4,27.12,108.48
22966,9134,64,5,43.12,215.6
22967,9135,96,3,77.45,232.35000000000002
22968,9135,94,4,27.81,111.24
22969,9135,13,3,41.02,123.06
22970,9135,101,2,59.05,118.1
22971,9136,15,3,19.35,58.050000000000004
22972,9136,98,4,58.94,235.76
22973,9136,85,1,69.23,69.23
22974,9136,71,3,17.57,52.71
22975,9137,7,1,13.53,13.53
22976,9138,103,2,13.95,27.9
22977,9138,86,4,35.87,143.48
22978,9138,70,2,67.52,135.04
22979,9138,28,4,22.33,89.32
22980,9139,93,3,23.8,71.4
22981,9139,29,2,11.54,23.08
22982,9139,53,3,42.33,126.99
22983,9140,44,4,17.39,69.56
22984,9140,51,3,104.15,312.45000000000005
22985,9140,111,5,38.31,191.55
22986,9140,93,2,24.1,48.2
22987,9141,86,3,36.15,108.44999999999999
22988,9141,83,2,37.19,74.38
22989,9142,91,5,30.56,152.79999999999998
22990,9142,89,5,17.72,88.6
22991,9142,94,2,26.36,52.72
22992,9143,6,1,76.5,76.5
22993,9143,100,2,37.2,74.4
22994,9143,38,1,115.24,115.24
22995,9143,21,1,67.76,67.76
22996,9144,24,1,46.8,46.8
22997,9144,114,1,33.21,33.21
22998,9144,100,4,38.65,154.6
22999,9145,48,5,49.25,246.25
23000,9145,110,1,68.88,68.88
23001,9145,68,4,26.91,107.64
23002,9145,102,3,18.49,55.47
23003,9146,98,1,60.57,60.57
23004,9147,30,4,18.48,73.92
23005,9147,103,4,13.05,52.2
23006,9148,117,5,61.09,305.45000000000005
23007,9149,61,1,46.53,46.53
23008,9149,39,1,8.42,8.42
23009,9149,66,3,92.34,277.02
23010,9150,102,4,18.84,75.36
23011,9151,50,5,41.9,209.5
23012,9151,6,4,75.11,300.44
23013,9152,6,2,71.45,142.9
23014,9152,91,2,29.17,58.34
23015,9152,78,4,16.77,67.08
23016,9153,27,4,52.23,208.92
23017,9153,82,1,17.75,17.75
23018,9153,38,5,107.8,539.0
23019,9153,57,2,66.81,133.62
23020,9154,25,3,71.78,215.34
23021,9155,6,2,71.07,142.14
23022,9155,109,2,20.72,41.44
23023,9156,68,5,27.54,137.7
23024,9157,116,3,91.91,275.73
23025,9157,13,1,40.27,40.27
23026,9158,48,2,51.89,103.78
23027,9158,55,2,36.67,73.34
23028,9158,5,4,88.12,352.48
23029,9159,96,1,77.2,77.2
23030,9159,119,2,40.39,80.78
23031,9159,28,3,23.2,69.6
23032,9159,105,1,13.93,13.93
23033,9160,111,2,37.77,75.54
23034,9160,50,3,39.57,118.71000000000001
23035,9161,85,1,70.81,70.81
23036,9162,54,3,62.6,187.8
23037,9162,31,3,25.39,76.17
23038,9163,35,5,60.5,302.5
23039,9163,28,3,23.23,69.69
23040,9164,119,3,41.82,125.46000000000001
23041,9164,9,2,35.77,71.54
23042,9164,53,1,42.94,42.94
23043,9165,105,5,14.76,73.8
23044,9165,61,2,45.57,91.14
23045,9165,8,1,21.07,21.07
23046,9166,45,1,45.26,45.26
23047,9166,76,4,12.53,50.12
23048,9166,15,2,19.78,39.56
23049,9166,91,3,30.05,90.15
23050,9167,80,1,10.66,10.66
23051,9167,31,2,25.79,51.58
23052,9167,96,2,73.86,147.72
23053,9168,46,4,13.67,54.68
23054,9168,47,4,23.8,95.2
23055,9169,36,1,20.17,20.17
23056,9170,46,5,13.81,69.05
23057,9170,97,5,45.14,225.7
23058,9170,3,1,29.04,29.04
23059,9170,120,5,29.55,147.75
23060,9171,92,5,8.51,42.55
23061,9172,117,4,61.79,247.16
23062,9172,80,5,10.07,50.35
23063,9173,9,5,34.77,173.85000000000002
23064,9173,91,2,31.6,63.2
23065,9174,82,5,17.63,88.14999999999999
23066,9174,57,1,67.71,67.71
23067,9174,71,2,17.36,34.72
23068,9174,41,4,54.36,217.44
23069,9175,112,5,65.49,327.45
23070,9175,107,2,70.09,140.18
23071,9176,70,4,72.47,289.88
23072,9176,115,4,37.7,150.8
23073,9177,55,3,35.63,106.89000000000001
23074,9177,25,5,67.08,335.4
23075,9177,54,3,61.53,184.59
23076,9177,111,3,35.98,107.94
23077,9178,103,3,12.82,38.46
23078,9178,3,3,31.18,93.53999999999999
23079,9179,81,3,84.13,252.39
23080,9179,97,5,48.45,242.25
23081,9179,9,3,33.6,100.80000000000001
23082,9179,68,2,27.11,54.22
23083,9180,113,4,31.05,124.2
23084,9181,45,3,43.7,131.10000000000002
23085,9181,82,5,18.66,93.3
23086,9181,46,5,13.18,65.9
23087,9182,19,5,38.03,190.15
23088,9182,48,5,52.95,264.75
23089,9182,57,4,72.42,289.68
23090,9183,52,3,46.76,140.28
23091,9184,31,5,25.14,125.7
23092,9184,114,2,31.29,62.58
23093,9184,71,5,18.1,90.5
23094,9184,77,5,20.71,103.55000000000001
23095,9185,67,4,28.5,114.0
23096,9185,42,5,26.85,134.25
23097,9185,117,2,60.54,121.08
23098,9185,50,1,40.85,40.85
23099,9186,7,3,12.65,37.95
23100,9187,54,2,63.11,126.22
23101,9188,55,5,36.4,182.0
23102,9189,47,4,24.37,97.48
23103,9189,22,1,58.17,58.17
23104,9189,58,4,61.46,245.84
23105,9189,3,4,30.0,120.0
23106,9190,43,2,41.32,82.64
23107,9190,94,5,25.96,129.8
23108,9191,86,4,36.56,146.24
23109,9191,91,4,29.73,118.92
23110,9191,19,2,38.75,77.5
23111,9191,113,5,32.29,161.45
23112,9192,23,4,73.97,295.88
23113,9192,71,4,17.17,68.68
23114,9193,117,5,61.48,307.4
23115,9193,31,5,25.68,128.4
23116,9193,12,4,38.76,155.04
23117,9193,44,5,16.52,82.6
23118,9194,2,2,41.7,83.4
23119,9194,73,4,9.74,38.96
23120,9194,94,3,27.3,81.9
23121,9195,76,4,13.73,54.92
23122,9195,30,5,20.15,100.75
23123,9196,6,5,75.42,377.1
23124,9196,39,1,8.59,8.59
23125,9196,110,4,65.05,260.2
23126,9197,44,5,17.0,85.0
23127,9198,112,3,63.69,191.07
23128,9199,117,4,59.5,238.0
23129,9199,96,4,73.05,292.2
23130,9199,29,5,11.03,55.15
23131,9200,30,1,19.26,19.26
23132,9200,17,5,51.8,259.0
23133,9200,42,5,25.95,129.75
23134,9200,58,1,57.21,57.21
23135,9201,85,3,72.99,218.96999999999997
23136,9201,8,4,20.4,81.6
23137,9202,37,1,9.78,9.78
23138,9202,43,1,39.3,39.3
23139,9202,47,2,24.81,49.62
23140,9202,70,5,73.25,366.25
23141,9203,81,3,79.46,238.38
23142,9203,114,5,30.82,154.1
23143,9204,5,5,89.0,445.0
23144,9204,21,4,65.58,262.32
23145,9205,17,4,48.41,193.64
23146,9205,35,4,61.56,246.24
23147,9205,5,1,87.22,87.22
23148,9206,47,2,25.47,50.94
23149,9206,32,1,21.25,21.25
23150,9207,64,1,45.32,45.32
23151,9207,58,3,60.15,180.45
23152,9207,80,5,10.37,51.849999999999994
23153,9208,102,5,18.4,92.0
23154,9208,13,2,40.74,81.48
23155,9208,22,2,61.78,123.56
23156,9208,87,5,30.39,151.95
23157,9209,43,5,39.34,196.70000000000002
23158,9209,109,3,20.31,60.92999999999999
23159,9210,2,1,44.06,44.06
23160,9210,13,2,42.49,84.98
23161,9211,56,3,24.29,72.87
23162,9211,61,4,45.39,181.56
23163,9212,4,5,30.08,150.39999999999998
23164,9212,60,4,30.72,122.88
23165,9212,39,3,8.7,26.099999999999998
23166,9213,77,3,21.5,64.5
23167,9213,100,3,40.76,122.28
23168,9213,70,4,66.79,267.16
23169,9214,113,2,30.65,61.3
23170,9214,68,1,25.96,25.96
23171,9215,45,5,43.18,215.9
23172,9216,13,4,40.59,162.36
23173,9216,34,5,44.76,223.79999999999998
23174,9216,43,4,41.13,164.52
23175,9216,92,3,8.39,25.17
23176,9217,56,5,22.25,111.25
23177,9217,84,5,47.16,235.79999999999998
23178,9217,18,4,16.99,67.96
23179,9218,46,1,13.29,13.29
23180,9218,95,5,105.16,525.8
23181,9218,109,4,19.86,79.44
23182,9219,45,2,45.15,90.3
23183,9219,55,2,34.99,69.98
23184,9219,33,1,101.61,101.61
23185,9219,113,1,29.96,29.96
23186,9220,13,2,41.69,83.38
23187,9221,107,4,69.95,279.8
23188,9221,81,4,78.32,313.28
23189,9221,114,3,31.16,93.48
23190,9221,18,3,17.89,53.67
23191,9222,14,3,77.53,232.59
23192,9223,23,4,71.05,284.2
23193,9223,33,4,104.74,418.96
23194,9223,28,5,22.57,112.85
23195,9223,45,3,46.93,140.79
23196,9224,33,4,102.83,411.32
23197,9224,90,2,18.32,36.64
23198,9224,33,5,103.48,517.4
23199,9224,36,4,20.16,80.64
23200,9225,102,1,18.4,18.4
23201,9225,25,4,67.6,270.4
23202,9225,42,1,25.8,25.8
23203,9226,42,3,25.89,77.67
23204,9226,56,5,23.3,116.5
23205,9226,38,4,115.84,463.36
23206,9227,70,1,69.43,69.43
23207,9227,98,3,64.01,192.03000000000003
23208,9227,56,5,22.3,111.5
23209,9227,119,4,40.89,163.56
23210,9228,77,5,21.61,108.05
23211,9228,37,2,9.89,19.78
23212,9228,32,3,20.95,62.849999999999994
23213,9229,7,5,12.52,62.599999999999994
23214,9229,1,4,17.63,70.52
23215,9230,87,4,31.02,124.08
23216,9230,91,2,30.65,61.3
23217,9230,58,4,57.12,228.48
23218,9230,19,2,39.51,79.02
23219,9231,53,5,42.76,213.79999999999998
23220,9231,68,3,27.38,82.14
23221,9231,43,3,37.73,113.19
23222,9231,60,1,31.67,31.67
23223,9232,57,5,72.52,362.59999999999997
23224,9233,15,1,19.99,19.99
23225,9234,17,2,51.73,103.46
23226,9234,6,2,71.81,143.62
23227,9234,74,5,62.38,311.90000000000003
23228,9235,107,4,67.14,268.56
23229,9235,112,3,61.27,183.81
23230,9235,78,4,17.83,71.32
23231,9236,111,3,36.5,109.5
23232,9236,46,3,13.45,40.349999999999994
23233,9236,89,5,18.42,92.10000000000001
23234,9236,62,3,12.45,37.349999999999994
23235,9237,47,5,23.87,119.35000000000001
23236,9238,83,1,37.84,37.84
23237,9239,111,1,37.71,37.71
23238,9240,57,3,70.09,210.27
23239,9240,80,1,10.73,10.73
23240,9241,27,2,50.5,101.0
23241,9241,61,4,45.93,183.72
23242,9241,80,2,10.71,21.42
23243,9242,35,2,61.2,122.4
23244,9242,95,1,110.43,110.43
23245,9243,91,1,30.58,30.58
23246,9244,103,5,12.93,64.65
23247,9244,96,2,73.74,147.48
23248,9244,74,1,61.74,61.74
23249,9245,68,2,25.6,51.2
23250,9245,114,2,33.62,67.24
23251,9246,35,4,63.41,253.64
23252,9246,7,2,13.11,26.22
23253,9247,47,1,25.08,25.08
23254,9247,51,5,101.99,509.95
23255,9247,75,3,35.16,105.47999999999999
23256,9247,17,2,51.2,102.4
23257,9248,27,1,49.19,49.19
23258,9248,110,2,66.57,133.14
23259,9249,57,4,67.7,270.8
23260,9249,55,5,36.84,184.20000000000002
23261,9249,6,5,72.87,364.35
23262,9250,4,4,28.63,114.52
23263,9251,97,2,46.47,92.94
23264,9251,77,2,21.55,43.1
23265,9251,46,5,13.41,67.05
23266,9252,48,2,50.59,101.18
23267,9252,54,5,59.7,298.5
23268,9252,97,5,48.34,241.70000000000002
23269,9253,107,2,67.09,134.18
23270,9253,52,3,47.91,143.73
23271,9253,48,2,53.0,106.0
23272,9253,50,4,40.15,160.6
23273,9254,58,2,59.9,119.8
23274,9254,37,2,10.36,20.72
23275,9255,36,5,20.53,102.65
23276,9255,56,3,23.54,70.62
23277,9256,97,3,49.87,149.60999999999999
23278,9256,35,1,60.83,60.83
23279,9257,53,3,45.05,135.14999999999998
23280,9257,32,1,22.51,22.51
23281,9257,58,1,60.26,60.26
23282,9257,14,1,72.05,72.05
23283,9258,60,2,31.46,62.92
23284,9259,85,5,67.26,336.3
23285,9260,82,5,18.06,90.3
23286,9260,76,3,13.41,40.230000000000004
23287,9260,65,5,14.96,74.80000000000001
23288,9260,73,3,9.72,29.160000000000004
23289,9261,53,2,43.04,86.08
23290,9262,113,4,32.28,129.12
23291,9262,79,4,20.63,82.52
23292,9263,36,3,20.23,60.69
23293,9263,77,4,21.0,84.0
23294,9264,40,4,18.99,75.96
23295,9264,86,3,39.03,117.09
23296,9264,44,5,17.57,87.85
23297,9264,57,4,69.81,279.24
23298,9265,70,1,71.65,71.65
23299,9265,118,5,23.04,115.19999999999999
23300,9265,66,5,97.75,488.75
23301,9265,70,4,67.88,271.52
23302,9266,110,3,68.71,206.13
23303,9266,96,3,77.74,233.21999999999997
23304,9266,4,1,27.81,27.81
23305,9266,56,4,22.46,89.84
23306,9267,85,3,71.94,215.82
23307,9268,41,5,50.99,254.95000000000002
23308,9269,30,3,19.8,59.400000000000006
23309,9269,63,4,48.06,192.24
23310,9270,21,3,65.81,197.43
23311,9270,70,5,70.11,350.55
23312,9270,81,5,83.02,415.09999999999997
23313,9271,38,5,115.62,578.1
23314,9271,77,2,21.24,42.48
23315,9271,91,1,31.15,31.15
23316,9272,34,3,46.62,139.85999999999999
23317,9272,52,4,49.26,197.04
23318,9272,71,4,18.61,74.44
23319,9273,80,1,10.13,10.13
23320,9273,74,5,60.31,301.55
23321,9273,35,5,62.36,311.8
23322,9273,16,5,34.0,170.0
23323,9274,59,1,21.04,21.04
23324,9275,37,3,10.34,31.02
23325,9275,43,2,41.27,82.54
23326,9275,96,4,76.39,305.56
23327,9275,51,2,99.99,199.98
23328,9276,110,5,69.57,347.84999999999997
23329,9276,82,5,17.91,89.55
23330,9276,21,5,67.15,335.75
23331,9277,19,5,38.07,190.35
23332,9278,80,3,9.9,29.700000000000003
23333,9278,30,3,19.57,58.71
23334,9279,113,3,30.66,91.98
23335,9279,44,3,16.27,48.81
23336,9280,4,3,30.44,91.32000000000001
23337,9280,33,3,104.92,314.76
23338,9281,102,2,19.06,38.12
23339,9281,21,4,64.39,257.56
23340,9281,55,2,34.63,69.26
23341,9282,99,1,18.07,18.07
23342,9282,105,5,13.84,69.2
23343,9283,20,2,35.55,71.1
23344,9283,95,3,107.29,321.87
23345,9283,78,4,17.07,68.28
23346,9283,24,1,47.1,47.1
23347,9284,55,2,36.0,72.0
23348,9285,16,3,35.81,107.43
23349,9286,20,4,33.72,134.88
23350,9286,107,5,65.83,329.15
23351,9286,36,5,20.1,100.5
23352,9286,42,5,27.01,135.05
23353,9287,14,4,78.58,314.32
23354,9287,43,4,38.46,153.84
23355,9287,12,3,39.84,119.52000000000001
23356,9288,96,2,72.96,145.92
23357,9288,44,2,17.46,34.92
23358,9289,118,4,21.75,87.0
23359,9290,91,3,29.71,89.13
23360,9290,100,5,39.12,195.6
23361,9291,48,1,52.11,52.11
23362,9292,114,3,31.88,95.64
23363,9292,69,1,61.76,61.76
23364,9292,17,3,47.67,143.01
23365,9292,16,5,34.09,170.45000000000002
23366,9293,112,2,61.41,122.82
23367,9293,106,5,47.63,238.15
23368,9294,74,5,60.23,301.15
23369,9294,40,4,20.83,83.32
23370,9294,82,5,18.49,92.44999999999999
23371,9294,23,4,67.35,269.4
23372,9295,104,5,42.32,211.6
23373,9295,43,2,40.87,81.74
23374,9295,48,2,52.31,104.62
23375,9295,117,2,60.18,120.36
23376,9296,104,5,45.9,229.5
23377,9296,76,2,12.67,25.34
23378,9297,12,5,40.34,201.70000000000002
23379,9297,15,5,19.32,96.6
23380,9297,64,3,46.5,139.5
23381,9298,20,5,35.74,178.70000000000002
23382,9298,32,1,22.8,22.8
23383,9299,92,2,8.39,16.78
23384,9299,38,2,110.19,220.38
23385,9300,102,2,19.69,39.38
23386,9300,85,1,69.6,69.6
23387,9300,10,1,74.37,74.37
23388,9300,5,2,93.71,187.42
23389,9301,36,2,20.81,41.62
23390,9301,8,5,20.48,102.4
23391,9301,6,2,74.97,149.94
23392,9302,60,4,29.73,118.92
23393,9303,15,1,18.78,18.78
23394,9303,119,5,42.42,212.10000000000002
23395,9304,17,5,51.11,255.55
23396,9304,109,1,19.65,19.65
23397,9304,53,1,41.69,41.69
23398,9304,68,5,25.98,129.9
23399,9305,2,3,43.43,130.29
23400,9306,96,4,73.0,292.0
23401,9306,86,3,39.36,118.08
23402,9306,62,1,11.79,11.79
23403,9307,49,3,21.9,65.69999999999999
23404,9307,63,4,45.73,182.92
23405,9307,49,1,21.83,21.83
23406,9307,104,2,43.45,86.9
23407,9308,116,4,89.43,357.72
23408,9308,55,3,35.76,107.28
23409,9308,40,2,20.17,40.34
23410,9309,92,4,8.01,32.04
23411,9310,5,4,93.33,373.32
23412,9310,66,4,96.51,386.04
23413,9310,49,2,22.53,45.06
23414,9310,70,5,68.58,342.9
23415,9311,57,5,66.8,334.0
23416,9311,91,4,30.08,120.32
23417,9311,57,2,68.74,137.48
23418,9311,28,2,23.22,46.44
23419,9312,56,5,22.46,112.30000000000001
23420,9312,96,5,72.25,361.25
23421,9312,41,4,55.62,222.48
23422,9313,54,3,57.94,173.82
23423,9313,66,5,97.54,487.70000000000005
23424,9313,64,2,44.89,89.78
23425,9313,105,5,14.75,73.75
23426,9314,117,5,58.59,292.95000000000005
23427,9315,43,3,38.23,114.69
23428,9315,79,5,20.87,104.35000000000001
23429,9315,65,4,15.42,61.68
23430,9316,83,2,36.59,73.18
23431,9316,102,3,19.63,58.89
23432,9316,102,2,18.11,36.22
23433,9316,48,5,52.92,264.6
23434,9317,116,5,93.01,465.05
23435,9317,17,4,50.37,201.48
23436,9317,85,1,67.34,67.34
23437,9318,52,5,48.26,241.29999999999998
23438,9318,54,2,60.31,120.62
23439,9318,61,2,50.14,100.28
23440,9319,81,1,81.67,81.67
23441,9319,105,1,14.52,14.52
23442,9319,34,5,44.23,221.14999999999998
23443,9319,103,1,13.01,13.01
23444,9320,104,3,44.16,132.48
23445,9320,93,4,23.81,95.24
23446,9320,85,4,66.92,267.68
23447,9321,46,5,14.3,71.5
23448,9322,31,5,26.93,134.65
23449,9323,34,2,43.35,86.7
23450,9323,48,4,53.23,212.92
23451,9323,53,3,45.53,136.59
23452,9324,26,2,20.0,40.0
23453,9324,39,3,8.47,25.410000000000004
23454,9324,29,4,11.0,44.0
23455,9325,118,4,22.9,91.6
23456,9325,62,3,12.0,36.0
23457,9326,11,2,26.79,53.58
23458,9327,59,4,19.99,79.96
23459,9327,61,2,45.36,90.72
23460,9327,54,3,58.53,175.59
23461,9328,47,4,23.85,95.4
23462,9328,65,5,14.72,73.60000000000001
23463,9329,93,1,22.47,22.47
23464,9329,89,5,17.99,89.94999999999999
23465,9329,72,4,34.41,137.64
23466,9330,88,1,38.55,38.55
23467,9330,8,1,21.43,21.43
23468,9330,7,1,12.98,12.98
23469,9331,81,1,84.72,84.72
23470,9332,49,2,22.41,44.82
23471,9332,60,2,31.57,63.14
23472,9332,98,1,63.21,63.21
23473,9332,74,2,62.07,124.14
23474,9333,68,5,27.43,137.15
23475,9334,11,5,28.42,142.10000000000002
23476,9334,115,5,38.59,192.95000000000002
23477,9335,62,3,12.06,36.18
23478,9335,45,4,43.99,175.96
23479,9335,64,3,45.0,135.0
23480,9336,116,3,92.27,276.81
23481,9336,18,4,16.64,66.56
23482,9336,15,2,19.81,39.62
23483,9336,74,2,56.78,113.56
23484,9337,100,5,38.29,191.45
23485,9337,110,3,64.39,193.17000000000002
23486,9337,102,3,18.63,55.89
23487,9337,4,4,27.97,111.88
23488,9338,69,1,63.69,63.69
23489,9338,31,5,26.49,132.45
23490,9338,17,5,47.34,236.70000000000002
23491,9339,40,1,19.15,19.15
23492,9339,115,2,35.52,71.04
23493,9339,66,4,96.82,387.28
23494,9340,25,5,68.94,344.7
23495,9340,89,1,17.89,17.89
23496,9340,120,1,30.82,30.82
23497,9341,80,3,10.06,30.18
23498,9341,52,1,46.42,46.42
23499,9342,56,2,24.04,48.08
23500,9342,40,3,18.9,56.699999999999996
23501,9342,116,5,94.6,473.0
23502,9343,33,2,104.78,209.56
23503,9343,42,4,26.48,105.92
23504,9343,12,2,36.49,72.98
23505,9343,95,4,101.87,407.48
23506,9344,51,1,103.07,103.07
23507,9344,100,1,39.63,39.63
23508,9344,18,4,16.86,67.44
23509,9345,13,2,43.3,86.6
23510,9345,52,5,49.66,248.29999999999998
23511,9345,6,2,74.97,149.94
23512,9345,82,2,18.79,37.58
23513,9346,119,1,41.99,41.99
23514,9346,115,2,37.77,75.54
23515,9346,44,3,17.09,51.269999999999996
23516,9347,30,2,18.37,36.74
23517,9347,81,3,77.89,233.67000000000002
23518,9347,17,4,51.7,206.8
23519,9348,4,2,30.46,60.92
23520,9348,57,1,68.64,68.64
23521,9348,92,4,8.54,34.16
23522,9348,102,1,19.41,19.41
23523,9349,43,4,40.07,160.28
23524,9349,9,2,33.1,66.2
23525,9350,70,4,66.23,264.92
23526,9350,95,3,102.27,306.81
23527,9350,6,5,71.18,355.90000000000003
23528,9351,51,2,101.33,202.66
23529,9351,13,2,40.91,81.82
23530,9352,59,1,20.19,20.19
23531,9352,99,5,18.08,90.39999999999999
23532,9352,67,5,28.32,141.6
23533,9353,67,4,28.69,114.76
23534,9353,21,5,68.46,342.29999999999995
23535,9354,94,4,27.55,110.2
23536,9354,97,1,48.47,48.47
23537,9354,20,5,34.03,170.15
23538,9354,86,5,38.3,191.5
23539,9355,40,5,20.25,101.25
23540,9355,117,4,58.83,235.32
23541,9355,103,3,14.17,42.51
23542,9355,96,3,73.19,219.57
23543,9356,71,3,18.55,55.650000000000006
23544,9356,46,2,13.91,27.82
23545,9356,81,3,79.16,237.48
23546,9356,73,2,10.18,20.36
23547,9357,25,5,66.7,333.5
23548,9357,65,1,14.62,14.62
23549,9358,67,1,29.1,29.1
23550,9358,112,5,61.48,307.4
23551,9358,89,2,17.43,34.86
23552,9358,102,3,18.42,55.260000000000005
23553,9359,21,2,62.72,125.44
23554,9359,76,2,13.52,27.04
23555,9359,36,3,20.46,61.38
23556,9360,29,1,10.8,10.8
23557,9360,2,4,45.73,182.92
23558,9361,68,1,26.74,26.74
23559,9361,116,4,88.13,352.52
23560,9361,75,2,37.19,74.38
23561,9361,108,1,20.07,20.07
23562,9362,81,3,81.35,244.04999999999998
23563,9362,12,3,38.47,115.41
23564,9362,88,1,38.1,38.1
23565,9363,100,2,39.67,79.34
23566,9363,97,2,45.27,90.54
23567,9363,66,4,98.12,392.48
23568,9364,63,4,45.22,180.88
23569,9364,116,2,88.3,176.6
23570,9364,120,5,30.69,153.45000000000002
23571,9364,62,2,12.29,24.58
23572,9365,91,3,30.05,90.15
23573,9366,25,1,66.28,66.28
23574,9366,79,1,21.13,21.13
23575,9367,103,3,13.78,41.339999999999996
23576,9368,110,2,65.28,130.56
23577,9368,113,1,32.06,32.06
23578,9369,20,5,33.89,169.45
23579,9369,64,4,45.73,182.92
23580,9369,68,4,26.55,106.2
23581,9370,49,5,22.11,110.55
23582,9370,1,4,17.04,68.16
23583,9370,94,1,27.05,27.05
23584,9370,92,5,8.13,40.650000000000006
23585,9371,11,3,26.87,80.61
23586,9372,44,5,17.6,88.0
23587,9372,102,5,17.98,89.9
23588,9372,34,1,46.58,46.58
23589,9372,104,5,43.63,218.15
23590,9373,4,1,28.43,28.43
23591,9374,36,4,20.49,81.96
23592,9375,106,4,52.18,208.72
23593,9375,2,1,45.11,45.11
23594,9376,65,5,15.24,76.2
23595,9376,2,3,42.21,126.63
23596,9377,21,2,67.88,135.76
23597,9377,118,5,22.21,111.05000000000001
23598,9377,56,3,23.28,69.84
23599,9378,94,2,26.71,53.42
23600,9379,105,5,14.64,73.2
23601,9379,44,1,17.39,17.39
23602,9379,81,4,82.24,328.96
23603,9380,107,3,70.81,212.43
23604,9380,53,5,42.65,213.25
23605,9380,108,1,19.95,19.95
23606,9380,10,3,76.71,230.13
23607,9381,109,3,21.27,63.81
23608,9382,48,3,51.97,155.91
23609,9382,61,4,49.34,197.36
23610,9383,25,2,65.4,130.8
23611,9383,99,2,17.84,35.68
23612,9383,33,2,100.88,201.76
23613,9384,5,2,87.8,175.6
23614,9384,13,5,42.65,213.25
23615,9385,20,3,34.6,103.80000000000001
23616,9385,74,2,57.59,115.18
23617,9386,76,4,12.59,50.36
23618,9387,23,1,67.81,67.81
23619,9387,13,5,41.82,209.1
23620,9388,28,1,23.15,23.15
23621,9388,6,1,70.52,70.52
23622,9388,40,2,18.89,37.78
23623,9388,14,1,78.86,78.86
23624,9389,25,3,65.68,197.04000000000002
23625,9389,55,5,35.31,176.55
23626,9389,37,1,10.26,10.26
23627,9389,59,2,19.83,39.66
23628,9390,27,1,51.57,51.57
23629,9390,112,3,61.29,183.87
23630,9390,8,3,20.06,60.17999999999999
23631,9390,51,1,102.63,102.63
23632,9391,22,5,63.21,316.05
23633,9392,62,2,12.3,24.6
23634,9393,58,2,57.45,114.9
23635,9393,98,4,58.67,234.68
23636,9393,87,4,31.18,124.72
23637,9394,98,1,59.98,59.98
23638,9394,52,5,46.21,231.05
23639,9395,40,3,19.74,59.22
23640,9396,78,5,16.54,82.69999999999999
23641,9397,87,4,30.09,120.36
23642,9398,22,4,58.67,234.68
23643,9399,107,2,69.89,139.78
23644,9399,59,2,20.75,41.5
23645,9399,99,5,18.88,94.39999999999999
23646,9400,8,5,21.64,108.2
23647,9400,40,1,20.18,20.18
23648,9401,45,1,45.68,45.68
23649,9401,89,3,18.78,56.34
23650,9401,30,2,19.74,39.48
23651,9402,89,5,17.32,86.6
23652,9403,100,3,39.43,118.28999999999999
23653,9403,30,1,18.41,18.41
23654,9403,118,3,21.63,64.89
23655,9404,81,1,80.0,80.0
23656,9405,62,4,11.77,47.08
23657,9405,11,4,28.57,114.28
23658,9405,62,3,12.55,37.650000000000006
23659,9405,33,2,106.04,212.08
23660,9406,50,4,39.41,157.64
23661,9407,4,2,27.99,55.98
23662,9407,95,2,102.81,205.62
23663,9407,16,3,35.05,105.14999999999999
23664,9407,62,1,12.12,12.12
23665,9408,13,4,39.34,157.36
23666,9408,39,5,8.51,42.55
23667,9408,114,4,30.92,123.68
23668,9409,22,1,61.57,61.57
23669,9410,20,2,37.15,74.3
23670,9411,112,4,61.49,245.96
23671,9411,9,3,35.8,107.39999999999999
23672,9411,116,4,97.37,389.48
23673,9412,91,5,28.98,144.9
23674,9413,46,4,13.14,52.56
23675,9413,78,5,16.95,84.75
23676,9413,72,2,34.49,68.98
23677,9414,77,4,22.2,88.8
23678,9414,23,2,68.68,137.36
23679,9414,108,3,18.9,56.699999999999996
23680,9415,56,3,22.19,66.57000000000001
23681,9415,80,4,9.98,39.92
23682,9415,86,4,38.52,154.08
23683,9416,81,5,84.79,423.95000000000005
23684,9416,59,4,20.92,83.68
23685,9416,55,2,34.35,68.7
23686,9416,69,3,64.87,194.61
23687,9417,68,2,25.37,50.74
23688,9417,98,3,59.08,177.24
23689,9418,92,1,8.02,8.02
23690,9418,80,5,10.54,52.699999999999996
23691,9418,44,5,16.69,83.45
23692,9419,60,3,30.09,90.27
23693,9419,5,5,88.54,442.70000000000005
23694,9419,33,4,100.14,400.56
23695,9419,52,1,45.94,45.94
23696,9420,73,1,9.42,9.42
23697,9420,46,5,13.33,66.65
23698,9420,7,1,12.98,12.98
23699,9420,22,4,60.23,240.92
23700,9421,22,5,58.39,291.95
23701,9421,86,5,38.02,190.10000000000002
23702,9422,109,5,19.73,98.65
23703,9422,97,5,45.9,229.5
23704,9423,60,1,31.42,31.42
23705,9423,20,2,34.5,69.0
23706,9423,110,5,66.34,331.70000000000005
23707,9423,58,2,58.47,116.94
23708,9424,91,1,31.52,31.52
23709,9424,40,2,20.56,41.12
23710,9424,40,1,19.29,19.29
23711,9425,69,4,58.87,235.48
23712,9425,85,5,68.86,344.3
23713,9426,12,4,37.85,151.4
23714,9426,49,4,22.05,88.2
23715,9426,113,3,31.15,93.44999999999999
23716,9426,73,4,10.19,40.76
23717,9427,8,3,19.9,59.699999999999996
23718,9427,78,2,17.41,34.82
23719,9427,99,3,18.01,54.03
23720,9427,103,1,13.99,13.99
23721,9428,24,2,46.06,92.12
23722,9428,22,4,60.86,243.44
23723,9429,93,5,24.23,121.15
23724,9429,107,2,70.52,141.04
23725,9430,34,3,47.6,142.8
23726,9430,20,4,35.84,143.36
23727,9430,95,4,102.05,408.2
23728,9431,92,2,8.34,16.68
23729,9432,110,1,66.02,66.02
23730,9432,85,5,72.83,364.15
23731,9432,113,2,30.34,60.68
23732,9432,99,1,18.93,18.93
23733,9433,104,3,43.92,131.76
23734,9433,93,2,22.31,44.62
23735,9434,52,2,46.12,92.24
23736,9434,14,1,72.62,72.62
23737,9434,52,4,47.06,188.24
23738,9434,32,2,21.99,43.98
23739,9435,115,4,36.03,144.12
23740,9435,43,2,41.33,82.66
23741,9435,107,2,65.97,131.94
23742,9436,43,5,39.42,197.10000000000002
23743,9436,59,1,19.1,19.1
23744,9437,84,1,48.39,48.39
23745,9438,48,4,50.86,203.44
23746,9439,84,1,49.23,49.23
23747,9439,12,5,39.32,196.6
23748,9439,71,3,17.7,53.099999999999994
23749,9440,44,2,17.95,35.9
23750,9441,21,2,65.75,131.5
23751,9441,57,4,67.94,271.76
23752,9441,15,2,18.84,37.68
23753,9441,100,1,39.85,39.85
23754,9442,109,1,20.13,20.13
23755,9442,39,3,8.44,25.32
23756,9443,41,1,52.34,52.34
23757,9443,37,3,9.91,29.73
23758,9443,102,5,19.06,95.3
23759,9443,4,3,28.65,85.94999999999999
23760,9444,17,4,51.65,206.6
23761,9444,5,3,93.59,280.77
23762,9445,75,1,34.82,34.82
23763,9445,97,3,45.32,135.96
23764,9446,81,4,79.67,318.68
23765,9447,20,5,34.17,170.85000000000002
23766,9447,48,3,53.92,161.76
23767,9448,116,1,95.22,95.22
23768,9448,100,3,37.95,113.85000000000001
23769,9448,8,2,21.03,42.06
23770,9448,19,5,38.31,191.55
23771,9449,97,3,49.01,147.03
23772,9449,79,4,22.12,88.48
23773,9449,14,5,76.41,382.04999999999995
23774,9449,30,3,18.52,55.56
23775,9450,77,2,21.09,42.18
23776,9450,96,2,75.75,151.5
23777,9451,91,1,30.79,30.79
23778,9451,10,1,79.53,79.53
23779,9451,28,1,22.96,22.96
23780,9451,67,2,27.06,54.12
23781,9452,68,1,26.55,26.55
23782,9453,117,4,60.01,240.04
23783,9454,94,4,26.92,107.68
23784,9455,34,4,46.67,186.68
23785,9456,21,3,65.5,196.5
23786,9457,6,2,69.35,138.7
23787,9458,63,2,46.53,93.06
23788,9458,19,1,40.72,40.72
23789,9458,64,1,45.1,45.1
23790,9458,76,3,13.44,40.32
23791,9459,93,5,23.3,116.5
23792,9459,64,2,43.95,87.9
23793,9460,44,3,17.69,53.07000000000001
23794,9460,103,2,14.12,28.24
23795,9460,78,5,16.3,81.5
23796,9460,80,1,9.92,9.92
23797,9461,115,2,35.16,70.32
23798,9461,115,5,35.77,178.85000000000002
23799,9461,86,3,38.64,115.92
23800,9461,19,4,39.36,157.44
23801,9462,3,2,30.35,60.7
23802,9462,70,5,69.63,348.15
23803,9462,19,1,40.66,40.66
23804,9463,110,3,70.0,210.0
23805,9464,48,2,53.14,106.28
23806,9465,31,5,25.14,125.7
23807,9465,49,1,23.16,23.16
23808,9465,85,5,68.39,341.95
23809,9466,40,5,19.8,99.0
23810,9466,16,2,33.21,66.42
23811,9466,54,3,60.09,180.27
23812,9466,57,4,72.23,288.92
23813,9467,114,1,33.06,33.06
23814,9468,9,2,32.89,65.78
23815,9468,97,3,49.13,147.39000000000001
23816,9468,36,5,21.31,106.55
23817,9469,17,5,49.48,247.39999999999998
23818,9470,16,3,34.27,102.81
23819,9471,54,5,61.85,309.25
23820,9471,77,5,21.29,106.44999999999999
23821,9471,82,1,18.21,18.21
23822,9472,92,3,8.6,25.799999999999997
23823,9472,20,5,36.91,184.54999999999998
23824,9472,74,2,62.09,124.18
23825,9473,7,2,13.32,26.64
23826,9473,52,2,49.26,98.52
23827,9473,115,4,37.74,150.96
23828,9474,74,3,62.0,186.0
23829,9474,95,4,103.0,412.0
23830,9475,7,2,12.59,25.18
23831,9475,107,5,72.39,361.95
23832,9476,46,2,14.06,28.12
23833,9476,94,3,27.78,83.34
23834,9476,44,5,17.4,87.0
23835,9476,82,4,18.15,72.6
23836,9477,65,2,15.2,30.4
23837,9477,92,4,8.53,34.12
23838,9478,113,3,31.37,94.11
23839,9478,64,2,42.05,84.1
23840,9478,4,2,29.68,59.36
23841,9479,31,5,25.78,128.9
23842,9479,41,5,55.36,276.8
23843,9480,12,5,39.73,198.64999999999998
23844,9480,59,2,20.39,40.78
23845,9480,72,3,32.51,97.53
23846,9481,61,1,49.16,49.16
23847,9481,27,5,53.3,266.5
23848,9481,45,1,43.85,43.85
23849,9481,99,4,19.39,77.56
23850,9482,17,5,47.45,237.25
23851,9482,65,4,14.82,59.28
23852,9483,96,5,78.37,391.85
23853,9483,120,4,28.24,112.96
23854,9483,62,5,11.55,57.75
23855,9483,47,4,23.56,94.24
23856,9484,77,4,21.95,87.8
23857,9485,51,1,105.48,105.48
23858,9485,96,4,74.89,299.56
23859,9485,33,1,109.15,109.15
23860,9486,37,2,9.76,19.52
23861,9486,35,3,63.39,190.17000000000002
23862,9486,95,3,100.21,300.63
23863,9487,58,4,55.89,223.56
23864,9487,89,4,17.12,68.48
23865,9487,8,1,21.59,21.59
23866,9487,92,2,8.39,16.78
23867,9488,101,1,56.67,56.67
23868,9488,16,5,34.42,172.10000000000002
23869,9489,12,2,38.48,76.96
23870,9489,67,3,26.68,80.03999999999999
23871,9489,109,5,21.08,105.39999999999999
23872,9490,101,4,56.79,227.16
23873,9490,48,5,51.27,256.35
23874,9490,112,2,62.18,124.36
23875,9491,56,2,24.49,48.98
23876,9492,80,3,10.54,31.619999999999997
23877,9492,116,4,95.05,380.2
23878,9492,22,5,62.54,312.7
23879,9492,89,4,18.73,74.92
23880,9493,51,5,101.25,506.25
23881,9493,34,1,47.62,47.62
23882,9494,50,5,43.18,215.9
23883,9494,37,2,10.63,21.26
23884,9495,73,1,9.85,9.85
23885,9495,18,1,16.72,16.72
23886,9495,72,2,33.46,66.92
23887,9495,77,2,22.41,44.82
23888,9496,97,1,45.14,45.14
23889,9497,80,2,10.68,21.36
23890,9497,84,3,48.69,146.07
23891,9497,107,1,66.35,66.35
23892,9498,72,2,32.22,64.44
23893,9499,35,5,61.84,309.20000000000005
23894,9499,92,5,7.92,39.6
23895,9499,9,3,35.26,105.78
23896,9499,48,3,51.52,154.56
23897,9500,27,1,52.07,52.07
23898,9500,99,5,19.6,98.0
23899,9500,116,2,97.11,194.22
23900,9500,40,1,20.13,20.13
23901,9501,119,1,42.92,42.92
23902,9501,116,5,90.99,454.95
23903,9501,43,2,41.53,83.06
23904,9502,26,3,19.66,58.980000000000004
23905,9502,59,1,20.83,20.83
23906,9503,104,2,44.99,89.98
23907,9503,102,2,19.41,38.82
23908,9503,89,5,18.18,90.9
23909,9503,58,3,61.04,183.12
23910,9504,52,2,49.4,98.8
23911,9505,116,4,89.43,357.72
23912,9505,67,2,27.93,55.86
23913,9505,101,5,56.15,280.75
23914,9505,100,5,37.89,189.45
23915,9506,89,1,17.42,17.42
23916,9506,106,3,52.68,158.04
23917,9507,76,2,13.6,27.2
23918,9507,54,5,59.48,297.4
23919,9507,25,1,66.14,66.14
23920,9507,8,3,20.54,61.62
23921,9508,22,2,59.05,118.1
23922,9508,118,3,23.67,71.01
23923,9508,104,1,43.49,43.49
23924,9509,57,1,69.7,69.7
23925,9509,29,2,11.85,23.7
23926,9509,13,4,41.66,166.64
23927,9509,30,5,20.09,100.45
23928,9510,29,5,10.82,54.1
23929,9510,102,4,19.77,79.08
23930,9510,87,1,32.17,32.17
23931,9511,6,5,72.99,364.95
23932,9511,1,5,17.94,89.7
23933,9512,87,3,32.1,96.30000000000001
23934,9512,17,3,52.09,156.27
23935,9512,74,5,61.06,305.3
23936,9512,54,2,62.75,125.5
23937,9513,5,2,87.26,174.52
23938,9513,79,4,21.14,84.56
23939,9513,22,2,62.78,125.56
23940,9514,28,5,24.7,123.5
23941,9514,36,3,21.75,65.25
23942,9514,113,2,29.46,58.92
23943,9515,28,5,24.7,123.5
23944,9515,32,1,22.72,22.72
23945,9516,21,5,68.4,342.0
23946,9516,107,3,70.58,211.74
23947,9516,103,2,12.97,25.94
23948,9517,115,4,38.16,152.64
23949,9517,111,5,37.59,187.95000000000002
23950,9517,61,1,46.85,46.85
23951,9517,22,3,57.31,171.93
23952,9518,51,4,101.52,406.08
23953,9518,70,3,67.24,201.71999999999997
23954,9519,96,2,71.38,142.76
23955,9519,52,2,47.46,94.92
23956,9519,5,3,87.27,261.81
23957,9520,46,4,13.51,54.04
23958,9521,67,3,28.53,85.59
23959,9522,115,3,35.65,106.94999999999999
23960,9522,73,2,9.56,19.12
23961,9522,6,5,71.48,357.40000000000003
23962,9522,64,3,44.81,134.43
23963,9523,117,5,62.18,310.9
23964,9523,48,2,53.49,106.98
23965,9524,39,4,8.02,32.08
23966,9525,2,3,43.87,131.60999999999999
23967,9526,69,1,63.18,63.18
23968,9527,34,1,44.59,44.59
23969,9527,112,1,59.04,59.04
23970,9528,31,3,26.07,78.21000000000001
23971,9528,78,3,17.62,52.86
23972,9529,77,4,20.89,83.56
23973,9530,93,1,22.94,22.94
23974,9530,47,1,23.85,23.85
23975,9531,12,4,38.67,154.68
23976,9531,21,3,63.6,190.8
23977,9531,69,1,63.88,63.88
23978,9531,36,3,20.82,62.46
23979,9532,38,2,117.05,234.1
23980,9532,14,2,77.04,154.08
23981,9532,51,1,104.71,104.71
23982,9532,69,1,62.46,62.46
23983,9533,29,5,11.48,57.400000000000006
23984,9533,90,5,19.29,96.44999999999999
23985,9533,74,3,62.4,187.2
23986,9534,46,1,14.25,14.25
23987,9534,65,2,15.64,31.28
23988,9534,96,2,74.33,148.66
23989,9535,16,2,35.63,71.26
23990,9535,38,1,118.95,118.95
23991,9535,88,1,37.68,37.68
23992,9535,87,5,31.22,156.1
23993,9536,35,5,62.33,311.65
23994,9536,74,1,61.67,61.67
23995,9536,71,2,18.26,36.52
23996,9536,70,1,68.85,68.85
23997,9537,105,1,14.67,14.67
23998,9538,29,4,11.22,44.88
23999,9538,48,2,54.02,108.04
24000,9538,52,3,49.16,147.48
24001,9539,77,2,20.71,41.42
24002,9539,84,4,46.87,187.48
24003,9540,104,3,44.35,133.05
24004,9541,19,1,40.1,40.1
24005,9541,75,5,35.86,179.3
24006,9541,21,2,68.16,136.32
24007,9541,118,4,23.42,93.68
24008,9542,1,4,17.52,70.08
24009,9542,10,2,77.4,154.8
24010,9542,108,2,20.1,40.2
24011,9543,44,2,17.15,34.3
24012,9543,42,5,26.69,133.45000000000002
24013,9543,85,3,71.93,215.79000000000002
24014,9544,17,4,48.47,193.88
24015,9544,59,1,20.01,20.01
24016,9544,39,1,8.56,8.56
24017,9544,32,2,22.61,45.22
24018,9545,24,1,46.84,46.84
24019,9546,41,2,55.46,110.92
24020,9546,60,2,29.12,58.24
24021,9547,87,1,31.96,31.96
24022,9547,24,5,45.7,228.5
24023,9547,95,2,101.86,203.72
24024,9547,23,1,69.55,69.55
24025,9548,77,3,20.96,62.88
24026,9549,46,4,14.38,57.52
24027,9550,107,5,69.01,345.05
24028,9550,84,2,47.7,95.4
24029,9550,63,4,45.76,183.04
24030,9551,8,1,20.81,20.81
24031,9551,99,1,19.47,19.47
24032,9552,119,4,42.21,168.84
24033,9552,13,3,42.38,127.14000000000001
24034,9552,65,1,15.57,15.57
24035,9552,119,2,42.09,84.18
24036,9553,74,2,62.06,124.12
24037,9553,105,1,14.72,14.72
24038,9553,97,2,45.64,91.28
24039,9554,108,3,19.35,58.050000000000004
24040,9554,36,1,19.96,19.96
24041,9554,106,1,50.98,50.98
24042,9554,20,3,37.05,111.14999999999999
24043,9555,102,4,18.89,75.56
24044,9555,68,4,25.65,102.6
24045,9555,11,2,27.11,54.22
24046,9556,84,1,49.0,49.0
24047,9557,110,2,67.97,135.94
24048,9557,106,3,52.07,156.21
24049,9557,21,3,66.97,200.91
24050,9558,102,5,18.61,93.05
24051,9559,105,3,14.72,44.160000000000004
24052,9560,117,4,57.76,231.04
24053,9560,68,5,25.35,126.75
24054,9560,110,3,64.69,194.07
24055,9560,34,1,44.45,44.45
24056,9561,63,2,49.14,98.28
24057,9562,38,5,108.4,542.0
24058,9562,44,2,17.42,34.84
24059,9562,33,2,102.76,205.52
24060,9563,79,2,22.1,44.2
24061,9563,88,5,38.78,193.9
24062,9564,98,1,62.71,62.71
24063,9564,89,1,18.46,18.46
24064,9564,16,4,34.3,137.2
24065,9565,52,5,45.37,226.85
24066,9565,75,4,34.04,136.16
24067,9566,52,5,47.17,235.85000000000002
24068,9566,21,3,66.22,198.66
24069,9567,26,2,19.84,39.68
24070,9568,65,1,15.65,15.65
24071,9568,48,2,53.8,107.6
24072,9569,85,5,67.66,338.29999999999995
24073,9569,80,4,10.16,40.64
24074,9569,31,5,25.43,127.15
24075,9570,76,1,12.7,12.7
24076,9570,70,2,70.04,140.08
24077,9570,16,2,33.21,66.42
24078,9571,100,4,37.17,148.68
24079,9571,88,5,36.64,183.2
24080,9571,107,4,70.8,283.2
24081,9571,119,4,41.17,164.68
24082,9572,35,5,63.6,318.0
24083,9572,98,4,63.58,254.32
24084,9572,116,2,94.89,189.78
24085,9573,1,5,17.92,89.60000000000001
24086,9573,78,5,16.32,81.6
24087,9573,99,4,19.36,77.44
24088,9573,15,1,19.4,19.4
24089,9574,4,4,30.31,121.24
24090,9574,38,3,110.68,332.04
24091,9574,17,4,51.18,204.72
24092,9575,23,1,67.44,67.44
24093,9575,30,2,19.65,39.3
24094,9575,30,3,18.55,55.650000000000006
24095,9575,60,1,31.61,31.61
24096,9576,112,3,65.49,196.46999999999997
24097,9577,102,4,18.69,74.76
24098,9578,14,3,78.68,236.04000000000002
24099,9578,98,4,59.27,237.08
24100,9578,91,3,30.63,91.89
24101,9579,45,2,47.03,94.06
24102,9579,50,1,42.91,42.91
24103,9579,57,1,67.97,67.97
24104,9580,108,2,18.65,37.3
24105,9580,21,5,63.81,319.05
24106,9581,61,4,45.28,181.12
24107,9581,115,1,36.29,36.29
24108,9581,81,4,82.55,330.2
24109,9581,33,3,103.86,311.58
24110,9582,99,2,18.04,36.08
24111,9582,25,4,67.08,268.32
24112,9583,29,1,11.09,11.09
24113,9584,119,1,41.22,41.22
24114,9584,93,4,22.29,89.16
24115,9584,26,3,20.24,60.72
24116,9585,94,3,25.73,77.19
24117,9586,22,4,63.16,252.64
24118,9587,37,5,10.52,52.599999999999994
24119,9587,118,1,22.49,22.49
24120,9588,44,4,16.58,66.32
24121,9589,10,3,77.01,231.03000000000003
24122,9589,120,2,31.04,62.08
24123,9589,4,3,29.19,87.57000000000001
24124,9590,118,3,22.84,68.52
24125,9590,55,3,34.61,103.83
24126,9591,33,2,105.37,210.74
24127,9591,36,1,21.99,21.99
24128,9591,16,4,34.32,137.28
24129,9591,105,5,13.86,69.3
24130,9592,117,5,59.41,297.04999999999995
24131,9593,89,5,18.39,91.95
24132,9593,27,2,53.16,106.32
24133,9594,65,5,15.58,77.9
24134,9594,85,4,72.12,288.48
24135,9594,2,3,43.28,129.84
24136,9594,76,2,12.6,25.2
24137,9595,32,4,21.02,84.08
24138,9595,89,1,17.3,17.3
24139,9595,107,5,68.38,341.9
24140,9596,43,5,41.13,205.65
24141,9596,30,5,19.16,95.8
24142,9597,49,5,22.39,111.95
24143,9597,4,5,28.89,144.45
24144,9597,31,4,27.24,108.96
24145,9598,28,1,23.31,23.31
24146,9598,4,2,29.76,59.52
24147,9599,91,1,31.73,31.73
24148,9599,56,2,23.72,47.44
24149,9599,104,3,44.57,133.71
24150,9599,35,5,60.84,304.20000000000005
24151,9600,35,4,61.72,246.88
24152,9600,52,5,47.81,239.05
24153,9600,28,5,23.9,119.5
24154,9601,92,5,8.43,42.15
24155,9601,101,1,59.12,59.12
24156,9602,82,5,19.11,95.55
24157,9603,24,3,42.91,128.73
24158,9603,94,2,27.67,55.34
24159,9603,44,3,16.56,49.67999999999999
24160,9604,119,3,39.86,119.58
24161,9604,46,4,13.3,53.2
24162,9604,73,3,9.66,28.98
24163,9604,48,3,50.87,152.60999999999999
24164,9605,106,3,52.22,156.66
24165,9605,10,5,76.26,381.3
24166,9605,118,1,22.4,22.4
24167,9605,102,4,19.02,76.08
24168,9606,5,3,90.52,271.56
24169,9606,26,3,20.75,62.25
24170,9606,40,2,19.24,38.48
24171,9607,45,2,46.54,93.08
24172,9607,71,2,17.14,34.28
24173,9607,77,4,21.55,86.2
24174,9607,21,1,64.7,64.7
24175,9608,97,2,49.58,99.16
24176,9608,1,3,16.55,49.650000000000006
24177,9608,71,4,17.92,71.68
24178,9608,90,3,18.41,55.230000000000004
24179,9609,44,1,16.24,16.24
24180,9609,50,4,39.67,158.68
24181,9610,1,2,17.07,34.14
24182,9610,18,5,17.9,89.5
24183,9610,60,3,31.65,94.94999999999999
24184,9610,15,5,19.05,95.25
24185,9611,68,3,27.55,82.65
24186,9612,110,2,64.48,128.96
24187,9612,44,5,16.28,81.4
24188,9612,85,2,68.82,137.64
24189,9612,76,4,12.92,51.68
24190,9613,89,4,17.53,70.12
24191,9613,95,3,109.74,329.21999999999997
24192,9613,85,5,70.12,350.6
24193,9613,5,5,89.03,445.15
24194,9614,97,2,45.03,90.06
24195,9614,98,1,57.82,57.82
24196,9614,48,1,49.63,49.63
24197,9615,71,1,17.5,17.5
24198,9615,99,3,17.83,53.489999999999995
24199,9615,40,2,19.2,38.4
24200,9615,21,3,62.14,186.42000000000002
24201,9616,84,3,49.44,148.32
24202,9617,39,2,8.36,16.72
24203,9618,85,4,69.09,276.36
24204,9618,49,2,22.39,44.78
24205,9619,91,5,31.47,157.35
24206,9620,22,1,59.24,59.24
24207,9621,50,4,41.06,164.24
24208,9622,66,2,89.75,179.5
24209,9622,70,1,72.21,72.21
24210,9623,101,1,55.11,55.11
24211,9623,58,4,59.63,238.52
24212,9623,120,5,28.32,141.6
24213,9624,44,1,16.81,16.81
24214,9625,100,2,37.58,75.16
24215,9625,16,4,35.41,141.64
24216,9626,58,4,60.02,240.08
24217,9626,111,3,38.44,115.32
24218,9626,113,1,30.05,30.05
24219,9627,16,3,34.88,104.64000000000001
24220,9628,40,3,19.02,57.06
24221,9628,78,4,16.37,65.48
24222,9629,6,5,76.47,382.35
24223,9629,48,1,51.72,51.72
24224,9629,111,5,38.11,190.55
24225,9629,99,3,17.91,53.730000000000004
24226,9630,59,4,19.4,77.6
24227,9630,57,5,72.04,360.20000000000005
24228,9631,43,4,37.91,151.64
24229,9632,23,1,70.99,70.99
24230,9632,83,2,37.88,75.76
24231,9632,19,5,40.68,203.4
24232,9632,90,1,18.39,18.39
24233,9633,47,4,23.19,92.76
24234,9633,96,3,73.3,219.89999999999998
24235,9633,65,5,15.37,76.85
24236,9633,116,5,93.88,469.4
24237,9634,76,1,13.37,13.37
24238,9634,111,5,36.86,184.3
24239,9634,102,5,18.88,94.39999999999999
24240,9634,88,5,37.64,188.2
24241,9635,45,3,47.14,141.42000000000002
24242,9635,8,5,19.82,99.1
24243,9636,94,2,26.26,52.52
24244,9637,74,1,61.57,61.57
24245,9637,27,3,53.58,160.74
24246,9638,8,2,20.6,41.2
24247,9638,106,5,49.2,246.0
24248,9638,67,4,28.55,114.2
24249,9638,12,3,39.81,119.43
24250,9639,104,1,44.48,44.48
24251,9639,97,1,49.02,49.02
24252,9639,55,4,36.58,146.32
24253,9639,33,1,102.42,102.42
24254,9640,26,4,19.33,77.32
24255,9641,79,1,20.15,20.15
24256,9642,30,2,18.42,36.84
24257,9642,66,2,94.4,188.8
24258,9643,3,2,29.33,58.66
24259,9644,70,3,71.36,214.07999999999998
24260,9645,46,2,13.68,27.36
24261,9645,118,2,23.7,47.4
24262,9646,82,2,18.74,37.48
24263,9646,72,5,32.41,162.04999999999998
24264,9647,54,2,58.46,116.92
24265,9647,26,4,19.5,78.0
24266,9647,88,5,38.2,191.0
24267,9648,50,3,42.65,127.94999999999999
24268,9648,20,2,34.79,69.58
24269,9648,12,2,37.01,74.02
24270,9648,69,2,62.64,125.28
24271,9649,41,3,53.03,159.09
24272,9649,6,4,72.01,288.04
24273,9649,36,4,20.62,82.48
24274,9650,120,1,29.65,29.65
24275,9650,78,1,16.87,16.87
24276,9650,15,4,19.92,79.68
24277,9651,110,5,66.15,330.75
24278,9651,119,1,40.03,40.03
24279,9651,34,4,44.79,179.16
24280,9651,58,3,61.25,183.75
24281,9652,102,5,17.93,89.65
24282,9652,59,5,19.09,95.45
24283,9652,106,4,52.15,208.6
24284,9653,66,2,91.19,182.38
24285,9653,76,2,13.3,26.6
24286,9653,98,3,60.26,180.78
24287,9653,84,3,45.96,137.88
24288,9654,4,1,30.32,30.32
24289,9654,96,1,75.33,75.33
24290,9654,10,4,76.41,305.64
24291,9654,45,1,42.96,42.96
24292,9655,3,3,30.84,92.52
24293,9656,119,1,39.24,39.24
24294,9656,75,3,37.0,111.0
24295,9656,46,2,13.66,27.32
24296,9656,102,1,19.79,19.79
24297,9657,11,2,26.93,53.86
24298,9658,28,1,23.37,23.37
24299,9658,88,3,36.45,109.35000000000001
24300,9659,111,1,35.62,35.62
24301,9659,41,3,54.61,163.82999999999998
24302,9659,82,1,17.46,17.46
24303,9660,4,2,30.59,61.18
24304,9660,28,2,24.63,49.26
24305,9660,22,3,58.51,175.53
24306,9660,60,3,31.16,93.48
24307,9661,45,5,46.94,234.7
24308,9661,12,5,36.87,184.35
24309,9661,26,3,20.41,61.230000000000004
24310,9661,11,1,28.4,28.4
24311,9662,17,5,49.17,245.85000000000002
24312,9662,80,4,10.53,42.12
24313,9663,20,4,34.61,138.44
24314,9663,8,5,21.06,105.3
24315,9664,76,3,13.24,39.72
24316,9664,90,3,18.11,54.33
24317,9665,16,2,36.07,72.14
24318,9665,44,1,17.93,17.93
24319,9666,94,1,28.01,28.01
24320,9666,19,4,39.27,157.08
24321,9667,102,1,18.37,18.37
24322,9668,74,5,61.45,307.25
24323,9668,87,2,31.24,62.48
24324,9668,101,3,58.53,175.59
24325,9669,30,5,19.88,99.39999999999999
24326,9669,29,1,11.12,11.12
24327,9669,70,1,70.26,70.26
24328,9669,95,2,104.83,209.66
24329,9670,8,5,21.83,109.14999999999999
24330,9670,74,2,59.36,118.72
24331,9670,114,3,30.99,92.97
24332,9671,74,4,59.87,239.48
24333,9672,1,4,16.77,67.08
24334,9672,20,5,33.65,168.25
24335,9672,27,1,53.12,53.12
24336,9673,46,5,13.98,69.9
24337,9673,10,4,72.84,291.36
24338,9673,96,5,74.29,371.45000000000005
24339,9674,120,1,28.91,28.91
24340,9674,46,4,14.18,56.72
24341,9675,5,3,92.08,276.24
24342,9676,79,4,20.16,80.64
24343,9676,1,1,16.37,16.37
24344,9676,43,3,41.04,123.12
24345,9676,13,5,43.01,215.04999999999998
24346,9677,77,5,22.89,114.45
24347,9677,106,3,48.09,144.27
24348,9677,46,4,13.57,54.28
24349,9678,49,3,21.85,65.55000000000001
24350,9679,62,5,12.62,63.099999999999994
24351,9679,114,2,32.32,64.64
24352,9680,82,5,19.22,96.1
24353,9680,116,3,92.22,276.65999999999997
24354,9680,37,5,9.78,48.9
24355,9681,88,1,37.82,37.82
24356,9681,114,3,34.09,102.27000000000001
24357,9681,21,3,67.8,203.39999999999998
24358,9682,52,3,47.58,142.74
24359,9682,117,2,58.29,116.58
24360,9682,63,2,45.97,91.94
24361,9683,53,5,41.89,209.45
24362,9684,75,1,34.17,34.17
24363,9684,56,2,23.39,46.78
24364,9684,60,4,30.81,123.24
24365,9685,77,3,21.36,64.08
24366,9686,23,5,74.34,371.70000000000005
24367,9687,86,1,37.27,37.27
24368,9688,98,2,61.47,122.94
24369,9688,116,4,93.01,372.04
24370,9688,91,1,31.12,31.12
24371,9689,117,1,62.08,62.08
24372,9689,63,2,49.39,98.78
24373,9689,50,5,41.53,207.65
24374,9689,84,3,49.69,149.07
24375,9690,18,2,17.25,34.5
24376,9690,52,5,45.38,226.9
24377,9690,110,4,65.12,260.48
24378,9690,3,2,32.06,64.12
24379,9691,15,5,19.94,99.7
24380,9691,79,5,21.94,109.7
24381,9691,67,4,28.58,114.32
24382,9692,92,2,8.51,17.02
24383,9692,20,2,36.74,73.48
24384,9692,52,2,47.24,94.48
24385,9692,43,5,39.9,199.5
24386,9693,114,1,33.84,33.84
24387,9694,64,2,42.2,84.4
24388,9695,15,1,19.18,19.18
24389,9695,85,4,68.83,275.32
24390,9696,74,1,60.29,60.29
24391,9696,118,4,23.93,95.72
24392,9697,49,1,23.44,23.44
24393,9697,111,2,37.44,74.88
24394,9698,39,1,8.47,8.47
24395,9698,63,5,47.97,239.85
24396,9698,40,4,19.23,76.92
24397,9699,38,3,112.78,338.34000000000003
24398,9700,70,5,66.79,333.95000000000005
24399,9701,65,5,15.16,75.8
24400,9701,109,3,20.12,60.36
24401,9701,45,2,46.22,92.44
24402,9701,73,1,9.53,9.53
24403,9702,56,5,23.05,115.25
24404,9702,105,4,14.34,57.36
24405,9702,110,3,65.4,196.20000000000002
24406,9703,36,1,21.46,21.46
24407,9703,62,3,12.28,36.839999999999996
24408,9704,44,5,16.96,84.80000000000001
24409,9704,5,2,86.97,173.94
24410,9704,106,2,51.62,103.24
24411,9704,83,1,37.35,37.35
24412,9705,113,2,31.51,63.02
24413,9705,34,2,47.83,95.66
24414,9705,41,4,55.37,221.48
24415,9706,26,2,20.59,41.18
24416,9706,43,4,40.79,163.16
24417,9706,92,3,8.57,25.71
24418,9706,102,2,19.38,38.76
24419,9707,20,4,37.15,148.6
24420,9707,6,5,73.1,365.5
24421,9707,74,1,59.37,59.37
24422,9708,18,4,18.24,72.96
24423,9708,99,5,19.68,98.4
24424,9708,13,3,42.75,128.25
24425,9709,37,2,10.3,20.6
24426,9709,40,1,20.13,20.13
24427,9709,57,4,68.66,274.64
24428,9709,103,1,13.09,13.09
24429,9710,70,5,66.72,333.6
24430,9710,35,4,57.62,230.48
24431,9710,77,3,21.17,63.510000000000005
24432,9710,62,4,12.11,48.44
24433,9711,117,3,61.86,185.57999999999998
24434,9711,116,4,91.84,367.36
24435,9711,107,1,69.99,69.99
24436,9712,21,3,64.96,194.88
24437,9712,26,3,18.75,56.25
24438,9712,23,3,70.2,210.60000000000002
24439,9713,66,5,92.67,463.35
24440,9714,98,3,59.68,179.04
24441,9714,19,2,38.32,76.64
24442,9714,117,4,57.18,228.72
24443,9714,8,5,21.07,105.35
24444,9715,63,5,49.17,245.85000000000002
24445,9716,45,4,46.86,187.44
24446,9717,110,5,66.09,330.45000000000005
24447,9717,39,5,8.13,40.650000000000006
24448,9718,23,2,69.13,138.26
24449,9719,69,1,59.86,59.86
24450,9720,7,3,13.37,40.11
24451,9720,77,4,21.02,84.08
24452,9721,18,5,17.21,86.05000000000001
24453,9721,47,1,24.37,24.37
24454,9722,71,5,18.31,91.55
24455,9723,105,3,15.19,45.57
24456,9723,83,4,37.83,151.32
24457,9723,102,4,18.66,74.64
24458,9723,98,2,62.96,125.92
24459,9724,87,1,30.0,30.0
24460,9725,41,2,54.67,109.34
24461,9726,43,5,38.47,192.35
24462,9726,105,4,14.38,57.52
24463,9726,30,3,19.4,58.199999999999996
24464,9726,104,4,45.78,183.12
24465,9727,14,3,78.73,236.19
24466,9727,100,1,41.03,41.03
24467,9727,31,5,26.92,134.60000000000002
24468,9728,87,5,29.72,148.6
24469,9728,116,5,96.08,480.4
24470,9729,111,4,37.87,151.48
24471,9729,51,5,103.45,517.25
24472,9730,18,5,17.03,85.15
24473,9730,50,4,42.43,169.72
24474,9730,73,4,9.69,38.76
24475,9730,57,4,71.68,286.72
24476,9731,92,2,8.74,17.48
24477,9732,78,2,17.64,35.28
24478,9732,4,4,29.08,116.32
24479,9732,111,4,39.05,156.2
24480,9733,33,4,105.36,421.44
24481,9734,14,4,72.81,291.24
24482,9735,30,4,18.34,73.36
24483,9736,99,2,17.85,35.7
24484,9736,95,1,100.41,100.41
24485,9736,54,5,62.17,310.85
24486,9737,62,1,11.6,11.6
24487,9737,33,3,108.53,325.59000000000003
24488,9738,119,5,39.95,199.75
24489,9738,66,4,98.82,395.28
24490,9738,15,5,18.93,94.65
24491,9739,65,4,14.67,58.68
24492,9739,9,1,33.62,33.62
24493,9739,17,1,48.34,48.34
24494,9739,27,4,49.1,196.4
24495,9740,12,3,39.55,118.64999999999999
24496,9741,103,3,12.99,38.97
24497,9741,76,4,13.14,52.56
24498,9741,61,3,49.38,148.14000000000001
24499,9742,89,5,18.1,90.5
24500,9742,74,1,61.52,61.52
24501,9742,74,1,57.47,57.47
24502,9742,68,1,27.08,27.08
24503,9743,43,4,40.11,160.44
24504,9744,1,3,16.36,49.08
24505,9744,67,3,28.79,86.37
24506,9745,94,5,27.19,135.95000000000002
24507,9746,109,3,19.21,57.63
24508,9747,29,5,11.72,58.6
24509,9747,111,1,39.46,39.46
24510,9747,7,2,13.4,26.8
24511,9747,28,3,24.32,72.96000000000001
24512,9748,102,5,19.58,97.89999999999999
24513,9748,12,1,40.35,40.35
24514,9749,58,3,57.09,171.27
24515,9750,79,3,20.98,62.94
24516,9750,6,4,72.14,288.56
24517,9750,21,3,66.59,199.77
24518,9750,47,2,24.61,49.22
24519,9751,97,1,47.17,47.17
24520,9751,92,4,8.73,34.92
24521,9752,34,5,47.62,238.1
24522,9752,48,4,49.66,198.64
24523,9753,19,4,38.93,155.72
24524,9753,54,3,57.04,171.12
24525,9753,98,5,61.42,307.1
24526,9753,11,2,28.4,56.8
24527,9754,26,4,20.02,80.08
24528,9754,36,2,20.55,41.1
24529,9754,2,3,45.37,136.10999999999999
24530,9754,109,1,21.0,21.0
24531,9755,99,4,19.51,78.04
24532,9755,40,3,20.37,61.11
24533,9755,12,1,36.68,36.68
24534,9756,61,4,48.18,192.72
24535,9756,51,1,105.45,105.45
24536,9756,18,4,18.18,72.72
24537,9756,48,3,53.31,159.93
24538,9757,111,5,36.53,182.65
24539,9758,18,2,17.87,35.74
24540,9758,106,3,49.45,148.35000000000002
24541,9758,5,4,89.07,356.28
24542,9758,54,3,62.78,188.34
24543,9759,11,2,26.14,52.28
24544,9759,84,2,45.85,91.7
24545,9759,52,1,47.08,47.08
24546,9760,74,5,59.58,297.9
24547,9760,115,3,38.5,115.5
24548,9760,106,3,50.81,152.43
24549,9761,87,3,30.95,92.85
24550,9761,42,1,27.18,27.18
24551,9762,86,2,35.69,71.38
24552,9763,65,1,15.27,15.27
24553,9763,81,1,82.24,82.24
24554,9763,83,5,37.96,189.8
24555,9764,93,4,22.14,88.56
24556,9764,88,1,37.45,37.45
24557,9764,64,4,42.93,171.72
24558,9764,24,4,46.53,186.12
24559,9765,119,1,40.39,40.39
24560,9766,9,2,36.24,72.48
24561,9767,73,4,10.04,40.16
24562,9767,28,2,24.36,48.72
24563,9767,76,4,13.63,54.52
24564,9767,55,3,33.89,101.67
24565,9768,3,4,29.15,116.6
24566,9768,112,3,62.87,188.60999999999999
24567,9768,91,1,28.89,28.89
24568,9768,41,4,54.06,216.24
24569,9769,43,5,38.6,193.0
24570,9769,67,4,29.16,116.64
24571,9769,93,4,23.19,92.76
24572,9770,119,1,41.39,41.39
24573,9770,102,2,19.06,38.12
24574,9771,10,5,79.28,396.4
24575,9772,3,5,31.64,158.2
24576,9772,22,1,62.03,62.03
24577,9772,47,3,23.8,71.4
24578,9772,6,5,71.75,358.75
24579,9773,109,1,19.98,19.98
24580,9773,79,5,20.74,103.69999999999999
24581,9773,16,5,35.89,179.45
24582,9774,104,3,44.25,132.75
24583,9775,90,4,19.19,76.76
24584,9775,37,1,9.93,9.93
24585,9776,39,2,8.74,17.48
24586,9776,84,1,49.81,49.81
24587,9776,62,3,12.2,36.599999999999994
24588,9776,115,5,38.55,192.75
24589,9777,109,2,20.96,41.92
24590,9777,113,2,29.64,59.28
24591,9777,76,1,13.81,13.81
24592,9777,93,1,22.83,22.83
24593,9778,53,3,42.19,126.57
24594,9778,91,3,31.82,95.46000000000001
24595,9778,84,2,45.51,91.02
24596,9779,61,1,48.48,48.48
24597,9780,27,1,53.23,53.23
24598,9781,116,4,97.45,389.8
24599,9781,2,1,45.16,45.16
24600,9782,14,2,78.49,156.98
24601,9782,75,2,35.38,70.76
24602,9782,47,2,25.43,50.86
24603,9782,104,4,42.9,171.6
24604,9783,6,5,71.03,355.15
24605,9783,84,2,46.05,92.1
24606,9783,29,5,11.61,58.05
24607,9783,63,1,45.32,45.32
24608,9784,53,4,42.29,169.16
24609,9784,18,1,17.31,17.31
24610,9784,51,2,103.35,206.7
24611,9785,11,4,25.92,103.68
24612,9786,103,2,13.12,26.24
24613,9786,34,3,43.54,130.62
24614,9787,13,1,39.98,39.98
24615,9787,116,4,92.8,371.2
24616,9788,74,3,59.06,177.18
24617,9788,56,1,24.11,24.11
24618,9788,58,2,57.85,115.7
24619,9789,97,4,46.89,187.56
24620,9789,49,2,22.31,44.62
24621,9789,2,5,41.88,209.4
24622,9789,81,5,78.13,390.65
24623,9790,57,4,72.14,288.56
24624,9791,15,5,19.07,95.35
24625,9791,30,4,20.0,80.0
24626,9791,45,3,45.75,137.25
24627,9792,115,1,36.31,36.31
24628,9792,98,4,63.99,255.96
24629,9793,24,3,42.78,128.34
24630,9793,27,5,53.18,265.9
24631,9794,6,1,72.29,72.29
24632,9794,25,3,70.36,211.07999999999998
24633,9794,20,4,36.62,146.48
24634,9795,63,3,46.68,140.04
24635,9795,8,4,19.96,79.84
24636,9796,66,1,96.79,96.79
24637,9796,38,1,116.12,116.12
24638,9796,82,1,17.97,17.97
24639,9796,120,4,30.68,122.72
24640,9797,115,4,37.12,148.48
24641,9797,112,3,64.04,192.12
24642,9797,69,3,61.91,185.73
24643,9798,69,5,59.41,297.04999999999995
24644,9798,71,3,17.19,51.57000000000001
24645,9798,100,5,39.77,198.85000000000002
24646,9798,32,1,23.21,23.21
24647,9799,48,1,53.17,53.17
24648,9799,41,5,53.43,267.15
24649,9799,107,5,71.7,358.5
24650,9799,26,4,19.73,78.92
24651,9800,26,1,19.9,19.9
24652,9800,44,3,16.84,50.519999999999996
24653,9800,49,3,23.18,69.53999999999999
24654,9800,86,5,37.68,188.4
24655,9801,15,3,19.94,59.82000000000001
24656,9801,26,4,19.54,78.16
24657,9801,113,2,30.95,61.9
24658,9802,77,1,21.08,21.08
24659,9802,41,4,55.19,220.76
24660,9802,117,1,62.37,62.37
24661,9802,30,3,20.14,60.42
24662,9803,77,3,21.78,65.34
24663,9803,27,4,51.07,204.28
24664,9803,83,3,35.83,107.49
24665,9804,57,4,72.46,289.84
24666,9804,17,1,47.83,47.83
24667,9805,61,3,49.16,147.48
24668,9805,54,2,60.54,121.08
24669,9805,81,1,81.9,81.9
24670,9805,108,5,19.53,97.65
24671,9806,98,2,60.45,120.9
24672,9806,40,1,19.91,19.91
24673,9806,85,1,71.15,71.15
24674,9806,67,4,29.17,116.68
24675,9807,60,4,29.88,119.52
24676,9807,26,2,19.65,39.3
24677,9808,65,2,14.71,29.42
24678,9808,41,3,54.63,163.89000000000001
24679,9808,118,2,23.83,47.66
24680,9808,56,3,23.39,70.17
24681,9809,54,3,58.51,175.53
24682,9809,10,3,75.6,226.79999999999998
24683,9810,39,5,8.29,41.449999999999996
24684,9811,119,4,39.71,158.84
24685,9811,78,5,17.05,85.25
24686,9811,89,2,18.13,36.26
24687,9812,81,2,78.58,157.16
24688,9813,58,3,58.32,174.96
24689,9813,113,3,31.46,94.38
24690,9814,38,5,118.17,590.85
24691,9814,43,2,37.99,75.98
24692,9814,88,3,40.01,120.03
24693,9815,62,5,11.6,58.0
24694,9815,47,2,24.25,48.5
24695,9816,75,3,36.87,110.60999999999999
24696,9817,100,3,40.78,122.34
24697,9818,86,1,38.55,38.55
24698,9819,52,2,45.48,90.96
24699,9819,5,1,88.45,88.45
24700,9819,97,5,45.86,229.3
24701,9820,109,5,20.29,101.44999999999999
24702,9820,89,2,17.7,35.4
24703,9820,22,2,62.83,125.66
24704,9820,104,5,43.11,215.55
24705,9821,28,5,24.32,121.6
24706,9821,105,3,14.26,42.78
24707,9821,84,4,49.36,197.44
24708,9822,61,5,46.55,232.75
24709,9822,24,3,44.44,133.32
24710,9822,52,2,46.93,93.86
24711,9823,17,5,51.22,256.1
24712,9823,85,5,70.59,352.95000000000005
24713,9823,114,4,33.99,135.96
24714,9823,100,5,37.65,188.25
24715,9824,78,3,17.84,53.519999999999996
24716,9825,118,3,21.84,65.52
24717,9826,114,1,32.6,32.6
24718,9826,120,1,28.69,28.69
24719,9826,8,5,20.85,104.25
24720,9826,117,5,61.0,305.0
24721,9827,5,5,90.01,450.05
24722,9827,48,4,53.61,214.44
24723,9827,34,5,46.68,233.4
24724,9827,103,3,13.52,40.56
24725,9828,5,1,94.42,94.42
24726,9828,116,2,95.68,191.36
24727,9828,53,5,45.61,228.05
24728,9829,10,5,76.22,381.1
24729,9830,116,3,96.9,290.70000000000005
24730,9831,7,1,12.7,12.7
24731,9831,43,2,41.53,83.06
24732,9831,32,4,22.07,88.28
24733,9832,88,4,36.4,145.6
24734,9833,29,5,11.75,58.75
24735,9833,78,4,17.65,70.6
24736,9833,11,4,27.52,110.08
24737,9834,4,1,29.03,29.03
24738,9834,9,2,35.99,71.98
24739,9834,28,2,22.36,44.72
24740,9834,59,4,20.76,83.04
24741,9835,76,3,13.45,40.349999999999994
24742,9835,74,1,60.58,60.58
24743,9836,12,5,38.7,193.5
24744,9836,45,2,44.21,88.42
24745,9837,55,1,34.04,34.04
24746,9837,48,5,52.12,260.59999999999997
24747,9837,82,4,18.13,72.52
24748,9837,60,5,29.4,147.0
24749,9838,41,5,54.08,270.4
24750,9838,27,2,51.14,102.28
24751,9838,38,5,111.22,556.1
24752,9838,100,4,39.63,158.52
24753,9839,87,2,29.25,58.5
24754,9839,52,4,49.57,198.28
24755,9840,51,4,100.87,403.48
24756,9841,36,2,21.79,43.58
24757,9842,64,3,44.05,132.14999999999998
24758,9843,106,2,51.52,103.04
24759,9843,24,4,45.49,181.96
24760,9843,71,3,18.05,54.150000000000006
24761,9844,95,3,109.59,328.77
24762,9844,9,4,33.4,133.6
24763,9844,72,5,34.55,172.75
24764,9844,71,3,18.57,55.71
24765,9845,117,4,62.05,248.2
24766,9845,47,3,25.46,76.38
24767,9845,91,3,29.29,87.87
24768,9846,10,2,79.67,159.34
24769,9846,72,5,33.11,165.55
24770,9846,31,3,26.24,78.72
24771,9846,74,5,58.57,292.85
24772,9847,73,4,9.45,37.8
24773,9847,40,1,19.18,19.18
24774,9847,102,4,17.94,71.76
24775,9848,54,4,59.3,237.2
24776,9849,31,5,26.85,134.25
24777,9849,81,5,82.68,413.40000000000003
24778,9850,64,1,42.08,42.08
24779,9850,62,5,12.46,62.300000000000004
24780,9850,17,4,50.15,200.6
24781,9851,115,5,36.12,180.6
24782,9852,44,2,17.13,34.26
24783,9853,67,4,26.43,105.72
24784,9853,19,1,38.88,38.88
24785,9854,2,1,42.49,42.49
24786,9854,87,1,31.08,31.08
24787,9854,16,1,35.59,35.59
24788,9854,83,3,36.73,110.19
24789,9855,6,2,73.86,147.72
24790,9855,40,2,20.87,41.74
24791,9855,109,4,20.74,82.96
24792,9856,67,5,26.96,134.8
24793,9856,38,5,118.83,594.15
24794,9856,14,3,73.33,219.99
24795,9857,101,2,56.25,112.5
24796,9857,69,3,64.21,192.63
24797,9857,54,4,60.28,241.12
24798,9858,94,5,27.61,138.05
24799,9858,111,3,38.01,114.03
24800,9858,81,3,83.13,249.39
24801,9859,58,2,57.71,115.42
24802,9859,76,1,13.82,13.82
24803,9859,104,2,44.15,88.3
24804,9859,35,4,60.87,243.48
24805,9860,81,2,80.32,160.64
24806,9860,63,5,45.69,228.45
24807,9861,32,4,21.16,84.64
24808,9861,28,4,22.35,89.4
24809,9862,70,4,71.6,286.4
24810,9862,22,1,58.11,58.11
24811,9863,33,3,107.46,322.38
24812,9863,46,4,14.33,57.32
24813,9863,24,5,43.51,217.54999999999998
24814,9864,39,4,8.01,32.04
24815,9864,39,2,8.63,17.26
24816,9865,6,3,76.59,229.77
24817,9865,36,4,21.7,86.8
24818,9865,80,5,10.15,50.75
24819,9865,60,1,30.27,30.27
24820,9866,45,5,44.32,221.6
24821,9866,77,3,21.93,65.78999999999999
24822,9866,24,5,44.5,222.5
24823,9867,117,4,61.48,245.92
24824,9867,9,3,36.2,108.60000000000001
24825,9868,57,3,67.85,203.54999999999998
24826,9868,95,2,110.79,221.58
24827,9869,92,3,8.66,25.98
24828,9869,56,2,24.08,48.16
24829,9870,59,3,21.01,63.03
24830,9870,106,2,48.71,97.42
24831,9870,53,2,43.72,87.44
24832,9870,5,5,94.71,473.54999999999995
24833,9871,50,5,41.77,208.85000000000002
24834,9871,6,3,69.15,207.45000000000002
24835,9871,106,4,51.66,206.64
24836,9871,27,1,53.18,53.18
24837,9872,18,4,17.44,69.76
24838,9872,76,5,13.56,67.8
24839,9872,35,5,59.78,298.9
24840,9873,89,1,18.73,18.73
24841,9874,87,4,29.12,116.48
24842,9875,63,3,47.11,141.32999999999998
24843,9875,36,1,20.85,20.85
24844,9875,34,4,46.88,187.52
24845,9876,1,4,16.74,66.96
24846,9876,107,2,65.86,131.72
24847,9876,27,3,52.91,158.73
24848,9877,57,2,67.41,134.82
24849,9877,4,2,29.66,59.32
24850,9878,62,3,12.27,36.81
24851,9878,36,3,21.98,65.94
24852,9878,61,1,50.04,50.04
24853,9878,40,4,18.88,75.52
24854,9879,93,3,22.44,67.32000000000001
24855,9880,115,3,35.62,106.85999999999999
24856,9880,78,1,17.41,17.41
24857,9881,97,1,48.17,48.17
24858,9881,56,3,22.76,68.28
24859,9881,15,4,19.15,76.6
24860,9881,44,4,17.43,69.72
24861,9882,15,1,18.68,18.68
24862,9883,6,3,73.8,221.39999999999998
24863,9884,120,1,28.58,28.58
24864,9884,58,3,59.26,177.78
24865,9884,81,4,82.81,331.24
24866,9885,52,5,48.55,242.75
24867,9885,76,3,12.57,37.71
24868,9885,36,3,20.45,61.349999999999994
24869,9885,71,3,18.83,56.489999999999995
24870,9886,64,1,43.25,43.25
24871,9887,18,2,16.65,33.3
24872,9887,66,2,91.67,183.34
24873,9888,32,3,22.4,67.19999999999999
24874,9888,68,1,27.51,27.51
24875,9888,52,1,49.06,49.06
24876,9888,39,2,8.44,16.88
24877,9889,54,1,60.2,60.2
24878,9890,9,4,32.87,131.48
24879,9891,117,5,58.94,294.7
24880,9892,70,4,68.02,272.08
24881,9892,6,2,71.03,142.06
24882,9893,17,4,49.09,196.36
24883,9893,2,5,45.4,227.0
24884,9893,31,5,25.76,128.8
24885,9893,110,3,65.98,197.94
24886,9894,88,3,38.91,116.72999999999999
24887,9894,106,1,51.63,51.63
24888,9895,58,3,56.24,168.72
24889,9895,35,1,60.82,60.82
24890,9896,46,2,14.15,28.3
24891,9896,39,1,8.08,8.08
24892,9896,105,2,14.57,29.14
24893,9896,72,3,31.21,93.63
24894,9897,100,2,38.4,76.8
24895,9897,25,2,68.01,136.02
24896,9898,109,4,20.29,81.16
24897,9898,106,5,51.04,255.2
24898,9899,72,2,33.96,67.92
24899,9900,33,1,106.64,106.64
24900,9901,72,1,31.2,31.2
24901,9901,8,2,20.41,40.82
24902,9901,24,3,46.67,140.01
24903,9902,64,1,45.58,45.58
24904,9902,117,3,62.06,186.18
24905,9902,89,4,17.68,70.72
24906,9902,29,3,11.8,35.400000000000006
24907,9903,115,1,37.21,37.21
24908,9903,59,3,20.07,60.21
24909,9904,75,4,37.21,148.84
24910,9905,97,3,47.29,141.87
24911,9905,13,4,41.4,165.6
24912,9905,24,5,45.87,229.35
24913,9905,80,5,10.53,52.65
24914,9906,52,2,46.21,92.42
24915,9907,12,2,37.46,74.92
24916,9908,17,1,47.44,47.44
24917,9908,24,4,44.51,178.04
24918,9908,60,3,30.47,91.41
24919,9909,36,2,20.66,41.32
24920,9910,110,1,68.18,68.18
24921,9910,7,2,12.61,25.22
24922,9910,52,1,47.42,47.42
24923,9910,44,5,17.34,86.7
24924,9911,16,3,35.24,105.72
24925,9911,93,5,23.58,117.89999999999999
24926,9912,92,5,8.23,41.150000000000006
24927,9912,7,2,13.73,27.46
24928,9912,65,1,15.76,15.76
24929,9913,60,3,31.74,95.22
24930,9914,7,1,12.51,12.51
24931,9915,28,4,22.38,89.52
24932,9915,45,4,46.06,184.24
24933,9915,68,2,26.32,52.64
24934,9915,56,3,22.83,68.49
24935,9916,60,1,28.8,28.8
24936,9916,88,2,36.61,73.22
24937,9916,20,5,36.49,182.45000000000002
24938,9917,9,2,34.46,68.92
24939,9917,103,3,13.59,40.769999999999996
24940,9917,28,5,22.95,114.75
24941,9917,61,2,46.33,92.66
24942,9918,8,3,21.26,63.78
24943,9918,119,1,39.16,39.16
24944,9918,86,1,39.18,39.18
24945,9918,119,5,40.07,200.35
24946,9919,115,5,38.29,191.45
24947,9919,31,3,26.04,78.12
24948,9919,50,3,42.98,128.94
24949,9920,106,3,51.75,155.25
24950,9920,64,3,45.89,137.67000000000002
24951,9920,87,1,30.02,30.02
24952,9920,56,1,22.49,22.49
24953,9921,52,1,48.51,48.51
24954,9921,50,3,40.62,121.85999999999999
24955,9921,98,2,59.66,119.32
24956,9921,60,3,29.34,88.02
24957,9922,51,2,107.84,215.68
24958,9922,61,2,49.44,98.88
24959,9922,60,1,28.66,28.66
24960,9923,26,3,20.66,61.980000000000004
24961,9923,45,1,46.36,46.36
24962,9923,76,5,12.77,63.849999999999994
24963,9923,102,4,19.25,77.0
24964,9924,49,3,22.92,68.76
24965,9925,109,2,21.13,42.26
24966,9926,119,2,41.67,83.34
24967,9926,19,5,38.83,194.14999999999998
24968,9927,25,1,65.8,65.8
24969,9928,71,5,18.53,92.65
24970,9928,33,5,109.45,547.25
24971,9929,15,2,19.65,39.3
24972,9929,95,1,107.86,107.86
24973,9929,107,4,71.86,287.44
24974,9930,29,5,11.64,58.2
24975,9930,27,1,53.42,53.42
24976,9931,99,5,18.69,93.45
24977,9931,5,3,92.42,277.26
24978,9931,2,4,43.83,175.32
24979,9931,90,3,18.14,54.42
24980,9932,23,4,68.89,275.56
24981,9932,80,5,10.18,50.9
24982,9932,49,2,22.13,44.26
24983,9932,50,3,39.67,119.01
24984,9933,114,3,30.78,92.34
24985,9933,75,1,35.05,35.05
24986,9933,31,1,25.04,25.04
24987,9933,93,4,24.51,98.04
24988,9934,18,5,17.36,86.8
24989,9934,21,4,67.56,270.24
24990,9934,48,3,51.61,154.82999999999998
24991,9935,37,2,10.18,20.36
24992,9935,118,5,23.37,116.85000000000001
24993,9935,59,4,20.86,83.44
24994,9936,49,3,22.29,66.87
24995,9936,76,4,12.95,51.8
24996,9936,54,4,62.05,248.2
24997,9937,74,1,58.21,58.21
24998,9938,50,3,43.57,130.71
24999,9938,60,2,31.02,62.04
25000,9938,110,2,66.93,133.86
25001,9938,80,4,9.92,39.68
25002,9939,11,5,28.02,140.1
25003,9939,3,4,30.37,121.48
25004,9939,54,5,61.01,305.05
25005,9939,39,1,7.98,7.98
25006,9940,66,2,89.56,179.12
25007,9940,69,2,60.38,120.76
25008,9941,104,4,43.78,175.12
25009,9941,37,1,9.93,9.93
25010,9941,82,2,18.05,36.1
25011,9942,113,5,32.0,160.0
25012,9942,25,2,65.28,130.56
25013,9943,116,3,93.02,279.06
25014,9943,114,5,32.1,160.5
25015,9943,45,3,44.47,133.41
25016,9943,95,2,105.42,210.84
25017,9944,28,1,24.55,24.55
25018,9944,4,2,29.95,59.9
25019,9944,27,3,51.68,155.04
25020,9945,15,4,19.97,79.88
25021,9945,54,5,59.3,296.5
25022,9945,32,3,22.61,67.83
25023,9946,115,5,35.65,178.25
25024,9947,61,1,45.57,45.57
25025,9948,29,3,11.43,34.29
25026,9948,36,2,21.52,43.04
25027,9948,40,5,20.2,101.0
25028,9948,12,5,37.83,189.14999999999998
25029,9949,68,3,27.31,81.92999999999999
25030,9949,3,5,30.13,150.65
25031,9949,69,4,61.38,245.52
25032,9950,87,3,29.58,88.74
25033,9950,80,2,10.77,21.54
25034,9950,1,1,16.51,16.51
25035,9951,88,4,39.22,156.88
25036,9951,60,2,29.46,58.92
25037,9952,95,4,103.95,415.8
25038,9952,51,2,101.97,203.94
25039,9952,59,1,19.75,19.75
25040,9953,53,5,42.9,214.5
25041,9953,9,5,35.71,178.55
25042,9954,54,2,63.04,126.08
25043,9954,82,2,17.64,35.28
25044,9954,99,3,18.12,54.36
25045,9955,72,4,34.0,136.0
25046,9955,46,3,14.1,42.3
25047,9955,26,5,20.01,100.05000000000001
25048,9956,97,3,46.37,139.10999999999999
25049,9957,103,2,13.11,26.22
25050,9957,34,4,47.82,191.28
25051,9957,89,5,17.43,87.15
25052,9957,101,4,54.98,219.92
25053,9958,51,4,102.98,411.92
25054,9958,69,5,63.28,316.4
25055,9958,117,4,59.71,238.84
25056,9958,75,5,36.34,181.70000000000002
25057,9959,82,1,18.64,18.64
25058,9959,109,1,20.77,20.77
25059,9959,112,3,64.75,194.25
25060,9959,94,4,26.88,107.52
25061,9960,88,3,37.39,112.17
25062,9961,26,5,19.56,97.8
25063,9962,86,5,36.06,180.3
25064,9962,44,2,17.9,35.8
25065,9962,27,3,50.58,151.74
25066,9962,119,4,42.28,169.12
25067,9963,51,2,109.71,219.42
25068,9964,77,1,21.51,21.51
25069,9964,77,3,20.98,62.94
25070,9964,74,4,61.71,246.84
25071,9964,100,5,39.44,197.2
25072,9965,99,2,19.24,38.48
25073,9965,110,4,66.91,267.64
25074,9966,107,4,65.39,261.56
25075,9967,10,3,78.25,234.75
25076,9967,49,5,23.8,119.0
25077,9967,86,4,38.87,155.48
25078,9968,102,1,19.39,19.39
25079,9968,32,2,21.63,43.26
25080,9968,100,1,38.13,38.13
25081,9969,86,5,36.71,183.55
25082,9969,63,3,48.27,144.81
25083,9969,39,4,8.52,34.08
25084,9970,71,2,17.86,35.72
25085,9970,69,2,61.85,123.7
25086,9970,35,2,61.3,122.6
25087,9970,64,1,42.99,42.99
25088,9971,68,3,27.47,82.41
25089,9971,105,3,14.14,42.42
25090,9971,22,4,63.22,252.88
25091,9972,79,4,20.15,80.6
25092,9972,10,2,76.47,152.94
25093,9973,30,2,19.88,39.76
25094,9973,101,1,53.98,53.98
25095,9974,76,5,13.3,66.5
25096,9974,28,1,22.53,22.53
25097,9974,77,3,21.16,63.480000000000004
25098,9975,116,3,89.06,267.18
25099,9975,44,5,16.9,84.5
25100,9975,90,1,18.38,18.38
25101,9975,32,1,23.04,23.04
25102,9976,45,5,47.56,237.8
25103,9976,110,3,66.16,198.48
25104,9977,15,1,19.62,19.62
25105,9978,19,5,40.27,201.35000000000002
25106,9978,7,4,12.96,51.84
25107,9979,18,3,16.89,50.67
25108,9979,94,2,27.52,55.04
25109,9979,71,4,17.62,70.48
25110,9980,15,4,18.07,72.28
25111,9980,38,4,111.29,445.16
25112,9980,97,4,48.26,193.04
25113,9980,61,2,46.72,93.44
25114,9981,85,5,68.27,341.34999999999997
25115,9981,33,5,100.67,503.35
25116,9981,112,1,60.55,60.55
25117,9981,45,3,46.33,138.99
25118,9982,115,5,37.75,188.75
25119,9982,49,2,23.63,47.26
25120,9982,89,2,17.88,35.76
25121,9982,68,4,26.12,104.48
25122,9983,75,1,35.36,35.36
25123,9983,10,2,74.35,148.7
25124,9984,96,1,78.91,78.91
25125,9985,52,5,45.41,227.04999999999998
25126,9986,32,2,22.58,45.16
25127,9987,83,1,36.52,36.52
25128,9987,92,3,8.72,26.160000000000004
25129,9987,86,5,35.61,178.05
25130,9988,112,1,63.53,63.53
25131,9988,33,3,103.6,310.79999999999995
25132,9989,23,5,67.08,335.4
25133,9990,66,4,93.18,372.72
25134,9990,41,3,53.41,160.23
25135,9990,47,5,24.86,124.3
25136,9991,78,1,17.23,17.23
25137,9991,5,5,92.27,461.34999999999997
25138,9992,52,1,48.71,48.71
25139,9992,52,5,47.79,238.95
25140,9992,3,4,31.23,124.92
25141,9993,81,4,80.92,323.68
25142,9993,100,3,39.17,117.51
25143,9993,114,3,33.84,101.52000000000001
25144,9993,114,3,30.86,92.58
25145,9994,14,2,78.65,157.3
25146,9995,30,5,19.98,99.9
25147,9996,52,3,48.62,145.85999999999999
25148,9996,71,4,18.61,74.44
25149,9996,113,3,29.47,88.41
25150,9996,33,1,104.89,104.89
25151,9997,57,2,68.23,136.46
25152,9997,82,5,18.63,93.14999999999999
25153,9997,108,4,18.89,75.56
25154,9997,84,2,48.56,97.12
25155,9998,82,3,18.48,55.44
25156,9998,118,3,21.83,65.49
25157,9999,104,4,45.47,181.88
25158,10000,104,5,43.56,217.8
25159,10000,91,4,31.08,124.32
25160,10001,40,1,20.21,20.21
25161,10001,9,5,36.21,181.05
25162,10002,95,1,108.15,108.15
25163,10003,92,3,8.09,24.27
25164,10004,75,2,34.58,69.16
25165,10005,16,3,35.99,107.97
25166,10005,117,5,57.77,288.85
25167,10005,90,4,18.97,75.88
25168,10006,79,1,21.43,21.43
25169,10006,51,2,100.46,200.92
25170,10007,7,2,12.74,25.48
25171,10007,83,4,37.05,148.2
25172,10007,46,2,13.8,27.6
25173,10007,8,2,19.86,39.72
25174,10008,8,5,21.36,106.8
25175,10008,14,4,71.84,287.36
25176,10009,33,3,106.99,320.96999999999997
25177,10009,13,5,39.77,198.85000000000002
25178,10010,16,4,34.6,138.4
25179,10010,46,2,13.92,27.84
25180,10011,4,2,28.47,56.94
25181,10011,21,3,64.38,193.14
25182,10011,47,2,24.4,48.8
25183,10011,1,5,17.83,89.14999999999999
25184,10012,26,3,20.02,60.06
25185,10013,106,3,49.12,147.35999999999999
25186,10013,49,1,22.46,22.46
25187,10013,91,3,30.55,91.65
25188,10014,54,2,60.35,120.7
25189,10014,69,4,65.14,260.56
25190,10014,16,5,34.68,173.4
25191,10014,87,3,30.07,90.21000000000001
25192,10015,33,1,109.36,109.36
25193,10015,37,3,10.75,32.25
25194,10015,32,3,21.51,64.53
25195,10015,85,5,70.84,354.20000000000005
25196,10016,79,1,19.92,19.92
25197,10017,63,2,49.95,99.9
25198,10017,41,1,55.88,55.88
25199,10017,11,5,26.71,133.55
25200,10018,100,4,37.13,148.52
25201,10018,80,4,9.96,39.84
25202,10018,69,4,64.66,258.64
25203,10018,120,3,29.76,89.28
25204,10019,11,4,27.3,109.2
25205,10019,31,5,26.67,133.35000000000002
25206,10019,109,1,20.32,20.32
25207,10020,1,1,17.78,17.78
25208,10020,38,4,117.13,468.52
25209,10020,91,5,29.49,147.45
25210,10020,69,4,62.27,249.08
25211,10021,34,4,45.5,182.0
25212,10021,42,2,27.07,54.14
25213,10021,49,3,22.54,67.62
25214,10021,31,1,25.67,25.67
25215,10022,1,3,17.97,53.91
25216,10022,74,5,61.86,309.3
25217,10022,8,5,21.91,109.55
25218,10022,86,3,35.89,107.67
25219,10023,86,5,37.17,185.85000000000002
25220,10023,114,3,33.56,100.68
25221,10023,116,3,95.13,285.39
25222,10024,114,2,32.29,64.58
25223,10025,71,5,17.8,89.0
25224,10025,11,1,27.79,27.79
25225,10025,102,3,19.32,57.96
25226,10025,109,2,20.87,41.74
25227,10026,25,4,65.84,263.36
25228,10026,44,3,17.04,51.12
25229,10026,9,4,35.08,140.32
25230,10027,40,4,20.44,81.76
25231,10027,42,1,25.35,25.35
25232,10028,105,4,14.72,58.88
25233,10028,25,2,65.46,130.92
25234,10028,18,4,17.18,68.72
25235,10029,74,4,58.23,232.92
25236,10030,86,1,35.79,35.79
25237,10030,115,2,35.61,71.22
25238,10030,95,2,106.59,213.18
25239,10030,28,5,23.49,117.44999999999999
25240,10031,84,2,49.45,98.9
25241,10031,109,3,19.67,59.010000000000005
25242,10031,100,3,37.32,111.96000000000001
25243,10032,65,1,15.08,15.08
25244,10032,36,1,21.53,21.53
25245,10032,13,4,39.42,157.68
25246,10033,42,2,25.2,50.4
25247,10033,65,4,15.61,62.44
25248,10034,117,5,56.73,283.65
25249,10035,57,4,68.09,272.36
25250,10035,86,1,36.8,36.8
25251,10036,90,5,17.87,89.35000000000001
25252,10036,56,4,24.5,98.0
25253,10037,90,4,19.1,76.4
25254,10037,104,5,43.14,215.7
25255,10037,77,4,21.55,86.2
25256,10037,86,3,38.05,114.14999999999999
25257,10038,81,3,83.1,249.29999999999998
25258,10038,120,1,29.3,29.3
25259,10038,73,4,9.83,39.32
25260,10038,15,2,18.73,37.46
25261,10039,29,3,10.8,32.400000000000006
25262,10039,34,3,44.44,133.32
25263,10039,112,3,62.45,187.35000000000002
25264,10040,1,5,16.88,84.39999999999999
25265,10040,26,4,18.94,75.76
25266,10040,84,5,49.49,247.45000000000002
25267,10040,72,4,33.59,134.36
25268,10041,2,4,45.14,180.56
25269,10041,93,1,23.05,23.05
25270,10041,4,1,29.87,29.87
25271,10041,11,3,27.74,83.22
25272,10042,99,5,18.45,92.25
25273,10042,55,1,34.56,34.56
25274,10042,67,5,28.1,140.5
25275,10043,4,3,27.69,83.07000000000001
25276,10043,20,3,33.96,101.88
25277,10044,28,3,23.84,71.52
25278,10045,43,3,40.85,122.55000000000001
25279,10045,77,1,20.83,20.83
25280,10046,47,3,24.18,72.53999999999999
25281,10046,110,2,69.4,138.8
25282,10047,26,3,19.56,58.67999999999999
25283,10048,37,2,9.82,19.64
25284,10048,11,3,27.77,83.31
25285,10048,101,5,58.89,294.45
25286,10049,73,1,10.18,10.18
25287,10049,63,3,49.5,148.5
25288,10049,99,2,19.67,39.34
25289,10049,92,1,8.62,8.62
25290,10050,49,4,22.18,88.72
25291,10050,98,3,63.06,189.18
25292,10051,32,3,22.71,68.13
25293,10051,77,4,22.33,89.32
25294,10052,53,1,45.22,45.22
25295,10052,51,5,99.41,497.04999999999995
25296,10052,77,5,21.87,109.35000000000001
25297,10052,71,5,18.52,92.6
25298,10053,113,2,30.35,60.7
25299,10053,83,3,35.36,106.08
25300,10053,50,2,39.89,79.78
25301,10053,104,4,44.76,179.04
25302,10054,117,2,59.44,118.88
25303,10055,66,5,92.75,463.75
25304,10055,32,2,23.0,46.0
25305,10056,105,1,14.83,14.83
25306,10056,78,3,17.01,51.03
25307,10057,47,5,24.98,124.9
25308,10057,50,1,40.97,40.97
25309,10058,92,5,8.33,41.65
25310,10058,78,5,17.61,88.05
25311,10058,74,5,62.05,310.25
25312,10058,96,3,76.45,229.35000000000002
25313,10059,10,5,75.35,376.75
25314,10059,42,3,27.31,81.92999999999999
25315,10059,61,1,48.99,48.99
25316,10059,32,1,21.79,21.79
25317,10060,92,3,8.21,24.630000000000003
25318,10061,32,1,22.79,22.79
25319,10061,81,1,83.62,83.62
25320,10061,54,5,57.95,289.75
25321,10062,68,2,27.03,54.06
25322,10062,1,1,17.23,17.23
25323,10062,96,4,74.76,299.04
25324,10063,31,2,25.52,51.04
25325,10063,109,5,19.97,99.85
25326,10063,116,2,95.55,191.1
25327,10064,18,3,17.66,52.980000000000004
25328,10064,6,1,72.07,72.07
25329,10064,31,4,26.44,105.76
25330,10065,37,5,10.19,50.949999999999996
25331,10065,119,2,40.74,81.48
25332,10066,11,4,28.64,114.56
25333,10066,29,3,11.39,34.17
25334,10066,23,5,72.38,361.9
25335,10067,100,1,39.64,39.64
25336,10067,83,5,37.22,186.1
25337,10068,64,4,44.79,179.16
25338,10068,101,3,55.07,165.21
25339,10068,47,2,25.39,50.78
25340,10068,31,2,25.32,50.64
25341,10069,88,1,39.14,39.14
25342,10069,108,1,19.38,19.38
25343,10069,91,2,30.15,60.3
25344,10069,2,4,42.18,168.72
25345,10070,33,2,106.64,213.28
25346,10071,120,1,28.26,28.26
25347,10072,2,4,45.11,180.44
25348,10072,57,1,71.09,71.09
25349,10073,94,2,27.46,54.92
25350,10074,105,5,13.77,68.85
25351,10075,83,2,38.45,76.9
25352,10076,107,2,66.08,132.16
25353,10076,15,1,18.76,18.76
25354,10076,35,1,60.6,60.6
25355,10076,5,4,94.14,376.56
25356,10077,97,2,48.6,97.2
25357,10077,80,1,10.09,10.09
25358,10078,109,5,20.7,103.5
25359,10078,73,2,9.45,18.9
25360,10078,74,1,59.9,59.9
25361,10078,92,2,8.04,16.08
25362,10079,52,1,45.64,45.64
25363,10079,105,5,15.13,75.65
25364,10079,120,4,30.13,120.52
25365,10079,80,4,9.89,39.56
25366,10080,43,4,39.25,157.0
25367,10081,77,1,22.67,22.67
25368,10081,113,3,30.18,90.53999999999999
25369,10081,63,4,49.32,197.28
25370,10082,92,4,7.97,31.88
25371,10082,68,5,25.55,127.75
25372,10082,54,5,60.77,303.85
25373,10083,117,4,58.85,235.4
25374,10083,44,1,17.61,17.61
25375,10083,6,3,75.33,225.99
25376,10083,96,3,71.79,215.37
25377,10084,66,2,92.35,184.7
25378,10084,4,4,30.41,121.64
25379,10084,30,4,19.45,77.8
25380,10084,92,4,8.2,32.8
25381,10085,88,1,38.76,38.76
25382,10085,61,2,46.24,92.48
25383,10085,90,2,19.78,39.56
25384,10086,120,2,30.51,61.02
25385,10086,32,5,21.67,108.35000000000001
25386,10086,25,2,67.51,135.02
25387,10087,92,4,8.59,34.36
25388,10087,47,5,24.56,122.8
25389,10087,78,1,17.03,17.03
25390,10088,63,4,46.14,184.56
25391,10088,114,4,32.7,130.8
25392,10088,10,5,79.41,397.04999999999995
25393,10089,98,5,59.99,299.95
25394,10089,113,2,31.7,63.4
25395,10089,93,4,22.15,88.6
25396,10090,118,2,23.52,47.04
25397,10090,17,3,50.92,152.76
25398,10090,116,5,88.6,443.0
25399,10090,119,3,42.76,128.28
25400,10091,112,5,65.51,327.55
25401,10091,96,3,76.64,229.92000000000002
25402,10091,44,5,17.51,87.55000000000001
25403,10091,102,5,18.86,94.3
25404,10092,2,1,41.2,41.2
25405,10093,91,2,30.35,60.7
25406,10094,22,1,62.69,62.69
25407,10094,103,4,13.67,54.68
25408,10095,25,4,71.6,286.4
25409,10095,74,4,62.71,250.84
25410,10096,16,1,33.67,33.67
25411,10097,2,1,44.47,44.47
25412,10097,5,5,92.09,460.45000000000005
25413,10098,56,2,24.54,49.08
25414,10098,102,3,18.55,55.650000000000006
25415,10099,30,5,18.35,91.75
25416,10099,26,2,18.9,37.8
25417,10099,38,2,113.41,226.82
25418,10099,21,1,67.29,67.29
25419,10100,34,3,45.92,137.76
25420,10100,45,4,47.62,190.48
25421,10101,76,2,13.62,27.24
25422,10102,74,2,62.89,125.78
25423,10102,95,3,101.04,303.12
25424,10103,45,1,43.35,43.35
25425,10104,105,1,15.14,15.14
25426,10105,89,4,17.63,70.52
25427,10105,105,3,13.81,41.43
25428,10105,88,5,37.52,187.60000000000002
25429,10106,3,3,29.42,88.26
25430,10106,27,2,52.55,105.1
25431,10107,91,5,31.67,158.35000000000002
25432,10107,20,1,36.59,36.59
25433,10107,112,2,59.79,119.58
25434,10108,34,4,46.79,187.16
25435,10109,93,2,22.14,44.28
25436,10109,35,3,59.41,178.23
25437,10110,14,3,72.21,216.63
25438,10110,31,3,26.98,80.94
25439,10110,115,5,36.14,180.7
25440,10111,63,3,49.72,149.16
25441,10111,61,4,45.29,181.16
25442,10111,69,4,61.91,247.64
25443,10112,69,1,64.89,64.89
25444,10112,90,3,18.38,55.14
25445,10112,34,2,45.95,91.9
25446,10113,2,2,42.44,84.88
25447,10113,102,2,18.12,36.24
25448,10113,41,4,55.69,222.76
25449,10114,106,1,48.34,48.34
25450,10114,74,1,60.23,60.23
25451,10115,98,2,61.16,122.32
25452,10115,90,5,17.89,89.45
25453,10116,25,3,70.94,212.82
25454,10116,23,3,67.66,202.98
25455,10117,16,5,33.97,169.85
25456,10117,30,1,18.65,18.65
25457,10118,118,5,21.89,109.45
25458,10118,3,2,30.49,60.98
25459,10118,105,2,14.97,29.94
25460,10118,50,5,43.43,217.15
25461,10119,103,2,12.81,25.62
25462,10120,104,2,46.59,93.18
25463,10120,94,3,27.26,81.78
25464,10120,39,2,8.23,16.46
25465,10121,13,4,41.17,164.68
25466,10121,62,3,11.98,35.94
25467,10121,62,3,11.74,35.22
25468,10121,31,3,27.1,81.30000000000001
25469,10122,14,5,71.98,359.90000000000003
25470,10122,56,4,23.25,93.0
25471,10123,51,2,108.82,217.64
25472,10123,24,1,44.38,44.38
25473,10124,20,2,34.64,69.28
25474,10124,59,1,19.82,19.82
25475,10124,58,3,61.33,183.99
25476,10125,61,5,48.35,241.75
25477,10125,81,4,77.69,310.76
25478,10125,76,5,13.52,67.6
25479,10126,101,2,53.45,106.9
25480,10126,109,5,19.58,97.89999999999999
25481,10126,10,2,76.78,153.56
25482,10127,43,3,37.96,113.88
25483,10127,108,5,18.32,91.6
25484,10128,112,1,63.13,63.13
25485,10129,23,4,74.37,297.48
25486,10130,27,3,48.89,146.67000000000002
25487,10130,114,4,34.19,136.76
25488,10131,18,5,17.4,87.0
25489,10131,58,2,60.56,121.12
25490,10131,104,5,44.83,224.14999999999998
25491,10132,7,5,13.04,65.19999999999999
25492,10133,106,3,48.14,144.42000000000002
25493,10133,95,3,107.01,321.03000000000003
25494,10134,106,4,52.51,210.04
25495,10135,6,2,71.39,142.78
25496,10136,22,2,59.85,119.7
25497,10136,76,2,13.12,26.24
25498,10136,41,1,51.46,51.46
25499,10136,96,2,71.44,142.88
25500,10137,2,5,45.32,226.6
25501,10137,56,1,23.83,23.83
25502,10137,24,5,47.12,235.6
25503,10137,82,3,19.22,57.66
25504,10138,73,2,10.19,20.38
25505,10138,69,2,59.93,119.86
25506,10138,71,2,18.05,36.1
25507,10138,9,3,34.25,102.75
25508,10139,31,2,26.34,52.68
25509,10139,84,3,49.05,147.14999999999998
25510,10139,32,4,23.19,92.76
25511,10139,115,2,35.27,70.54
25512,10140,10,5,77.69,388.45
25513,10140,42,1,27.33,27.33
25514,10141,44,1,17.67,17.67
25515,10141,16,5,33.64,168.2
25516,10141,120,5,28.49,142.45
25517,10142,31,1,25.63,25.63
25518,10142,109,3,20.06,60.17999999999999
25519,10143,77,2,22.52,45.04
25520,10143,67,1,29.29,29.29
25521,10143,119,4,42.43,169.72
25522,10144,4,3,28.42,85.26
25523,10144,98,5,60.42,302.1
25524,10145,103,2,13.96,27.92
25525,10145,94,4,26.52,106.08
25526,10145,70,5,66.86,334.3
25527,10146,44,2,17.1,34.2
25528,10146,19,2,40.07,80.14
25529,10147,74,4,61.77,247.08
25530,10147,53,4,44.75,179.0
25531,10148,49,3,22.06,66.17999999999999
25532,10149,116,1,93.02,93.02
25533,10149,8,4,20.11,80.44
25534,10150,26,4,18.93,75.72
25535,10150,59,2,20.77,41.54
25536,10151,116,5,90.38,451.9
25537,10151,66,1,96.11,96.11
25538,10151,58,3,60.15,180.45
25539,10152,102,3,18.3,54.900000000000006
25540,10152,90,1,17.95,17.95
25541,10152,92,1,8.21,8.21
25542,10152,77,5,21.84,109.2
25543,10153,55,4,34.65,138.6
25544,10153,70,5,68.22,341.1
25545,10153,60,2,28.67,57.34
25546,10154,56,3,23.5,70.5
25547,10154,96,5,75.02,375.09999999999997
25548,10154,70,3,72.57,217.70999999999998
25549,10155,35,3,58.4,175.2
25550,10155,78,5,16.95,84.75
25551,10156,44,1,17.19,17.19
25552,10156,98,3,60.9,182.7
25553,10157,109,4,19.33,77.32
25554,10157,73,5,9.43,47.15
25555,10157,92,5,7.95,39.75
25556,10157,18,1,16.86,16.86
25557,10158,114,1,32.4,32.4
25558,10158,81,1,82.84,82.84
25559,10158,106,4,49.32,197.28
25560,10158,92,2,8.2,16.4
25561,10159,92,4,8.31,33.24
25562,10159,13,5,41.57,207.85
25563,10160,32,4,22.45,89.8
25564,10160,43,1,39.14,39.14
25565,10160,63,3,46.36,139.07999999999998
25566,10161,50,2,41.56,83.12
25567,10161,51,4,106.41,425.64
25568,10162,65,3,14.87,44.61
25569,10162,47,3,23.12,69.36
25570,10162,70,4,72.13,288.52
25571,10163,94,2,27.87,55.74
25572,10163,76,5,13.44,67.2
25573,10164,47,1,24.99,24.99
25574,10164,116,4,97.53,390.12
25575,10164,18,3,16.84,50.519999999999996
25576,10164,1,4,16.72,66.88
25577,10165,42,4,26.95,107.8
25578,10165,65,5,16.01,80.05000000000001
25579,10165,97,1,47.78,47.78
25580,10166,71,2,18.8,37.6
25581,10167,61,1,50.05,50.05
25582,10168,37,2,10.59,21.18
25583,10168,2,1,43.75,43.75
25584,10168,47,4,24.79,99.16
25585,10168,75,2,36.1,72.2
25586,10169,99,3,18.74,56.22
25587,10169,21,3,62.76,188.28
25588,10170,32,1,21.04,21.04
25589,10171,13,5,39.03,195.15
25590,10171,85,3,70.1,210.29999999999998
25591,10171,37,1,10.11,10.11
25592,10172,106,1,48.0,48.0
25593,10172,93,4,23.92,95.68
25594,10173,114,5,32.9,164.5
25595,10173,7,4,13.14,52.56
25596,10173,104,2,46.43,92.86
25597,10174,25,3,67.68,203.04000000000002
25598,10174,71,2,17.99,35.98
25599,10174,25,1,71.0,71.0
25600,10175,77,5,22.8,114.0
25601,10175,99,1,18.92,18.92
25602,10176,55,3,35.21,105.63
25603,10176,31,1,25.08,25.08
25604,10176,59,3,19.02,57.06
25605,10177,70,2,72.11,144.22
25606,10177,90,2,18.54,37.08
25607,10177,16,3,35.98,107.94
25608,10178,6,2,72.99,145.98
25609,10178,95,2,102.94,205.88
25610,10178,14,2,72.03,144.06
25611,10179,32,3,21.95,65.85
25612,10179,108,4,20.25,81.0
25613,10179,56,5,23.87,119.35000000000001
25614,10179,12,5,38.29,191.45
25615,10180,40,1,18.99,18.99
25616,10180,104,4,44.21,176.84
25617,10181,79,5,20.3,101.5
25618,10181,93,1,23.3,23.3
25619,10181,32,1,21.27,21.27
25620,10182,99,1,17.83,17.83
25621,10182,1,3,18.08,54.239999999999995
25622,10182,21,4,66.81,267.24
25623,10182,64,4,46.13,184.52
25624,10183,105,4,14.1,56.4
25625,10183,117,4,59.49,237.96
25626,10183,48,5,51.26,256.3
25627,10184,100,4,38.23,152.92
25628,10184,31,3,26.03,78.09
25629,10184,120,4,31.09,124.36
25630,10184,14,1,74.39,74.39
25631,10185,54,1,58.79,58.79
25632,10186,1,3,16.41,49.230000000000004
25633,10186,69,3,59.02,177.06
25634,10186,53,5,43.55,217.75
25635,10186,96,2,76.12,152.24
25636,10187,76,2,13.6,27.2
25637,10187,41,5,52.72,263.6
25638,10188,114,4,33.03,132.12
25639,10189,14,5,71.39,356.95
25640,10189,9,4,32.96,131.84
25641,10190,21,2,67.48,134.96
25642,10190,69,2,59.99,119.98
25643,10191,116,4,95.02,380.08
25644,10191,19,1,40.43,40.43
25645,10191,95,2,110.74,221.48
25646,10191,91,4,29.29,117.16
25647,10192,35,4,62.86,251.44
25648,10193,19,4,38.03,152.12
25649,10194,94,2,25.86,51.72
25650,10194,96,1,76.2,76.2
25651,10194,85,4,67.11,268.44
25652,10195,92,2,8.5,17.0
25653,10195,57,1,71.09,71.09
25654,10195,46,3,14.26,42.78
25655,10195,3,4,29.37,117.48
25656,10196,62,3,11.57,34.71
25657,10197,88,3,38.63,115.89000000000001
25658,10197,23,3,71.99,215.96999999999997
25659,10198,35,4,62.28,249.12
25660,10198,69,5,59.69,298.45
25661,10199,33,1,106.43,106.43
25662,10199,106,1,50.42,50.42
25663,10200,64,5,43.05,215.25
25664,10200,51,2,102.06,204.12
25665,10200,32,4,23.15,92.6
25666,10200,110,1,69.79,69.79
25667,10201,86,2,36.41,72.82
25668,10201,69,3,59.69,179.07
25669,10201,36,2,21.51,43.02
25670,10202,15,2,18.66,37.32
25671,10203,97,2,44.94,89.88
25672,10204,6,4,74.0,296.0
25673,10204,53,3,43.6,130.8
25674,10204,69,2,60.17,120.34
25675,10205,62,1,12.6,12.6
25676,10206,83,2,37.56,75.12
25677,10206,5,4,87.49,349.96
25678,10207,28,5,24.69,123.45
25679,10207,3,4,30.09,120.36
25680,10208,31,5,25.3,126.5
25681,10208,26,2,18.93,37.86
25682,10209,104,4,45.04,180.16
25683,10209,42,1,26.84,26.84
25684,10209,68,5,26.02,130.1
25685,10210,22,5,59.83,299.15
25686,10211,93,3,23.39,70.17
25687,10211,61,4,45.66,182.64
25688,10211,108,2,19.2,38.4
25689,10212,73,4,10.19,40.76
25690,10212,95,2,109.24,218.48
25691,10212,97,4,48.14,192.56
25692,10212,10,3,79.29,237.87
25693,10213,62,2,12.67,25.34
25694,10213,44,4,17.52,70.08
25695,10213,45,5,43.43,217.15
25696,10213,48,1,49.23,49.23
25697,10214,111,3,38.68,116.03999999999999
25698,10214,118,4,23.02,92.08
25699,10215,53,2,43.92,87.84
25700,10216,120,2,29.75,59.5
25701,10216,34,3,43.49,130.47
25702,10216,89,2,17.13,34.26
25703,10217,10,5,73.71,368.54999999999995
25704,10217,19,4,39.57,158.28
25705,10217,23,4,71.17,284.68
25706,10217,69,5,58.85,294.25
25707,10218,83,4,36.2,144.8
25708,10219,4,3,28.11,84.33
25709,10220,24,2,44.14,88.28
25710,10220,107,2,68.92,137.84
25711,10221,44,2,17.05,34.1
25712,10221,87,1,31.71,31.71
25713,10221,4,5,27.91,139.55
25714,10222,52,5,46.09,230.45000000000002
25715,10222,46,4,13.73,54.92
25716,10222,95,2,108.25,216.5
25717,10223,78,5,17.62,88.10000000000001
25718,10224,9,4,34.56,138.24
25719,10225,27,5,53.16,265.79999999999995
25720,10225,67,4,28.12,112.48
25721,10225,1,2,17.87,35.74
25722,10225,14,3,74.21,222.63
25723,10226,101,3,55.14,165.42000000000002
25724,10226,3,3,31.41,94.23
25725,10226,87,3,30.86,92.58
25726,10227,66,4,94.55,378.2
25727,10227,120,2,30.48,60.96
25728,10227,71,2,18.28,36.56
25729,10228,17,3,48.46,145.38
25730,10228,74,4,57.64,230.56
25731,10229,82,5,17.48,87.4
25732,10229,36,5,21.45,107.25
25733,10230,31,5,26.13,130.65
25734,10230,49,2,22.42,44.84
25735,10230,61,3,45.85,137.55
25736,10230,31,2,25.13,50.26
25737,10231,90,2,19.14,38.28
25738,10231,103,1,13.0,13.0
25739,10232,21,5,65.55,327.75
25740,10232,89,2,17.78,35.56
25741,10233,56,5,23.76,118.80000000000001
25742,10233,17,2,51.56,103.12
25743,10234,33,3,108.77,326.31
25744,10235,111,3,39.3,117.89999999999999
25745,10236,19,3,38.96,116.88
25746,10236,6,4,74.45,297.8
25747,10236,87,1,31.18,31.18
25748,10236,66,3,94.15,282.45000000000005
25749,10237,32,2,22.25,44.5
25750,10237,90,5,19.39,96.95
25751,10237,64,1,45.92,45.92
25752,10238,29,5,11.05,55.25
25753,10238,84,3,45.4,136.2
25754,10239,102,5,18.3,91.5
25755,10239,54,1,62.03,62.03
25756,10239,95,2,106.21,212.42
25757,10240,17,3,50.6,151.8
25758,10240,8,2,21.45,42.9
25759,10241,2,2,42.1,84.2
25760,10242,41,1,54.68,54.68
25761,10242,46,5,13.24,66.2
25762,10242,106,4,50.38,201.52
25763,10242,119,1,39.24,39.24
25764,10243,77,5,21.24,106.19999999999999
25765,10244,117,3,59.96,179.88
25766,10244,117,5,62.17,310.85
25767,10244,54,1,59.41,59.41
25768,10245,32,2,22.37,44.74
25769,10245,50,3,43.0,129.0
25770,10246,2,4,42.52,170.08
25771,10246,78,2,17.6,35.2
25772,10247,106,2,51.08,102.16
25773,10247,100,1,37.93,37.93
25774,10248,31,5,25.89,129.45
25775,10248,70,4,71.87,287.48
25776,10249,107,5,68.76,343.8
25777,10250,87,3,31.38,94.14
25778,10251,7,5,12.87,64.35
25779,10252,3,2,29.8,59.6
25780,10252,110,2,69.82,139.64
25781,10252,106,5,49.8,249.0
25782,10253,91,1,30.84,30.84
25783,10254,65,4,16.01,64.04
25784,10254,118,5,24.01,120.05000000000001
25785,10254,60,4,30.12,120.48
25786,10255,73,4,9.83,39.32
25787,10255,26,5,19.36,96.8
25788,10256,41,1,54.18,54.18
25789,10256,17,4,51.6,206.4
25790,10256,64,5,42.68,213.4
25791,10257,45,3,43.23,129.69
25792,10257,86,1,37.11,37.11
25793,10257,111,5,37.54,187.7
25794,10258,101,4,53.51,214.04
25795,10259,68,4,25.79,103.16
25796,10259,95,4,101.55,406.2
25797,10259,50,1,43.54,43.54
25798,10260,76,5,13.32,66.6
25799,10260,17,1,50.58,50.58
25800,10260,12,1,36.38,36.38
25801,10261,8,1,19.92,19.92
25802,10261,36,4,20.59,82.36
25803,10262,73,2,9.4,18.8
25804,10262,57,5,66.06,330.3
25805,10262,115,1,36.17,36.17
25806,10262,9,2,36.24,72.48
25807,10263,54,3,62.91,188.73
25808,10263,48,3,52.07,156.21
25809,10264,29,3,11.36,34.08
25810,10265,65,1,15.02,15.02
25811,10265,46,2,14.43,28.86
25812,10265,26,1,19.18,19.18
25813,10266,62,3,11.85,35.55
25814,10266,27,2,51.67,103.34
25815,10267,91,3,31.01,93.03
25816,10267,44,4,16.25,65.0
25817,10268,55,5,34.18,170.9
25818,10268,21,3,62.87,188.60999999999999
25819,10269,112,3,59.63,178.89000000000001
25820,10269,22,1,61.77,61.77
25821,10269,77,5,22.13,110.64999999999999
25822,10269,77,5,22.22,111.1
25823,10270,15,5,18.55,92.75
25824,10270,18,4,18.3,73.2
25825,10271,14,3,78.87,236.61
25826,10271,112,1,61.86,61.86
25827,10271,67,1,26.85,26.85
25828,10272,18,5,16.93,84.65
25829,10272,97,5,47.57,237.85
25830,10272,112,4,63.84,255.36
25831,10272,64,2,42.29,84.58
25832,10273,68,1,27.14,27.14
25833,10273,97,1,46.03,46.03
25834,10273,51,5,108.76,543.8000000000001
25835,10274,10,5,76.4,382.0
25836,10274,89,4,17.97,71.88
25837,10274,40,4,19.24,76.96
25838,10274,80,5,10.42,52.1
25839,10275,6,1,72.81,72.81
25840,10275,42,5,26.83,134.14999999999998
25841,10276,43,2,41.5,83.0
25842,10277,38,1,109.73,109.73
25843,10277,69,4,63.86,255.44
25844,10278,53,5,43.98,219.89999999999998
25845,10279,112,1,65.49,65.49
25846,10279,87,2,30.03,60.06
25847,10280,56,4,24.25,97.0
25848,10281,33,4,101.07,404.28
25849,10282,46,3,13.97,41.910000000000004
25850,10283,38,3,115.36,346.08
25851,10283,82,5,18.35,91.75
25852,10283,112,2,61.7,123.4
25853,10283,87,4,32.22,128.88
25854,10284,113,2,31.72,63.44
25855,10284,21,5,67.01,335.05
25856,10284,11,1,28.14,28.14
25857,10284,85,5,68.18,340.90000000000003
25858,10285,118,3,22.04,66.12
25859,10285,65,2,14.7,29.4
25860,10285,55,2,35.56,71.12
25861,10285,62,3,12.0,36.0
25862,10286,19,5,38.42,192.10000000000002
25863,10287,118,5,22.02,110.1
25864,10287,7,2,12.84,25.68
25865,10287,93,1,22.85,22.85
25866,10287,51,1,106.37,106.37
25867,10288,98,3,61.71,185.13
25868,10288,88,5,39.25,196.25
25869,10289,99,3,19.24,57.72
25870,10289,88,1,39.3,39.3
25871,10290,78,2,16.16,32.32
25872,10291,64,3,44.91,134.73
25873,10291,4,1,30.42,30.42
25874,10291,100,5,41.07,205.35
25875,10291,45,2,43.01,86.02
25876,10292,47,1,24.04,24.04
25877,10292,93,3,22.73,68.19
25878,10292,9,3,33.51,100.53
25879,10292,22,5,61.29,306.45
25880,10293,112,1,61.61,61.61
25881,10293,115,3,38.11,114.33
25882,10293,112,4,63.47,253.88
25883,10294,1,2,16.97,33.94
25884,10295,47,2,23.39,46.78
25885,10295,68,1,25.07,25.07
25886,10296,38,3,111.35,334.04999999999995
25887,10296,11,4,27.08,108.32
25888,10297,5,3,86.34,259.02
25889,10297,92,1,8.34,8.34
25890,10297,97,2,48.92,97.84
25891,10297,75,1,34.63,34.63
25892,10298,13,2,39.31,78.62
25893,10298,49,1,23.74,23.74
25894,10298,56,4,22.85,91.4
25895,10299,13,4,40.42,161.68
25896,10299,23,4,67.74,270.96
25897,10299,55,5,35.56,177.8
25898,10299,32,3,22.53,67.59
25899,10300,42,3,25.9,77.69999999999999
25900,10300,27,3,50.21,150.63
25901,10300,23,2,74.13,148.26
25902,10300,119,3,41.14,123.42
25903,10301,23,2,72.99,145.98
25904,10301,71,3,17.7,53.099999999999994
25905,10301,102,2,18.51,37.02
25906,10302,35,2,58.47,116.94
25907,10302,40,2,19.28,38.56
25908,10303,69,1,61.92,61.92
25909,10303,12,4,37.43,149.72
25910,10303,78,1,16.6,16.6
25911,10303,19,5,39.4,197.0
25912,10304,91,3,31.05,93.15
25913,10304,80,2,10.86,21.72
25914,10304,48,5,49.36,246.8
25915,10305,45,2,44.75,89.5
25916,10305,21,3,64.27,192.81
25917,10305,7,3,12.86,38.58
25918,10305,118,5,21.91,109.55
25919,10306,7,3,12.81,38.43
25920,10306,22,5,58.91,294.54999999999995
25921,10306,8,1,20.93,20.93
25922,10306,58,1,55.72,55.72
25923,10307,89,1,17.91,17.91
25924,10307,31,5,27.19,135.95000000000002
25925,10307,103,3,13.92,41.76
25926,10308,73,3,9.92,29.759999999999998
25927,10308,102,4,18.87,75.48
25928,10308,47,2,24.08,48.16
25929,10309,66,3,91.75,275.25
25930,10309,27,3,51.45,154.35000000000002
25931,10310,48,5,51.54,257.7
25932,10310,109,3,20.86,62.58
25933,10311,39,1,8.15,8.15
25934,10312,50,2,40.35,80.7
25935,10313,90,3,19.38,58.14
25936,10313,34,5,45.92,229.60000000000002
25937,10313,97,3,48.74,146.22
25938,10313,34,3,47.22,141.66
25939,10314,113,2,31.22,62.44
25940,10315,83,1,36.59,36.59
25941,10316,119,4,42.86,171.44
25942,10316,69,5,64.32,321.59999999999997
25943,10316,85,2,71.08,142.16
25944,10316,83,2,36.86,73.72
25945,10317,24,4,43.14,172.56
25946,10318,4,5,27.69,138.45000000000002
25947,10318,116,3,95.24,285.71999999999997
25948,10319,72,5,31.73,158.65
25949,10319,15,2,19.17,38.34
25950,10320,73,5,9.88,49.400000000000006
25951,10320,34,2,46.55,93.1
25952,10321,41,1,53.76,53.76
25953,10321,100,3,40.26,120.78
25954,10322,66,1,92.86,92.86
25955,10323,62,2,11.54,23.08
25956,10323,67,3,28.93,86.78999999999999
25957,10324,30,4,18.38,73.52
25958,10324,95,4,106.12,424.48
25959,10324,63,4,45.34,181.36
25960,10325,48,2,52.29,104.58
25961,10326,93,4,22.91,91.64
25962,10326,71,5,18.23,91.15
25963,10327,33,1,103.57,103.57
25964,10327,93,1,24.39,24.39
25965,10327,61,5,46.52,232.60000000000002
25966,10327,13,1,40.25,40.25
25967,10328,35,3,59.88,179.64000000000001
25968,10328,86,4,35.74,142.96
25969,10328,48,4,53.65,214.6
25970,10329,85,2,66.74,133.48
25971,10329,26,5,19.14,95.7
25972,10329,115,1,35.47,35.47
25973,10330,85,3,66.98,200.94
25974,10330,30,4,18.97,75.88
25975,10330,38,5,109.44,547.2
25976,10331,39,1,8.65,8.65
25977,10331,61,2,49.94,99.88
25978,10331,41,5,51.85,259.25
25979,10331,97,5,45.99,229.95000000000002
25980,10332,24,1,43.89,43.89
25981,10333,17,5,50.06,250.3
25982,10333,7,4,13.17,52.68
25983,10333,80,1,10.19,10.19
25984,10333,107,2,67.28,134.56
25985,10334,40,3,20.6,61.800000000000004
25986,10334,98,4,60.78,243.12
25987,10335,59,5,19.22,96.1
25988,10335,35,3,62.42,187.26
25989,10336,86,2,36.68,73.36
25990,10337,1,4,17.81,71.24
25991,10337,111,4,38.47,153.88
25992,10338,119,4,39.21,156.84
25993,10338,104,1,43.51,43.51
25994,10338,106,2,50.79,101.58
25995,10339,109,2,20.77,41.54
25996,10339,54,5,59.73,298.65
25997,10340,6,4,73.39,293.56
25998,10340,67,4,26.64,106.56
25999,10341,51,3,99.36,298.08
26000,10341,96,5,73.14,365.7
26001,10341,97,4,47.39,189.56
26002,10341,99,4,18.86,75.44
26003,10342,98,3,58.0,174.0
26004,10342,101,2,58.83,117.66
26005,10342,51,5,100.77,503.84999999999997
26006,10342,78,3,17.61,52.83
26007,10343,35,1,63.59,63.59
26008,10343,74,1,59.84,59.84
26009,10343,66,4,97.01,388.04
26010,10344,6,4,73.28,293.12
26011,10344,90,3,18.04,54.12
26012,10345,81,3,77.77,233.31
26013,10345,83,5,36.58,182.89999999999998
26014,10345,28,1,23.07,23.07
26015,10345,31,5,26.62,133.1
26016,10346,5,3,88.26,264.78000000000003
26017,10346,1,2,16.49,32.98
26018,10346,87,1,31.67,31.67
26019,10346,107,5,69.42,347.1
26020,10347,48,3,51.99,155.97
26021,10347,54,3,59.35,178.05
26022,10347,47,4,24.19,96.76
26023,10347,100,2,37.46,74.92
26024,10348,102,1,19.29,19.29
26025,10348,105,1,13.91,13.91
26026,10348,11,4,28.2,112.8
26027,10349,113,1,30.77,30.77
26028,10350,2,1,41.35,41.35
26029,10350,43,4,41.42,165.68
26030,10351,35,3,63.22,189.66
26031,10351,80,3,9.88,29.64
26032,10351,32,1,21.01,21.01
26033,10351,72,1,32.11,32.11
26034,10352,107,4,68.26,273.04
26035,10353,20,5,35.68,178.4
26036,10353,106,2,51.08,102.16
26037,10353,53,3,45.73,137.19
26038,10353,72,1,33.07,33.07
26039,10354,52,5,47.84,239.20000000000002
26040,10354,24,3,46.97,140.91
26041,10354,23,2,69.78,139.56
26042,10355,6,1,76.32,76.32
26043,10355,45,1,44.57,44.57
26044,10356,12,5,39.32,196.6
26045,10357,53,5,44.53,222.65
26046,10357,57,4,71.56,286.24
26047,10357,96,4,72.71,290.84
26048,10357,88,2,38.44,76.88
26049,10358,103,2,12.79,25.58
26050,10359,4,1,30.31,30.31
26051,10359,87,2,29.91,59.82
26052,10359,33,3,108.29,324.87
26053,10360,97,2,47.41,94.82
26054,10360,109,1,20.6,20.6
26055,10360,12,4,37.3,149.2
26056,10361,62,1,12.12,12.12
26057,10361,67,2,28.62,57.24
26058,10362,34,1,46.54,46.54
26059,10363,32,1,22.43,22.43
26060,10364,17,1,50.64,50.64
26061,10364,51,5,99.76,498.8
26062,10364,85,1,66.29,66.29
26063,10365,85,1,72.54,72.54
26064,10365,94,5,27.05,135.25
26065,10365,114,4,33.39,133.56
26066,10366,77,5,22.47,112.35
26067,10367,43,2,41.19,82.38
26068,10367,34,5,47.29,236.45
26069,10367,70,3,67.4,202.20000000000002
26070,10367,54,3,60.67,182.01
26071,10368,13,1,41.13,41.13
26072,10368,48,1,52.9,52.9
26073,10368,82,1,19.19,19.19
26074,10369,22,4,62.6,250.4
26075,10370,29,3,10.95,32.849999999999994
26076,10370,34,4,46.53,186.12
26077,10371,57,2,66.66,133.32
26078,10371,98,2,61.45,122.9
26079,10372,40,3,19.3,57.900000000000006
26080,10372,16,2,32.76,65.52
26081,10372,7,1,12.58,12.58
26082,10373,74,2,59.79,119.58
26083,10374,89,5,17.57,87.85
26084,10374,11,4,28.58,114.32
26085,10374,75,3,34.46,103.38
26086,10374,109,3,21.06,63.17999999999999
26087,10375,99,3,19.04,57.12
26088,10375,113,4,30.9,123.6
26089,10375,114,5,31.54,157.7
26090,10376,95,3,100.11,300.33
26091,10376,50,1,41.14,41.14
26092,10376,84,4,47.14,188.56
26093,10377,91,3,29.38,88.14
26094,10377,92,5,8.54,42.699999999999996
26095,10377,38,3,115.05,345.15
26096,10378,54,1,59.02,59.02
26097,10378,52,2,49.71,99.42
26098,10379,97,2,48.94,97.88
26099,10379,101,2,56.64,113.28
26100,10379,116,3,95.72,287.15999999999997
26101,10379,108,1,19.93,19.93
26102,10380,14,4,75.2,300.8
26103,10380,46,4,14.4,57.6
26104,10381,49,2,23.12,46.24
26105,10382,97,4,45.03,180.12
26106,10382,4,5,29.06,145.29999999999998
26107,10382,92,3,8.6,25.799999999999997
26108,10383,108,3,19.14,57.42
26109,10384,23,1,73.78,73.78
26110,10384,42,3,27.37,82.11
26111,10384,76,1,13.22,13.22
26112,10384,72,1,32.35,32.35
26113,10385,60,3,29.1,87.30000000000001
26114,10386,36,4,21.94,87.76
26115,10387,8,2,20.46,40.92
26116,10387,30,1,18.67,18.67
26117,10387,66,4,93.55,374.2
26118,10387,28,1,23.46,23.46
26119,10388,118,1,24.02,24.02
26120,10388,24,1,42.94,42.94
26121,10389,94,2,27.81,55.62
26122,10389,40,2,19.11,38.22
26123,10389,25,5,68.14,340.7
26124,10390,25,4,70.89,283.56
26125,10390,27,2,52.53,105.06
26126,10390,116,2,97.49,194.98
26127,10390,39,4,8.42,33.68
26128,10391,38,1,116.33,116.33
26129,10392,3,2,32.06,64.12
26130,10392,40,4,19.68,78.72
26131,10393,9,4,34.29,137.16
26132,10394,23,5,71.74,358.7
26133,10394,87,3,31.81,95.42999999999999
26134,10394,76,2,12.84,25.68
26135,10394,66,3,96.53,289.59000000000003
26136,10395,28,2,24.25,48.5
26137,10396,84,1,47.96,47.96
26138,10396,19,3,37.92,113.76
26139,10396,86,1,38.57,38.57
26140,10396,85,2,72.78,145.56
26141,10397,9,1,34.04,34.04
26142,10397,73,5,9.44,47.199999999999996
26143,10397,114,4,33.94,135.76
26144,10398,75,5,33.69,168.45
26145,10398,117,5,61.92,309.6
26146,10399,101,5,55.83,279.15
26147,10399,5,2,91.82,183.64
26148,10400,109,1,19.93,19.93
26149,10400,9,2,33.92,67.84
26150,10400,25,5,65.49,327.45
26151,10401,99,2,18.95,37.9
26152,10401,59,4,20.48,81.92
26153,10401,73,2,9.38,18.76
26154,10402,35,3,62.57,187.71
26155,10402,120,4,28.75,115.0
26156,10403,11,5,26.93,134.65
26157,10403,30,3,18.4,55.199999999999996
26158,10404,102,5,19.44,97.2
26159,10405,96,4,72.58,290.32
26160,10405,35,3,59.11,177.32999999999998
26161,10406,63,1,45.64,45.64
26162,10406,5,5,94.35,471.75
26163,10407,67,4,28.33,113.32
26164,10407,103,5,13.76,68.8
26165,10407,26,4,20.72,82.88
26166,10408,113,2,30.74,61.48
26167,10408,73,5,9.78,48.9
26168,10408,6,1,70.45,70.45
26169,10408,50,4,41.46,165.84
26170,10409,21,3,66.5,199.5
26171,10410,27,3,49.27,147.81
26172,10411,10,1,72.24,72.24
26173,10411,101,3,54.86,164.57999999999998
26174,10412,81,3,77.12,231.36
26175,10413,26,1,20.39,20.39
26176,10414,11,2,28.44,56.88
26177,10414,37,2,9.98,19.96
26178,10414,35,1,59.09,59.09
26179,10414,11,5,27.82,139.1
26180,10415,15,4,19.63,78.52
26181,10415,82,5,18.8,94.0
26182,10415,91,1,30.59,30.59
26183,10416,35,5,59.76,298.8
26184,10416,48,3,52.57,157.71
26185,10416,115,4,37.53,150.12
26186,10416,42,5,25.77,128.85
26187,10417,89,2,17.02,34.04
26188,10417,101,5,57.21,286.05
26189,10417,109,5,19.87,99.35000000000001
26190,10418,117,2,56.4,112.8
26191,10418,24,3,42.55,127.64999999999999
26192,10418,115,4,35.53,142.12
26193,10418,77,1,20.88,20.88
26194,10419,29,1,11.63,11.63
26195,10419,106,1,52.37,52.37
26196,10420,47,4,23.33,93.32
26197,10420,116,4,94.43,377.72
26198,10420,56,2,23.37,46.74
26199,10420,79,4,21.47,85.88
26200,10421,58,4,56.64,226.56
26201,10421,114,2,31.21,62.42
26202,10421,57,3,71.43,214.29000000000002
26203,10422,18,5,17.95,89.75
26204,10423,106,5,52.37,261.84999999999997
26205,10424,5,1,87.5,87.5
26206,10424,91,2,30.36,60.72
26207,10424,56,1,23.02,23.02
26208,10425,84,5,49.29,246.45
26209,10425,39,2,8.34,16.68
26210,10425,28,3,22.65,67.94999999999999
26211,10425,112,3,60.99,182.97
26212,10426,23,1,71.46,71.46
26213,10427,2,3,43.69,131.07
26214,10427,49,1,23.36,23.36
26215,10427,39,4,8.75,35.0
26216,10427,72,2,32.6,65.2
26217,10428,42,1,26.53,26.53
26218,10428,44,1,17.24,17.24
26219,10428,86,3,38.17,114.51
26220,10428,93,1,22.73,22.73
26221,10429,1,3,17.43,52.29
26222,10430,21,1,63.48,63.48
26223,10430,102,5,18.72,93.6
26224,10430,108,1,19.28,19.28
26225,10431,113,5,30.84,154.2
26226,10431,43,5,39.96,199.8
26227,10431,59,5,19.64,98.2
26228,10431,18,5,18.29,91.44999999999999
26229,10432,13,5,41.7,208.5
26230,10432,72,3,31.74,95.22
26231,10433,7,1,13.58,13.58
26232,10433,20,4,35.02,140.08
26233,10434,32,3,21.61,64.83
26234,10434,6,2,75.22,150.44
26235,10435,17,5,49.99,249.95000000000002
26236,10435,2,3,41.4,124.19999999999999
26237,10436,61,5,48.5,242.5
26238,10436,71,2,17.33,34.66
26239,10437,50,5,42.23,211.14999999999998
26240,10437,46,5,13.8,69.0
26241,10437,24,1,43.97,43.97
26242,10438,104,5,46.14,230.7
26243,10438,100,3,37.97,113.91
26244,10439,52,1,46.4,46.4
26245,10439,73,1,9.53,9.53
26246,10439,115,2,37.0,74.0
26247,10439,76,1,12.97,12.97
26248,10440,62,4,11.87,47.48
26249,10440,83,3,37.51,112.53
26250,10440,97,2,49.83,99.66
26251,10441,104,5,44.19,220.95
26252,10442,22,3,61.12,183.35999999999999
26253,10442,81,4,82.67,330.68
26254,10442,108,2,19.65,39.3
26255,10442,16,3,35.52,106.56
26256,10443,117,3,60.7,182.10000000000002
26257,10443,46,5,14.4,72.0
26258,10444,108,4,20.09,80.36
26259,10444,63,4,48.2,192.8
26260,10444,57,1,68.22,68.22
26261,10445,23,1,74.35,74.35
26262,10445,96,1,74.18,74.18
26263,10445,113,4,30.32,121.28
26264,10445,114,5,30.91,154.55
26265,10446,31,1,27.25,27.25
26266,10446,79,4,21.83,87.32
26267,10446,93,2,22.68,45.36
26268,10447,115,5,36.48,182.39999999999998
26269,10447,115,2,35.85,71.7
26270,10447,76,4,13.83,55.32
26271,10447,33,5,99.09,495.45000000000005
26272,10448,22,2,57.15,114.3
26273,10448,55,1,35.91,35.91
26274,10448,77,5,21.14,105.7
26275,10449,30,5,18.17,90.85000000000001
26276,10449,76,2,13.31,26.62
26277,10449,99,2,18.69,37.38
26278,10449,67,3,27.47,82.41
26279,10450,96,3,71.38,214.14
26280,10450,39,3,7.95,23.85
26281,10451,108,5,19.97,99.85
26282,10452,119,5,42.73,213.64999999999998
26283,10453,8,3,20.53,61.59
26284,10453,33,4,107.9,431.6
26285,10453,89,4,18.61,74.44
26286,10454,91,3,31.22,93.66
26287,10455,70,5,72.76,363.8
26288,10455,68,4,27.54,110.16
26289,10456,51,1,102.44,102.44
26290,10456,69,2,58.85,117.7
26291,10457,107,2,68.28,136.56
26292,10458,6,5,74.52,372.59999999999997
26293,10458,105,4,14.24,56.96
26294,10458,10,1,76.04,76.04
26295,10458,84,2,46.71,93.42
26296,10459,42,4,26.3,105.2
26297,10460,21,3,65.03,195.09
26298,10460,1,4,17.93,71.72
26299,10461,32,4,22.78,91.12
26300,10461,1,1,18.08,18.08
26301,10461,19,5,38.09,190.45000000000002
26302,10461,48,4,51.47,205.88
26303,10462,31,2,26.47,52.94
26304,10463,54,3,60.23,180.69
26305,10464,93,2,23.1,46.2
26306,10464,3,3,29.5,88.5
26307,10464,41,4,54.05,216.2
26308,10464,46,3,14.37,43.11
26309,10465,34,3,46.9,140.7
26310,10465,65,4,15.2,60.8
26311,10466,30,4,19.36,77.44
26312,10466,27,4,49.01,196.04
26313,10466,7,5,13.46,67.30000000000001
26314,10466,86,4,37.88,151.52
26315,10467,41,2,52.49,104.98
26316,10468,98,2,63.91,127.82
26317,10469,12,4,37.3,149.2
26318,10469,27,1,50.2,50.2
26319,10469,68,2,26.14,52.28
26320,10470,103,5,14.12,70.6
26321,10470,23,2,69.65,139.3
26322,10470,37,4,10.3,41.2
26323,10470,33,4,102.15,408.6
26324,10471,4,2,27.97,55.94
26325,10471,58,2,57.83,115.66
26326,10471,81,2,83.38,166.76
26327,10471,46,1,13.56,13.56
26328,10472,83,3,36.94,110.82
26329,10472,39,3,8.51,25.53
26330,10472,66,1,94.22,94.22
26331,10473,115,2,36.12,72.24
26332,10473,19,1,41.14,41.14
26333,10474,8,1,20.38,20.38
26334,10475,15,4,18.4,73.6
26335,10475,106,2,51.56,103.12
26336,10475,72,1,31.14,31.14
26337,10475,112,2,62.18,124.36
26338,10476,47,5,23.93,119.65
26339,10477,117,3,57.85,173.55
26340,10478,46,4,13.66,54.64
26341,10478,104,3,44.36,133.07999999999998
26342,10479,66,5,93.18,465.90000000000003
26343,10479,98,1,63.49,63.49
26344,10480,96,5,79.06,395.3
26345,10480,29,4,10.87,43.48
26346,10480,93,2,24.24,48.48
26347,10480,22,5,60.5,302.5
26348,10481,61,3,47.55,142.64999999999998
26349,10482,73,4,10.03,40.12
26350,10482,7,2,13.52,27.04
26351,10482,65,1,15.73,15.73
26352,10483,26,3,18.94,56.82000000000001
26353,10483,87,3,29.27,87.81
26354,10484,57,1,70.42,70.42
26355,10485,15,1,19.36,19.36
26356,10485,120,2,30.67,61.34
26357,10485,35,2,62.85,125.7
26358,10485,66,1,93.74,93.74
26359,10486,81,5,79.46,397.29999999999995
26360,10486,98,4,60.71,242.84
26361,10486,74,1,58.25,58.25
26362,10486,80,2,9.96,19.92
26363,10487,42,5,27.43,137.15
26364,10487,39,5,8.05,40.25
26365,10487,18,2,16.85,33.7
26366,10488,119,2,39.18,78.36
26367,10488,103,4,13.18,52.72
26368,10489,28,4,22.3,89.2
26369,10490,100,3,37.5,112.5
26370,10490,82,3,18.45,55.349999999999994
26371,10490,18,3,18.06,54.17999999999999
26372,10491,30,4,20.11,80.44
26373,10491,90,4,18.46,73.84
26374,10491,117,2,58.71,117.42
26375,10491,18,1,16.88,16.88
26376,10492,114,4,32.45,129.8
26377,10492,55,2,35.7,71.4
26378,10493,110,4,70.17,280.68
26379,10493,56,4,22.77,91.08
26380,10493,35,4,63.03,252.12
26381,10494,49,4,23.1,92.4
26382,10494,61,3,49.74,149.22
26383,10494,42,3,25.84,77.52
26384,10494,34,4,44.86,179.44
26385,10495,57,5,65.54,327.70000000000005
26386,10495,37,5,10.2,51.0
26387,10496,86,1,36.92,36.92
26388,10497,34,2,47.84,95.68
26389,10497,40,5,20.46,102.30000000000001
26390,10497,96,4,78.69,314.76
26391,10497,70,3,71.64,214.92000000000002
26392,10498,99,4,18.43,73.72
26393,10499,44,5,17.28,86.4
26394,10499,95,4,107.54,430.16
26395,10499,117,3,60.87,182.60999999999999
26396,10499,1,4,17.62,70.48
26397,10500,83,4,35.24,140.96
26398,10500,112,4,61.58,246.32
26399,10501,103,5,12.84,64.2
26400,10501,48,3,50.61,151.82999999999998
26401,10501,52,5,48.86,244.3
26402,10502,37,1,10.08,10.08
26403,10502,31,1,24.74,24.74
26404,10502,97,1,49.84,49.84
26405,10503,10,4,73.39,293.56
26406,10504,53,2,42.75,85.5
26407,10505,99,3,17.91,53.730000000000004
26408,10506,85,2,72.47,144.94
26409,10507,84,2,46.62,93.24
26410,10507,58,1,57.07,57.07
26411,10507,99,4,19.36,77.44
26412,10507,45,4,45.58,182.32
26413,10508,82,3,19.25,57.75
26414,10509,4,4,29.99,119.96
26415,10509,5,3,87.62,262.86
26416,10509,34,1,44.48,44.48
26417,10510,51,4,104.73,418.92
26418,10510,37,2,10.28,20.56
26419,10511,40,5,19.81,99.05
26420,10511,11,1,27.46,27.46
26421,10511,53,3,45.81,137.43
26422,10511,12,5,38.01,190.04999999999998
26423,10512,81,3,79.8,239.39999999999998
26424,10512,95,5,108.65,543.25
26425,10512,68,3,27.21,81.63
26426,10513,39,4,8.14,32.56
26427,10513,77,4,22.7,90.8
26428,10513,104,2,45.95,91.9
26429,10513,26,5,19.31,96.55
26430,10514,25,2,66.42,132.84
26431,10514,60,2,30.81,61.62
26432,10514,52,1,48.68,48.68
26433,10514,29,2,11.65,23.3
26434,10515,39,5,7.91,39.55
26435,10515,62,4,12.31,49.24
26436,10515,112,4,65.21,260.84
26437,10515,36,3,20.63,61.89
26438,10516,19,2,37.68,75.36
26439,10516,27,1,51.54,51.54
26440,10516,72,4,31.71,126.84
26441,10516,113,1,30.04,30.04
26442,10517,110,1,64.59,64.59
26443,10517,33,4,101.68,406.72
26444,10518,37,3,10.36,31.08
26445,10518,76,2,12.78,25.56
26446,10518,28,4,23.59,94.36
26447,10518,76,4,13.54,54.16
26448,10519,106,2,49.9,99.8
26449,10519,70,4,72.35,289.4
26450,10520,89,5,17.36,86.8
26451,10520,87,2,32.25,64.5
26452,10520,21,4,63.24,252.96
26453,10521,74,3,60.91,182.73
26454,10522,30,3,19.25,57.75
26455,10522,102,3,18.43,55.29
26456,10522,88,4,37.22,148.88
26457,10522,4,5,27.91,139.55
26458,10523,34,1,47.09,47.09
26459,10524,9,5,33.39,166.95
26460,10524,47,2,24.6,49.2
26461,10524,67,4,26.93,107.72
26462,10524,114,3,32.66,97.97999999999999
26463,10525,48,2,49.5,99.0
26464,10525,56,4,23.0,92.0
26465,10526,26,5,20.08,100.39999999999999
26466,10526,71,5,18.56,92.8
26467,10526,43,2,41.53,83.06
26468,10526,87,3,31.92,95.76
26469,10527,78,3,16.48,49.44
26470,10527,14,2,72.9,145.8
26471,10528,103,5,13.16,65.8
26472,10529,37,1,10.73,10.73
26473,10530,22,4,63.24,252.96
26474,10530,78,2,17.82,35.64
26475,10530,36,3,21.37,64.11
26476,10530,61,1,47.39,47.39
26477,10531,17,1,51.58,51.58
26478,10531,97,3,49.23,147.69
26479,10531,120,4,28.97,115.88
26480,10532,43,1,38.82,38.82
26481,10533,3,1,32.16,32.16
26482,10533,87,2,31.05,62.1
26483,10534,19,1,41.17,41.17
26484,10534,59,3,20.32,60.96
26485,10534,47,2,25.52,51.04
26486,10535,15,3,19.1,57.300000000000004
26487,10535,24,4,46.3,185.2
26488,10536,104,2,44.33,88.66
26489,10537,82,5,19.22,96.1
26490,10537,37,3,10.06,30.18
26491,10537,3,1,30.69,30.69
26492,10538,20,3,34.29,102.87
26493,10539,62,4,12.45,49.8
26494,10539,89,3,17.57,52.71
26495,10540,24,3,42.51,127.53
26496,10540,84,4,46.06,184.24
26497,10540,76,4,13.72,54.88
26498,10541,9,1,34.36,34.36
26499,10541,15,4,18.31,73.24
26500,10541,20,1,35.9,35.9
26501,10542,24,4,46.9,187.6
26502,10543,3,4,31.36,125.44
26503,10543,100,5,39.63,198.15
26504,10543,104,5,44.88,224.4
26505,10544,109,1,20.26,20.26
26506,10544,106,5,49.69,248.45
26507,10545,44,2,16.73,33.46
26508,10545,47,1,24.37,24.37
26509,10546,71,5,17.2,86.0
26510,10546,112,5,59.18,295.9
26511,10546,82,1,18.61,18.61
26512,10546,73,3,9.6,28.799999999999997
26513,10547,92,5,8.61,43.05
26514,10547,104,4,45.6,182.4
26515,10548,65,3,15.81,47.43
26516,10548,93,4,23.29,93.16
26517,10548,70,2,72.22,144.44
26518,10549,90,2,19.18,38.36
26519,10550,95,3,110.2,330.6
26520,10550,86,5,37.27,186.35000000000002
26521,10551,66,2,95.66,191.32
26522,10551,107,3,67.15,201.45000000000002
26523,10551,65,5,15.72,78.60000000000001
26524,10551,42,1,27.22,27.22
26525,10552,34,4,46.37,185.48
26526,10552,40,5,19.13,95.64999999999999
26527,10552,101,2,56.1,112.2
26528,10553,115,1,38.79,38.79
26529,10553,54,4,63.28,253.12
26530,10553,37,2,10.71,21.42
26531,10553,67,4,29.18,116.72
26532,10554,46,3,14.0,42.0
26533,10554,76,3,13.36,40.08
26534,10554,7,2,13.72,27.44
26535,10554,65,3,15.16,45.480000000000004
26536,10555,26,1,19.38,19.38
26537,10556,54,5,62.53,312.65
26538,10557,74,2,57.39,114.78
26539,10557,59,2,19.81,39.62
26540,10558,115,1,38.31,38.31
26541,10558,12,5,39.59,197.95000000000002
26542,10558,48,4,51.09,204.36
26543,10558,99,3,18.6,55.800000000000004
26544,10559,41,3,53.02,159.06
26545,10559,10,5,77.96,389.79999999999995
26546,10559,73,4,9.56,38.24
26547,10559,119,5,40.84,204.20000000000002
26548,10560,111,3,36.64,109.92
26549,10560,117,1,61.33,61.33
26550,10560,49,2,23.89,47.78
26551,10561,106,2,47.93,95.86
26552,10561,1,5,17.17,85.85000000000001
26553,10561,10,4,77.0,308.0
26554,10562,91,1,29.72,29.72
26555,10562,4,1,28.35,28.35
26556,10562,72,3,31.39,94.17
26557,10563,75,3,35.4,106.19999999999999
26558,10563,24,3,44.01,132.03
26559,10564,20,2,33.71,67.42
26560,10564,21,4,65.52,262.08
26561,10564,113,5,31.44,157.20000000000002
26562,10565,26,5,20.71,103.55000000000001
26563,10565,79,2,20.93,41.86
26564,10565,103,4,13.3,53.2
26565,10566,104,1,42.75,42.75
26566,10567,34,1,46.81,46.81
26567,10567,120,3,28.06,84.17999999999999
26568,10567,44,2,17.91,35.82
26569,10567,113,2,30.13,60.26
26570,10568,34,4,43.88,175.52
26571,10568,13,5,41.4,207.0
26572,10568,70,3,70.45,211.35000000000002
26573,10568,118,1,23.13,23.13
26574,10569,87,5,29.84,149.2
26575,10570,9,4,35.78,143.12
26576,10570,98,3,58.09,174.27
26577,10571,94,3,28.12,84.36
26578,10571,115,4,36.83,147.32
26579,10571,90,5,18.34,91.7
26580,10572,50,1,41.91,41.91
26581,10573,26,5,19.55,97.75
26582,10573,115,3,35.34,106.02000000000001
26583,10573,46,5,13.34,66.7
26584,10573,66,1,95.97,95.97
26585,10574,76,3,13.57,40.71
26586,10574,119,3,40.72,122.16
26587,10575,60,3,30.3,90.9
26588,10576,105,1,14.39,14.39
26589,10576,85,1,67.27,67.27
26590,10576,24,5,44.51,222.54999999999998
26591,10577,16,5,34.26,171.29999999999998
26592,10577,77,4,22.39,89.56
26593,10577,49,5,21.71,108.55000000000001
26594,10577,5,5,87.85,439.25
26595,10578,87,2,30.94,61.88
26596,10578,113,3,30.05,90.15
26597,10579,1,3,17.16,51.480000000000004
26598,10579,113,5,30.95,154.75
26599,10579,79,3,20.27,60.81
26600,10579,116,1,90.84,90.84
26601,10580,65,3,15.37,46.11
26602,10580,44,3,17.62,52.86
26603,10580,111,3,37.43,112.28999999999999
26604,10581,71,2,17.05,34.1
26605,10581,116,4,94.33,377.32
26606,10581,32,2,21.73,43.46
26607,10582,83,4,36.43,145.72
26608,10582,72,2,34.28,68.56
26609,10583,65,3,15.1,45.3
26610,10583,100,1,40.76,40.76
26611,10583,64,1,43.2,43.2
26612,10584,98,3,62.09,186.27
26613,10585,54,2,59.74,119.48
26614,10585,21,4,68.24,272.96
26615,10585,94,1,27.43,27.43
26616,10586,78,2,16.51,33.02
26617,10586,41,4,53.41,213.64
26618,10586,2,1,45.37,45.37
26619,10586,30,3,19.5,58.5
26620,10587,51,4,108.86,435.44
26621,10587,53,1,42.71,42.71
26622,10587,89,1,18.4,18.4
26623,10588,40,2,19.1,38.2
26624,10588,10,1,78.72,78.72
26625,10588,98,5,61.15,305.75
26626,10588,42,4,25.33,101.32
26627,10589,34,5,44.58,222.89999999999998
26628,10590,91,2,30.25,60.5
26629,10590,49,3,22.79,68.37
26630,10590,60,3,30.94,92.82000000000001
26631,10591,33,1,104.86,104.86
26632,10591,107,3,71.05,213.14999999999998
26633,10592,65,4,15.73,62.92
26634,10592,38,1,114.59,114.59
26635,10592,37,1,9.92,9.92
26636,10593,52,1,48.29,48.29
26637,10594,76,5,13.07,65.35
26638,10594,30,3,18.32,54.96
26639,10595,97,3,47.28,141.84
26640,10595,42,4,27.44,109.76
26641,10596,90,2,18.73,37.46
26642,10596,111,3,37.0,111.0
26643,10596,37,1,9.89,9.89
26644,10597,61,2,48.05,96.1
26645,10597,68,4,25.5,102.0
26646,10597,90,5,19.1,95.5
26647,10598,46,1,13.01,13.01
26648,10598,88,2,37.84,75.68
26649,10598,79,3,21.6,64.80000000000001
26650,10599,40,4,18.88,75.52
26651,10599,105,1,13.87,13.87
26652,10599,5,4,94.67,378.68
26653,10599,101,5,53.4,267.0
26654,10600,43,5,40.79,203.95
26655,10600,107,4,67.96,271.84
26656,10601,30,4,18.75,75.0
26657,10601,49,1,23.26,23.26
26658,10602,13,3,42.64,127.92
26659,10602,98,4,60.45,241.8
26660,10603,85,2,66.03,132.06
26661,10603,46,3,14.28,42.839999999999996
26662,10603,73,3,10.18,30.54
26663,10604,13,1,41.54,41.54
26664,10604,77,1,21.24,21.24
26665,10604,71,3,18.86,56.58
26666,10604,105,5,14.38,71.9
26667,10605,72,2,34.28,68.56
26668,10605,38,5,110.24,551.1999999999999
26669,10605,92,2,8.71,17.42
26670,10606,91,1,31.06,31.06
26671,10606,101,5,55.97,279.85
26672,10606,80,3,9.82,29.46
26673,10606,108,2,19.03,38.06
26674,10607,74,4,62.22,248.88
26675,10607,85,4,70.97,283.88
26676,10608,112,1,60.99,60.99
26677,10608,76,5,13.3,66.5
26678,10608,72,1,34.36,34.36
26679,10609,2,1,42.98,42.98
26680,10609,28,5,22.79,113.94999999999999
26681,10609,14,1,78.06,78.06
26682,10610,36,3,21.03,63.09
26683,10611,17,4,50.22,200.88
26684,10612,75,4,37.04,148.16
26685,10612,32,3,21.82,65.46000000000001
26686,10613,29,1,11.66,11.66
26687,10614,108,5,20.01,100.05000000000001
26688,10614,53,4,43.99,175.96
26689,10615,88,3,38.83,116.49
26690,10615,8,4,20.88,83.52
26691,10616,76,5,12.59,62.95
26692,10616,106,4,48.97,195.88
26693,10616,15,2,18.82,37.64
26694,10617,22,5,58.62,293.09999999999997
26695,10617,79,3,20.52,61.56
26696,10617,75,5,36.84,184.20000000000002
26697,10617,88,5,38.76,193.79999999999998
26698,10618,31,5,27.18,135.9
26699,10618,37,1,10.17,10.17
26700,10618,10,5,76.93,384.65000000000003
26701,10619,30,3,19.32,57.96
26702,10619,78,5,17.74,88.69999999999999
26703,10619,83,3,35.13,105.39000000000001
26704,10619,68,4,25.65,102.6
26705,10620,15,3,19.56,58.67999999999999
26706,10620,104,2,45.61,91.22
26707,10620,70,1,66.78,66.78
26708,10621,5,5,90.73,453.65000000000003
26709,10621,118,3,22.22,66.66
26710,10621,71,4,18.63,74.52
26711,10622,3,3,31.43,94.28999999999999
26712,10622,49,1,22.89,22.89
26713,10622,22,3,60.99,182.97
26714,10622,1,1,18.04,18.04
26715,10623,64,1,41.95,41.95
26716,10623,3,3,31.02,93.06
26717,10623,9,2,33.05,66.1
26718,10624,60,4,31.6,126.4
26719,10624,85,3,68.67,206.01
26720,10624,44,4,16.7,66.8
26721,10624,10,4,71.94,287.76
26722,10625,86,1,35.48,35.48
26723,10625,23,5,74.23,371.15000000000003
26724,10625,29,3,11.71,35.13
26725,10626,66,1,98.3,98.3
26726,10626,24,4,44.3,177.2
26727,10627,98,5,59.61,298.05
26728,10627,96,5,77.11,385.55
26729,10628,45,5,46.17,230.85000000000002
26730,10628,88,1,40.23,40.23
26731,10628,7,2,12.8,25.6
26732,10629,99,3,18.89,56.67
26733,10629,42,3,26.82,80.46000000000001
26734,10630,115,1,37.74,37.74
26735,10630,9,2,36.31,72.62
26736,10630,25,1,71.28,71.28
26737,10631,23,3,72.56,217.68
26738,10632,75,2,35.02,70.04
26739,10632,57,5,68.14,340.7
26740,10632,4,3,29.73,89.19
26741,10633,106,1,49.42,49.42
26742,10634,42,4,27.26,109.04
26743,10635,108,5,20.14,100.7
26744,10635,43,2,40.16,80.32
26745,10635,85,3,70.86,212.57999999999998
26746,10635,116,2,94.43,188.86
26747,10636,102,4,19.09,76.36
26748,10636,83,3,36.65,109.94999999999999
26749,10636,65,3,15.72,47.160000000000004
26750,10636,98,1,58.22,58.22
26751,10637,115,2,37.73,75.46
26752,10637,60,1,29.17,29.17
26753,10637,101,2,58.06,116.12
26754,10638,1,1,17.47,17.47
26755,10638,79,3,20.82,62.46
26756,10638,115,2,36.62,73.24
26757,10638,29,3,11.05,33.150000000000006
26758,10639,97,4,46.63,186.52
26759,10639,92,3,8.05,24.150000000000002
26760,10639,19,5,38.44,192.2
26761,10640,106,1,49.9,49.9
26762,10641,73,1,9.48,9.48
26763,10641,58,4,55.57,222.28
26764,10641,33,5,107.74,538.6999999999999
26765,10641,44,3,17.68,53.04
26766,10642,59,2,20.89,41.78
26767,10643,44,5,16.52,82.6
26768,10643,54,2,57.82,115.64
26769,10643,91,3,29.37,88.11
26770,10644,25,5,65.2,326.0
26771,10644,115,1,37.48,37.48
26772,10644,42,5,27.05,135.25
26773,10644,49,5,22.19,110.95
26774,10645,51,3,107.15,321.45000000000005
26775,10645,13,5,40.19,200.95
26776,10645,65,1,15.66,15.66
26777,10646,6,4,71.44,285.76
26778,10647,98,5,60.44,302.2
26779,10647,100,2,40.62,81.24
26780,10647,39,2,8.54,17.08
26781,10647,38,3,109.11,327.33
26782,10648,31,3,25.64,76.92
26783,10648,99,5,18.33,91.64999999999999
26784,10648,118,2,22.68,45.36
26785,10648,14,1,73.22,73.22
26786,10649,17,5,47.44,237.2
26787,10650,5,1,94.33,94.33
26788,10650,53,1,45.61,45.61
26789,10650,38,5,111.44,557.2
26790,10650,48,4,51.76,207.04
26791,10651,38,1,114.79,114.79
26792,10652,67,1,27.03,27.03
26793,10653,120,4,30.6,122.4
26794,10653,117,4,57.77,231.08
26795,10653,29,5,11.17,55.85
26796,10654,102,3,18.14,54.42
26797,10654,89,2,17.25,34.5
26798,10654,110,1,68.4,68.4
26799,10655,111,5,39.4,197.0
26800,10656,13,1,39.29,39.29
26801,10657,94,5,25.74,128.7
26802,10657,92,4,8.3,33.2
26803,10657,117,4,59.79,239.16
26804,10658,91,4,29.76,119.04
26805,10659,21,3,62.5,187.5
26806,10659,41,4,55.78,223.12
26807,10659,83,2,37.05,74.1
26808,10659,39,5,8.66,43.3
26809,10660,63,3,48.24,144.72
26810,10660,73,2,9.7,19.4
26811,10661,105,1,14.44,14.44
26812,10661,17,4,50.31,201.24
26813,10661,90,3,18.03,54.09
26814,10661,111,4,36.64,146.56
26815,10662,94,4,27.8,111.2
26816,10662,1,5,18.17,90.85000000000001
26817,10662,47,5,24.37,121.85000000000001
26818,10663,65,4,15.47,61.88
26819,10663,82,1,18.95,18.95
26820,10664,96,4,78.66,314.64
26821,10664,106,1,47.52,47.52
26822,10664,98,1,62.13,62.13
26823,10664,24,1,45.07,45.07
26824,10665,80,5,9.95,49.75
26825,10666,4,5,30.49,152.45
26826,10666,16,2,35.14,70.28
26827,10667,38,2,111.86,223.72
26828,10667,76,2,12.5,25.0
26829,10667,104,1,44.5,44.5
26830,10667,89,2,18.57,37.14
26831,10668,56,5,24.19,120.95
26832,10668,11,1,28.71,28.71
26833,10668,31,1,25.14,25.14
26834,10668,79,2,21.72,43.44
26835,10669,110,3,69.78,209.34
26836,10669,15,5,19.61,98.05
26837,10669,6,4,71.97,287.88
26838,10669,63,2,47.9,95.8
26839,10670,97,5,48.57,242.85
26840,10671,27,3,48.6,145.8
26841,10671,96,3,76.08,228.24
26842,10672,120,5,30.16,150.8
26843,10673,63,4,47.63,190.52
26844,10673,85,3,72.58,217.74
26845,10673,32,1,22.82,22.82
26846,10673,85,2,72.65,145.3
26847,10674,53,3,44.95,134.85000000000002
26848,10674,97,3,48.29,144.87
26849,10674,43,3,41.64,124.92
26850,10674,69,3,60.92,182.76
26851,10675,18,2,18.26,36.52
26852,10675,80,1,10.07,10.07
26853,10675,72,5,31.8,159.0
26854,10675,44,1,17.81,17.81
26855,10676,24,4,46.53,186.12
26856,10677,115,4,35.93,143.72
26857,10677,120,3,29.19,87.57000000000001
26858,10678,60,4,29.03,116.12
26859,10678,69,1,60.08,60.08
26860,10678,77,2,21.51,43.02
26861,10679,15,4,18.38,73.52
26862,10679,30,3,18.45,55.349999999999994
26863,10680,74,3,58.89,176.67000000000002
26864,10680,75,2,36.58,73.16
26865,10681,46,4,14.27,57.08
26866,10681,61,1,46.66,46.66
26867,10681,23,4,73.9,295.6
26868,10681,88,5,36.4,182.0
26869,10682,36,5,20.5,102.5
26870,10682,119,3,41.21,123.63
26871,10682,31,3,27.05,81.15
26872,10683,6,1,75.89,75.89
26873,10683,70,5,71.67,358.35
26874,10683,19,4,38.81,155.24
26875,10684,34,2,47.58,95.16
26876,10684,63,2,45.26,90.52
26877,10684,6,4,69.39,277.56
26878,10684,28,2,23.93,47.86
26879,10685,99,2,18.14,36.28
26880,10685,32,4,23.2,92.8
26881,10685,35,5,60.92,304.6
26882,10686,53,5,41.91,209.54999999999998
26883,10686,37,3,10.71,32.13
26884,10686,114,3,31.83,95.49
26885,10687,52,2,46.41,92.82
26886,10687,27,1,48.94,48.94
26887,10687,96,5,78.39,391.95
26888,10687,3,1,31.45,31.45
26889,10688,74,2,61.77,123.54
26890,10688,58,4,58.02,232.08
26891,10689,11,5,27.72,138.6
26892,10689,30,4,19.56,78.24
26893,10689,56,5,24.5,122.5
26894,10689,4,1,29.36,29.36
26895,10690,91,3,29.53,88.59
26896,10691,97,2,45.5,91.0
26897,10692,5,2,87.77,175.54
26898,10692,47,3,23.05,69.15
26899,10693,5,1,86.83,86.83
26900,10693,20,2,35.53,71.06
26901,10694,85,2,66.07,132.14
26902,10694,39,2,7.96,15.92
26903,10695,61,5,45.5,227.5
26904,10695,32,4,22.11,88.44
26905,10695,20,2,33.71,67.42
26906,10695,103,5,13.51,67.55
26907,10696,81,2,81.62,163.24
26908,10697,104,5,43.04,215.2
26909,10698,10,1,79.27,79.27
26910,10698,26,5,20.76,103.80000000000001
26911,10698,54,3,62.85,188.55
26912,10699,120,2,30.86,61.72
26913,10700,99,3,17.92,53.760000000000005
26914,10701,63,4,46.78,187.12
26915,10701,22,4,58.65,234.6
26916,10701,115,5,35.73,178.64999999999998
26917,10701,71,5,18.13,90.64999999999999
26918,10702,94,2,27.7,55.4
26919,10702,45,1,47.01,47.01
26920,10702,92,4,8.11,32.44
26921,10702,108,2,19.01,38.02
26922,10703,51,3,108.13,324.39
26923,10703,78,4,17.43,69.72
26924,10703,94,1,27.8,27.8
26925,10703,44,1,16.41,16.41
26926,10704,79,5,20.17,100.85000000000001
26927,10704,59,2,20.57,41.14
26928,10705,68,2,26.79,53.58
26929,10706,64,4,45.78,183.12
26930,10706,27,2,53.31,106.62
26931,10707,119,1,42.89,42.89
26932,10708,38,3,113.33,339.99
26933,10709,90,5,19.5,97.5
26934,10709,94,3,26.43,79.28999999999999
26935,10709,86,4,38.79,155.16
26936,10709,25,3,69.93,209.79000000000002
26937,10710,119,2,41.05,82.1
26938,10711,75,5,34.91,174.54999999999998
26939,10712,19,2,40.52,81.04
26940,10712,73,2,10.02,20.04
26941,10713,57,2,69.75,139.5
26942,10714,84,2,47.88,95.76
26943,10714,116,1,89.34,89.34
26944,10714,31,5,26.1,130.5
26945,10714,103,4,13.04,52.16
26946,10715,102,1,18.24,18.24
26947,10715,25,4,67.68,270.72
26948,10715,36,4,21.86,87.44
26949,10715,51,1,105.46,105.46
26950,10716,35,2,61.55,123.1
26951,10717,23,2,70.89,141.78
26952,10717,89,4,17.53,70.12
26953,10717,85,3,67.33,201.99
26954,10717,90,2,19.76,39.52
26955,10718,75,1,35.14,35.14
26956,10718,23,5,70.85,354.25
26957,10719,70,2,68.34,136.68
26958,10719,65,4,15.26,61.04
26959,10720,109,2,21.18,42.36
26960,10720,106,5,51.26,256.3
26961,10720,13,5,42.24,211.20000000000002
26962,10720,66,2,97.51,195.02
26963,10721,113,1,32.32,32.32
26964,10721,86,4,38.43,153.72
26965,10721,59,2,20.49,40.98
26966,10722,81,3,84.56,253.68
26967,10722,4,3,28.43,85.28999999999999
26968,10722,60,3,30.67,92.01
26969,10722,110,1,66.3,66.3
26970,10723,54,1,58.43,58.43
26971,10723,112,2,60.0,120.0
26972,10724,96,3,75.53,226.59
26973,10724,114,5,33.11,165.55
26974,10724,18,2,17.15,34.3
26975,10725,101,5,54.78,273.9
26976,10725,26,3,19.84,59.519999999999996
26977,10726,34,1,44.92,44.92
26978,10726,16,4,33.43,133.72
26979,10726,35,2,58.55,117.1
26980,10727,78,3,16.93,50.79
26981,10727,40,5,19.69,98.45
26982,10727,3,5,29.87,149.35
26983,10727,28,2,23.0,46.0
26984,10728,16,2,34.32,68.64
26985,10729,109,3,19.67,59.010000000000005
26986,10729,91,4,30.06,120.24
26987,10729,65,1,14.77,14.77
26988,10730,103,5,13.67,68.35
26989,10730,32,3,22.93,68.78999999999999
26990,10731,109,2,20.26,40.52
26991,10731,93,1,24.28,24.28
26992,10731,31,4,27.13,108.52
26993,10732,76,3,13.13,39.39
26994,10732,116,2,89.28,178.56
26995,10733,46,5,13.53,67.64999999999999
26996,10733,26,3,19.11,57.33
26997,10734,110,3,64.43,193.29000000000002
26998,10734,38,2,108.81,217.62
26999,10735,67,5,28.38,141.9
27000,10735,12,5,39.55,197.75
27001,10735,76,3,13.35,40.05
27002,10736,120,5,29.12,145.6
27003,10737,4,2,28.26,56.52
27004,10737,34,1,45.18,45.18
27005,10738,76,5,12.86,64.3
27006,10739,72,4,34.23,136.92
27007,10739,50,5,42.92,214.60000000000002
27008,10740,38,4,108.6,434.4
27009,10740,90,2,19.13,38.26
27010,10740,59,4,19.92,79.68
27011,10741,6,5,73.79,368.95000000000005
27012,10741,17,3,49.79,149.37
27013,10741,47,5,23.5,117.5
27014,10742,78,2,16.76,33.52
27015,10743,8,2,21.91,43.82
27016,10743,120,2,30.26,60.52
27017,10743,112,3,59.41,178.23
27018,10743,9,5,34.93,174.65
27019,10744,51,1,101.52,101.52
27020,10744,45,1,46.24,46.24
27021,10745,17,1,48.82,48.82
27022,10745,62,3,12.57,37.71
27023,10745,90,1,18.2,18.2
27024,10745,64,5,45.69,228.45
27025,10746,106,2,47.9,95.8
27026,10746,77,2,21.68,43.36
27027,10746,94,5,27.13,135.65
27028,10746,102,4,18.84,75.36
27029,10747,103,2,13.22,26.44
27030,10748,69,5,60.41,302.04999999999995
27031,10749,102,4,19.84,79.36
27032,10749,46,1,13.56,13.56
27033,10749,119,5,41.04,205.2
27034,10750,80,1,10.8,10.8
27035,10750,44,3,16.54,49.62
27036,10750,8,1,20.95,20.95
27037,10750,42,5,27.5,137.5
27038,10751,58,5,59.33,296.65
27039,10751,14,3,73.94,221.82
27040,10752,69,2,64.38,128.76
27041,10752,103,2,13.87,27.74
27042,10752,38,5,111.09,555.45
27043,10753,112,4,59.65,238.6
27044,10753,50,1,42.03,42.03
27045,10753,34,4,47.86,191.44
27046,10754,101,5,59.13,295.65000000000003
27047,10754,74,4,62.17,248.68
27048,10754,75,2,35.21,70.42
27049,10754,30,2,19.36,38.72
27050,10755,72,5,33.33,166.64999999999998
27051,10755,104,3,42.44,127.32
27052,10755,24,2,44.81,89.62
27053,10755,1,2,16.63,33.26
27054,10756,92,2,8.69,17.38
27055,10756,84,5,48.62,243.1
27056,10756,25,1,65.3,65.3
27057,10757,66,5,90.55,452.75
27058,10757,15,3,19.39,58.17
27059,10757,35,1,63.11,63.11
27060,10757,22,3,60.58,181.74
27061,10758,111,4,38.96,155.84
27062,10758,44,5,16.85,84.25
27063,10758,58,2,56.85,113.7
27064,10759,29,3,11.92,35.76
27065,10759,63,4,45.81,183.24
27066,10760,67,4,27.27,109.08
27067,10760,10,2,74.93,149.86
27068,10760,95,1,105.65,105.65
27069,10761,50,3,40.63,121.89000000000001
27070,10761,57,2,67.27,134.54
27071,10761,20,3,34.55,103.64999999999999
27072,10762,8,5,20.77,103.85
27073,10762,67,5,29.13,145.65
27074,10762,4,2,30.63,61.26
27075,10762,70,2,69.9,139.8
27076,10763,92,2,8.04,16.08
27077,10764,30,5,19.74,98.69999999999999
27078,10764,35,5,59.65,298.25
27079,10765,114,1,31.21,31.21
27080,10766,55,3,36.47,109.41
27081,10767,37,2,9.71,19.42
27082,10768,107,5,65.73,328.65000000000003
27083,10768,79,2,20.72,41.44
27084,10768,72,2,31.88,63.76
27085,10768,118,2,23.32,46.64
27086,10769,73,3,10.27,30.81
27087,10769,97,3,47.26,141.78
27088,10770,85,3,72.74,218.21999999999997
27089,10770,90,2,19.21,38.42
27090,10770,83,5,35.25,176.25
27091,10770,8,3,21.72,65.16
27092,10771,23,5,72.91,364.54999999999995
27093,10771,63,5,46.68,233.4
27094,10771,86,5,37.54,187.7
27095,10772,91,5,29.27,146.35
27096,10773,97,1,45.38,45.38
27097,10773,80,3,10.08,30.240000000000002
27098,10774,6,2,74.65,149.3
27099,10774,69,4,58.98,235.92
27100,10774,86,1,37.25,37.25
27101,10775,111,1,37.78,37.78
27102,10775,74,3,59.97,179.91
27103,10775,68,2,26.81,53.62
27104,10776,19,5,37.9,189.5
27105,10776,101,5,59.13,295.65000000000003
27106,10777,49,1,22.74,22.74
27107,10778,107,5,70.85,354.25
27108,10778,22,4,62.83,251.32
27109,10778,95,5,102.73,513.65
27110,10778,36,4,22.02,88.08
27111,10779,18,4,17.67,70.68
27112,10779,110,4,66.09,264.36
27113,10779,94,5,26.79,133.95
27114,10780,104,1,43.36,43.36
27115,10780,95,1,108.37,108.37
27116,10780,71,2,18.54,37.08
27117,10780,81,3,79.71,239.13
27118,10781,7,4,13.45,53.8
27119,10781,45,3,43.9,131.7
27120,10782,40,5,19.48,97.4
27121,10783,35,3,61.64,184.92000000000002
27122,10783,43,3,38.67,116.01
27123,10784,79,2,21.4,42.8
27124,10785,75,5,34.14,170.7
27125,10785,88,4,39.09,156.36
27126,10785,52,3,46.41,139.23
27127,10786,111,2,37.31,74.62
27128,10786,62,3,12.15,36.45
27129,10786,41,4,51.39,205.56
27130,10787,107,1,69.67,69.67
27131,10788,35,3,62.89,188.67000000000002
27132,10788,100,5,40.88,204.4
27133,10789,89,3,18.26,54.78
27134,10789,115,1,37.8,37.8
27135,10790,118,5,23.87,119.35000000000001
27136,10790,17,2,52.1,104.2
27137,10790,35,5,61.5,307.5
27138,10791,60,2,28.97,57.94
27139,10791,33,5,105.14,525.7
27140,10791,19,2,38.49,76.98
27141,10791,108,3,20.2,60.599999999999994
27142,10792,1,2,17.7,35.4
27143,10792,32,3,22.32,66.96000000000001
27144,10793,104,4,43.23,172.92
27145,10793,50,3,40.73,122.19
27146,10794,33,1,101.86,101.86
27147,10794,120,4,29.58,118.32
27148,10794,81,1,80.17,80.17
27149,10794,97,4,47.58,190.32
27150,10795,43,5,38.2,191.0
27151,10795,30,2,19.06,38.12
27152,10795,52,2,49.34,98.68
27153,10795,115,3,35.4,106.19999999999999
27154,10796,72,4,31.13,124.52
27155,10796,102,4,19.08,76.32
27156,10796,114,4,31.63,126.52
27157,10796,117,1,59.56,59.56
27158,10797,113,5,29.76,148.8
27159,10798,49,1,23.86,23.86
27160,10798,114,4,33.04,132.16
27161,10798,81,5,79.3,396.5
27162,10799,109,4,21.05,84.2
27163,10799,46,5,14.1,70.5
27164,10799,2,1,41.9,41.9
27165,10799,54,1,62.96,62.96
27166,10800,36,1,19.98,19.98
27167,10800,81,5,84.64,423.2
27168,10800,75,5,34.33,171.64999999999998
27169,10800,50,5,39.62,198.1
27170,10801,81,4,81.24,324.96
27171,10802,51,1,104.15,104.15
27172,10802,89,3,17.71,53.13
27173,10803,66,1,97.9,97.9
27174,10803,34,1,43.32,43.32
27175,10803,13,3,40.2,120.60000000000001
27176,10803,13,4,40.04,160.16
27177,10804,119,4,39.47,157.88
27178,10804,95,4,101.77,407.08
27179,10804,100,3,38.07,114.21000000000001
27180,10805,77,5,21.04,105.19999999999999
27181,10806,58,5,56.83,284.15
27182,10807,100,4,39.33,157.32
27183,10807,91,1,29.21,29.21
27184,10807,31,1,27.19,27.19
27185,10807,120,2,29.0,58.0
27186,10808,14,5,75.77,378.84999999999997
27187,10808,62,4,12.45,49.8
27188,10808,14,2,77.27,154.54
27189,10808,87,3,29.2,87.6
27190,10809,46,1,13.6,13.6
27191,10810,11,3,28.17,84.51
27192,10810,97,3,49.52,148.56
27193,10810,115,5,37.69,188.45
27194,10811,43,4,39.23,156.92
27195,10811,20,1,35.75,35.75
27196,10811,37,1,10.5,10.5
27197,10812,97,3,47.09,141.27
27198,10812,103,5,14.06,70.3
27199,10813,59,5,19.63,98.14999999999999
27200,10813,66,1,98.34,98.34
27201,10814,78,5,17.31,86.55
27202,10814,44,1,17.83,17.83
27203,10814,72,2,34.46,68.92
27204,10815,8,1,19.84,19.84
27205,10816,50,3,42.83,128.49
27206,10817,88,4,37.96,151.84
27207,10818,115,1,35.7,35.7
27208,10818,108,5,19.25,96.25
27209,10818,38,2,115.18,230.36
27210,10818,25,5,65.73,328.65000000000003
27211,10819,28,1,24.59,24.59
27212,10820,27,2,52.99,105.98
27213,10820,108,3,20.23,60.69
27214,10820,4,1,28.54,28.54
27215,10820,36,5,20.89,104.45
27216,10821,77,5,22.67,113.35000000000001
27217,10821,13,1,41.52,41.52
27218,10822,47,2,25.13,50.26
27219,10823,19,5,37.06,185.3
27220,10823,35,4,60.87,243.48
27221,10823,43,3,41.4,124.19999999999999
27222,10824,81,2,82.92,165.84
27223,10824,106,1,47.94,47.94
27224,10825,119,5,42.13,210.65
27225,10825,80,1,10.1,10.1
27226,10826,89,1,18.16,18.16
27227,10826,16,3,34.02,102.06
27228,10826,76,3,13.67,41.01
27229,10826,65,2,15.79,31.58
27230,10827,118,2,23.86,47.72
27231,10827,75,4,35.61,142.44
27232,10827,96,3,75.7,227.10000000000002
27233,10828,97,2,45.52,91.04
27234,10829,15,2,19.34,38.68
27235,10830,68,4,27.46,109.84
27236,10830,108,5,19.99,99.94999999999999
27237,10830,42,2,26.24,52.48
27238,10830,95,1,102.73,102.73
27239,10831,120,3,29.13,87.39
27240,10831,118,2,23.61,47.22
27241,10831,32,3,22.17,66.51
27242,10832,40,3,19.32,57.96
27243,10832,116,5,93.64,468.2
27244,10833,48,1,50.77,50.77
27245,10833,26,4,19.98,79.92
27246,10833,74,5,59.02,295.1
27247,10833,63,3,48.93,146.79
27248,10834,1,1,17.26,17.26
27249,10835,14,5,75.63,378.15
27250,10836,75,1,33.74,33.74
27251,10836,108,5,20.16,100.8
27252,10837,79,4,20.03,80.12
27253,10837,59,5,19.24,96.19999999999999
27254,10837,120,1,28.35,28.35
27255,10837,107,2,66.82,133.64
27256,10838,46,5,13.63,68.15
27257,10838,99,4,17.86,71.44
27258,10838,109,4,19.87,79.48
27259,10838,23,4,72.67,290.68
27260,10839,75,5,36.14,180.7
27261,10839,8,5,19.92,99.60000000000001
27262,10840,68,2,27.04,54.08
27263,10840,111,4,37.08,148.32
27264,10840,108,4,19.92,79.68
27265,10841,68,1,25.92,25.92
27266,10841,71,2,18.77,37.54
27267,10842,103,2,14.02,28.04
27268,10842,1,4,16.92,67.68
27269,10842,83,3,37.0,111.0
27270,10842,38,3,112.62,337.86
27271,10843,93,3,23.21,69.63
27272,10843,14,1,74.85,74.85
27273,10843,58,3,59.5,178.5
27274,10843,92,2,8.27,16.54
27275,10844,88,5,39.01,195.04999999999998
27276,10845,89,1,17.53,17.53
27277,10845,111,5,39.1,195.5
27278,10845,44,5,17.88,89.39999999999999
27279,10846,86,4,38.14,152.56
27280,10847,98,5,61.36,306.8
27281,10847,112,3,63.23,189.69
27282,10847,27,1,50.27,50.27
27283,10848,29,4,11.29,45.16
27284,10848,53,1,43.59,43.59
27285,10849,97,5,46.43,232.15
27286,10849,106,3,48.93,146.79
27287,10850,64,4,44.4,177.6
27288,10850,88,3,39.04,117.12
27289,10851,8,4,20.87,83.48
27290,10851,91,5,29.34,146.7
27291,10851,78,2,16.73,33.46
27292,10852,40,3,20.29,60.87
27293,10852,76,2,13.55,27.1
27294,10852,114,1,33.36,33.36
27295,10852,119,4,41.54,166.16
27296,10853,78,3,16.47,49.41
27297,10853,78,5,16.78,83.9
27298,10853,79,2,21.15,42.3
27299,10854,16,4,36.17,144.68
27300,10854,42,4,25.68,102.72
27301,10854,119,2,41.28,82.56
27302,10854,8,4,20.68,82.72
27303,10855,38,4,112.33,449.32
27304,10855,109,2,20.78,41.56
27305,10855,84,3,48.3,144.89999999999998
27306,10855,48,3,51.84,155.52
27307,10856,72,2,31.35,62.7
27308,10857,92,3,7.99,23.97
27309,10857,43,2,39.79,79.58
27310,10857,112,5,64.56,322.8
27311,10857,49,4,22.75,91.0
27312,10858,106,2,50.44,100.88
27313,10859,79,5,22.12,110.60000000000001
27314,10860,6,2,70.95,141.9
27315,10861,105,2,14.52,29.04
27316,10861,14,4,77.42,309.68
27317,10862,114,2,34.03,68.06
27318,10863,2,1,44.94,44.94
27319,10863,119,3,40.98,122.94
27320,10863,57,2,70.12,140.24
27321,10864,15,5,19.68,98.4
27322,10864,26,2,19.46,38.92
27323,10864,23,1,72.95,72.95
27324,10865,65,3,15.3,45.900000000000006
27325,10865,25,3,66.99,200.96999999999997
27326,10865,96,1,74.79,74.79
27327,10866,117,1,61.97,61.97
27328,10866,36,1,21.13,21.13
27329,10866,12,3,40.06,120.18
27330,10866,7,3,13.8,41.400000000000006
27331,10867,84,2,48.3,96.6
27332,10868,91,3,28.87,86.61
27333,10868,115,2,38.56,77.12
27334,10868,17,2,51.16,102.32
27335,10868,70,2,69.0,138.0
27336,10869,24,3,44.61,133.82999999999998
27337,10869,1,3,16.4,49.199999999999996
27338,10869,52,1,49.37,49.37
27339,10869,8,4,21.83,87.32
27340,10870,20,2,34.03,68.06
27341,10871,86,1,38.44,38.44
27342,10871,26,2,19.83,39.66
27343,10871,48,4,49.78,199.12
27344,10872,115,3,37.58,112.74
27345,10872,61,2,49.2,98.4
27346,10873,17,3,50.08,150.24
27347,10874,6,4,70.37,281.48
27348,10874,49,4,23.87,95.48
27349,10874,108,1,19.24,19.24
27350,10875,5,4,94.48,377.92
27351,10876,109,4,19.98,79.92
27352,10877,58,2,58.93,117.86
27353,10877,73,4,9.8,39.2
27354,10877,66,3,90.53,271.59000000000003
27355,10878,58,1,61.26,61.26
27356,10879,38,5,115.06,575.3
27357,10879,48,5,53.49,267.45
27358,10879,88,5,36.53,182.65
27359,10879,24,1,42.76,42.76
27360,10880,96,5,74.46,372.29999999999995
27361,10881,113,1,32.49,32.49
27362,10881,61,3,49.61,148.82999999999998
27363,10882,59,1,20.69,20.69
27364,10882,97,3,48.71,146.13
27365,10883,13,1,41.71,41.71
27366,10884,94,3,27.29,81.87
27367,10884,96,5,74.37,371.85
27368,10884,42,4,27.64,110.56
27369,10885,117,3,58.37,175.10999999999999
27370,10886,60,2,29.81,59.62
27371,10887,34,1,44.08,44.08
27372,10887,31,5,24.72,123.6
27373,10888,83,3,35.52,106.56
27374,10888,111,5,35.98,179.89999999999998
27375,10889,120,4,29.69,118.76
27376,10889,109,1,19.84,19.84
27377,10889,14,5,74.52,372.59999999999997
27378,10890,87,4,30.6,122.4
27379,10891,98,3,59.67,179.01
27380,10892,27,3,49.18,147.54
27381,10893,60,1,28.93,28.93
27382,10893,7,3,13.73,41.19
27383,10893,81,1,79.33,79.33
27384,10893,72,4,32.51,130.04
27385,10894,22,5,62.34,311.70000000000005
27386,10894,22,3,59.31,177.93
27387,10894,27,4,52.31,209.24
27388,10895,76,3,12.76,38.28
27389,10896,67,1,26.59,26.59
27390,10896,62,3,12.42,37.26
27391,10896,31,4,26.17,104.68
27392,10897,95,5,101.59,507.95000000000005
27393,10897,72,1,32.77,32.77
27394,10897,37,4,10.53,42.12
27395,10897,11,2,28.77,57.54
27396,10898,103,1,13.31,13.31
27397,10898,94,1,26.51,26.51
27398,10898,37,3,10.54,31.619999999999997
27399,10898,33,5,99.35,496.75
27400,10899,117,5,59.86,299.3
27401,10899,89,2,17.94,35.88
27402,10899,18,5,16.8,84.0
27403,10899,20,1,35.38,35.38
27404,10900,64,4,46.54,186.16
27405,10901,96,5,77.6,388.0
27406,10902,7,3,13.19,39.57
27407,10902,2,3,44.66,133.98
27408,10902,73,2,9.61,19.22
27409,10902,21,4,62.69,250.76
27410,10903,67,4,27.41,109.64
27411,10903,41,5,51.77,258.85
27412,10903,102,3,18.83,56.489999999999995
27413,10903,94,2,28.09,56.18
27414,10904,17,4,51.36,205.44
27415,10905,4,3,29.8,89.4
27416,10905,52,4,46.87,187.48
27417,10905,89,1,17.26,17.26
27418,10906,59,3,20.41,61.230000000000004
27419,10906,29,5,10.93,54.65
27420,10906,6,1,73.16,73.16
27421,10907,120,2,30.68,61.36
27422,10907,107,3,71.76,215.28000000000003
27423,10907,35,3,60.52,181.56
27424,10907,59,3,19.03,57.09
27425,10908,18,4,18.19,72.76
27426,10909,47,4,24.37,97.48
27427,10909,82,5,18.75,93.75
27428,10910,76,4,13.81,55.24
27429,10910,34,2,43.82,87.64
27430,10910,43,4,41.01,164.04
27431,10911,65,1,15.92,15.92
27432,10911,64,5,42.53,212.65
27433,10911,93,3,24.52,73.56
27434,10911,59,3,21.04,63.12
27435,10912,96,1,73.06,73.06
27436,10912,32,1,22.26,22.26
27437,10912,27,2,50.55,101.1
27438,10912,115,1,37.98,37.98
27439,10913,26,3,20.74,62.22
27440,10913,99,5,19.72,98.6
27441,10914,33,3,104.94,314.82
27442,10914,13,4,42.14,168.56
27443,10915,48,3,54.33,162.99
27444,10916,12,3,36.34,109.02000000000001
27445,10916,90,4,18.15,72.6
27446,10917,120,5,29.44,147.20000000000002
27447,10917,66,2,96.71,193.42
27448,10917,118,5,22.46,112.30000000000001
27449,10917,106,3,49.59,148.77
27450,10918,115,2,38.53,77.06
27451,10919,84,2,45.08,90.16
27452,10919,41,1,52.19,52.19
27453,10919,74,4,63.05,252.2
27454,10919,32,1,21.39,21.39
27455,10920,63,3,48.89,146.67000000000002
27456,10920,92,1,7.99,7.99
27457,10921,50,2,39.62,79.24
27458,10922,58,3,57.65,172.95
27459,10922,42,3,26.76,80.28
27460,10922,9,4,35.19,140.76
27461,10923,21,2,63.66,127.32
27462,10923,20,2,35.11,70.22
27463,10924,33,2,109.25,218.5
27464,10924,8,3,20.08,60.239999999999995
27465,10924,109,3,19.18,57.54
27466,10925,95,1,105.05,105.05
27467,10925,100,5,40.96,204.8
27468,10925,66,2,97.54,195.08
27469,10925,1,4,16.83,67.32
27470,10926,20,4,34.17,136.68
27471,10927,27,4,50.64,202.56
27472,10927,89,5,18.82,94.1
27473,10927,97,1,48.67,48.67
27474,10928,82,2,19.05,38.1
27475,10928,71,2,17.67,35.34
27476,10929,44,5,16.79,83.94999999999999
27477,10929,9,1,32.84,32.84
27478,10930,29,2,11.42,22.84
27479,10930,97,3,47.29,141.87
27480,10931,74,1,58.13,58.13
27481,10932,91,1,29.04,29.04
27482,10932,110,5,68.8,344.0
27483,10932,34,1,45.57,45.57
27484,10933,73,1,9.96,9.96
27485,10933,90,2,18.22,36.44
27486,10934,92,2,7.97,15.94
27487,10934,107,4,66.56,266.24
27488,10934,112,2,63.65,127.3
27489,10934,78,3,16.06,48.17999999999999
27490,10935,102,3,19.18,57.54
27491,10935,90,1,18.7,18.7
27492,10936,37,2,10.65,21.3
27493,10936,6,3,73.24,219.71999999999997
27494,10936,110,2,69.62,139.24
27495,10937,68,3,26.34,79.02
27496,10937,66,3,94.9,284.70000000000005
27497,10937,91,5,29.4,147.0
27498,10938,16,3,34.01,102.03
27499,10939,56,1,24.09,24.09
27500,10939,89,4,18.82,75.28
27501,10940,49,4,22.49,89.96
27502,10940,83,2,36.67,73.34
27503,10940,68,4,25.51,102.04
27504,10941,44,1,16.6,16.6
27505,10941,81,5,81.24,406.2
27506,10941,55,1,33.57,33.57
27507,10942,98,5,62.35,311.75
27508,10943,8,2,20.03,40.06
27509,10944,98,3,58.05,174.14999999999998
27510,10944,92,2,8.09,16.18
27511,10944,85,4,72.59,290.36
27512,10944,32,4,21.16,84.64
27513,10945,119,2,41.24,82.48
27514,10945,79,4,20.92,83.68
27515,10945,65,5,15.43,77.15
27516,10945,29,3,11.26,33.78
27517,10946,54,4,59.98,239.92
27518,10946,54,5,63.2,316.0
27519,10947,40,1,19.46,19.46
27520,10948,38,2,109.47,218.94
27521,10948,15,1,18.12,18.12
27522,10949,87,3,31.14,93.42
27523,10949,27,5,48.9,244.5
27524,10949,57,5,71.67,358.35
27525,10950,37,3,10.34,31.02
27526,10950,118,5,23.53,117.65
27527,10950,61,4,48.82,195.28
27528,10951,35,4,62.35,249.4
27529,10951,120,5,31.11,155.55
27530,10951,100,5,39.44,197.2
27531,10951,94,1,26.21,26.21
27532,10952,18,3,17.58,52.739999999999995
27533,10952,107,1,69.17,69.17
27534,10952,21,1,63.21,63.21
27535,10953,22,5,58.97,294.85
27536,10953,44,4,17.42,69.68
27537,10953,3,4,30.5,122.0
27538,10953,4,5,28.63,143.15
27539,10954,1,4,17.41,69.64
27540,10955,38,3,110.62,331.86
27541,10956,61,2,50.19,100.38
27542,10956,13,2,42.27,84.54
27543,10957,15,2,18.36,36.72
27544,10957,63,2,46.87,93.74
27545,10957,23,1,68.97,68.97
27546,10957,59,1,19.51,19.51
27547,10958,22,2,58.52,117.04
27548,10958,88,3,36.77,110.31
27549,10958,86,1,36.71,36.71
27550,10958,112,2,59.39,118.78
27551,10959,115,5,37.94,189.7
27552,10960,88,3,37.12,111.35999999999999
27553,10961,15,5,18.26,91.30000000000001
27554,10962,66,1,96.47,96.47
27555,10962,13,4,42.23,168.92
27556,10962,82,1,18.26,18.26
27557,10962,40,1,20.64,20.64
27558,10963,59,1,19.84,19.84
27559,10963,77,3,21.85,65.55000000000001
27560,10963,49,1,23.45,23.45
27561,10963,45,2,43.52,87.04
27562,10964,54,4,57.32,229.28
27563,10964,34,1,46.26,46.26
27564,10964,28,5,23.12,115.60000000000001
27565,10964,14,1,73.22,73.22
27566,10965,8,5,21.59,107.95
27567,10966,55,4,35.51,142.04
27568,10966,78,5,17.64,88.2
27569,10966,5,2,89.71,179.42
27570,10967,58,1,59.14,59.14
27571,10967,76,3,13.66,40.980000000000004
27572,10968,103,5,13.4,67.0
27573,10968,99,4,19.22,76.88
27574,10968,66,4,91.4,365.6
27575,10968,117,3,56.33,168.99
27576,10969,107,2,69.85,139.7
27577,10969,39,1,8.15,8.15
27578,10969,54,1,58.33,58.33
27579,10969,100,5,40.99,204.95000000000002
27580,10970,86,5,36.36,181.8
27581,10970,61,4,49.86,199.44
27582,10970,60,3,30.62,91.86
27583,10970,33,1,100.28,100.28
27584,10971,63,5,49.54,247.7
27585,10972,12,4,36.76,147.04
27586,10972,97,1,48.14,48.14
27587,10973,54,3,59.23,177.69
27588,10973,48,2,50.08,100.16
27589,10973,105,4,14.39,57.56
27590,10973,120,4,28.57,114.28
27591,10974,114,4,33.9,135.6
27592,10974,103,4,13.67,54.68
27593,10974,56,2,23.4,46.8
27594,10975,92,3,8.52,25.56
27595,10975,93,4,24.29,97.16
27596,10975,79,2,21.42,42.84
27597,10976,26,3,20.7,62.099999999999994
27598,10977,30,5,18.74,93.69999999999999
27599,10977,90,4,19.76,79.04
27600,10978,2,2,44.3,88.6
27601,10978,3,2,30.08,60.16
27602,10978,83,4,37.08,148.32
27603,10978,51,1,106.81,106.81
27604,10979,110,4,67.06,268.24
27605,10979,93,1,23.43,23.43
27606,10980,31,4,24.91,99.64
27607,10980,44,4,16.69,66.76
27608,10980,31,4,24.62,98.48
27609,10980,13,2,39.83,79.66
27610,10981,36,3,21.93,65.78999999999999
27611,10981,117,3,58.11,174.32999999999998
27612,10982,120,5,29.76,148.8
27613,10982,36,5,21.15,105.75
27614,10982,63,1,48.7,48.7
27615,10982,6,5,72.51,362.55
27616,10983,22,4,57.87,231.48
27617,10983,49,5,23.02,115.1
27618,10983,53,2,44.2,88.4
27619,10983,84,5,47.04,235.2
27620,10984,42,1,27.94,27.94
27621,10984,47,3,23.94,71.82000000000001
27622,10984,92,3,7.93,23.79
27623,10985,109,2,19.5,39.0
27624,10985,80,2,10.8,21.6
27625,10985,26,1,20.27,20.27
27626,10985,54,4,62.32,249.28
27627,10986,70,2,73.04,146.08
27628,10987,33,1,106.52,106.52
27629,10987,13,2,39.7,79.4
27630,10988,101,4,58.36,233.44
27631,10989,15,3,18.46,55.38
27632,10989,14,2,76.79,153.58
27633,10989,24,4,42.62,170.48
27634,10990,1,2,16.97,33.94
27635,10990,27,5,51.0,255.0
27636,10991,13,1,41.99,41.99
27637,10991,80,2,10.7,21.4
27638,10991,108,3,18.37,55.11
27639,10992,102,5,19.5,97.5
27640,10992,69,1,63.69,63.69
27641,10992,104,5,45.8,229.0
27642,10992,49,2,22.81,45.62
27643,10993,76,4,13.28,53.12
27644,10993,40,1,19.05,19.05
27645,10993,49,1,23.51,23.51
27646,10994,15,5,18.35,91.75
27647,10994,32,4,22.28,89.12
27648,10994,12,1,37.51,37.51
27649,10995,36,3,20.1,60.300000000000004
27650,10996,84,4,46.15,184.6
27651,10996,55,4,33.36,133.44
27652,10996,105,2,14.09,28.18
27653,10997,76,3,13.07,39.21
27654,10997,118,1,23.03,23.03
27655,10998,67,5,26.84,134.2
27656,10998,81,2,78.84,157.68
27657,10998,92,1,8.5,8.5
27658,10998,23,4,68.5,274.0
27659,10999,16,1,33.85,33.85
27660,10999,56,1,23.46,23.46
27661,11000,14,4,75.13,300.52
27662,11000,116,1,91.47,91.47
27663,11000,119,5,41.59,207.95000000000002
27664,11001,23,5,69.12,345.6
27665,11001,38,2,111.99,223.98
27666,11001,28,1,23.59,23.59
27667,11002,117,1,58.86,58.86
27668,11002,98,3,59.83,179.49
27669,11003,35,4,63.66,254.64
27670,11004,90,2,18.39,36.78
27671,11004,8,4,20.54,82.16
27672,11005,19,3,37.5,112.5
27673,11005,61,3,50.21,150.63
27674,11005,39,1,8.59,8.59
27675,11006,24,2,43.42,86.84
27676,11006,62,2,11.68,23.36
27677,11006,108,3,19.03,57.09
27678,11006,63,2,47.29,94.58
27679,11007,52,2,47.05,94.1
27680,11007,14,1,74.69,74.69
27681,11007,53,2,42.76,85.52
27682,11007,103,5,13.08,65.4
27683,11008,47,3,23.67,71.01
27684,11008,103,5,13.21,66.05000000000001
27685,11009,14,1,75.69,75.69
27686,11010,76,3,12.57,37.71
27687,11011,75,4,34.24,136.96
27688,11011,35,5,61.03,305.15
27689,11011,19,4,38.37,153.48
27690,11012,84,3,47.89,143.67000000000002
27691,11012,77,5,22.61,113.05
27692,11013,48,2,53.67,107.34
27693,11014,49,5,21.85,109.25
27694,11015,110,5,65.91,329.54999999999995
27695,11015,103,2,13.8,27.6
27696,11015,47,5,24.35,121.75
27697,11016,63,2,45.53,91.06
27698,11016,50,5,43.22,216.1
27699,11017,107,3,70.16,210.48
27700,11018,58,2,55.62,111.24
27701,11018,4,4,28.48,113.92
27702,11019,13,2,43.22,86.44
27703,11019,88,1,38.13,38.13
27704,11019,5,5,87.55,437.75
27705,11019,68,5,25.28,126.4
27706,11020,67,1,26.75,26.75
27707,11020,21,4,66.61,266.44
27708,11020,80,1,10.55,10.55
27709,11020,13,5,42.03,210.15
27710,11021,111,2,39.14,78.28
27711,11021,89,4,18.6,74.4
27712,11022,20,1,33.85,33.85
27713,11022,46,5,13.25,66.25
27714,11022,108,2,18.54,37.08
27715,11022,10,5,74.69,373.45
27716,11023,34,5,45.03,225.15
27717,11023,84,3,49.25,147.75
27718,11023,61,1,47.82,47.82
27719,11023,35,4,62.03,248.12
27720,11024,20,1,34.09,34.09
27721,11024,37,5,9.84,49.2
27722,11025,55,2,33.59,67.18
27723,11026,10,5,73.26,366.3
27724,11027,73,1,9.51,9.51
27725,11027,51,5,105.66,528.3
27726,11027,32,1,22.42,22.42
27727,11027,110,4,69.52,278.08
27728,11028,102,2,19.42,38.84
27729,11029,104,4,42.89,171.56
27730,11029,113,2,29.58,59.16
27731,11030,40,3,19.67,59.010000000000005
27732,11030,43,3,41.58,124.74
27733,11030,37,1,10.22,10.22
27734,11030,29,4,11.74,46.96
27735,11031,104,3,46.17,138.51
27736,11032,41,3,53.93,161.79
27737,11032,89,1,17.37,17.37
27738,11033,117,1,60.96,60.96
27739,11033,25,1,68.94,68.94
27740,11033,38,4,118.86,475.44
27741,11033,108,1,19.46,19.46
27742,11034,49,1,23.74,23.74
27743,11034,110,3,67.34,202.02
27744,11034,70,4,73.23,292.92
27745,11034,41,1,53.25,53.25
27746,11035,55,3,34.13,102.39000000000001
27747,11035,108,5,19.3,96.5
27748,11036,6,5,69.2,346.0
27749,11037,80,5,10.57,52.85
27750,11037,103,5,13.82,69.1
27751,11037,106,4,52.03,208.12
27752,11038,66,4,96.12,384.48
27753,11038,47,3,23.08,69.24
27754,11039,118,4,23.76,95.04
27755,11039,48,5,51.86,259.3
27756,11039,48,1,52.26,52.26
27757,11040,61,2,47.33,94.66
27758,11040,59,3,19.87,59.61
27759,11040,32,4,21.77,87.08
27760,11041,48,5,53.28,266.4
27761,11041,65,4,14.43,57.72
27762,11042,15,2,18.42,36.84
27763,11042,62,4,12.38,49.52
27764,11043,88,1,38.03,38.03
27765,11044,23,5,70.17,350.85
27766,11044,29,2,11.53,23.06
27767,11044,108,2,18.41,36.82
27768,11045,109,2,20.65,41.3
27769,11045,13,5,42.32,211.6
27770,11045,6,5,72.13,360.65
27771,11045,106,1,51.13,51.13
27772,11046,118,4,22.72,90.88
27773,11046,65,3,15.1,45.3
27774,11046,103,1,12.82,12.82
27775,11046,58,1,61.58,61.58
27776,11047,37,2,10.2,20.4
27777,11047,104,2,46.07,92.14
27778,11047,59,5,19.83,99.14999999999999
27779,11048,55,3,34.34,103.02000000000001
27780,11048,71,4,18.46,73.84
27781,11048,37,4,10.51,42.04
27782,11049,34,2,47.6,95.2
27783,11049,19,3,40.21,120.63
27784,11049,12,4,39.17,156.68
27785,11049,83,5,34.7,173.5
27786,11050,55,3,33.93,101.78999999999999
27787,11051,100,3,39.37,118.10999999999999
27788,11051,70,2,70.19,140.38
27789,11051,62,1,12.26,12.26
27790,11051,117,2,60.19,120.38
27791,11052,34,1,43.81,43.81
27792,11053,102,4,19.75,79.0
27793,11053,113,5,30.81,154.04999999999998
27794,11053,70,3,71.36,214.07999999999998
27795,11053,78,5,17.38,86.89999999999999
27796,11054,103,2,13.09,26.18
27797,11055,66,4,93.07,372.28
27798,11055,54,1,57.34,57.34
27799,11055,96,4,71.5,286.0
27800,11056,107,2,66.43,132.86
27801,11057,41,4,51.49,205.96
27802,11058,56,1,23.85,23.85
27803,11058,89,4,17.9,71.6
27804,11058,82,4,18.2,72.8
27805,11059,43,5,38.31,191.55
27806,11059,87,1,30.37,30.37
27807,11059,31,3,26.81,80.42999999999999
27808,11059,17,3,52.05,156.14999999999998
27809,11060,28,4,23.19,92.76
27810,11061,118,1,23.34,23.34
27811,11061,107,4,71.48,285.92
27812,11061,16,1,34.12,34.12
27813,11061,97,2,46.33,92.66
27814,11062,45,2,44.65,89.3
27815,11062,25,3,67.67,203.01
27816,11062,34,3,46.76,140.28
27817,11062,9,2,33.81,67.62
27818,11063,25,5,65.74,328.7
27819,11063,19,5,39.4,197.0
27820,11063,20,5,33.69,168.45
27821,11064,37,1,10.2,10.2
27822,11064,109,3,20.68,62.04
27823,11065,74,2,58.44,116.88
27824,11065,23,5,67.13,335.65
27825,11065,80,4,10.74,42.96
27826,11065,112,5,61.43,307.15
27827,11066,14,2,74.0,148.0
27828,11066,30,1,19.58,19.58
27829,11066,55,4,33.94,135.76
27830,11067,18,3,17.74,53.22
27831,11068,63,4,48.22,192.88
27832,11068,75,2,34.38,68.76
27833,11068,32,3,21.73,65.19
27834,11068,31,1,27.09,27.09
27835,11069,88,3,39.23,117.69
27836,11069,67,4,28.82,115.28
27837,11070,72,4,32.59,130.36
27838,11070,8,3,21.18,63.54
27839,11071,88,1,37.63,37.63
27840,11072,68,3,26.0,78.0
27841,11072,84,4,49.88,199.52
27842,11073,40,1,20.18,20.18
27843,11073,108,3,18.71,56.13
27844,11073,2,5,44.34,221.70000000000002
27845,11074,81,5,84.86,424.3
27846,11074,8,1,21.32,21.32
27847,11074,97,4,47.99,191.96
27848,11074,100,2,39.56,79.12
27849,11075,62,3,12.36,37.08
27850,11075,67,4,29.24,116.96
27851,11076,29,4,10.78,43.12
27852,11076,2,2,41.86,83.72
27853,11076,11,1,27.88,27.88
27854,11077,28,5,22.37,111.85000000000001
27855,11078,59,2,20.65,41.3
27856,11079,23,3,68.97,206.91
27857,11079,96,3,77.41,232.23
27858,11079,85,1,72.44,72.44
27859,11080,71,4,17.42,69.68
27860,11081,80,5,10.77,53.849999999999994
27861,11081,4,1,28.0,28.0
27862,11082,32,4,21.5,86.0
27863,11083,29,4,11.13,44.52
27864,11083,3,2,30.15,60.3
27865,11084,53,2,44.52,89.04
27866,11084,47,3,23.46,70.38
27867,11085,49,1,22.6,22.6
27868,11085,81,3,83.84,251.52
27869,11086,84,2,45.18,90.36
27870,11086,40,3,20.01,60.03
27871,11087,22,1,60.9,60.9
27872,11088,46,5,13.41,67.05
27873,11088,45,3,46.69,140.07
27874,11088,11,3,28.63,85.89
27875,11088,65,3,14.98,44.94
27876,11089,46,2,14.22,28.44
27877,11089,119,2,39.73,79.46
27878,11090,17,1,48.47,48.47
27879,11090,112,5,62.67,313.35
27880,11090,42,4,26.66,106.64
27881,11090,46,4,14.32,57.28
27882,11091,31,4,25.84,103.36
27883,11092,41,3,54.03,162.09
27884,11093,6,4,71.72,286.88
27885,11093,114,5,31.52,157.6
27886,11094,41,1,54.83,54.83
27887,11095,104,2,42.29,84.58
27888,11095,93,1,24.21,24.21
27889,11096,86,4,39.04,156.16
27890,11096,47,2,24.33,48.66
27891,11096,75,3,33.87,101.60999999999999
27892,11096,43,1,39.01,39.01
27893,11097,88,5,36.62,183.1
27894,11097,100,5,37.95,189.75
27895,11097,86,3,38.0,114.0
27896,11097,49,3,21.62,64.86
27897,11098,101,1,54.84,54.84
27898,11098,2,5,43.93,219.65
27899,11099,87,2,31.76,63.52
27900,11100,101,2,57.44,114.88
27901,11100,79,2,21.27,42.54
27902,11101,58,3,56.6,169.8
27903,11101,113,2,31.89,63.78
27904,11102,5,4,88.05,352.2
27905,11103,113,4,31.8,127.2
27906,11103,33,2,102.77,205.54
27907,11103,51,4,104.23,416.92
27908,11103,33,5,108.62,543.1
27909,11104,120,1,28.57,28.57
27910,11104,46,1,13.88,13.88
27911,11104,48,1,53.27,53.27
27912,11105,74,5,58.24,291.2
27913,11105,30,1,18.97,18.97
27914,11106,41,5,52.57,262.85
27915,11106,25,3,70.1,210.29999999999998
27916,11107,87,2,31.08,62.16
27917,11107,15,3,19.02,57.06
27918,11108,80,5,10.7,53.5
27919,11108,44,3,16.8,50.400000000000006
27920,11109,13,1,39.87,39.87
27921,11109,117,5,61.13,305.65000000000003
27922,11109,42,4,26.08,104.32
27923,11109,39,3,8.23,24.69
27924,11110,10,2,76.31,152.62
27925,11110,111,4,39.45,157.8
27926,11110,109,5,19.92,99.60000000000001
27927,11111,13,5,41.73,208.64999999999998
27928,11112,35,2,63.38,126.76
27929,11113,18,4,16.99,67.96
27930,11113,85,3,71.83,215.49
27931,11113,20,4,36.37,145.48
27932,11113,48,1,53.17,53.17
27933,11114,66,4,97.04,388.16
27934,11114,115,3,36.7,110.10000000000001
27935,11115,120,3,28.46,85.38
27936,11115,51,2,105.04,210.08
27937,11116,25,5,65.97,329.85
27938,11116,69,5,59.76,298.8
27939,11116,41,4,53.53,214.12
27940,11116,54,4,58.69,234.76
27941,11117,103,5,13.35,66.75
27942,11117,51,4,101.46,405.84
27943,11117,64,3,45.9,137.7
27944,11117,67,2,28.51,57.02
27945,11118,42,2,26.94,53.88
27946,11118,108,4,18.46,73.84
27947,11118,51,5,102.8,514.0
27948,11119,72,2,33.31,66.62
27949,11119,89,1,17.35,17.35
27950,11119,99,3,19.42,58.260000000000005
27951,11119,44,5,17.82,89.1
27952,11120,5,3,90.77,272.31
27953,11120,80,5,9.92,49.6
27954,11120,13,2,39.92,79.84
27955,11121,97,2,45.0,90.0
27956,11121,120,3,28.93,86.78999999999999
27957,11121,7,5,13.63,68.15
27958,11121,3,5,29.96,149.8
27959,11122,90,5,19.48,97.4
27960,11122,85,3,72.35,217.04999999999998
27961,11123,114,2,33.7,67.4
27962,11124,16,4,35.71,142.84
27963,11125,10,5,73.46,367.29999999999995
27964,11125,45,3,45.82,137.46
27965,11125,10,4,75.29,301.16
27966,11126,109,1,19.66,19.66
27967,11126,74,2,62.58,125.16
27968,11126,81,4,84.6,338.4
27969,11126,82,3,18.18,54.54
27970,11127,63,5,49.36,246.8
27971,11127,56,5,24.52,122.6
27972,11128,27,5,53.31,266.55
27973,11128,113,4,30.18,120.72
27974,11128,67,5,26.44,132.20000000000002
27975,11129,16,4,33.37,133.48
27976,11129,21,3,62.99,188.97
27977,11129,15,4,18.59,74.36
27978,11130,108,3,19.01,57.03
27979,11130,2,4,44.86,179.44
27980,11130,112,3,61.31,183.93
27981,11130,99,2,19.55,39.1
27982,11131,17,3,50.8,152.39999999999998
27983,11131,11,5,26.16,130.8
27984,11131,112,3,65.49,196.46999999999997
27985,11131,73,3,9.54,28.619999999999997
27986,11132,111,4,38.34,153.36
27987,11132,112,5,64.25,321.25
27988,11132,2,5,42.88,214.4
27989,11133,7,3,13.73,41.19
27990,11133,96,2,77.69,155.38
27991,11134,15,1,19.6,19.6
27992,11134,100,3,40.63,121.89000000000001
27993,11135,105,1,14.24,14.24
27994,11135,59,5,20.51,102.55000000000001
27995,11136,34,4,45.64,182.56
27996,11136,119,3,41.67,125.01
27997,11136,51,3,107.47,322.40999999999997
27998,11136,29,5,11.54,57.699999999999996
27999,11137,70,5,72.18,360.90000000000003
28000,11137,41,5,52.19,260.95
28001,11137,86,5,35.55,177.75
28002,11138,119,4,41.54,166.16
28003,11139,23,2,67.5,135.0
28004,11139,30,5,18.68,93.4
28005,11140,105,5,13.98,69.9
28006,11140,101,4,55.4,221.6
28007,11141,93,5,24.52,122.6
28008,11141,18,4,17.75,71.0
28009,11141,11,1,26.02,26.02
28010,11142,36,5,22.0,110.0
28011,11142,13,2,43.11,86.22
28012,11142,58,3,59.93,179.79
28013,11142,85,4,71.76,287.04
28014,11143,87,5,29.64,148.2
28015,11144,57,1,69.3,69.3
28016,11144,45,1,45.08,45.08
28017,11144,55,2,35.75,71.5
28018,11145,86,3,38.32,114.96000000000001
28019,11145,27,3,49.61,148.82999999999998
28020,11145,1,1,16.87,16.87
28021,11146,86,5,38.88,194.4
28022,11147,77,5,21.32,106.6
28023,11148,14,5,74.16,370.79999999999995
28024,11149,73,2,9.98,19.96
28025,11149,45,1,46.31,46.31
28026,11149,110,4,66.88,267.52
28027,11149,87,4,32.24,128.96
28028,11150,58,1,57.67,57.67
28029,11151,118,1,22.26,22.26
28030,11152,85,3,66.6,199.79999999999998
28031,11152,26,5,19.53,97.65
28032,11153,75,1,35.92,35.92
28033,11153,77,4,20.89,83.56
28034,11153,97,5,44.91,224.54999999999998
28035,11154,8,1,20.65,20.65
28036,11154,109,5,20.22,101.1
28037,11155,33,5,101.78,508.9
28038,11155,62,3,11.52,34.56
28039,11155,12,1,39.26,39.26
28040,11156,20,4,34.86,139.44
28041,11156,100,1,37.94,37.94
28042,11157,90,2,18.64,37.28
28043,11157,51,1,103.75,103.75
28044,11158,10,2,74.55,149.1
28045,11158,107,2,70.78,141.56
28046,11158,21,3,66.66,199.98
28047,11159,5,1,85.81,85.81
28048,11159,29,1,11.2,11.2
28049,11159,84,5,47.85,239.25
28050,11160,36,5,21.68,108.4
28051,11160,62,3,11.83,35.49
28052,11160,15,2,18.11,36.22
28053,11161,84,4,49.23,196.92
28054,11161,117,4,60.7,242.8
28055,11161,117,2,59.75,119.5
28056,11161,109,2,20.43,40.86
28057,11162,117,2,60.94,121.88
28058,11162,102,1,18.92,18.92
28059,11163,100,3,39.54,118.62
28060,11164,91,5,31.84,159.2
28061,11165,26,4,19.18,76.72
28062,11165,22,3,61.02,183.06
28063,11165,92,4,8.6,34.4
28064,11166,34,5,43.99,219.95000000000002
28065,11166,115,3,38.55,115.64999999999999
28066,11167,81,4,78.9,315.6
28067,11167,42,1,27.33,27.33
28068,11168,64,4,44.84,179.36
28069,11168,42,3,26.71,80.13
28070,11168,28,1,24.52,24.52
28071,11169,58,4,58.15,232.6
28072,11169,72,2,32.73,65.46
28073,11169,84,1,47.66,47.66
28074,11170,42,2,27.69,55.38
28075,11170,30,4,20.15,80.6
28076,11170,19,1,40.97,40.97
28077,11170,19,5,40.56,202.8
28078,11171,70,1,69.51,69.51
28079,11171,35,2,59.35,118.7
28080,11171,74,1,62.76,62.76
28081,11171,78,2,16.32,32.64
28082,11172,100,1,37.15,37.15
28083,11172,6,3,73.15,219.45000000000002
28084,11172,108,5,19.47,97.35
28085,11173,112,4,63.49,253.96
28086,11173,55,5,34.82,174.1
28087,11173,67,3,28.82,86.46000000000001
28088,11174,111,1,38.24,38.24
28089,11174,13,1,42.63,42.63
28090,11174,116,2,96.17,192.34
28091,11174,87,4,31.97,127.88
28092,11175,86,1,37.77,37.77
28093,11176,35,3,58.17,174.51
28094,11176,120,5,28.7,143.5
28095,11176,92,4,8.08,32.32
28096,11176,114,3,32.44,97.32
28097,11177,106,2,48.32,96.64
28098,11177,81,2,79.06,158.12
28099,11178,61,5,46.38,231.9
28100,11179,46,3,14.14,42.42
28101,11179,23,1,72.03,72.03
28102,11179,5,2,93.25,186.5
28103,11180,57,5,65.5,327.5
28104,11180,72,2,33.56,67.12
28105,11180,69,1,58.88,58.88
28106,11180,57,4,68.11,272.44
28107,11181,44,2,16.24,32.48
28108,11182,49,3,23.41,70.23
28109,11183,93,1,22.68,22.68
28110,11183,112,3,62.9,188.7
28111,11183,33,5,99.49,497.45
28112,11184,78,1,16.08,16.08
28113,11184,101,4,58.92,235.68
28114,11184,49,1,23.76,23.76
28115,11185,53,3,42.37,127.10999999999999
28116,11185,67,5,29.18,145.9
28117,11185,71,5,17.23,86.15
28118,11186,111,2,36.29,72.58
28119,11186,7,1,13.13,13.13
28120,11186,99,2,19.02,38.04
28121,11186,26,2,19.46,38.92
28122,11187,44,2,17.04,34.08
28123,11187,53,1,41.8,41.8
28124,11187,61,3,50.07,150.21
28125,11187,89,3,17.21,51.63
28126,11188,21,1,62.23,62.23
28127,11188,117,1,57.16,57.16
28128,11188,101,1,54.63,54.63
28129,11188,9,2,33.14,66.28
28130,11189,68,3,25.58,76.74
28131,11190,113,1,29.52,29.52
28132,11190,5,5,87.4,437.0
28133,11191,37,3,9.91,29.73
28134,11191,56,4,22.11,88.44
28135,11191,118,2,21.84,43.68
28136,11192,67,2,28.37,56.74
28137,11192,6,1,75.02,75.02
28138,11192,77,3,21.22,63.66
28139,11192,62,4,12.33,49.32
28140,11193,71,1,17.8,17.8
28141,11193,94,1,26.3,26.3
28142,11194,12,1,39.15,39.15
28143,11194,43,2,41.05,82.1
28144,11194,16,1,34.83,34.83
28145,11195,117,3,59.45,178.35000000000002
28146,11196,112,2,62.07,124.14
28147,11196,111,5,36.79,183.95
28148,11196,32,5,22.73,113.65
28149,11196,40,5,20.4,102.0
28150,11197,56,3,23.98,71.94
28151,11197,1,5,17.95,89.75
28152,11197,104,3,46.28,138.84
28153,11198,22,4,62.78,251.12
28154,11199,83,5,37.46,187.3
28155,11199,4,2,28.77,57.54
28156,11199,17,3,50.91,152.73
28157,11200,82,3,19.22,57.66
28158,11200,8,5,20.13,100.64999999999999
28159,11201,17,4,47.69,190.76
28160,11201,25,1,69.22,69.22
28161,11202,58,1,58.86,58.86
28162,11202,26,1,19.29,19.29
28163,11203,23,5,69.65,348.25
28164,11203,23,4,68.71,274.84
28165,11203,105,5,14.76,73.8
28166,11203,98,3,62.57,187.71
28167,11204,36,3,20.29,60.87
28168,11204,78,1,16.82,16.82
28169,11204,84,3,45.68,137.04
28170,11204,30,4,18.27,73.08
28171,11205,71,4,17.14,68.56
28172,11206,8,2,20.68,41.36
28173,11206,46,5,14.17,70.85
28174,11207,72,1,32.3,32.3
28175,11207,92,2,8.52,17.04
28176,11208,45,4,45.57,182.28
28177,11208,14,1,74.56,74.56
28178,11208,86,3,36.1,108.30000000000001
28179,11208,86,4,36.15,144.6
28180,11209,13,2,41.77,83.54
28181,11209,22,2,59.09,118.18
28182,11210,34,3,46.6,139.8
28183,11210,10,2,76.75,153.5
28184,11210,95,5,107.41,537.05
28185,11211,117,3,60.51,181.53
28186,11212,102,1,18.76,18.76
28187,11212,21,4,64.58,258.32
28188,11212,33,3,105.87,317.61
28189,11212,32,1,23.08,23.08
28190,11213,56,1,23.55,23.55
28191,11213,2,3,45.09,135.27
28192,11214,27,5,49.43,247.15
28193,11214,82,3,17.61,52.83
28194,11215,80,2,10.45,20.9
28195,11215,92,2,8.24,16.48
28196,11215,51,4,106.41,425.64
28197,11216,3,1,29.44,29.44
28198,11216,118,3,22.59,67.77
28199,11216,63,2,49.56,99.12
28200,11217,110,1,66.2,66.2
28201,11217,102,1,19.8,19.8
28202,11217,15,3,19.21,57.63
28203,11218,95,1,108.62,108.62
28204,11218,78,5,16.68,83.4
28205,11218,97,3,47.2,141.60000000000002
28206,11218,85,3,69.14,207.42000000000002
28207,11219,9,5,35.52,177.60000000000002
28208,11219,13,4,39.64,158.56
28209,11220,34,2,45.59,91.18
28210,11220,25,5,64.99,324.95
28211,11220,63,5,48.96,244.8
28212,11221,120,1,28.19,28.19
28213,11221,62,2,11.98,23.96
28214,11222,41,5,52.65,263.25
28215,11223,91,4,29.72,118.88
28216,11223,59,5,19.22,96.1
28217,11224,111,3,38.5,115.5
28218,11224,52,1,46.15,46.15
28219,11224,87,5,30.72,153.6
28220,11225,10,2,79.17,158.34
28221,11226,58,4,58.89,235.56
28222,11226,52,3,47.69,143.07
28223,11226,71,3,17.3,51.900000000000006
28224,11227,93,5,23.77,118.85
28225,11227,1,2,16.91,33.82
28226,11227,37,5,10.15,50.75
28227,11228,55,5,34.92,174.60000000000002
28228,11228,78,1,16.49,16.49
28229,11228,14,5,71.81,359.05
28230,11229,85,4,70.79,283.16
28231,11229,88,2,39.79,79.58
28232,11229,65,3,14.59,43.769999999999996
28233,11229,94,1,26.36,26.36
28234,11230,62,5,11.87,59.349999999999994
28235,11230,120,5,28.3,141.5
28236,11231,7,5,12.93,64.65
28237,11231,56,4,23.14,92.56
28238,11231,87,5,31.75,158.75
28239,11231,11,1,26.04,26.04
28240,11232,81,5,80.4,402.0
28241,11232,17,2,49.2,98.4
28242,11232,73,5,10.25,51.25
28243,11233,109,4,21.23,84.92
28244,11234,30,4,20.07,80.28
28245,11234,24,5,44.09,220.45000000000002
28246,11235,74,1,58.49,58.49
28247,11235,44,1,16.45,16.45
28248,11236,96,1,78.4,78.4
28249,11237,17,1,48.74,48.74
28250,11237,95,1,107.88,107.88
28251,11237,99,1,18.17,18.17
28252,11238,90,3,18.36,55.08
28253,11238,37,5,10.36,51.8
28254,11238,87,1,31.18,31.18
28255,11238,45,5,44.39,221.95
28256,11239,52,1,47.17,47.17
28257,11239,90,4,18.8,75.2
28258,11239,112,3,65.55,196.64999999999998
28259,11239,72,3,33.37,100.10999999999999
28260,11240,118,2,22.39,44.78
28261,11240,72,3,31.62,94.86
28262,11240,101,2,58.69,117.38
28263,11241,7,4,12.77,51.08
28264,11242,24,4,47.16,188.64
28265,11242,27,5,49.88,249.4
28266,11242,39,3,8.25,24.75
28267,11242,34,4,46.27,185.08
28268,11243,84,1,47.86,47.86
28269,11244,120,4,28.36,113.44
28270,11244,21,3,63.29,189.87
28271,11245,27,5,52.55,262.75
28272,11245,112,4,62.7,250.8
28273,11245,45,1,47.64,47.64
28274,11245,84,4,49.0,196.0
28275,11246,24,4,46.99,187.96
28276,11246,108,3,19.43,58.29
28277,11246,57,5,68.27,341.34999999999997
28278,11246,105,3,14.75,44.25
28279,11247,1,1,17.22,17.22
28280,11248,66,1,97.14,97.14
28281,11248,97,2,46.19,92.38
28282,11248,18,2,16.54,33.08
28283,11249,106,2,49.89,99.78
28284,11249,94,3,26.15,78.44999999999999
28285,11249,59,5,19.96,99.80000000000001
28286,11249,110,2,67.06,134.12
28287,11250,102,3,18.33,54.989999999999995
28288,11250,22,4,62.54,250.16
28289,11251,1,4,17.69,70.76
28290,11251,29,4,11.94,47.76
28291,11251,53,4,43.53,174.12
28292,11252,83,4,35.97,143.88
28293,11252,21,3,65.76,197.28000000000003
28294,11253,36,2,20.11,40.22
28295,11253,47,1,24.26,24.26
28296,11254,64,1,46.39,46.39
28297,11254,51,1,107.91,107.91
28298,11254,52,1,49.53,49.53
28299,11255,82,2,17.89,35.78
28300,11256,81,3,76.58,229.74
28301,11256,97,5,48.6,243.0
28302,11256,115,3,38.11,114.33
28303,11256,114,5,31.91,159.55
28304,11257,103,3,13.53,40.589999999999996
28305,11257,36,2,20.75,41.5
28306,11257,82,3,18.72,56.16
28307,11257,83,2,38.08,76.16
28308,11258,82,4,18.81,75.24
28309,11259,101,3,56.55,169.64999999999998
28310,11260,94,1,27.44,27.44
28311,11260,49,4,23.27,93.08
28312,11260,27,3,48.58,145.74
28313,11261,68,1,26.95,26.95
28314,11261,72,4,34.25,137.0
28315,11262,83,1,35.0,35.0
28316,11262,7,3,13.37,40.11
28317,11262,10,4,71.97,287.88
28318,11263,88,4,38.42,153.68
28319,11264,75,4,35.83,143.32
28320,11264,88,4,37.36,149.44
28321,11264,66,3,90.29,270.87
28322,11264,99,3,18.31,54.92999999999999
28323,11265,38,2,117.27,234.54
28324,11266,64,4,44.32,177.28
28325,11267,120,3,28.98,86.94
28326,11267,118,4,23.67,94.68
28327,11267,10,4,79.14,316.56
28328,11268,16,4,34.97,139.88
28329,11268,115,2,35.66,71.32
28330,11269,70,4,69.72,278.88
28331,11270,77,1,21.42,21.42
28332,11270,2,4,41.48,165.92
28333,11270,8,3,21.97,65.91
28334,11270,84,3,45.45,136.35000000000002
28335,11271,22,4,59.02,236.08
28336,11271,94,4,26.12,104.48
28337,11271,94,1,26.14,26.14
28338,11272,115,3,35.83,107.49
28339,11272,24,2,45.06,90.12
28340,11273,46,3,14.12,42.36
28341,11273,6,2,70.63,141.26
28342,11273,65,3,15.7,47.099999999999994
28343,11274,66,5,94.56,472.8
28344,11275,13,2,43.28,86.56
28345,11275,120,5,29.69,148.45000000000002
28346,11276,70,5,72.33,361.65
28347,11277,46,3,13.53,40.589999999999996
28348,11277,96,4,76.87,307.48
28349,11277,54,2,58.45,116.9
28350,11278,88,5,36.69,183.45
28351,11278,93,4,23.88,95.52
28352,11279,99,4,19.15,76.6
28353,11280,72,5,33.03,165.15
28354,11280,36,4,21.69,86.76
28355,11281,33,4,106.54,426.16
28356,11281,119,5,40.85,204.25
28357,11281,66,1,94.62,94.62
28358,11281,67,2,28.63,57.26
28359,11282,56,3,22.64,67.92
28360,11282,68,1,25.47,25.47
28361,11282,2,1,42.52,42.52
28362,11282,74,3,60.94,182.82
28363,11283,13,1,42.94,42.94
28364,11284,67,5,26.57,132.85
28365,11285,73,4,9.47,37.88
28366,11285,114,3,31.4,94.19999999999999
28367,11285,18,4,16.61,66.44
28368,11286,106,2,51.49,102.98
28369,11286,93,3,24.47,73.41
28370,11286,92,4,8.47,33.88
28371,11287,59,3,20.08,60.239999999999995
28372,11287,102,3,19.67,59.010000000000005
28373,11287,11,2,28.46,56.92
28374,11287,59,5,19.72,98.6
28375,11288,115,5,35.62,178.1
28376,11288,72,2,31.98,63.96
28377,11288,101,2,57.98,115.96
28378,11288,69,2,63.76,127.52
28379,11289,77,2,21.81,43.62
28380,11289,86,3,35.82,107.46000000000001
28381,11289,90,5,19.45,97.25
28382,11289,53,5,43.86,219.3
28383,11290,80,3,10.17,30.509999999999998
28384,11291,41,3,56.1,168.3
28385,11292,2,1,42.0,42.0
28386,11293,13,2,40.21,80.42
28387,11293,75,4,34.67,138.68
28388,11294,71,3,18.79,56.37
28389,11294,30,4,19.95,79.8
28390,11294,54,4,61.2,244.8
28391,11295,114,5,32.28,161.4
28392,11295,98,3,58.53,175.59
28393,11295,50,4,43.01,172.04
28394,11295,66,1,89.43,89.43
28395,11296,85,5,66.1,330.5
28396,11296,86,3,37.17,111.51
28397,11296,18,4,17.52,70.08
28398,11297,34,3,46.33,138.99
28399,11297,57,4,69.47,277.88
28400,11297,109,3,20.17,60.510000000000005
28401,11297,13,5,40.94,204.7
28402,11298,87,1,29.91,29.91
28403,11298,49,2,22.05,44.1
28404,11299,49,2,22.15,44.3
28405,11299,68,1,24.88,24.88
28406,11299,24,3,43.51,130.53
28407,11300,76,1,12.63,12.63
28408,11301,60,2,31.33,62.66
28409,11302,48,1,52.47,52.47
28410,11302,18,3,16.96,50.88
28411,11302,20,3,35.97,107.91
28412,11302,25,4,70.57,282.28
28413,11303,80,1,10.73,10.73
28414,11303,47,1,24.89,24.89
28415,11304,2,4,42.84,171.36
28416,11304,105,1,14.03,14.03
28417,11304,98,5,63.74,318.7
28418,11305,85,5,67.02,335.09999999999997
28419,11305,82,3,19.33,57.989999999999995
28420,11305,79,4,21.94,87.76
28421,11305,93,3,23.29,69.87
28422,11306,112,3,62.11,186.32999999999998
28423,11306,117,5,56.81,284.05
28424,11306,35,5,63.39,316.95
28425,11307,40,1,19.85,19.85
28426,11308,21,2,61.9,123.8
28427,11308,64,2,43.49,86.98
28428,11308,50,2,41.8,83.6
28429,11309,76,5,13.12,65.6
28430,11309,75,4,34.79,139.16
28431,11309,71,1,17.9,17.9
28432,11309,2,4,42.77,171.08
28433,11310,77,5,22.79,113.94999999999999
28434,11310,18,2,16.84,33.68
28435,11311,114,3,32.15,96.44999999999999
28436,11311,5,4,93.81,375.24
28437,11312,59,3,19.83,59.489999999999995
28438,11312,48,4,51.69,206.76
28439,11312,104,5,44.34,221.70000000000002
28440,11313,2,2,44.52,89.04
28441,11313,76,5,13.07,65.35
28442,11313,99,2,18.1,36.2
28443,11314,94,1,27.67,27.67
28444,11315,36,1,21.38,21.38
28445,11316,40,2,20.63,41.26
28446,11316,26,2,19.37,38.74
28447,11316,40,2,19.44,38.88
28448,11317,52,3,45.01,135.03
28449,11318,113,3,29.44,88.32000000000001
28450,11318,108,2,19.13,38.26
28451,11319,100,1,40.08,40.08
28452,11319,49,1,21.77,21.77
28453,11320,61,2,45.82,91.64
28454,11320,61,4,47.18,188.72
28455,11321,56,4,23.94,95.76
28456,11321,24,1,42.94,42.94
28457,11321,31,5,26.3,131.5
28458,11321,70,4,68.58,274.32
28459,11322,25,5,66.34,331.70000000000005
28460,11322,10,2,79.75,159.5
28461,11322,28,2,24.33,48.66
28462,11322,110,3,65.6,196.79999999999998
28463,11323,114,5,32.28,161.4
28464,11323,7,3,12.88,38.64
28465,11323,32,2,22.02,44.04
28466,11324,97,2,46.02,92.04
28467,11324,54,5,57.33,286.65
28468,11325,26,2,19.72,39.44
28469,11325,82,4,18.73,74.92
28470,11325,79,3,20.79,62.37
28471,11326,78,3,16.39,49.17
28472,11327,47,1,24.55,24.55
28473,11327,93,5,24.08,120.39999999999999
28474,11327,29,2,11.17,22.34
28475,11327,46,1,14.29,14.29
28476,11328,109,4,19.49,77.96
28477,11328,40,4,19.64,78.56
28478,11328,15,5,18.16,90.8
28479,11328,61,4,48.87,195.48
28480,11329,82,1,19.25,19.25
28481,11329,77,1,22.02,22.02
28482,11330,31,1,25.78,25.78
28483,11331,120,2,29.82,59.64
28484,11331,89,4,18.39,73.56
28485,11331,71,3,17.84,53.519999999999996
28486,11331,89,2,18.55,37.1
28487,11332,93,2,22.91,45.82
28488,11333,70,4,68.39,273.56
28489,11334,111,5,38.93,194.65
28490,11335,35,2,62.51,125.02
28491,11336,1,1,16.41,16.41
28492,11336,71,1,17.96,17.96
28493,11336,31,3,27.01,81.03
28494,11336,99,5,18.73,93.65
28495,11337,1,3,16.36,49.08
28496,11337,95,5,106.29,531.45
28497,11338,109,3,19.33,57.989999999999995
28498,11339,112,2,60.34,120.68
28499,11339,47,1,23.12,23.12
28500,11339,99,1,19.5,19.5
28501,11339,70,3,70.2,210.60000000000002
28502,11340,3,3,30.21,90.63
28503,11340,59,5,19.91,99.55
28504,11341,87,1,30.69,30.69
28505,11341,91,2,29.0,58.0
28506,11341,46,2,13.61,27.22
28507,11342,45,1,45.08,45.08
28508,11342,78,1,17.15,17.15
28509,11342,2,5,42.33,211.64999999999998
28510,11343,103,1,14.0,14.0
28511,11344,44,5,16.98,84.9
28512,11344,71,4,17.45,69.8
28513,11344,57,3,69.55,208.64999999999998
28514,11345,48,1,51.34,51.34
28515,11345,49,5,21.99,109.94999999999999
28516,11345,94,5,27.76,138.8
28517,11345,33,5,105.44,527.2
28518,11346,115,2,38.0,76.0
28519,11346,12,1,39.64,39.64
28520,11346,51,3,103.75,311.25
28521,11346,4,2,30.56,61.12
28522,11347,48,1,49.27,49.27
28523,11347,110,3,65.89,197.67000000000002
28524,11347,68,1,25.35,25.35
28525,11347,8,4,20.2,80.8
28526,11348,82,1,18.95,18.95
28527,11348,48,5,49.42,247.10000000000002
28528,11348,15,4,18.49,73.96
28529,11349,10,3,73.49,220.46999999999997
28530,11349,53,4,44.83,179.32
28531,11349,14,1,78.17,78.17
28532,11350,79,5,20.17,100.85000000000001
28533,11350,78,1,16.24,16.24
28534,11350,106,4,47.47,189.88
28535,11350,111,5,38.04,190.2
28536,11351,112,3,62.12,186.35999999999999
28537,11351,42,3,27.38,82.14
28538,11351,31,2,26.91,53.82
28539,11352,90,1,18.37,18.37
28540,11352,51,4,103.06,412.24
28541,11352,94,4,25.9,103.6
28542,11352,100,3,38.21,114.63
28543,11353,77,4,22.36,89.44
28544,11353,57,2,68.47,136.94
28545,11354,105,3,14.71,44.13
28546,11354,62,2,12.12,24.24
28547,11355,23,5,73.45,367.25
28548,11356,14,4,75.88,303.52
28549,11356,10,2,73.62,147.24
28550,11357,13,3,42.84,128.52
28551,11357,55,4,35.89,143.56
28552,11357,71,1,17.75,17.75
28553,11358,65,2,14.73,29.46
28554,11358,44,3,17.43,52.29
28555,11359,45,3,45.71,137.13
28556,11360,63,2,47.18,94.36
28557,11360,111,5,36.82,184.1
28558,11361,88,1,38.96,38.96
28559,11361,15,4,18.27,73.08
28560,11361,34,2,45.75,91.5
28561,11362,112,3,65.53,196.59
28562,11363,104,4,46.27,185.08
28563,11363,51,3,102.45,307.35
28564,11363,31,2,25.7,51.4
28565,11364,100,4,40.65,162.6
28566,11364,100,4,39.58,158.32
28567,11365,46,5,13.38,66.9
28568,11365,11,3,26.74,80.22
28569,11365,61,4,45.28,181.12
28570,11366,75,3,36.81,110.43
28571,11367,83,4,35.1,140.4
28572,11367,109,1,19.86,19.86
28573,11367,57,2,67.99,135.98
28574,11367,110,1,70.17,70.17
28575,11368,105,2,13.74,27.48
28576,11368,6,2,70.09,140.18
28577,11369,65,3,15.88,47.64
28578,11369,18,2,16.88,33.76
28579,11370,3,3,29.58,88.74
28580,11371,5,4,90.76,363.04
28581,11371,96,5,73.13,365.65
28582,11372,104,4,45.1,180.4
28583,11372,60,3,31.44,94.32000000000001
28584,11373,119,1,42.61,42.61
28585,11374,81,2,83.49,166.98
28586,11374,6,3,76.21,228.63
28587,11374,39,3,8.68,26.04
28588,11375,80,5,10.0,50.0
28589,11375,84,1,48.05,48.05
28590,11376,86,5,36.91,184.54999999999998
28591,11376,87,3,30.36,91.08
28592,11377,75,2,34.76,69.52
28593,11378,120,3,29.97,89.91
28594,11378,72,4,32.35,129.4
28595,11378,44,3,16.77,50.31
28596,11379,23,3,69.97,209.91
28597,11380,27,5,52.47,262.35
28598,11380,52,2,48.51,97.02
28599,11380,58,3,56.99,170.97
28600,11381,12,4,39.88,159.52
28601,11381,84,3,45.33,135.99
28602,11382,48,3,50.72,152.16
28603,11382,58,4,56.04,224.16
28604,11382,83,4,36.88,147.52
28605,11383,104,5,46.17,230.85000000000002
28606,11383,68,5,25.02,125.1
28607,11384,116,4,93.62,374.48
28608,11384,85,1,71.73,71.73
28609,11384,118,1,23.02,23.02
28610,11385,50,5,43.07,215.35
28611,11385,16,3,34.52,103.56
28612,11385,30,1,18.94,18.94
28613,11385,30,1,18.4,18.4
28614,11386,41,1,54.04,54.04
28615,11386,36,1,20.27,20.27
28616,11387,61,5,48.64,243.2
28617,11388,112,5,63.88,319.40000000000003
28618,11388,14,1,74.45,74.45
28619,11388,94,2,26.84,53.68
28620,11389,69,5,63.67,318.35
28621,11390,15,2,19.15,38.3
28622,11391,96,4,73.4,293.6
28623,11391,53,3,44.99,134.97
28624,11391,80,3,10.71,32.13
28625,11391,112,2,62.73,125.46
28626,11392,18,2,16.62,33.24
28627,11392,25,1,68.22,68.22
28628,11392,23,1,74.27,74.27
28629,11393,67,4,28.72,114.88
28630,11394,118,5,23.49,117.44999999999999
28631,11394,83,2,36.87,73.74
28632,11394,71,4,17.54,70.16
28633,11395,8,1,20.24,20.24
28634,11395,41,3,53.3,159.89999999999998
28635,11395,52,4,45.18,180.72
28636,11396,59,2,20.86,41.72
28637,11396,111,5,36.4,182.0
28638,11397,43,1,39.91,39.91
28639,11397,2,1,44.25,44.25
28640,11397,51,3,102.94,308.82
28641,11398,77,3,22.67,68.01
28642,11398,46,1,13.06,13.06
28643,11398,105,2,14.86,29.72
28644,11399,96,4,74.88,299.52
28645,11399,52,1,46.08,46.08
28646,11399,109,3,19.86,59.58
28647,11400,32,2,21.21,42.42
28648,11400,112,1,59.12,59.12
28649,11401,88,5,39.03,195.15
28650,11401,20,1,33.69,33.69
28651,11402,45,2,47.54,95.08
28652,11402,80,2,10.04,20.08
28653,11402,41,1,56.27,56.27
28654,11403,97,4,49.5,198.0
28655,11404,32,4,21.84,87.36
28656,11404,110,2,68.56,137.12
28657,11405,116,5,91.8,459.0
28658,11405,13,1,40.36,40.36
28659,11405,90,2,19.8,39.6
28660,11405,81,1,83.84,83.84
28661,11406,17,3,48.72,146.16
28662,11406,79,1,20.56,20.56
28663,11406,36,1,21.39,21.39
28664,11407,98,5,58.91,294.54999999999995
28665,11407,108,5,19.48,97.4
28666,11407,1,1,16.73,16.73
28667,11407,100,5,38.52,192.60000000000002
28668,11408,118,2,22.14,44.28
28669,11408,43,5,39.36,196.8
28670,11409,118,1,22.78,22.78
28671,11409,86,1,38.02,38.02
28672,11409,69,3,61.76,185.28
28673,11410,13,2,42.63,85.26
28674,11410,60,2,28.86,57.72
28675,11410,18,1,17.14,17.14
28676,11411,35,2,63.15,126.3
28677,11412,109,1,19.29,19.29
28678,11413,14,2,77.59,155.18
28679,11413,66,3,89.01,267.03000000000003
28680,11414,118,1,22.55,22.55
28681,11414,17,3,51.68,155.04
28682,11414,23,4,68.55,274.2
28683,11415,59,5,19.28,96.4
28684,11415,60,1,29.51,29.51
28685,11415,56,4,23.01,92.04
28686,11416,27,4,51.58,206.32
28687,11416,120,1,29.49,29.49
28688,11416,13,1,42.64,42.64
28689,11416,2,1,45.25,45.25
28690,11417,30,2,19.89,39.78
28691,11418,89,5,18.51,92.55000000000001
28692,11418,16,2,35.57,71.14
28693,11418,91,5,29.85,149.25
28694,11419,48,3,53.47,160.41
28695,11419,94,1,25.94,25.94
28696,11419,26,1,20.59,20.59
28697,11419,94,5,27.76,138.8
28698,11420,1,3,17.65,52.949999999999996
28699,11421,86,3,38.5,115.5
28700,11421,3,3,31.99,95.97
28701,11421,51,4,108.39,433.56
28702,11421,85,2,70.49,140.98
28703,11422,6,3,76.49,229.46999999999997
28704,11422,111,3,37.17,111.51
28705,11422,117,4,61.6,246.4
28706,11422,83,5,37.47,187.35
28707,11423,30,2,20.02,40.04
28708,11424,86,5,36.4,182.0
28709,11425,37,3,10.07,30.21
28710,11426,80,2,10.19,20.38
28711,11427,19,1,39.96,39.96
28712,11427,74,5,60.23,301.15
28713,11428,40,2,19.21,38.42
28714,11428,71,4,17.74,70.96
28715,11429,40,1,20.57,20.57
28716,11429,33,5,105.51,527.5500000000001
28717,11430,44,4,17.44,69.76
28718,11430,106,1,48.13,48.13
28719,11430,49,1,22.72,22.72
28720,11430,83,3,38.1,114.30000000000001
28721,11431,81,2,84.03,168.06
28722,11431,73,3,10.21,30.630000000000003
28723,11432,117,1,61.71,61.71
28724,11433,6,4,71.31,285.24
28725,11433,63,4,47.16,188.64
28726,11433,118,5,23.3,116.5
28727,11434,120,3,28.73,86.19
28728,11434,54,3,61.85,185.55
28729,11434,7,2,13.42,26.84
28730,11435,43,4,39.99,159.96
28731,11435,46,3,14.41,43.230000000000004
28732,11436,44,5,17.52,87.6
28733,11436,4,1,27.87,27.87
28734,11436,111,1,35.69,35.69
28735,11437,72,5,34.04,170.2
28736,11438,46,5,13.48,67.4
28737,11438,118,2,22.18,44.36
28738,11438,102,4,18.98,75.92
28739,11438,26,4,20.11,80.44
28740,11439,22,3,60.55,181.64999999999998
28741,11439,87,5,31.42,157.10000000000002
28742,11440,106,5,49.99,249.95000000000002
28743,11441,92,1,8.69,8.69
28744,11441,99,3,19.11,57.33
28745,11442,13,4,41.13,164.52
28746,11443,21,5,67.22,336.1
28747,11443,52,1,45.08,45.08
28748,11443,71,3,18.86,56.58
28749,11444,17,5,48.85,244.25
28750,11444,8,3,20.01,60.03
28751,11445,43,2,39.03,78.06
28752,11445,86,1,38.28,38.28
28753,11445,97,2,45.56,91.12
28754,11445,99,4,18.42,73.68
28755,11446,35,2,59.28,118.56
28756,11446,36,1,19.88,19.88
28757,11447,112,5,60.02,300.1
28758,11448,19,1,39.11,39.11
28759,11448,94,2,25.61,51.22
28760,11448,1,3,17.97,53.91
28761,11449,32,5,21.15,105.75
28762,11449,24,4,42.99,171.96
28763,11449,52,5,46.6,233.0
28764,11449,14,3,76.23,228.69
28765,11450,75,5,36.31,181.55
28766,11450,53,2,42.13,84.26
28767,11451,73,1,9.45,9.45
28768,11451,88,5,37.37,186.85
28769,11452,68,4,27.25,109.0
28770,11453,63,1,47.53,47.53
28771,11453,46,2,14.16,28.32
28772,11453,79,1,21.82,21.82
28773,11454,114,3,33.02,99.06
28774,11455,18,4,17.32,69.28
28775,11455,11,1,28.6,28.6
28776,11456,96,5,72.47,362.35
28777,11457,76,5,12.72,63.6
28778,11457,70,4,69.6,278.4
28779,11458,5,2,87.85,175.7
28780,11458,53,2,44.95,89.9
28781,11458,67,5,27.3,136.5
28782,11458,91,3,31.47,94.41
28783,11459,23,1,72.7,72.7
28784,11459,72,3,33.64,100.92
28785,11460,11,4,27.52,110.08
28786,11461,98,4,63.69,254.76
28787,11461,7,4,13.73,54.92
28788,11461,69,4,60.37,241.48
28789,11461,115,2,35.02,70.04
28790,11462,43,3,41.23,123.69
28791,11462,16,3,32.78,98.34
28792,11463,78,5,17.2,86.0
28793,11464,44,2,17.73,35.46
28794,11465,80,2,9.79,19.58
28795,11465,57,2,67.13,134.26
28796,11466,42,2,27.43,54.86
28797,11467,3,4,31.31,125.24
28798,11467,45,3,44.23,132.69
28799,11467,111,4,36.79,147.16
28800,11468,119,1,42.75,42.75
28801,11468,2,4,41.82,167.28
28802,11469,24,5,44.73,223.64999999999998
28803,11469,110,5,67.06,335.3
28804,11469,100,3,39.08,117.24
28805,11470,4,4,28.96,115.84
28806,11470,52,4,46.04,184.16
28807,11471,50,2,42.77,85.54
28808,11472,119,2,41.23,82.46
28809,11473,94,5,26.9,134.5
28810,11474,93,5,24.41,122.05
28811,11474,3,5,31.14,155.7
28812,11475,84,5,47.29,236.45
28813,11475,98,3,62.94,188.82
28814,11475,50,2,43.26,86.52
28815,11476,57,5,66.77,333.84999999999997
28816,11476,31,3,25.69,77.07000000000001
28817,11476,57,5,70.76,353.8
28818,11477,41,4,54.72,218.88
28819,11477,23,4,68.31,273.24
28820,11478,120,4,29.49,117.96
28821,11479,29,5,11.31,56.550000000000004
28822,11480,23,1,69.16,69.16
28823,11481,96,1,73.37,73.37
28824,11481,19,2,39.8,79.6
28825,11482,2,2,44.96,89.92
28826,11482,71,3,18.7,56.099999999999994
28827,11483,39,1,7.9,7.9
28828,11483,84,3,46.51,139.53
28829,11483,39,1,8.52,8.52
28830,11484,12,4,38.63,154.52
28831,11484,33,4,108.48,433.92
28832,11484,48,5,54.03,270.15
28833,11484,38,2,108.88,217.76
28834,11485,72,1,31.48,31.48
28835,11485,15,2,19.25,38.5
28836,11485,79,4,20.93,83.72
28837,11485,21,3,63.7,191.10000000000002
28838,11486,73,2,9.52,19.04
28839,11486,67,1,28.22,28.22
28840,11487,20,1,34.55,34.55
28841,11487,68,5,25.05,125.25
28842,11487,117,5,61.84,309.20000000000005
28843,11488,112,5,63.48,317.4
28844,11489,91,3,31.41,94.23
28845,11489,64,1,42.74,42.74
28846,11489,93,4,22.4,89.6
28847,11489,53,3,44.63,133.89000000000001
28848,11490,38,4,112.64,450.56
28849,11490,12,3,40.05,120.14999999999999
28850,11490,59,2,20.73,41.46
28851,11490,89,4,17.55,70.2
28852,11491,104,5,46.02,230.10000000000002
28853,11491,54,2,57.6,115.2
28854,11491,83,2,34.74,69.48
28855,11492,92,1,8.22,8.22
28856,11492,29,4,11.93,47.72
28857,11492,24,1,45.49,45.49
28858,11493,68,4,26.49,105.96
28859,11493,74,4,59.85,239.4
28860,11494,6,2,69.34,138.68
28861,11494,87,3,30.7,92.1
28862,11494,58,2,59.73,119.46
28863,11494,44,4,17.32,69.28
28864,11495,57,1,69.36,69.36
28865,11495,58,3,58.35,175.05
28866,11495,87,3,31.71,95.13
28867,11495,8,4,20.72,82.88
28868,11496,102,5,19.34,96.7
28869,11496,33,4,104.44,417.76
28870,11496,104,2,46.16,92.32
28871,11497,20,2,34.07,68.14
28872,11498,44,3,17.54,52.62
28873,11498,45,4,43.5,174.0
28874,11498,22,2,62.96,125.92
28875,11498,11,2,28.36,56.72
28876,11499,1,4,17.02,68.08
28877,11499,100,1,40.2,40.2
28878,11499,15,5,18.22,91.1
28879,11499,89,5,18.2,91.0
28880,11500,3,1,31.93,31.93
28881,11500,104,4,42.09,168.36
28882,11501,30,3,18.94,56.82000000000001
28883,11501,114,4,31.56,126.24
28884,11502,57,4,68.91,275.64
28885,11502,68,2,26.96,53.92
28886,11502,58,5,57.83,289.15
28887,11502,90,4,18.56,74.24
28888,11503,27,4,50.74,202.96
28889,11503,59,2,19.51,39.02
28890,11503,30,2,19.81,39.62
28891,11504,95,2,101.48,202.96
28892,11504,103,2,13.82,27.64
28893,11504,65,2,14.7,29.4
28894,11504,75,4,35.48,141.92
28895,11505,89,4,18.57,74.28
28896,11505,49,2,22.73,45.46
28897,11505,34,2,44.18,88.36
28898,11505,114,4,30.85,123.4
28899,11506,83,1,36.85,36.85
28900,11506,3,3,30.74,92.22
28901,11507,70,2,72.67,145.34
28902,11507,54,3,62.72,188.16
28903,11507,30,3,19.5,58.5
28904,11507,95,1,100.67,100.67
28905,11508,83,2,36.71,73.42
28906,11508,56,3,22.48,67.44
28907,11509,45,4,43.38,173.52
28908,11509,27,5,52.82,264.1
28909,11509,76,1,12.71,12.71
28910,11509,103,4,13.93,55.72
28911,11510,79,4,20.4,81.6
28912,11511,2,1,41.93,41.93
28913,11511,81,2,80.41,160.82
28914,11511,53,1,42.09,42.09
28915,11511,83,1,37.6,37.6
28916,11512,46,2,14.4,28.8
28917,11512,51,2,105.55,211.1
28918,11512,55,4,34.23,136.92
28919,11513,75,1,36.68,36.68
28920,11513,101,1,55.21,55.21
28921,11514,109,5,20.06,100.3
28922,11514,22,3,59.16,177.48
28923,11514,9,2,36.1,72.2
28924,11514,100,5,37.41,187.04999999999998
28925,11515,94,5,25.52,127.6
28926,11515,34,1,44.87,44.87
28927,11516,16,2,35.06,70.12
28928,11516,16,3,32.87,98.60999999999999
28929,11516,56,1,23.38,23.38
28930,11517,34,4,47.79,191.16
28931,11517,20,1,35.79,35.79
28932,11517,98,5,60.41,302.04999999999995
28933,11518,94,2,27.3,54.6
28934,11519,64,3,45.72,137.16
28935,11519,5,5,91.63,458.15
28936,11520,17,3,49.42,148.26
28937,11520,85,3,67.01,201.03000000000003
28938,11520,46,5,13.59,67.95
28939,11520,49,4,22.78,91.12
28940,11521,98,3,61.63,184.89000000000001
28941,11521,32,3,22.0,66.0
28942,11522,118,4,23.79,95.16
28943,11522,116,2,97.21,194.42
28944,11522,72,1,32.77,32.77
28945,11522,36,4,20.2,80.8
28946,11523,119,4,39.29,157.16
28947,11524,26,3,19.91,59.730000000000004
28948,11524,104,2,42.08,84.16
28949,11524,52,1,45.91,45.91
28950,11524,104,1,45.64,45.64
28951,11525,37,3,9.78,29.339999999999996
28952,11525,86,1,36.01,36.01
28953,11525,88,4,40.38,161.52
28954,11525,45,1,46.05,46.05
28955,11526,4,2,30.07,60.14
28956,11526,36,5,21.09,105.45
28957,11526,84,2,47.93,95.86
28958,11526,96,3,74.93,224.79000000000002
28959,11527,51,4,101.33,405.32
28960,11527,108,1,20.18,20.18
28961,11527,95,2,109.86,219.72
28962,11528,13,3,39.78,119.34
28963,11528,41,2,55.02,110.04
28964,11529,63,5,46.44,232.2
28965,11530,3,4,31.51,126.04
28966,11531,33,1,106.95,106.95
28967,11531,92,5,8.48,42.400000000000006
28968,11531,103,2,13.84,27.68
28969,11532,16,1,35.61,35.61
28970,11532,72,4,33.0,132.0
28971,11532,58,2,56.2,112.4
28972,11532,103,1,13.55,13.55
28973,11533,100,1,40.02,40.02
28974,11533,115,4,36.35,145.4
28975,11533,111,3,39.25,117.75
28976,11533,89,3,17.87,53.61
28977,11534,30,2,18.76,37.52
28978,11534,30,2,20.0,40.0
28979,11534,101,5,56.21,281.05
28980,11535,84,3,45.32,135.96
28981,11535,94,5,26.17,130.85000000000002
28982,11535,34,3,44.18,132.54
28983,11535,111,1,39.04,39.04
28984,11536,21,3,63.87,191.60999999999999
28985,11536,98,5,60.71,303.55
28986,11537,41,1,53.08,53.08
28987,11537,11,2,27.25,54.5
28988,11538,99,3,18.78,56.34
28989,11539,114,2,32.01,64.02
28990,11539,117,4,57.32,229.28
28991,11539,3,5,31.44,157.20000000000002
28992,11540,55,4,34.77,139.08
28993,11541,42,2,27.43,54.86
28994,11541,41,5,53.37,266.84999999999997
28995,11542,47,1,25.53,25.53
28996,11543,3,4,32.15,128.6
28997,11543,59,1,20.9,20.9
28998,11543,9,1,34.72,34.72
28999,11543,29,2,10.94,21.88
29000,11544,87,1,30.85,30.85
29001,11545,15,5,18.86,94.3
29002,11545,81,4,77.01,308.04
29003,11545,101,1,56.22,56.22
29004,11545,118,4,23.42,93.68
29005,11546,78,1,17.21,17.21
29006,11547,106,4,51.71,206.84
29007,11548,57,5,72.16,360.79999999999995
29008,11548,109,1,20.81,20.81
29009,11548,93,3,23.57,70.71000000000001
29010,11548,111,4,38.11,152.44
29011,11549,110,5,68.4,342.0
29012,11549,83,4,35.61,142.44
29013,11550,27,2,48.96,97.92
29014,11550,6,1,73.87,73.87
29015,11550,39,3,8.74,26.22
29016,11551,36,3,20.45,61.349999999999994
29017,11552,113,5,31.99,159.95
29018,11553,5,3,90.07,270.21
29019,11553,66,5,94.99,474.95
29020,11554,119,3,40.76,122.28
29021,11554,34,1,44.76,44.76
29022,11554,70,1,72.66,72.66
29023,11554,19,4,38.45,153.8
29024,11555,51,1,100.7,100.7
29025,11556,119,3,40.2,120.60000000000001
29026,11556,81,4,82.01,328.04
29027,11556,65,1,15.21,15.21
29028,11557,117,1,57.75,57.75
29029,11557,104,1,46.48,46.48
29030,11557,34,2,46.05,92.1
29031,11557,77,3,22.85,68.55000000000001
29032,11558,78,3,17.22,51.66
29033,11559,54,1,57.25,57.25
29034,11559,22,3,61.55,184.64999999999998
29035,11560,103,5,13.38,66.9
29036,11560,20,2,35.83,71.66
29037,11560,43,2,40.2,80.4
29038,11560,30,1,19.94,19.94
29039,11561,93,3,22.17,66.51
29040,11561,12,1,38.73,38.73
29041,11561,55,4,33.55,134.2
29042,11562,102,3,18.19,54.57000000000001
29043,11562,108,3,19.17,57.510000000000005
29044,11562,25,1,70.2,70.2
29045,11562,61,2,45.91,91.82
29046,11563,59,3,19.03,57.09
29047,11563,40,4,19.8,79.2
29048,11563,97,5,45.53,227.65
29049,11564,88,1,38.37,38.37
29050,11564,10,5,72.46,362.29999999999995
29051,11565,104,3,45.96,137.88
29052,11565,44,3,16.64,49.92
29053,11565,103,5,13.38,66.9
29054,11566,92,2,8.14,16.28
29055,11566,58,4,59.55,238.2
29056,11566,81,3,77.58,232.74
29057,11566,53,2,42.68,85.36
29058,11567,94,2,26.17,52.34
29059,11567,18,5,18.29,91.44999999999999
29060,11568,73,4,10.11,40.44
29061,11569,5,5,87.97,439.85
29062,11569,87,4,31.22,124.88
29063,11569,112,2,64.59,129.18
29064,11569,92,5,8.55,42.75
29065,11570,88,5,39.41,197.04999999999998
29066,11570,99,4,19.71,78.84
29067,11571,70,3,71.76,215.28000000000003
29068,11571,74,3,57.02,171.06
29069,11571,71,5,17.86,89.3
29070,11572,57,2,69.88,139.76
29071,11573,3,3,32.19,96.57
29072,11574,10,5,75.97,379.85
29073,11574,55,1,36.71,36.71
29074,11574,33,3,100.97,302.90999999999997
29075,11574,111,1,37.15,37.15
29076,11575,119,5,39.64,198.2
29077,11576,56,3,23.86,71.58
29078,11576,84,3,48.83,146.49
29079,11577,70,1,67.81,67.81
29080,11577,30,1,19.45,19.45
29081,11577,46,4,14.05,56.2
29082,11577,47,5,25.49,127.44999999999999
29083,11578,13,2,39.2,78.4
29084,11578,3,4,31.04,124.16
29085,11579,39,1,8.5,8.5
29086,11580,109,1,20.02,20.02
29087,11580,11,4,26.56,106.24
29088,11580,63,2,45.19,90.38
29089,11581,70,4,71.97,287.88
29090,11582,80,4,9.88,39.52
29091,11582,118,1,22.18,22.18
29092,11582,47,4,24.79,99.16
29093,11583,44,1,17.54,17.54
29094,11583,62,3,11.52,34.56
29095,11584,104,4,45.79,183.16
29096,11584,71,3,18.2,54.599999999999994
29097,11584,6,1,69.49,69.49
29098,11585,54,4,62.4,249.6
29099,11585,61,1,48.52,48.52
29100,11585,106,5,51.13,255.65
29101,11585,79,5,22.07,110.35
29102,11586,82,5,18.04,90.19999999999999
29103,11586,39,2,8.57,17.14
29104,11586,88,1,40.2,40.2
29105,11586,12,5,37.33,186.64999999999998
29106,11587,24,4,45.6,182.4
29107,11587,27,3,50.86,152.57999999999998
29108,11587,57,2,70.37,140.74
29109,11588,9,5,35.05,175.25
29110,11588,63,2,47.55,95.1
29111,11589,107,3,69.06,207.18
29112,11589,48,4,49.82,199.28
29113,11589,1,4,18.02,72.08
29114,11589,33,2,102.75,205.5
29115,11590,9,5,34.63,173.15
29116,11591,77,3,22.01,66.03
29117,11591,96,2,74.03,148.06
29118,11592,35,1,58.15,58.15
29119,11592,36,1,20.12,20.12
29120,11593,39,1,8.25,8.25
29121,11593,44,3,17.54,52.62
29122,11593,84,5,45.77,228.85000000000002
29123,11593,37,4,10.72,42.88
29124,11594,46,1,13.93,13.93
29125,11594,107,3,71.6,214.79999999999998
29126,11595,92,2,8.57,17.14
29127,11595,112,5,61.35,306.75
29128,11596,43,2,40.34,80.68
29129,11596,112,2,65.55,131.1
29130,11596,36,4,19.89,79.56
29131,11596,37,1,10.74,10.74
29132,11597,115,2,38.63,77.26
29133,11597,25,2,67.1,134.2
29134,11597,99,3,18.74,56.22
29135,11597,100,2,38.73,77.46
29136,11598,112,5,61.91,309.54999999999995
29137,11599,102,2,18.28,36.56
29138,11599,99,2,19.16,38.32
29139,11599,43,2,38.61,77.22
29140,11600,67,3,26.79,80.37
29141,11600,70,2,65.99,131.98
29142,11600,36,4,19.93,79.72
29143,11601,47,1,24.93,24.93
29144,11601,103,1,13.62,13.62
29145,11601,2,3,41.33,123.99
29146,11602,10,3,79.52,238.56
29147,11602,50,4,40.76,163.04
29148,11602,93,1,24.33,24.33
29149,11602,108,5,19.45,97.25
29150,11603,83,3,37.5,112.5
29151,11603,103,2,14.11,28.22
29152,11603,18,4,18.14,72.56
29153,11603,13,4,41.05,164.2
29154,11604,61,5,45.54,227.7
29155,11604,37,3,10.74,32.22
29156,11605,106,4,49.45,197.8
29157,11605,9,5,34.05,170.25
29158,11605,44,5,17.44,87.2
29159,11605,36,4,21.51,86.04
29160,11606,72,2,33.19,66.38
29161,11606,36,1,21.53,21.53
29162,11607,113,1,29.51,29.51
29163,11608,7,2,13.68,27.36
29164,11608,9,3,34.74,104.22
29165,11609,108,4,18.89,75.56
29166,11610,64,1,42.9,42.9
29167,11610,101,4,56.88,227.52
29168,11610,56,5,23.88,119.39999999999999
29169,11610,112,1,64.04,64.04
29170,11611,57,5,68.87,344.35
29171,11611,90,4,18.15,72.6
29172,11611,120,1,29.51,29.51
29173,11612,92,1,8.33,8.33
29174,11612,32,4,20.92,83.68
29175,11613,95,5,105.92,529.6
29176,11614,47,4,24.49,97.96
29177,11614,82,5,18.77,93.85
29178,11615,79,2,20.03,40.06
29179,11615,22,5,58.4,292.0
29180,11616,35,5,61.28,306.4
29181,11616,22,5,62.04,310.2
29182,11617,9,1,33.41,33.41
29183,11618,61,5,47.21,236.05
29184,11618,25,3,68.47,205.41
29185,11618,83,2,36.68,73.36
29186,11619,29,4,11.52,46.08
29187,11619,4,3,29.13,87.39
29188,11619,18,2,17.42,34.84
29189,11620,66,1,91.31,91.31
29190,11620,16,5,32.79,163.95
29191,11620,107,3,71.34,214.02
29192,11621,90,4,18.7,74.8
29193,11621,16,1,33.8,33.8
29194,11621,104,2,46.23,92.46
29195,11622,38,4,111.67,446.68
29196,11622,108,2,19.55,39.1
29197,11622,119,1,38.94,38.94
29198,11623,31,2,25.76,51.52
29199,11624,40,5,19.06,95.3
29200,11625,18,5,18.31,91.55
29201,11625,4,5,30.05,150.25
29202,11625,62,2,11.82,23.64
29203,11626,83,5,38.23,191.14999999999998
29204,11626,67,5,29.18,145.9
29205,11626,118,1,22.48,22.48
29206,11626,14,2,75.93,151.86
29207,11627,28,5,23.28,116.4
29208,11627,107,1,71.3,71.3
29209,11628,26,2,18.78,37.56
29210,11628,44,5,16.3,81.5
29211,11628,52,1,49.85,49.85
29212,11629,26,4,19.88,79.52
29213,11629,65,4,15.02,60.08
29214,11629,96,2,75.15,150.3
29215,11629,98,1,62.76,62.76
29216,11630,56,1,22.54,22.54
29217,11631,120,5,29.48,147.4
29218,11632,38,2,117.02,234.04
29219,11632,98,5,60.4,302.0
29220,11632,106,3,51.62,154.85999999999999
29221,11633,35,3,61.69,185.07
29222,11633,7,4,12.97,51.88
29223,11633,95,3,110.41,331.23
29224,11633,11,5,27.57,137.85
29225,11634,76,5,13.32,66.6
29226,11634,60,4,28.99,115.96
29227,11634,59,4,19.81,79.24
29228,11635,89,4,17.63,70.52
29229,11635,77,1,20.93,20.93
29230,11635,73,2,9.53,19.06
29231,11635,53,3,43.91,131.73
29232,11636,84,1,49.26,49.26
29233,11637,76,3,13.81,41.43
29234,11637,70,4,72.53,290.12
29235,11637,89,5,17.64,88.2
29236,11638,15,4,19.7,78.8
29237,11638,2,5,45.03,225.15
29238,11638,5,4,94.68,378.72
29239,11639,74,3,62.36,187.07999999999998
29240,11639,91,4,29.01,116.04
29241,11639,19,1,40.68,40.68
29242,11640,7,5,12.52,62.599999999999994
29243,11641,41,4,53.7,214.8
29244,11642,95,4,107.85,431.4
29245,11642,54,3,60.64,181.92000000000002
29246,11642,81,4,80.01,320.04
29247,11642,117,3,61.43,184.29
29248,11643,62,5,12.07,60.35
29249,11643,40,5,20.5,102.5
29250,11644,4,1,27.87,27.87
29251,11645,99,5,18.08,90.39999999999999
29252,11646,90,4,19.07,76.28
29253,11647,41,3,54.07,162.21
29254,11647,76,3,12.71,38.13
29255,11647,28,5,24.42,122.10000000000001
29256,11648,81,3,77.5,232.5
29257,11648,53,2,42.02,84.04
29258,11648,25,4,70.14,280.56
29259,11649,11,1,26.9,26.9
29260,11649,3,2,30.28,60.56
29261,11649,99,4,19.73,78.92
29262,11649,9,3,34.4,103.19999999999999
29263,11650,60,3,28.9,86.69999999999999
29264,11650,15,1,19.91,19.91
29265,11651,83,4,36.89,147.56
29266,11652,47,2,23.61,47.22
29267,11652,96,1,71.96,71.96
29268,11652,11,2,27.15,54.3
29269,11653,50,3,43.34,130.02
29270,11653,49,1,22.76,22.76
29271,11654,55,4,35.04,140.16
29272,11654,35,4,60.39,241.56
29273,11655,31,3,25.34,76.02
29274,11655,115,3,36.69,110.07
29275,11655,86,2,36.03,72.06
29276,11656,55,3,36.52,109.56
29277,11656,100,3,38.07,114.21000000000001
29278,11656,9,3,33.98,101.94
29279,11656,69,3,62.99,188.97
29280,11657,82,2,18.34,36.68
29281,11657,5,3,93.52,280.56
29282,11658,85,2,66.22,132.44
29283,11658,86,3,36.57,109.71000000000001
29284,11658,64,4,43.93,175.72
29285,11659,81,3,80.45,241.35000000000002
29286,11659,114,2,34.16,68.32
29287,11659,42,2,26.0,52.0
29288,11660,27,5,52.81,264.05
29289,11660,50,1,39.97,39.97
29290,11660,115,5,37.73,188.64999999999998
29291,11661,60,1,31.07,31.07
29292,11661,112,4,60.4,241.6
29293,11662,95,3,101.21,303.63
29294,11662,15,4,19.16,76.64
29295,11663,82,5,18.76,93.80000000000001
29296,11663,106,5,52.28,261.4
29297,11663,63,4,48.23,192.92
29298,11664,37,3,10.1,30.299999999999997
29299,11664,97,3,49.45,148.35000000000002
29300,11665,7,4,13.15,52.6
29301,11666,104,4,42.8,171.2
29302,11666,10,3,79.58,238.74
29303,11666,7,5,13.14,65.7
29304,11667,63,2,46.91,93.82
29305,11667,9,5,35.87,179.35
29306,11667,87,4,32.21,128.84
29307,11668,58,5,57.32,286.6
29308,11668,89,2,17.43,34.86
29309,11668,94,1,27.07,27.07
29310,11669,95,2,106.59,213.18
29311,11669,14,4,77.66,310.64
29312,11669,102,5,19.75,98.75
29313,11670,104,4,42.05,168.2
29314,11670,61,2,46.73,93.46
29315,11670,17,1,47.79,47.79
29316,11670,88,3,37.69,113.07
29317,11671,84,2,46.23,92.46
29318,11672,17,2,50.95,101.9
29319,11673,97,1,49.0,49.0
29320,11673,82,3,18.78,56.34
29321,11673,6,2,74.05,148.1
29322,11674,74,1,61.74,61.74
29323,11674,102,3,18.81,56.42999999999999
29324,11674,115,1,35.54,35.54
29325,11674,101,1,55.86,55.86
29326,11675,104,4,43.49,173.96
29327,11675,18,3,16.62,49.86
29328,11676,3,1,31.36,31.36
29329,11676,26,1,19.89,19.89
29330,11677,106,1,50.57,50.57
29331,11677,104,5,43.99,219.95000000000002
29332,11677,10,3,76.93,230.79000000000002
29333,11678,116,1,93.83,93.83
29334,11678,26,2,19.3,38.6
29335,11679,59,3,19.24,57.72
29336,11679,74,1,59.61,59.61
29337,11679,16,2,35.27,70.54
29338,11680,46,3,13.89,41.67
29339,11680,34,3,46.5,139.5
29340,11680,43,5,39.76,198.79999999999998
29341,11680,41,2,52.88,105.76
29342,11681,55,1,33.8,33.8
29343,11681,76,5,13.65,68.25
29344,11682,15,5,18.29,91.44999999999999
29345,11682,87,4,30.0,120.0
29346,11683,15,5,18.24,91.19999999999999
29347,11683,73,1,9.86,9.86
29348,11683,24,3,47.11,141.32999999999998
29349,11683,107,5,67.04,335.20000000000005
29350,11684,39,1,8.33,8.33
29351,11684,2,3,45.4,136.2
29352,11684,13,1,41.63,41.63
29353,11685,47,1,23.21,23.21
29354,11685,116,4,96.71,386.84
29355,11686,36,3,20.65,61.949999999999996
29356,11686,60,3,31.63,94.89
29357,11686,91,1,29.13,29.13
29358,11687,28,2,24.47,48.94
29359,11687,82,3,19.27,57.81
29360,11688,50,3,42.43,127.28999999999999
29361,11688,107,2,70.5,141.0
29362,11689,82,5,19.25,96.25
29363,11689,38,1,112.2,112.2
29364,11690,55,3,36.48,109.44
29365,11691,103,4,13.73,54.92
29366,11691,45,3,44.48,133.44
29367,11692,65,2,14.46,28.92
29368,11692,103,3,13.86,41.58
29369,11693,19,4,39.04,156.16
29370,11693,101,3,58.12,174.35999999999999
29371,11693,100,5,38.83,194.14999999999998
29372,11693,66,4,90.01,360.04
29373,11694,29,2,11.45,22.9
29374,11694,17,4,50.53,202.12
29375,11694,92,2,8.31,16.62
29376,11695,46,2,13.24,26.48
29377,11695,65,1,14.59,14.59
29378,11695,11,4,26.71,106.84
29379,11696,62,3,12.31,36.93
29380,11696,9,5,34.58,172.89999999999998
29381,11697,65,5,15.26,76.3
29382,11698,102,2,18.7,37.4
29383,11698,118,1,23.39,23.39
29384,11699,102,4,19.65,78.6
29385,11699,71,1,18.03,18.03
29386,11700,90,4,19.74,78.96
29387,11700,6,4,71.0,284.0
29388,11701,82,4,18.79,75.16
29389,11702,115,4,38.6,154.4
29390,11703,19,2,41.02,82.04
29391,11703,34,1,43.69,43.69
29392,11703,120,4,29.86,119.44
29393,11704,57,1,66.17,66.17
29394,11704,87,3,30.08,90.24
29395,11704,99,1,19.03,19.03
29396,11704,115,2,38.79,77.58
29397,11705,11,1,28.44,28.44
29398,11705,43,2,39.26,78.52
29399,11705,28,3,23.04,69.12
29400,11705,98,1,61.48,61.48
29401,11706,106,1,47.59,47.59
29402,11706,105,4,14.77,59.08
29403,11706,15,2,18.23,36.46
29404,11707,81,3,76.73,230.19
29405,11707,63,5,46.41,232.04999999999998
29406,11707,88,1,37.41,37.41
29407,11708,23,1,72.62,72.62
29408,11708,16,2,35.24,70.48
29409,11708,43,4,37.88,151.52
29410,11709,43,5,39.26,196.29999999999998
29411,11709,95,2,107.29,214.58
29412,11710,23,2,68.17,136.34
29413,11710,116,3,93.46,280.38
29414,11711,3,3,30.46,91.38
29415,11712,69,5,62.42,312.1
29416,11713,64,2,46.34,92.68
29417,11713,44,3,17.3,51.900000000000006
29418,11714,14,5,78.82,394.09999999999997
29419,11714,10,1,72.45,72.45
29420,11715,34,4,47.4,189.6
29421,11715,49,4,22.25,89.0
29422,11715,23,2,69.52,139.04
29423,11716,98,3,58.66,175.98
29424,11716,117,5,58.55,292.75
29425,11716,91,4,30.37,121.48
29426,11716,100,4,39.72,158.88
29427,11717,43,1,39.46,39.46
29428,11717,104,2,46.49,92.98
29429,11717,21,2,65.98,131.96
29430,11717,73,4,9.53,38.12
29431,11718,66,5,95.41,477.04999999999995
29432,11719,58,3,60.06,180.18
29433,11719,100,3,37.15,111.44999999999999
29434,11719,41,5,55.04,275.2
29435,11720,68,3,24.95,74.85
29436,11720,56,4,23.33,93.32
29437,11720,66,4,89.02,356.08
29438,11721,42,5,25.61,128.05
29439,11721,85,3,70.47,211.41
29440,11721,71,2,17.77,35.54
29441,11721,16,4,33.56,134.24
29442,11722,54,1,58.32,58.32
29443,11722,75,2,36.91,73.82
29444,11723,12,1,38.66,38.66
29445,11723,10,5,78.41,392.04999999999995
29446,11724,66,5,95.02,475.09999999999997
29447,11724,20,1,34.01,34.01
29448,11724,69,2,62.87,125.74
29449,11724,7,3,12.92,38.76
29450,11725,103,5,13.75,68.75
29451,11726,74,5,60.04,300.2
29452,11727,77,3,22.89,68.67
29453,11727,116,4,92.58,370.32
29454,11727,75,2,36.76,73.52
29455,11728,18,3,16.64,49.92
29456,11728,108,5,18.52,92.6
29457,11729,57,5,66.48,332.40000000000003
29458,11730,81,3,83.94,251.82
29459,11730,108,1,18.61,18.61
29460,11730,57,2,72.24,144.48
29461,11730,103,3,13.87,41.61
29462,11731,115,2,36.36,72.72
29463,11732,51,5,107.63,538.15
29464,11733,4,3,29.13,87.39
29465,11734,90,4,18.68,74.72
29466,11734,97,4,49.28,197.12
29467,11734,6,2,70.11,140.22
29468,11734,115,5,35.58,177.89999999999998
29469,11735,91,5,29.38,146.9
29470,11735,24,2,45.59,91.18
29471,11735,88,4,37.8,151.2
29472,11736,83,3,37.68,113.03999999999999
29473,11737,70,5,67.28,336.4
29474,11738,69,4,63.34,253.36
29475,11738,14,3,79.12,237.36
29476,11739,113,5,32.46,162.3
29477,11739,36,1,21.58,21.58
29478,11739,35,5,60.27,301.35
29479,11739,21,5,62.14,310.7
29480,11740,25,4,69.42,277.68
29481,11740,8,5,19.8,99.0
29482,11740,100,2,40.19,80.38
29483,11741,108,3,18.87,56.61
29484,11741,7,1,13.71,13.71
29485,11741,22,1,58.93,58.93
29486,11741,54,3,60.81,182.43
29487,11742,25,5,64.78,323.9
29488,11742,24,3,46.63,139.89000000000001
29489,11743,85,4,71.97,287.88
29490,11743,106,5,50.45,252.25
29491,11743,39,1,7.96,7.96
29492,11744,63,1,48.56,48.56
29493,11745,49,3,23.49,70.47
29494,11745,45,1,47.04,47.04
29495,11746,7,5,13.38,66.9
29496,11746,85,2,67.77,135.54
29497,11747,112,3,65.33,195.99
29498,11748,92,1,8.39,8.39
29499,11748,120,4,28.31,113.24
29500,11749,99,5,19.66,98.3
29501,11749,45,4,47.29,189.16
29502,11749,99,3,18.26,54.78
29503,11750,26,3,18.77,56.31
29504,11750,48,3,50.02,150.06
29505,11750,85,4,70.09,280.36
29506,11751,35,1,57.68,57.68
29507,11752,91,1,31.77,31.77
29508,11752,23,3,68.26,204.78000000000003
29509,11753,19,2,40.94,81.88
29510,11753,91,5,31.07,155.35
29511,11754,59,5,21.05,105.25
29512,11754,113,5,29.56,147.79999999999998
29513,11755,24,2,42.9,85.8
29514,11756,86,2,39.16,78.32
29515,11757,29,3,10.82,32.46
29516,11757,57,4,66.93,267.72
29517,11757,60,1,29.24,29.24
29518,11758,102,4,18.92,75.68
29519,11758,48,5,53.52,267.6
29520,11759,44,5,17.52,87.6
29521,11759,58,2,57.23,114.46
29522,11759,118,3,22.85,68.55000000000001
29523,11760,47,3,25.01,75.03
29524,11760,66,2,90.24,180.48
29525,11760,9,2,33.52,67.04
29526,11761,73,2,9.55,19.1
29527,11761,10,2,76.05,152.1
29528,11761,2,2,45.63,91.26
29529,11762,32,1,23.15,23.15
29530,11762,23,3,73.24,219.71999999999997
29531,11762,63,5,46.28,231.4
29532,11763,26,2,20.79,41.58
29533,11763,26,2,20.21,40.42
29534,11763,107,2,72.54,145.08
29535,11764,76,2,13.81,27.62
29536,11765,2,1,42.77,42.77
29537,11766,92,1,7.94,7.94
29538,11766,87,2,31.13,62.26
29539,11766,108,4,20.17,80.68
29540,11767,65,2,14.49,28.98
29541,11768,114,1,32.71,32.71
29542,11768,113,3,29.88,89.64
29543,11768,44,4,16.96,67.84
29544,11768,10,4,77.49,309.96
29545,11769,114,3,31.0,93.0
29546,11769,79,2,22.06,44.12
29547,11770,106,4,48.07,192.28
29548,11771,9,5,34.15,170.75
29549,11771,38,1,112.52,112.52
29550,11771,1,4,16.7,66.8
29551,11772,45,4,43.73,174.92
29552,11772,91,2,29.01,58.02
29553,11773,21,1,66.83,66.83
29554,11774,45,3,43.42,130.26
29555,11775,105,5,14.83,74.15
29556,11775,37,4,10.05,40.2
29557,11775,64,4,46.33,185.32
29558,11775,53,3,44.36,133.07999999999998
29559,11776,25,1,66.95,66.95
29560,11776,112,3,63.2,189.60000000000002
29561,11777,98,3,58.48,175.44
29562,11777,47,3,23.61,70.83
29563,11778,103,5,13.07,65.35
29564,11778,60,4,30.61,122.44
29565,11778,77,2,20.83,41.66
29566,11779,36,4,20.96,83.84
29567,11780,48,1,52.24,52.24
29568,11780,112,2,64.38,128.76
29569,11781,27,3,48.67,146.01
29570,11781,50,2,43.5,87.0
29571,11781,92,1,8.44,8.44
29572,11782,40,2,19.33,38.66
29573,11782,93,4,22.3,89.2
29574,11782,48,1,52.45,52.45
29575,11782,62,5,12.26,61.3
29576,11783,119,5,39.25,196.25
29577,11783,90,3,18.48,55.44
29578,11784,111,1,35.95,35.95
29579,11784,24,5,46.56,232.8
29580,11784,101,5,54.78,273.9
29581,11784,64,1,44.05,44.05
29582,11785,92,5,8.48,42.400000000000006
29583,11785,40,5,19.22,96.1
29584,11786,88,5,39.17,195.85000000000002
29585,11786,119,2,40.95,81.9
29586,11786,60,4,30.77,123.08
29587,11786,51,5,107.45,537.25
29588,11787,64,4,43.05,172.2
29589,11788,25,5,64.74,323.7
29590,11789,68,1,25.25,25.25
29591,11789,24,2,45.17,90.34
29592,11790,84,5,47.7,238.5
29593,11790,120,1,30.63,30.63
29594,11790,92,5,8.03,40.15
29595,11790,120,2,28.28,56.56
29596,11791,53,1,44.03,44.03
29597,11791,96,3,76.17,228.51
29598,11792,68,3,26.97,80.91
29599,11793,58,5,57.41,287.04999999999995
29600,11794,76,2,12.5,25.0
29601,11794,80,4,10.76,43.04
29602,11795,6,2,71.72,143.44
29603,11795,85,4,69.86,279.44
29604,11796,64,4,42.75,171.0
29605,11796,16,4,33.46,133.84
29606,11796,22,4,63.32,253.28
29607,11797,18,2,16.71,33.42
29608,11797,99,4,19.4,77.6
29609,11797,48,4,52.73,210.92
29610,11797,52,2,48.92,97.84
29611,11798,45,2,43.63,87.26
29612,11799,88,1,38.7,38.7
29613,11799,57,4,65.52,262.08
29614,11799,119,1,41.45,41.45
29615,11799,37,4,9.91,39.64
29616,11800,115,3,35.08,105.24
29617,11800,75,4,37.31,149.24
29618,11800,77,1,20.85,20.85
29619,11800,91,1,29.59,29.59
29620,11801,106,4,49.48,197.92
29621,11801,105,3,14.42,43.26
29622,11802,108,5,18.99,94.94999999999999
29623,11803,50,1,42.61,42.61
29624,11803,94,1,26.06,26.06
29625,11803,36,2,20.23,40.46
29626,11803,59,1,20.13,20.13
29627,11804,19,4,38.95,155.8
29628,11804,52,3,46.55,139.64999999999998
29629,11804,68,3,25.4,76.19999999999999
29630,11804,101,5,57.33,286.65
29631,11805,5,1,94.48,94.48
29632,11806,72,4,31.41,125.64
29633,11806,103,5,13.08,65.4
29634,11806,94,1,27.84,27.84
29635,11806,58,1,56.89,56.89
29636,11807,50,1,40.83,40.83
29637,11807,74,3,60.46,181.38
29638,11807,85,3,66.06,198.18
29639,11807,49,3,21.63,64.89
29640,11808,66,4,90.94,363.76
29641,11808,1,2,17.85,35.7
29642,11809,39,5,7.91,39.55
29643,11809,95,1,107.44,107.44
29644,11809,50,1,41.03,41.03
29645,11809,57,2,66.75,133.5
29646,11810,113,1,30.08,30.08
29647,11811,49,1,22.39,22.39
29648,11811,53,1,43.95,43.95
29649,11811,92,1,8.6,8.6
29650,11812,102,3,18.95,56.849999999999994
29651,11812,42,1,26.1,26.1
29652,11812,22,3,59.01,177.03
29653,11813,78,5,17.43,87.15
29654,11814,13,3,39.12,117.35999999999999
29655,11814,88,1,37.17,37.17
29656,11814,58,3,59.14,177.42000000000002
29657,11814,118,2,23.12,46.24
29658,11815,37,5,10.41,52.05
29659,11815,93,3,22.5,67.5
29660,11815,1,2,18.17,36.34
29661,11815,3,1,31.91,31.91
29662,11816,54,3,61.16,183.48
29663,11816,75,3,34.63,103.89000000000001
29664,11817,21,1,67.23,67.23
29665,11817,74,3,60.12,180.35999999999999
29666,11818,80,4,10.6,42.4
29667,11818,15,5,18.78,93.9
29668,11819,104,4,44.53,178.12
29669,11820,91,1,28.91,28.91
29670,11820,40,2,19.96,39.92
29671,11820,45,1,43.08,43.08
29672,11820,33,3,101.49,304.46999999999997
29673,11821,75,1,36.77,36.77
29674,11821,83,1,37.82,37.82
29675,11821,33,3,103.36,310.08
29676,11821,66,4,93.08,372.32
29677,11822,22,1,58.08,58.08
29678,11822,50,1,42.91,42.91
29679,11822,48,4,50.02,200.08
29680,11823,46,3,13.11,39.33
29681,11823,25,4,69.36,277.44
29682,11824,3,1,31.91,31.91
29683,11824,119,3,42.52,127.56
29684,11824,49,3,23.76,71.28
29685,11825,88,2,37.05,74.1
29686,11825,104,4,46.42,185.68
29687,11826,5,3,86.27,258.81
29688,11826,48,5,53.22,266.1
29689,11826,47,2,24.67,49.34
29690,11826,77,4,21.52,86.08
29691,11827,110,5,69.52,347.59999999999997
29692,11827,82,5,18.06,90.3
29693,11827,72,2,31.13,62.26
29694,11828,28,2,22.94,45.88
29695,11829,59,5,20.73,103.65
29696,11829,89,4,17.54,70.16
29697,11829,65,5,14.96,74.80000000000001
29698,11829,74,2,59.6,119.2
29699,11830,37,2,10.22,20.44
29700,11830,57,4,66.12,264.48
29701,11831,47,5,25.15,125.75
29702,11831,60,5,29.17,145.85000000000002
29703,11831,24,5,43.94,219.7
29704,11832,78,5,16.79,83.94999999999999
29705,11832,86,4,36.06,144.24
29706,11832,92,1,8.62,8.62
29707,11833,29,5,11.4,57.0
29708,11833,51,2,106.2,212.4
29709,11833,51,3,103.48,310.44
29710,11833,106,4,51.72,206.88
29711,11834,112,4,62.0,248.0
29712,11834,58,4,61.52,246.08
29713,11835,49,3,23.7,71.1
29714,11836,3,2,30.73,61.46
29715,11837,41,5,55.42,277.1
29716,11837,9,4,32.95,131.8
29717,11837,51,3,108.3,324.9
29718,11838,47,2,23.18,46.36
29719,11838,30,2,18.83,37.66
29720,11839,118,4,22.55,90.2
29721,11839,88,4,36.54,146.16
29722,11839,78,4,16.79,67.16
29723,11840,82,4,18.35,73.4
29724,11840,42,3,27.31,81.92999999999999
29725,11840,31,5,25.2,126.0
29726,11840,103,4,13.02,52.08
29727,11841,51,1,107.89,107.89
29728,11841,86,1,35.7,35.7
29729,11842,64,4,44.82,179.28
29730,11842,3,5,30.44,152.20000000000002
29731,11842,105,3,14.62,43.86
29732,11843,3,5,31.73,158.65
29733,11844,41,4,55.09,220.36
29734,11844,91,5,29.44,147.20000000000002
29735,11844,70,3,71.56,214.68
29736,11845,99,4,18.25,73.0
29737,11846,113,2,29.36,58.72
29738,11847,86,5,36.58,182.89999999999998
29739,11847,32,1,21.03,21.03
29740,11848,1,1,18.02,18.02
29741,11849,88,2,36.74,73.48
29742,11849,39,2,7.88,15.76
29743,11849,79,4,21.44,85.76
29744,11850,62,4,12.31,49.24
29745,11850,18,1,18.03,18.03
29746,11851,44,2,17.77,35.54
29747,11851,119,5,41.82,209.1
29748,11852,39,4,8.15,32.6
29749,11852,94,2,27.11,54.22
29750,11853,84,2,48.38,96.76
29751,11853,52,1,47.78,47.78
29752,11853,92,3,8.21,24.630000000000003
29753,11854,68,5,25.08,125.39999999999999
29754,11854,75,3,33.9,101.69999999999999
29755,11854,44,1,17.95,17.95
29756,11855,114,5,32.8,164.0
29757,11855,32,1,21.84,21.84
29758,11855,65,1,14.98,14.98
29759,11855,108,1,18.72,18.72
29760,11856,86,1,37.01,37.01
29761,11856,71,3,18.63,55.89
29762,11856,10,5,77.33,386.65
29763,11857,45,2,43.13,86.26
29764,11857,54,4,61.53,246.12
29765,11857,103,5,13.61,68.05
29766,11858,103,4,13.55,54.2
29767,11858,54,3,59.14,177.42000000000002
29768,11858,43,1,41.78,41.78
29769,11858,23,2,69.2,138.4
29770,11859,58,5,61.18,305.9
29771,11859,19,3,37.38,112.14000000000001
29772,11859,20,3,34.28,102.84
29773,11859,113,5,31.1,155.5
29774,11860,65,4,14.68,58.72
29775,11860,46,5,14.28,71.39999999999999
29776,11860,51,1,105.55,105.55
29777,11860,48,1,52.5,52.5
29778,11861,101,5,57.17,285.85
29779,11861,65,5,15.38,76.9
29780,11861,78,2,17.11,34.22
29781,11862,70,2,72.9,145.8
29782,11862,68,2,26.36,52.72
29783,11862,52,2,47.62,95.24
29784,11862,93,1,22.37,22.37
29785,11863,113,3,31.03,93.09
29786,11863,42,4,26.78,107.12
29787,11863,40,4,19.57,78.28
29788,11863,92,3,8.42,25.259999999999998
29789,11864,14,3,77.67,233.01
29790,11865,55,1,36.06,36.06
29791,11865,120,4,30.78,123.12
29792,11865,84,3,48.18,144.54
29793,11865,27,1,48.69,48.69
29794,11866,50,3,41.9,125.69999999999999
29795,11867,114,2,31.4,62.8
29796,11867,64,1,44.04,44.04
29797,11868,102,5,19.66,98.3
29798,11868,98,5,58.18,290.9
29799,11868,94,3,27.5,82.5
29800,11868,78,5,16.68,83.4
29801,11869,16,4,35.41,141.64
29802,11869,36,3,20.26,60.78
29803,11869,5,1,86.41,86.41
29804,11870,53,5,44.85,224.25
29805,11870,21,1,66.15,66.15
29806,11870,73,5,10.22,51.1
29807,11871,49,1,22.45,22.45
29808,11871,113,5,30.84,154.2
29809,11871,96,4,76.54,306.16
29810,11872,28,4,22.62,90.48
29811,11873,48,1,48.97,48.97
29812,11873,51,5,108.23,541.15
29813,11873,4,4,29.13,116.52
29814,11873,88,5,40.22,201.1
29815,11874,9,2,33.18,66.36
29816,11875,99,3,18.14,54.42
29817,11875,56,1,22.22,22.22
29818,11876,55,4,36.8,147.2
29819,11877,4,4,30.18,120.72
29820,11877,76,1,13.82,13.82
29821,11877,91,3,31.66,94.98
29822,11878,50,4,40.21,160.84
29823,11878,30,5,19.95,99.75
29824,11878,120,1,30.38,30.38
29825,11878,59,4,19.61,78.44
29826,11879,80,4,10.31,41.24
29827,11879,96,2,75.59,151.18
29828,11879,71,1,17.54,17.54
29829,11879,67,1,27.27,27.27
29830,11880,83,1,37.73,37.73
29831,11881,106,4,49.31,197.24
29832,11881,83,4,36.16,144.64
29833,11881,102,2,19.74,39.48
29834,11881,34,5,47.41,237.04999999999998
29835,11882,21,1,62.87,62.87
29836,11883,13,1,39.55,39.55
29837,11883,3,3,29.85,89.55000000000001
29838,11884,54,4,61.35,245.4
29839,11884,104,4,43.62,174.48
29840,11885,8,5,20.78,103.9
29841,11885,79,2,19.94,39.88
29842,11886,97,2,47.1,94.2
29843,11887,111,4,36.65,146.6
29844,11887,98,2,59.89,119.78
29845,11888,10,1,72.34,72.34
29846,11888,19,4,39.1,156.4
29847,11889,119,4,41.34,165.36
29848,11889,12,2,37.97,75.94
29849,11889,119,1,39.06,39.06
29850,11890,114,1,32.11,32.11
29851,11890,33,4,102.04,408.16
29852,11890,97,1,46.87,46.87
29853,11890,8,3,21.48,64.44
29854,11891,16,1,36.17,36.17
29855,11892,45,1,45.81,45.81
29856,11892,28,5,23.21,116.05000000000001
29857,11893,53,1,43.52,43.52
29858,11893,33,5,108.26,541.3000000000001
29859,11893,33,5,108.14,540.7
29860,11893,43,4,41.16,164.64
29861,11894,7,5,13.79,68.94999999999999
29862,11894,84,4,49.43,197.72
29863,11894,105,2,14.3,28.6
29864,11894,49,3,22.95,68.85
29865,11895,26,4,19.68,78.72
29866,11895,109,5,20.34,101.7
29867,11895,105,5,14.56,72.8
29868,11896,56,2,24.13,48.26
29869,11896,32,1,22.81,22.81
29870,11896,90,3,18.72,56.16
29871,11896,102,3,18.88,56.64
29872,11897,4,5,29.34,146.7
29873,11897,34,3,46.59,139.77
29874,11898,104,2,44.41,88.82
29875,11898,13,2,42.36,84.72
29876,11898,30,1,18.85,18.85
29877,11898,99,2,18.98,37.96
29878,11899,98,2,63.72,127.44
29879,11900,34,5,45.08,225.39999999999998
29880,11900,105,4,13.92,55.68
29881,11900,38,4,116.23,464.92
29882,11901,25,1,70.03,70.03
29883,11901,49,4,22.79,91.16
29884,11901,72,1,31.81,31.81
29885,11902,73,4,9.61,38.44
29886,11903,32,3,22.81,68.42999999999999
29887,11903,77,3,22.38,67.14
29888,11903,3,2,30.05,60.1
29889,11904,10,4,73.67,294.68
29890,11904,30,1,18.56,18.56
29891,11904,115,4,36.44,145.76
29892,11904,85,2,67.95,135.9
29893,11905,7,3,13.18,39.54
29894,11905,9,4,33.33,133.32
29895,11905,101,1,56.19,56.19
29896,11906,61,1,48.11,48.11
29897,11907,86,1,35.54,35.54
29898,11907,38,2,112.1,224.2
29899,11907,35,4,62.86,251.44
29900,11908,19,1,38.26,38.26
29901,11908,72,4,34.22,136.88
29902,11908,69,3,59.26,177.78
29903,11909,66,3,95.72,287.15999999999997
29904,11909,112,5,62.1,310.5
29905,11909,81,1,82.74,82.74
29906,11910,112,1,62.46,62.46
29907,11911,89,4,17.32,69.28
29908,11911,16,1,35.74,35.74
29909,11912,62,2,12.56,25.12
29910,11912,117,4,60.79,243.16
29911,11913,86,4,36.95,147.8
29912,11914,14,4,72.93,291.72
29913,11914,24,4,42.89,171.56
29914,11915,10,2,77.99,155.98
29915,11915,84,5,46.22,231.1
29916,11916,53,2,44.09,88.18
29917,11917,52,1,49.11,49.11
29918,11917,118,5,22.79,113.94999999999999
29919,11918,113,4,31.42,125.68
29920,11919,12,3,37.46,112.38
29921,11919,103,4,13.38,53.52
29922,11919,113,4,30.74,122.96
29923,11919,1,2,17.38,34.76
29924,11920,110,1,68.23,68.23
29925,11921,92,4,8.3,33.2
29926,11922,34,4,43.43,173.72
29927,11922,73,2,9.78,19.56
29928,11923,6,2,72.44,144.88
29929,11923,86,4,38.05,152.2
29930,11923,42,1,25.68,25.68
29931,11924,31,4,27.33,109.32
29932,11924,96,1,78.66,78.66
29933,11925,96,5,77.2,386.0
29934,11926,43,1,39.04,39.04
29935,11926,17,5,50.17,250.85000000000002
29936,11927,89,3,17.95,53.849999999999994
29937,11928,108,5,19.77,98.85
29938,11928,106,4,49.77,199.08
29939,11929,53,4,43.5,174.0
29940,11929,63,1,48.92,48.92
29941,11930,13,3,40.8,122.39999999999999
29942,11930,40,2,20.41,40.82
29943,11930,85,4,71.04,284.16
29944,11930,92,2,8.43,16.86
29945,11931,47,4,23.94,95.76
29946,11931,111,2,38.53,77.06
29947,11932,31,5,26.42,132.10000000000002
29948,11932,85,3,71.95,215.85000000000002
29949,11932,81,2,79.73,159.46
29950,11933,72,5,32.05,160.25
29951,11934,41,4,50.99,203.96
29952,11934,86,2,37.57,75.14
29953,11935,27,1,52.3,52.3
29954,11935,100,5,39.66,198.29999999999998
29955,11935,73,1,9.96,9.96
29956,11935,50,1,40.65,40.65
29957,11936,43,4,41.65,166.6
29958,11937,16,1,32.76,32.76
29959,11937,7,3,12.63,37.89
29960,11938,38,5,116.41,582.05
29961,11938,28,3,22.89,68.67
29962,11939,83,5,35.33,176.64999999999998
29963,11939,55,2,34.62,69.24
29964,11940,19,4,37.11,148.44
29965,11940,69,2,62.6,125.2
29966,11941,77,2,21.7,43.4
29967,11941,59,3,19.41,58.230000000000004
29968,11941,79,2,21.65,43.3
29969,11941,111,1,38.45,38.45
29970,11942,72,2,33.48,66.96
29971,11943,41,4,56.1,224.4
29972,11943,76,3,12.88,38.64
29973,11944,105,3,14.17,42.51
29974,11944,77,1,22.43,22.43
29975,11945,58,4,56.78,227.12
29976,11945,14,3,78.91,236.73
29977,11945,82,1,17.92,17.92
29978,11946,95,4,101.78,407.12
29979,11947,65,2,15.11,30.22
29980,11947,76,1,12.5,12.5
29981,11947,14,2,76.59,153.18
29982,11948,117,3,61.0,183.0
29983,11948,51,3,103.3,309.9
29984,11948,106,3,49.18,147.54
29985,11949,82,5,18.77,93.85
29986,11949,87,3,30.73,92.19
29987,11950,34,4,45.55,182.2
29988,11950,32,4,21.92,87.68
29989,11951,40,5,20.63,103.14999999999999
29990,11952,33,5,99.0,495.0
29991,11952,85,4,70.08,280.32
29992,11952,19,5,39.08,195.39999999999998
29993,11953,89,1,17.48,17.48
29994,11953,18,4,16.98,67.92
29995,11953,65,3,15.16,45.480000000000004
29996,11953,36,2,19.88,39.76
29997,11954,89,4,17.81,71.24
29998,11954,35,5,63.21,316.05
29999,11954,102,3,19.39,58.17
30000,11954,105,4,14.13,56.52
30001,11955,62,5,11.5,57.5
30002,11955,3,1,30.26,30.26
30003,11956,84,3,46.55,139.64999999999998
30004,11956,82,5,17.62,88.10000000000001
30005,11957,2,3,42.45,127.35000000000001
30006,11957,68,1,27.48,27.48
30007,11958,4,1,30.66,30.66
30008,11959,30,2,18.6,37.2
30009,11959,73,1,9.51,9.51
30010,11960,56,1,24.21,24.21
30011,11961,77,1,22.46,22.46
30012,11962,50,2,42.63,85.26
30013,11962,36,1,21.06,21.06
30014,11963,9,1,34.52,34.52
30015,11963,75,4,33.93,135.72
30016,11963,66,1,98.09,98.09
30017,11963,13,1,42.77,42.77
30018,11964,14,3,74.22,222.66
30019,11964,93,1,22.56,22.56
30020,11964,100,1,38.9,38.9
30021,11964,43,4,41.71,166.84
30022,11965,118,4,22.72,90.88
30023,11965,69,5,64.43,322.15000000000003
30024,11965,66,1,94.68,94.68
30025,11965,118,1,22.83,22.83
30026,11966,74,1,61.3,61.3
30027,11966,62,3,12.64,37.92
30028,11966,15,4,19.58,78.32
30029,11966,64,1,46.35,46.35
30030,11967,40,5,19.65,98.25
30031,11967,13,5,39.33,196.64999999999998
30032,11967,64,5,42.52,212.60000000000002
30033,11967,6,3,70.61,211.82999999999998
30034,11968,112,2,64.02,128.04
30035,11968,111,4,36.71,146.84
30036,11968,87,5,29.8,149.0
30037,11969,104,3,46.15,138.45
30038,11970,100,3,40.65,121.94999999999999
30039,11970,98,5,57.94,289.7
30040,11970,16,5,35.03,175.15
30041,11970,120,3,29.24,87.72
30042,11971,29,5,11.12,55.599999999999994
30043,11971,12,5,38.0,190.0
30044,11971,106,4,50.58,202.32
30045,11971,92,2,8.68,17.36
30046,11972,72,5,33.07,165.35
30047,11972,14,4,78.01,312.04
30048,11973,39,2,8.01,16.02
30049,11973,77,1,21.35,21.35
30050,11973,85,4,72.16,288.64
30051,11974,87,1,30.25,30.25
30052,11974,30,2,18.55,37.1
30053,11975,84,3,49.26,147.78
30054,11975,14,5,71.52,357.59999999999997
30055,11975,32,2,22.47,44.94
30056,11976,3,5,30.19,150.95000000000002
30057,11977,106,1,48.91,48.91
30058,11977,45,4,47.5,190.0
30059,11977,68,2,26.37,52.74
30060,11978,2,4,45.23,180.92
30061,11978,110,2,67.66,135.32
30062,11978,48,3,53.35,160.05
30063,11979,54,4,58.61,234.44
30064,11979,43,1,39.25,39.25
30065,11979,42,1,26.18,26.18
30066,11979,37,5,10.06,50.300000000000004
30067,11980,108,5,19.3,96.5
30068,11980,10,3,72.04,216.12
30069,11981,98,2,61.56,123.12
30070,11981,31,2,24.92,49.84
30071,11982,11,5,26.64,133.2
30072,11983,105,4,14.59,58.36
30073,11983,53,3,45.6,136.8
30074,11983,109,3,20.89,62.67
30075,11984,10,4,74.14,296.56
30076,11984,9,3,36.4,109.19999999999999
30077,11984,105,4,13.8,55.2
30078,11984,31,4,24.67,98.68
30079,11985,58,2,56.72,113.44
30080,11985,20,4,34.97,139.88
30081,11985,32,3,22.92,68.76
30082,11986,70,5,72.15,360.75
30083,11986,9,2,34.76,69.52
30084,11986,93,2,23.13,46.26
30085,11986,36,5,20.01,100.05000000000001
30086,11987,110,3,66.01,198.03000000000003
30087,11988,44,5,17.17,85.85000000000001
30088,11988,87,1,29.66,29.66
30089,11988,117,2,60.23,120.46
30090,11989,79,5,21.71,108.55000000000001
30091,11990,119,3,39.25,117.75
30092,11990,86,2,37.67,75.34
30093,11991,56,2,23.15,46.3
30094,11991,119,5,40.78,203.9
30095,11992,110,2,64.71,129.42
30096,11992,112,1,63.43,63.43
30097,11993,96,1,76.51,76.51
30098,11993,12,5,37.61,188.05
30099,11993,93,4,23.15,92.6
30100,11994,28,5,24.35,121.75
30101,11994,33,4,103.48,413.92
30102,11994,94,3,28.09,84.27
30103,11994,90,2,19.71,39.42
30104,11995,9,2,36.27,72.54
30105,11995,119,3,38.72,116.16
30106,11995,83,1,38.05,38.05
30107,11996,101,1,56.74,56.74
30108,11997,109,5,19.31,96.55
30109,11997,66,4,94.81,379.24
30110,11997,40,4,20.45,81.8
30111,11997,1,2,17.18,34.36
30112,11998,87,3,31.61,94.83
30113,11998,46,1,14.23,14.23
30114,11999,51,3,104.31,312.93
30115,11999,79,1,21.14,21.14
30116,11999,50,3,42.53,127.59
30117,12000,17,3,47.23,141.69
30118,12000,105,2,14.96,29.92
30119,12000,49,4,21.8,87.2
30120,12000,87,4,31.31,125.24
